t_max,front,mode,tau_s,seed,dir_err_deg,speed_est_ms,speed_err_pct,speed_err_ms,n_pernode,eta_err_30_s,eta_err_60_s,eta_err_100_s
120.0,straight_S1,uniform,0.0,1,2.115247425243427,1.498558331075938,-0.09611126160412967,-0.0014416689240619451,13,-10.585613109074007,-15.07041407873087,-21.050609708541387
120.0,straight_S1,uniform,0.0,2,2.115247425243427,1.498558331075938,-0.09611126160412967,-0.0014416689240619451,13,-10.585613109074007,-15.07041407873087,-21.050609708541387
120.0,straight_S1,uniform,0.0,3,2.115247425243427,1.498558331075938,-0.09611126160412967,-0.0014416689240619451,13,-10.585613109074007,-15.07041407873087,-21.050609708541387
120.0,straight_S1,uniform,0.0,4,2.115247425243427,1.498558331075938,-0.09611126160412967,-0.0014416689240619451,13,-10.585613109074007,-15.07041407873087,-21.050609708541387
120.0,straight_S1,uniform,0.0,5,2.115247425243427,1.498558331075938,-0.09611126160412967,-0.0014416689240619451,13,-10.585613109074007,-15.07041407873087,-21.050609708541387
120.0,straight_S1,uniform,0.0,6,2.115247425243427,1.498558331075938,-0.09611126160412967,-0.0014416689240619451,13,-10.585613109074007,-15.07041407873087,-21.050609708541387
120.0,straight_S1,uniform,0.0,7,2.115247425243427,1.498558331075938,-0.09611126160412967,-0.0014416689240619451,13,-10.585613109074007,-15.07041407873087,-21.050609708541387
120.0,straight_S1,uniform,0.0,8,2.115247425243427,1.498558331075938,-0.09611126160412967,-0.0014416689240619451,13,-10.585613109074007,-15.07041407873087,-21.050609708541387
120.0,straight_S1,uniform,0.0,9,2.115247425243427,1.498558331075938,-0.09611126160412967,-0.0014416689240619451,13,-10.585613109074007,-15.07041407873087,-21.050609708541387
120.0,straight_S1,uniform,0.0,10,2.115247425243427,1.498558331075938,-0.09611126160412967,-0.0014416689240619451,13,-10.585613109074007,-15.07041407873087,-21.050609708541387
120.0,straight_S1,uniform,0.0,11,2.115247425243427,1.498558331075938,-0.09611126160412967,-0.0014416689240619451,13,-10.585613109074007,-15.07041407873087,-21.050609708541387
120.0,straight_S1,uniform,0.0,12,2.115247425243427,1.498558331075938,-0.09611126160412967,-0.0014416689240619451,13,-10.585613109074007,-15.07041407873087,-21.050609708541387
120.0,straight_S1,uniform,0.0,13,2.115247425243427,1.498558331075938,-0.09611126160412967,-0.0014416689240619451,13,-10.585613109074007,-15.07041407873087,-21.050609708541387
120.0,straight_S1,uniform,0.0,14,2.115247425243427,1.498558331075938,-0.09611126160412967,-0.0014416689240619451,13,-10.585613109074007,-15.07041407873087,-21.050609708541387
120.0,straight_S1,uniform,0.0,15,2.115247425243427,1.498558331075938,-0.09611126160412967,-0.0014416689240619451,13,-10.585613109074007,-15.07041407873087,-21.050609708541387
120.0,straight_S1,uniform,0.0,16,2.115247425243427,1.498558331075938,-0.09611126160412967,-0.0014416689240619451,13,-10.585613109074007,-15.07041407873087,-21.050609708541387
120.0,straight_S1,uniform,0.0,17,2.115247425243427,1.498558331075938,-0.09611126160412967,-0.0014416689240619451,13,-10.585613109074007,-15.07041407873087,-21.050609708541387
120.0,straight_S1,uniform,0.0,18,2.115247425243427,1.498558331075938,-0.09611126160412967,-0.0014416689240619451,13,-10.585613109074007,-15.07041407873087,-21.050609708541387
120.0,straight_S1,uniform,0.0,19,2.115247425243427,1.498558331075938,-0.09611126160412967,-0.0014416689240619451,13,-10.585613109074007,-15.07041407873087,-21.050609708541387
120.0,straight_S1,uniform,0.0,20,2.115247425243427,1.498558331075938,-0.09611126160412967,-0.0014416689240619451,13,-10.585613109074007,-15.07041407873087,-21.050609708541387
120.0,straight_S1,uniform,0.0,21,2.115247425243427,1.498558331075938,-0.09611126160412967,-0.0014416689240619451,13,-10.585613109074007,-15.07041407873087,-21.050609708541387
120.0,straight_S1,uniform,0.0,22,2.115247425243427,1.498558331075938,-0.09611126160412967,-0.0014416689240619451,13,-10.585613109074007,-15.07041407873087,-21.050609708541387
120.0,straight_S1,uniform,0.0,23,2.115247425243427,1.498558331075938,-0.09611126160412967,-0.0014416689240619451,13,-10.585613109074007,-15.07041407873087,-21.050609708541387
120.0,straight_S1,uniform,0.0,24,2.115247425243427,1.498558331075938,-0.09611126160412967,-0.0014416689240619451,13,-10.585613109074007,-15.07041407873087,-21.050609708541387
120.0,straight_S1,uniform,0.0,25,2.115247425243427,1.498558331075938,-0.09611126160412967,-0.0014416689240619451,13,-10.585613109074007,-15.07041407873087,-21.050609708541387
120.0,straight_S1,uniform,0.0,26,2.115247425243427,1.498558331075938,-0.09611126160412967,-0.0014416689240619451,13,-10.585613109074007,-15.07041407873087,-21.050609708541387
120.0,straight_S1,uniform,0.0,27,2.115247425243427,1.498558331075938,-0.09611126160412967,-0.0014416689240619451,13,-10.585613109074007,-15.07041407873087,-21.050609708541387
120.0,straight_S1,uniform,0.0,28,2.115247425243427,1.498558331075938,-0.09611126160412967,-0.0014416689240619451,13,-10.585613109074007,-15.07041407873087,-21.050609708541387
120.0,straight_S1,uniform,0.0,29,2.115247425243427,1.498558331075938,-0.09611126160412967,-0.0014416689240619451,13,-10.585613109074007,-15.07041407873087,-21.050609708541387
120.0,straight_S1,uniform,0.0,30,2.115247425243427,1.498558331075938,-0.09611126160412967,-0.0014416689240619451,13,-10.585613109074007,-15.07041407873087,-21.050609708541387
120.0,straight_S1,uniform,2.0,1,0.7234369133717049,1.5150742253044898,1.004948353632651,0.015074225304489763,13,-8.349498363565939,-11.905787544538324,-16.65182391731683
120.0,straight_S1,uniform,2.0,2,0.7234369133717049,1.5150742253044898,1.004948353632651,0.015074225304489763,13,-8.349498363565939,-11.905787544538324,-16.65182391731683
120.0,straight_S1,uniform,2.0,3,0.7234369133717049,1.5150742253044898,1.004948353632651,0.015074225304489763,13,-8.349498363565939,-11.905787544538324,-16.65182391731683
120.0,straight_S1,uniform,2.0,4,0.7234369133717049,1.5150742253044898,1.004948353632651,0.015074225304489763,13,-8.349498363565939,-11.905787544538324,-16.65182391731683
120.0,straight_S1,uniform,2.0,5,0.7234369133717049,1.5150742253044898,1.004948353632651,0.015074225304489763,13,-8.349498363565939,-11.905787544538324,-16.65182391731683
120.0,straight_S1,uniform,2.0,6,0.7234369133717049,1.5150742253044898,1.004948353632651,0.015074225304489763,13,-8.349498363565939,-11.905787544538324,-16.65182391731683
120.0,straight_S1,uniform,2.0,7,0.7234369133717049,1.5150742253044898,1.004948353632651,0.015074225304489763,13,-8.349498363565939,-11.905787544538324,-16.65182391731683
120.0,straight_S1,uniform,2.0,8,0.7234369133717049,1.5150742253044898,1.004948353632651,0.015074225304489763,13,-8.349498363565939,-11.905787544538324,-16.65182391731683
120.0,straight_S1,uniform,2.0,9,0.7234369133717049,1.5150742253044898,1.004948353632651,0.015074225304489763,13,-8.349498363565939,-11.905787544538324,-16.65182391731683
120.0,straight_S1,uniform,2.0,10,0.7234369133717049,1.5150742253044898,1.004948353632651,0.015074225304489763,13,-8.349498363565939,-11.905787544538324,-16.65182391731683
120.0,straight_S1,uniform,2.0,11,0.7234369133717049,1.5150742253044898,1.004948353632651,0.015074225304489763,13,-8.349498363565939,-11.905787544538324,-16.65182391731683
120.0,straight_S1,uniform,2.0,12,0.7234369133717049,1.5150742253044898,1.004948353632651,0.015074225304489763,13,-8.349498363565939,-11.905787544538324,-16.65182391731683
120.0,straight_S1,uniform,2.0,13,0.7234369133717049,1.5150742253044898,1.004948353632651,0.015074225304489763,13,-8.349498363565939,-11.905787544538324,-16.65182391731683
120.0,straight_S1,uniform,2.0,14,0.7234369133717049,1.5150742253044898,1.004948353632651,0.015074225304489763,13,-8.349498363565939,-11.905787544538324,-16.65182391731683
120.0,straight_S1,uniform,2.0,15,0.7234369133717049,1.5150742253044898,1.004948353632651,0.015074225304489763,13,-8.349498363565939,-11.905787544538324,-16.65182391731683
120.0,straight_S1,uniform,2.0,16,0.7234369133717049,1.5150742253044898,1.004948353632651,0.015074225304489763,13,-8.349498363565939,-11.905787544538324,-16.65182391731683
120.0,straight_S1,uniform,2.0,17,0.7234369133717049,1.5150742253044898,1.004948353632651,0.015074225304489763,13,-8.349498363565939,-11.905787544538324,-16.65182391731683
120.0,straight_S1,uniform,2.0,18,0.7234369133717049,1.5150742253044898,1.004948353632651,0.015074225304489763,13,-8.349498363565939,-11.905787544538324,-16.65182391731683
120.0,straight_S1,uniform,2.0,19,0.7234369133717049,1.5150742253044898,1.004948353632651,0.015074225304489763,13,-8.349498363565939,-11.905787544538324,-16.65182391731683
120.0,straight_S1,uniform,2.0,20,0.7234369133717049,1.5150742253044898,1.004948353632651,0.015074225304489763,13,-8.349498363565939,-11.905787544538324,-16.65182391731683
120.0,straight_S1,uniform,2.0,21,0.7234369133717049,1.5150742253044898,1.004948353632651,0.015074225304489763,13,-8.349498363565939,-11.905787544538324,-16.65182391731683
120.0,straight_S1,uniform,2.0,22,0.7234369133717049,1.5150742253044898,1.004948353632651,0.015074225304489763,13,-8.349498363565939,-11.905787544538324,-16.65182391731683
120.0,straight_S1,uniform,2.0,23,0.7234369133717049,1.5150742253044898,1.004948353632651,0.015074225304489763,13,-8.349498363565939,-11.905787544538324,-16.65182391731683
120.0,straight_S1,uniform,2.0,24,0.7234369133717049,1.5150742253044898,1.004948353632651,0.015074225304489763,13,-8.349498363565939,-11.905787544538324,-16.65182391731683
120.0,straight_S1,uniform,2.0,25,0.7234369133717049,1.5150742253044898,1.004948353632651,0.015074225304489763,13,-8.349498363565939,-11.905787544538324,-16.65182391731683
120.0,straight_S1,uniform,2.0,26,0.7234369133717049,1.5150742253044898,1.004948353632651,0.015074225304489763,13,-8.349498363565939,-11.905787544538324,-16.65182391731683
120.0,straight_S1,uniform,2.0,27,0.7234369133717049,1.5150742253044898,1.004948353632651,0.015074225304489763,13,-8.349498363565939,-11.905787544538324,-16.65182391731683
120.0,straight_S1,uniform,2.0,28,0.7234369133717049,1.5150742253044898,1.004948353632651,0.015074225304489763,13,-8.349498363565939,-11.905787544538324,-16.65182391731683
120.0,straight_S1,uniform,2.0,29,0.7234369133717049,1.5150742253044898,1.004948353632651,0.015074225304489763,13,-8.349498363565939,-11.905787544538324,-16.65182391731683
120.0,straight_S1,uniform,2.0,30,0.7234369133717049,1.5150742253044898,1.004948353632651,0.015074225304489763,13,-8.349498363565939,-11.905787544538324,-16.65182391731683
120.0,straight_S1,uniform,5.0,1,0.41645922725015944,1.5325523015172795,2.1701534344853,0.0325523015172795,13,-6.126488733847585,-8.874510951031668,-12.538540573943635
120.0,straight_S1,uniform,5.0,2,0.41645922725015944,1.5325523015172795,2.1701534344853,0.0325523015172795,13,-6.126488733847585,-8.874510951031668,-12.538540573943635
120.0,straight_S1,uniform,5.0,3,0.41645922725015944,1.5325523015172795,2.1701534344853,0.0325523015172795,13,-6.126488733847585,-8.874510951031668,-12.538540573943635
120.0,straight_S1,uniform,5.0,4,0.41645922725015944,1.5325523015172795,2.1701534344853,0.0325523015172795,13,-6.126488733847585,-8.874510951031668,-12.538540573943635
120.0,straight_S1,uniform,5.0,5,0.41645922725015944,1.5325523015172795,2.1701534344853,0.0325523015172795,13,-6.126488733847585,-8.874510951031668,-12.538540573943635
120.0,straight_S1,uniform,5.0,6,0.41645922725015944,1.5325523015172795,2.1701534344853,0.0325523015172795,13,-6.126488733847585,-8.874510951031668,-12.538540573943635
120.0,straight_S1,uniform,5.0,7,0.41645922725015944,1.5325523015172795,2.1701534344853,0.0325523015172795,13,-6.126488733847585,-8.874510951031668,-12.538540573943635
120.0,straight_S1,uniform,5.0,8,0.41645922725015944,1.5325523015172795,2.1701534344853,0.0325523015172795,13,-6.126488733847585,-8.874510951031668,-12.538540573943635
120.0,straight_S1,uniform,5.0,9,0.41645922725015944,1.5325523015172795,2.1701534344853,0.0325523015172795,13,-6.126488733847585,-8.874510951031668,-12.538540573943635
120.0,straight_S1,uniform,5.0,10,0.41645922725015944,1.5325523015172795,2.1701534344853,0.0325523015172795,13,-6.126488733847585,-8.874510951031668,-12.538540573943635
120.0,straight_S1,uniform,5.0,11,0.41645922725015944,1.5325523015172795,2.1701534344853,0.0325523015172795,13,-6.126488733847585,-8.874510951031668,-12.538540573943635
120.0,straight_S1,uniform,5.0,12,0.41645922725015944,1.5325523015172795,2.1701534344853,0.0325523015172795,13,-6.126488733847585,-8.874510951031668,-12.538540573943635
120.0,straight_S1,uniform,5.0,13,0.41645922725015944,1.5325523015172795,2.1701534344853,0.0325523015172795,13,-6.126488733847585,-8.874510951031668,-12.538540573943635
120.0,straight_S1,uniform,5.0,14,0.41645922725015944,1.5325523015172795,2.1701534344853,0.0325523015172795,13,-6.126488733847585,-8.874510951031668,-12.538540573943635
120.0,straight_S1,uniform,5.0,15,0.41645922725015944,1.5325523015172795,2.1701534344853,0.0325523015172795,13,-6.126488733847585,-8.874510951031668,-12.538540573943635
120.0,straight_S1,uniform,5.0,16,0.41645922725015944,1.5325523015172795,2.1701534344853,0.0325523015172795,13,-6.126488733847585,-8.874510951031668,-12.538540573943635
120.0,straight_S1,uniform,5.0,17,0.41645922725015944,1.5325523015172795,2.1701534344853,0.0325523015172795,13,-6.126488733847585,-8.874510951031668,-12.538540573943635
120.0,straight_S1,uniform,5.0,18,0.41645922725015944,1.5325523015172795,2.1701534344853,0.0325523015172795,13,-6.126488733847585,-8.874510951031668,-12.538540573943635
120.0,straight_S1,uniform,5.0,19,0.41645922725015944,1.5325523015172795,2.1701534344853,0.0325523015172795,13,-6.126488733847585,-8.874510951031668,-12.538540573943635
120.0,straight_S1,uniform,5.0,20,0.41645922725015944,1.5325523015172795,2.1701534344853,0.0325523015172795,13,-6.126488733847585,-8.874510951031668,-12.538540573943635
120.0,straight_S1,uniform,5.0,21,0.41645922725015944,1.5325523015172795,2.1701534344853,0.0325523015172795,13,-6.126488733847585,-8.874510951031668,-12.538540573943635
120.0,straight_S1,uniform,5.0,22,0.41645922725015944,1.5325523015172795,2.1701534344853,0.0325523015172795,13,-6.126488733847585,-8.874510951031668,-12.538540573943635
120.0,straight_S1,uniform,5.0,23,0.41645922725015944,1.5325523015172795,2.1701534344853,0.0325523015172795,13,-6.126488733847585,-8.874510951031668,-12.538540573943635
120.0,straight_S1,uniform,5.0,24,0.41645922725015944,1.5325523015172795,2.1701534344853,0.0325523015172795,13,-6.126488733847585,-8.874510951031668,-12.538540573943635
120.0,straight_S1,uniform,5.0,25,0.41645922725015944,1.5325523015172795,2.1701534344853,0.0325523015172795,13,-6.126488733847585,-8.874510951031668,-12.538540573943635
120.0,straight_S1,uniform,5.0,26,0.41645922725015944,1.5325523015172795,2.1701534344853,0.0325523015172795,13,-6.126488733847585,-8.874510951031668,-12.538540573943635
120.0,straight_S1,uniform,5.0,27,0.41645922725015944,1.5325523015172795,2.1701534344853,0.0325523015172795,13,-6.126488733847585,-8.874510951031668,-12.538540573943635
120.0,straight_S1,uniform,5.0,28,0.41645922725015944,1.5325523015172795,2.1701534344853,0.0325523015172795,13,-6.126488733847585,-8.874510951031668,-12.538540573943635
120.0,straight_S1,uniform,5.0,29,0.41645922725015944,1.5325523015172795,2.1701534344853,0.0325523015172795,13,-6.126488733847585,-8.874510951031668,-12.538540573943635
120.0,straight_S1,uniform,5.0,30,0.41645922725015944,1.5325523015172795,2.1701534344853,0.0325523015172795,13,-6.126488733847585,-8.874510951031668,-12.538540573943635
120.0,straight_S1,uniform,10.0,1,0.23507880857104993,1.5182917289142586,1.2194485942839042,0.018291728914258565,13,-3.6969979264575406,-5.710048823190405,-8.394116685500771
120.0,straight_S1,uniform,10.0,2,0.23507880857104993,1.5182917289142586,1.2194485942839042,0.018291728914258565,13,-3.6969979264575406,-5.710048823190405,-8.394116685500771
120.0,straight_S1,uniform,10.0,3,0.23507880857104993,1.5182917289142586,1.2194485942839042,0.018291728914258565,13,-3.6969979264575406,-5.710048823190405,-8.394116685500771
120.0,straight_S1,uniform,10.0,4,0.23507880857104993,1.5182917289142586,1.2194485942839042,0.018291728914258565,13,-3.6969979264575406,-5.710048823190405,-8.394116685500771
120.0,straight_S1,uniform,10.0,5,0.23507880857104993,1.5182917289142586,1.2194485942839042,0.018291728914258565,13,-3.6969979264575406,-5.710048823190405,-8.394116685500771
120.0,straight_S1,uniform,10.0,6,0.23507880857104993,1.5182917289142586,1.2194485942839042,0.018291728914258565,13,-3.6969979264575406,-5.710048823190405,-8.394116685500771
120.0,straight_S1,uniform,10.0,7,0.23507880857104993,1.5182917289142586,1.2194485942839042,0.018291728914258565,13,-3.6969979264575406,-5.710048823190405,-8.394116685500771
120.0,straight_S1,uniform,10.0,8,0.23507880857104993,1.5182917289142586,1.2194485942839042,0.018291728914258565,13,-3.6969979264575406,-5.710048823190405,-8.394116685500771
120.0,straight_S1,uniform,10.0,9,0.23507880857104993,1.5182917289142586,1.2194485942839042,0.018291728914258565,13,-3.6969979264575406,-5.710048823190405,-8.394116685500771
120.0,straight_S1,uniform,10.0,10,0.23507880857104993,1.5182917289142586,1.2194485942839042,0.018291728914258565,13,-3.6969979264575406,-5.710048823190405,-8.394116685500771
120.0,straight_S1,uniform,10.0,11,0.23507880857104993,1.5182917289142586,1.2194485942839042,0.018291728914258565,13,-3.6969979264575406,-5.710048823190405,-8.394116685500771
120.0,straight_S1,uniform,10.0,12,0.23507880857104993,1.5182917289142586,1.2194485942839042,0.018291728914258565,13,-3.6969979264575406,-5.710048823190405,-8.394116685500771
120.0,straight_S1,uniform,10.0,13,0.23507880857104993,1.5182917289142586,1.2194485942839042,0.018291728914258565,13,-3.6969979264575406,-5.710048823190405,-8.394116685500771
120.0,straight_S1,uniform,10.0,14,0.23507880857104993,1.5182917289142586,1.2194485942839042,0.018291728914258565,13,-3.6969979264575406,-5.710048823190405,-8.394116685500771
120.0,straight_S1,uniform,10.0,15,0.23507880857104993,1.5182917289142586,1.2194485942839042,0.018291728914258565,13,-3.6969979264575406,-5.710048823190405,-8.394116685500771
120.0,straight_S1,uniform,10.0,16,0.23507880857104993,1.5182917289142586,1.2194485942839042,0.018291728914258565,13,-3.6969979264575406,-5.710048823190405,-8.394116685500771
120.0,straight_S1,uniform,10.0,17,0.23507880857104993,1.5182917289142586,1.2194485942839042,0.018291728914258565,13,-3.6969979264575406,-5.710048823190405,-8.394116685500771
120.0,straight_S1,uniform,10.0,18,0.23507880857104993,1.5182917289142586,1.2194485942839042,0.018291728914258565,13,-3.6969979264575406,-5.710048823190405,-8.394116685500771
120.0,straight_S1,uniform,10.0,19,0.23507880857104993,1.5182917289142586,1.2194485942839042,0.018291728914258565,13,-3.6969979264575406,-5.710048823190405,-8.394116685500771
120.0,straight_S1,uniform,10.0,20,0.23507880857104993,1.5182917289142586,1.2194485942839042,0.018291728914258565,13,-3.6969979264575406,-5.710048823190405,-8.394116685500771
120.0,straight_S1,uniform,10.0,21,0.23507880857104993,1.5182917289142586,1.2194485942839042,0.018291728914258565,13,-3.6969979264575406,-5.710048823190405,-8.394116685500771
120.0,straight_S1,uniform,10.0,22,0.23507880857104993,1.5182917289142586,1.2194485942839042,0.018291728914258565,13,-3.6969979264575406,-5.710048823190405,-8.394116685500771
120.0,straight_S1,uniform,10.0,23,0.23507880857104993,1.5182917289142586,1.2194485942839042,0.018291728914258565,13,-3.6969979264575406,-5.710048823190405,-8.394116685500771
120.0,straight_S1,uniform,10.0,24,0.23507880857104993,1.5182917289142586,1.2194485942839042,0.018291728914258565,13,-3.6969979264575406,-5.710048823190405,-8.394116685500771
120.0,straight_S1,uniform,10.0,25,0.23507880857104993,1.5182917289142586,1.2194485942839042,0.018291728914258565,13,-3.6969979264575406,-5.710048823190405,-8.394116685500771
120.0,straight_S1,uniform,10.0,26,0.23507880857104993,1.5182917289142586,1.2194485942839042,0.018291728914258565,13,-3.6969979264575406,-5.710048823190405,-8.394116685500771
120.0,straight_S1,uniform,10.0,27,0.23507880857104993,1.5182917289142586,1.2194485942839042,0.018291728914258565,13,-3.6969979264575406,-5.710048823190405,-8.394116685500771
120.0,straight_S1,uniform,10.0,28,0.23507880857104993,1.5182917289142586,1.2194485942839042,0.018291728914258565,13,-3.6969979264575406,-5.710048823190405,-8.394116685500771
120.0,straight_S1,uniform,10.0,29,0.23507880857104993,1.5182917289142586,1.2194485942839042,0.018291728914258565,13,-3.6969979264575406,-5.710048823190405,-8.394116685500771
120.0,straight_S1,uniform,10.0,30,0.23507880857104993,1.5182917289142586,1.2194485942839042,0.018291728914258565,13,-3.6969979264575406,-5.710048823190405,-8.394116685500771
120.0,straight_S1,uniform,11.0,1,0.38133543576908435,1.5182917289142566,1.219448594283771,0.018291728914256566,13,-3.3611904687427336,-5.2979610401432184,-7.880321802010424
120.0,straight_S1,uniform,11.0,2,0.38133543576908435,1.5182917289142566,1.219448594283771,0.018291728914256566,13,-3.3611904687427336,-5.2979610401432184,-7.880321802010424
120.0,straight_S1,uniform,11.0,3,0.38133543576908435,1.5182917289142566,1.219448594283771,0.018291728914256566,13,-3.3611904687427336,-5.2979610401432184,-7.880321802010424
120.0,straight_S1,uniform,11.0,4,0.38133543576908435,1.5182917289142566,1.219448594283771,0.018291728914256566,13,-3.3611904687427336,-5.2979610401432184,-7.880321802010424
120.0,straight_S1,uniform,11.0,5,0.38133543576908435,1.5182917289142566,1.219448594283771,0.018291728914256566,13,-3.3611904687427336,-5.2979610401432184,-7.880321802010424
120.0,straight_S1,uniform,11.0,6,0.38133543576908435,1.5182917289142566,1.219448594283771,0.018291728914256566,13,-3.3611904687427336,-5.2979610401432184,-7.880321802010424
120.0,straight_S1,uniform,11.0,7,0.38133543576908435,1.5182917289142566,1.219448594283771,0.018291728914256566,13,-3.3611904687427336,-5.2979610401432184,-7.880321802010424
120.0,straight_S1,uniform,11.0,8,0.38133543576908435,1.5182917289142566,1.219448594283771,0.018291728914256566,13,-3.3611904687427336,-5.2979610401432184,-7.880321802010424
120.0,straight_S1,uniform,11.0,9,0.38133543576908435,1.5182917289142566,1.219448594283771,0.018291728914256566,13,-3.3611904687427336,-5.2979610401432184,-7.880321802010424
120.0,straight_S1,uniform,11.0,10,0.38133543576908435,1.5182917289142566,1.219448594283771,0.018291728914256566,13,-3.3611904687427336,-5.2979610401432184,-7.880321802010424
120.0,straight_S1,uniform,11.0,11,0.38133543576908435,1.5182917289142566,1.219448594283771,0.018291728914256566,13,-3.3611904687427336,-5.2979610401432184,-7.880321802010424
120.0,straight_S1,uniform,11.0,12,0.38133543576908435,1.5182917289142566,1.219448594283771,0.018291728914256566,13,-3.3611904687427336,-5.2979610401432184,-7.880321802010424
120.0,straight_S1,uniform,11.0,13,0.38133543576908435,1.5182917289142566,1.219448594283771,0.018291728914256566,13,-3.3611904687427336,-5.2979610401432184,-7.880321802010424
120.0,straight_S1,uniform,11.0,14,0.38133543576908435,1.5182917289142566,1.219448594283771,0.018291728914256566,13,-3.3611904687427336,-5.2979610401432184,-7.880321802010424
120.0,straight_S1,uniform,11.0,15,0.38133543576908435,1.5182917289142566,1.219448594283771,0.018291728914256566,13,-3.3611904687427336,-5.2979610401432184,-7.880321802010424
120.0,straight_S1,uniform,11.0,16,0.38133543576908435,1.5182917289142566,1.219448594283771,0.018291728914256566,13,-3.3611904687427336,-5.2979610401432184,-7.880321802010424
120.0,straight_S1,uniform,11.0,17,0.38133543576908435,1.5182917289142566,1.219448594283771,0.018291728914256566,13,-3.3611904687427336,-5.2979610401432184,-7.880321802010424
120.0,straight_S1,uniform,11.0,18,0.38133543576908435,1.5182917289142566,1.219448594283771,0.018291728914256566,13,-3.3611904687427336,-5.2979610401432184,-7.880321802010424
120.0,straight_S1,uniform,11.0,19,0.38133543576908435,1.5182917289142566,1.219448594283771,0.018291728914256566,13,-3.3611904687427336,-5.2979610401432184,-7.880321802010424
120.0,straight_S1,uniform,11.0,20,0.38133543576908435,1.5182917289142566,1.219448594283771,0.018291728914256566,13,-3.3611904687427336,-5.2979610401432184,-7.880321802010424
120.0,straight_S1,uniform,11.0,21,0.38133543576908435,1.5182917289142566,1.219448594283771,0.018291728914256566,13,-3.3611904687427336,-5.2979610401432184,-7.880321802010424
120.0,straight_S1,uniform,11.0,22,0.38133543576908435,1.5182917289142566,1.219448594283771,0.018291728914256566,13,-3.3611904687427336,-5.2979610401432184,-7.880321802010424
120.0,straight_S1,uniform,11.0,23,0.38133543576908435,1.5182917289142566,1.219448594283771,0.018291728914256566,13,-3.3611904687427336,-5.2979610401432184,-7.880321802010424
120.0,straight_S1,uniform,11.0,24,0.38133543576908435,1.5182917289142566,1.219448594283771,0.018291728914256566,13,-3.3611904687427336,-5.2979610401432184,-7.880321802010424
120.0,straight_S1,uniform,11.0,25,0.38133543576908435,1.5182917289142566,1.219448594283771,0.018291728914256566,13,-3.3611904687427336,-5.2979610401432184,-7.880321802010424
120.0,straight_S1,uniform,11.0,26,0.38133543576908435,1.5182917289142566,1.219448594283771,0.018291728914256566,13,-3.3611904687427336,-5.2979610401432184,-7.880321802010424
120.0,straight_S1,uniform,11.0,27,0.38133543576908435,1.5182917289142566,1.219448594283771,0.018291728914256566,13,-3.3611904687427336,-5.2979610401432184,-7.880321802010424
120.0,straight_S1,uniform,11.0,28,0.38133543576908435,1.5182917289142566,1.219448594283771,0.018291728914256566,13,-3.3611904687427336,-5.2979610401432184,-7.880321802010424
120.0,straight_S1,uniform,11.0,29,0.38133543576908435,1.5182917289142566,1.219448594283771,0.018291728914256566,13,-3.3611904687427336,-5.2979610401432184,-7.880321802010424
120.0,straight_S1,uniform,11.0,30,0.38133543576908435,1.5182917289142566,1.219448594283771,0.018291728914256566,13,-3.3611904687427336,-5.2979610401432184,-7.880321802010424
120.0,straight_S1,uniform,20.0,1,0.40330608765715276,1.5342007428954665,2.280049526364432,0.034200742895466485,13,-1.5536283549264214,-3.45468154789729,-5.989419138525033
120.0,straight_S1,uniform,20.0,2,0.40330608765715276,1.5342007428954665,2.280049526364432,0.034200742895466485,13,-1.5536283549264214,-3.45468154789729,-5.989419138525033
120.0,straight_S1,uniform,20.0,3,0.40330608765715276,1.5342007428954665,2.280049526364432,0.034200742895466485,13,-1.5536283549264214,-3.45468154789729,-5.989419138525033
120.0,straight_S1,uniform,20.0,4,0.40330608765715276,1.5342007428954665,2.280049526364432,0.034200742895466485,13,-1.5536283549264214,-3.45468154789729,-5.989419138525033
120.0,straight_S1,uniform,20.0,5,0.40330608765715276,1.5342007428954665,2.280049526364432,0.034200742895466485,13,-1.5536283549264214,-3.45468154789729,-5.989419138525033
120.0,straight_S1,uniform,20.0,6,0.40330608765715276,1.5342007428954665,2.280049526364432,0.034200742895466485,13,-1.5536283549264214,-3.45468154789729,-5.989419138525033
120.0,straight_S1,uniform,20.0,7,0.40330608765715276,1.5342007428954665,2.280049526364432,0.034200742895466485,13,-1.5536283549264214,-3.45468154789729,-5.989419138525033
120.0,straight_S1,uniform,20.0,8,0.40330608765715276,1.5342007428954665,2.280049526364432,0.034200742895466485,13,-1.5536283549264214,-3.45468154789729,-5.989419138525033
120.0,straight_S1,uniform,20.0,9,0.40330608765715276,1.5342007428954665,2.280049526364432,0.034200742895466485,13,-1.5536283549264214,-3.45468154789729,-5.989419138525033
120.0,straight_S1,uniform,20.0,10,0.40330608765715276,1.5342007428954665,2.280049526364432,0.034200742895466485,13,-1.5536283549264214,-3.45468154789729,-5.989419138525033
120.0,straight_S1,uniform,20.0,11,0.40330608765715276,1.5342007428954665,2.280049526364432,0.034200742895466485,13,-1.5536283549264214,-3.45468154789729,-5.989419138525033
120.0,straight_S1,uniform,20.0,12,0.40330608765715276,1.5342007428954665,2.280049526364432,0.034200742895466485,13,-1.5536283549264214,-3.45468154789729,-5.989419138525033
120.0,straight_S1,uniform,20.0,13,0.40330608765715276,1.5342007428954665,2.280049526364432,0.034200742895466485,13,-1.5536283549264214,-3.45468154789729,-5.989419138525033
120.0,straight_S1,uniform,20.0,14,0.40330608765715276,1.5342007428954665,2.280049526364432,0.034200742895466485,13,-1.5536283549264214,-3.45468154789729,-5.989419138525033
120.0,straight_S1,uniform,20.0,15,0.40330608765715276,1.5342007428954665,2.280049526364432,0.034200742895466485,13,-1.5536283549264214,-3.45468154789729,-5.989419138525033
120.0,straight_S1,uniform,20.0,16,0.40330608765715276,1.5342007428954665,2.280049526364432,0.034200742895466485,13,-1.5536283549264214,-3.45468154789729,-5.989419138525033
120.0,straight_S1,uniform,20.0,17,0.40330608765715276,1.5342007428954665,2.280049526364432,0.034200742895466485,13,-1.5536283549264214,-3.45468154789729,-5.989419138525033
120.0,straight_S1,uniform,20.0,18,0.40330608765715276,1.5342007428954665,2.280049526364432,0.034200742895466485,13,-1.5536283549264214,-3.45468154789729,-5.989419138525033
120.0,straight_S1,uniform,20.0,19,0.40330608765715276,1.5342007428954665,2.280049526364432,0.034200742895466485,13,-1.5536283549264214,-3.45468154789729,-5.989419138525033
120.0,straight_S1,uniform,20.0,20,0.40330608765715276,1.5342007428954665,2.280049526364432,0.034200742895466485,13,-1.5536283549264214,-3.45468154789729,-5.989419138525033
120.0,straight_S1,uniform,20.0,21,0.40330608765715276,1.5342007428954665,2.280049526364432,0.034200742895466485,13,-1.5536283549264214,-3.45468154789729,-5.989419138525033
120.0,straight_S1,uniform,20.0,22,0.40330608765715276,1.5342007428954665,2.280049526364432,0.034200742895466485,13,-1.5536283549264214,-3.45468154789729,-5.989419138525033
120.0,straight_S1,uniform,20.0,23,0.40330608765715276,1.5342007428954665,2.280049526364432,0.034200742895466485,13,-1.5536283549264214,-3.45468154789729,-5.989419138525033
120.0,straight_S1,uniform,20.0,24,0.40330608765715276,1.5342007428954665,2.280049526364432,0.034200742895466485,13,-1.5536283549264214,-3.45468154789729,-5.989419138525033
120.0,straight_S1,uniform,20.0,25,0.40330608765715276,1.5342007428954665,2.280049526364432,0.034200742895466485,13,-1.5536283549264214,-3.45468154789729,-5.989419138525033
120.0,straight_S1,uniform,20.0,26,0.40330608765715276,1.5342007428954665,2.280049526364432,0.034200742895466485,13,-1.5536283549264214,-3.45468154789729,-5.989419138525033
120.0,straight_S1,uniform,20.0,27,0.40330608765715276,1.5342007428954665,2.280049526364432,0.034200742895466485,13,-1.5536283549264214,-3.45468154789729,-5.989419138525033
120.0,straight_S1,uniform,20.0,28,0.40330608765715276,1.5342007428954665,2.280049526364432,0.034200742895466485,13,-1.5536283549264214,-3.45468154789729,-5.989419138525033
120.0,straight_S1,uniform,20.0,29,0.40330608765715276,1.5342007428954665,2.280049526364432,0.034200742895466485,13,-1.5536283549264214,-3.45468154789729,-5.989419138525033
120.0,straight_S1,uniform,20.0,30,0.40330608765715276,1.5342007428954665,2.280049526364432,0.034200742895466485,13,-1.5536283549264214,-3.45468154789729,-5.989419138525033
120.0,straight_S1,uniform,30.0,1,0.1678349704068237,1.5325523015172788,2.1701534344852558,0.03255230151727884,13,0.06431957447710085,-2.0769499617219958,-4.931976009987401
120.0,straight_S1,uniform,30.0,2,0.1678349704068237,1.5325523015172788,2.1701534344852558,0.03255230151727884,13,0.06431957447710085,-2.0769499617219958,-4.931976009987401
120.0,straight_S1,uniform,30.0,3,0.1678349704068237,1.5325523015172788,2.1701534344852558,0.03255230151727884,13,0.06431957447710085,-2.0769499617219958,-4.931976009987401
120.0,straight_S1,uniform,30.0,4,0.1678349704068237,1.5325523015172788,2.1701534344852558,0.03255230151727884,13,0.06431957447710085,-2.0769499617219958,-4.931976009987401
120.0,straight_S1,uniform,30.0,5,0.1678349704068237,1.5325523015172788,2.1701534344852558,0.03255230151727884,13,0.06431957447710085,-2.0769499617219958,-4.931976009987401
120.0,straight_S1,uniform,30.0,6,0.1678349704068237,1.5325523015172788,2.1701534344852558,0.03255230151727884,13,0.06431957447710085,-2.0769499617219958,-4.931976009987401
120.0,straight_S1,uniform,30.0,7,0.1678349704068237,1.5325523015172788,2.1701534344852558,0.03255230151727884,13,0.06431957447710085,-2.0769499617219958,-4.931976009987401
120.0,straight_S1,uniform,30.0,8,0.1678349704068237,1.5325523015172788,2.1701534344852558,0.03255230151727884,13,0.06431957447710085,-2.0769499617219958,-4.931976009987401
120.0,straight_S1,uniform,30.0,9,0.1678349704068237,1.5325523015172788,2.1701534344852558,0.03255230151727884,13,0.06431957447710085,-2.0769499617219958,-4.931976009987401
120.0,straight_S1,uniform,30.0,10,0.1678349704068237,1.5325523015172788,2.1701534344852558,0.03255230151727884,13,0.06431957447710085,-2.0769499617219958,-4.931976009987401
120.0,straight_S1,uniform,30.0,11,0.1678349704068237,1.5325523015172788,2.1701534344852558,0.03255230151727884,13,0.06431957447710085,-2.0769499617219958,-4.931976009987401
120.0,straight_S1,uniform,30.0,12,0.1678349704068237,1.5325523015172788,2.1701534344852558,0.03255230151727884,13,0.06431957447710085,-2.0769499617219958,-4.931976009987401
120.0,straight_S1,uniform,30.0,13,0.1678349704068237,1.5325523015172788,2.1701534344852558,0.03255230151727884,13,0.06431957447710085,-2.0769499617219958,-4.931976009987401
120.0,straight_S1,uniform,30.0,14,0.1678349704068237,1.5325523015172788,2.1701534344852558,0.03255230151727884,13,0.06431957447710085,-2.0769499617219958,-4.931976009987401
120.0,straight_S1,uniform,30.0,15,0.1678349704068237,1.5325523015172788,2.1701534344852558,0.03255230151727884,13,0.06431957447710085,-2.0769499617219958,-4.931976009987401
120.0,straight_S1,uniform,30.0,16,0.1678349704068237,1.5325523015172788,2.1701534344852558,0.03255230151727884,13,0.06431957447710085,-2.0769499617219958,-4.931976009987401
120.0,straight_S1,uniform,30.0,17,0.1678349704068237,1.5325523015172788,2.1701534344852558,0.03255230151727884,13,0.06431957447710085,-2.0769499617219958,-4.931976009987401
120.0,straight_S1,uniform,30.0,18,0.1678349704068237,1.5325523015172788,2.1701534344852558,0.03255230151727884,13,0.06431957447710085,-2.0769499617219958,-4.931976009987401
120.0,straight_S1,uniform,30.0,19,0.1678349704068237,1.5325523015172788,2.1701534344852558,0.03255230151727884,13,0.06431957447710085,-2.0769499617219958,-4.931976009987401
120.0,straight_S1,uniform,30.0,20,0.1678349704068237,1.5325523015172788,2.1701534344852558,0.03255230151727884,13,0.06431957447710085,-2.0769499617219958,-4.931976009987401
120.0,straight_S1,uniform,30.0,21,0.1678349704068237,1.5325523015172788,2.1701534344852558,0.03255230151727884,13,0.06431957447710085,-2.0769499617219958,-4.931976009987401
120.0,straight_S1,uniform,30.0,22,0.1678349704068237,1.5325523015172788,2.1701534344852558,0.03255230151727884,13,0.06431957447710085,-2.0769499617219958,-4.931976009987401
120.0,straight_S1,uniform,30.0,23,0.1678349704068237,1.5325523015172788,2.1701534344852558,0.03255230151727884,13,0.06431957447710085,-2.0769499617219958,-4.931976009987401
120.0,straight_S1,uniform,30.0,24,0.1678349704068237,1.5325523015172788,2.1701534344852558,0.03255230151727884,13,0.06431957447710085,-2.0769499617219958,-4.931976009987401
120.0,straight_S1,uniform,30.0,25,0.1678349704068237,1.5325523015172788,2.1701534344852558,0.03255230151727884,13,0.06431957447710085,-2.0769499617219958,-4.931976009987401
120.0,straight_S1,uniform,30.0,26,0.1678349704068237,1.5325523015172788,2.1701534344852558,0.03255230151727884,13,0.06431957447710085,-2.0769499617219958,-4.931976009987401
120.0,straight_S1,uniform,30.0,27,0.1678349704068237,1.5325523015172788,2.1701534344852558,0.03255230151727884,13,0.06431957447710085,-2.0769499617219958,-4.931976009987401
120.0,straight_S1,uniform,30.0,28,0.1678349704068237,1.5325523015172788,2.1701534344852558,0.03255230151727884,13,0.06431957447710085,-2.0769499617219958,-4.931976009987401
120.0,straight_S1,uniform,30.0,29,0.1678349704068237,1.5325523015172788,2.1701534344852558,0.03255230151727884,13,0.06431957447710085,-2.0769499617219958,-4.931976009987401
120.0,straight_S1,uniform,30.0,30,0.1678349704068237,1.5325523015172788,2.1701534344852558,0.03255230151727884,13,0.06431957447710085,-2.0769499617219958,-4.931976009987401
120.0,straight_S1,uniform,50.0,1,0.313212109325939,1.5397740947573622,2.6516063171574773,0.039774094757362155,13,3.7257072475528488,1.4109802527480606,-1.6753224069916386
120.0,straight_S1,uniform,50.0,2,0.313212109325939,1.5397740947573622,2.6516063171574773,0.039774094757362155,13,3.7257072475528488,1.4109802527480606,-1.6753224069916386
120.0,straight_S1,uniform,50.0,3,0.313212109325939,1.5397740947573622,2.6516063171574773,0.039774094757362155,13,3.7257072475528488,1.4109802527480606,-1.6753224069916386
120.0,straight_S1,uniform,50.0,4,0.313212109325939,1.5397740947573622,2.6516063171574773,0.039774094757362155,13,3.7257072475528488,1.4109802527480606,-1.6753224069916386
120.0,straight_S1,uniform,50.0,5,0.313212109325939,1.5397740947573622,2.6516063171574773,0.039774094757362155,13,3.7257072475528488,1.4109802527480606,-1.6753224069916386
120.0,straight_S1,uniform,50.0,6,0.313212109325939,1.5397740947573622,2.6516063171574773,0.039774094757362155,13,3.7257072475528488,1.4109802527480606,-1.6753224069916386
120.0,straight_S1,uniform,50.0,7,0.313212109325939,1.5397740947573622,2.6516063171574773,0.039774094757362155,13,3.7257072475528488,1.4109802527480606,-1.6753224069916386
120.0,straight_S1,uniform,50.0,8,0.313212109325939,1.5397740947573622,2.6516063171574773,0.039774094757362155,13,3.7257072475528488,1.4109802527480606,-1.6753224069916386
120.0,straight_S1,uniform,50.0,9,0.313212109325939,1.5397740947573622,2.6516063171574773,0.039774094757362155,13,3.7257072475528488,1.4109802527480606,-1.6753224069916386
120.0,straight_S1,uniform,50.0,10,0.313212109325939,1.5397740947573622,2.6516063171574773,0.039774094757362155,13,3.7257072475528488,1.4109802527480606,-1.6753224069916386
120.0,straight_S1,uniform,50.0,11,0.313212109325939,1.5397740947573622,2.6516063171574773,0.039774094757362155,13,3.7257072475528488,1.4109802527480606,-1.6753224069916386
120.0,straight_S1,uniform,50.0,12,0.313212109325939,1.5397740947573622,2.6516063171574773,0.039774094757362155,13,3.7257072475528488,1.4109802527480606,-1.6753224069916386
120.0,straight_S1,uniform,50.0,13,0.313212109325939,1.5397740947573622,2.6516063171574773,0.039774094757362155,13,3.7257072475528488,1.4109802527480606,-1.6753224069916386
120.0,straight_S1,uniform,50.0,14,0.313212109325939,1.5397740947573622,2.6516063171574773,0.039774094757362155,13,3.7257072475528488,1.4109802527480606,-1.6753224069916386
120.0,straight_S1,uniform,50.0,15,0.313212109325939,1.5397740947573622,2.6516063171574773,0.039774094757362155,13,3.7257072475528488,1.4109802527480606,-1.6753224069916386
120.0,straight_S1,uniform,50.0,16,0.313212109325939,1.5397740947573622,2.6516063171574773,0.039774094757362155,13,3.7257072475528488,1.4109802527480606,-1.6753224069916386
120.0,straight_S1,uniform,50.0,17,0.313212109325939,1.5397740947573622,2.6516063171574773,0.039774094757362155,13,3.7257072475528488,1.4109802527480606,-1.6753224069916386
120.0,straight_S1,uniform,50.0,18,0.313212109325939,1.5397740947573622,2.6516063171574773,0.039774094757362155,13,3.7257072475528488,1.4109802527480606,-1.6753224069916386
120.0,straight_S1,uniform,50.0,19,0.313212109325939,1.5397740947573622,2.6516063171574773,0.039774094757362155,13,3.7257072475528488,1.4109802527480606,-1.6753224069916386
120.0,straight_S1,uniform,50.0,20,0.313212109325939,1.5397740947573622,2.6516063171574773,0.039774094757362155,13,3.7257072475528488,1.4109802527480606,-1.6753224069916386
120.0,straight_S1,uniform,50.0,21,0.313212109325939,1.5397740947573622,2.6516063171574773,0.039774094757362155,13,3.7257072475528488,1.4109802527480606,-1.6753224069916386
120.0,straight_S1,uniform,50.0,22,0.313212109325939,1.5397740947573622,2.6516063171574773,0.039774094757362155,13,3.7257072475528488,1.4109802527480606,-1.6753224069916386
120.0,straight_S1,uniform,50.0,23,0.313212109325939,1.5397740947573622,2.6516063171574773,0.039774094757362155,13,3.7257072475528488,1.4109802527480606,-1.6753224069916386
120.0,straight_S1,uniform,50.0,24,0.313212109325939,1.5397740947573622,2.6516063171574773,0.039774094757362155,13,3.7257072475528488,1.4109802527480606,-1.6753224069916386
120.0,straight_S1,uniform,50.0,25,0.313212109325939,1.5397740947573622,2.6516063171574773,0.039774094757362155,13,3.7257072475528488,1.4109802527480606,-1.6753224069916386
120.0,straight_S1,uniform,50.0,26,0.313212109325939,1.5397740947573622,2.6516063171574773,0.039774094757362155,13,3.7257072475528488,1.4109802527480606,-1.6753224069916386
120.0,straight_S1,uniform,50.0,27,0.313212109325939,1.5397740947573622,2.6516063171574773,0.039774094757362155,13,3.7257072475528488,1.4109802527480606,-1.6753224069916386
120.0,straight_S1,uniform,50.0,28,0.313212109325939,1.5397740947573622,2.6516063171574773,0.039774094757362155,13,3.7257072475528488,1.4109802527480606,-1.6753224069916386
120.0,straight_S1,uniform,50.0,29,0.313212109325939,1.5397740947573622,2.6516063171574773,0.039774094757362155,13,3.7257072475528488,1.4109802527480606,-1.6753224069916386
120.0,straight_S1,uniform,50.0,30,0.313212109325939,1.5397740947573622,2.6516063171574773,0.039774094757362155,13,3.7257072475528488,1.4109802527480606,-1.6753224069916386
120.0,straight_S1,uniform,78.5,1,0.3453143881032122,1.5470578098827115,3.137187325514098,0.047057809882711465,13,9.426278164335619,7.17786437055133,4.179979312172273
120.0,straight_S1,uniform,78.5,2,0.3453143881032122,1.5470578098827115,3.137187325514098,0.047057809882711465,13,9.426278164335619,7.17786437055133,4.179979312172273
120.0,straight_S1,uniform,78.5,3,0.3453143881032122,1.5470578098827115,3.137187325514098,0.047057809882711465,13,9.426278164335619,7.17786437055133,4.179979312172273
120.0,straight_S1,uniform,78.5,4,0.3453143881032122,1.5470578098827115,3.137187325514098,0.047057809882711465,13,9.426278164335619,7.17786437055133,4.179979312172273
120.0,straight_S1,uniform,78.5,5,0.3453143881032122,1.5470578098827115,3.137187325514098,0.047057809882711465,13,9.426278164335619,7.17786437055133,4.179979312172273
120.0,straight_S1,uniform,78.5,6,0.3453143881032122,1.5470578098827115,3.137187325514098,0.047057809882711465,13,9.426278164335619,7.17786437055133,4.179979312172273
120.0,straight_S1,uniform,78.5,7,0.3453143881032122,1.5470578098827115,3.137187325514098,0.047057809882711465,13,9.426278164335619,7.17786437055133,4.179979312172273
120.0,straight_S1,uniform,78.5,8,0.3453143881032122,1.5470578098827115,3.137187325514098,0.047057809882711465,13,9.426278164335619,7.17786437055133,4.179979312172273
120.0,straight_S1,uniform,78.5,9,0.3453143881032122,1.5470578098827115,3.137187325514098,0.047057809882711465,13,9.426278164335619,7.17786437055133,4.179979312172273
120.0,straight_S1,uniform,78.5,10,0.3453143881032122,1.5470578098827115,3.137187325514098,0.047057809882711465,13,9.426278164335619,7.17786437055133,4.179979312172273
120.0,straight_S1,uniform,78.5,11,0.3453143881032122,1.5470578098827115,3.137187325514098,0.047057809882711465,13,9.426278164335619,7.17786437055133,4.179979312172273
120.0,straight_S1,uniform,78.5,12,0.3453143881032122,1.5470578098827115,3.137187325514098,0.047057809882711465,13,9.426278164335619,7.17786437055133,4.179979312172273
120.0,straight_S1,uniform,78.5,13,0.3453143881032122,1.5470578098827115,3.137187325514098,0.047057809882711465,13,9.426278164335619,7.17786437055133,4.179979312172273
120.0,straight_S1,uniform,78.5,14,0.3453143881032122,1.5470578098827115,3.137187325514098,0.047057809882711465,13,9.426278164335619,7.17786437055133,4.179979312172273
120.0,straight_S1,uniform,78.5,15,0.3453143881032122,1.5470578098827115,3.137187325514098,0.047057809882711465,13,9.426278164335619,7.17786437055133,4.179979312172273
120.0,straight_S1,uniform,78.5,16,0.3453143881032122,1.5470578098827115,3.137187325514098,0.047057809882711465,13,9.426278164335619,7.17786437055133,4.179979312172273
120.0,straight_S1,uniform,78.5,17,0.3453143881032122,1.5470578098827115,3.137187325514098,0.047057809882711465,13,9.426278164335619,7.17786437055133,4.179979312172273
120.0,straight_S1,uniform,78.5,18,0.3453143881032122,1.5470578098827115,3.137187325514098,0.047057809882711465,13,9.426278164335619,7.17786437055133,4.179979312172273
120.0,straight_S1,uniform,78.5,19,0.3453143881032122,1.5470578098827115,3.137187325514098,0.047057809882711465,13,9.426278164335619,7.17786437055133,4.179979312172273
120.0,straight_S1,uniform,78.5,20,0.3453143881032122,1.5470578098827115,3.137187325514098,0.047057809882711465,13,9.426278164335619,7.17786437055133,4.179979312172273
120.0,straight_S1,uniform,78.5,21,0.3453143881032122,1.5470578098827115,3.137187325514098,0.047057809882711465,13,9.426278164335619,7.17786437055133,4.179979312172273
120.0,straight_S1,uniform,78.5,22,0.3453143881032122,1.5470578098827115,3.137187325514098,0.047057809882711465,13,9.426278164335619,7.17786437055133,4.179979312172273
120.0,straight_S1,uniform,78.5,23,0.3453143881032122,1.5470578098827115,3.137187325514098,0.047057809882711465,13,9.426278164335619,7.17786437055133,4.179979312172273
120.0,straight_S1,uniform,78.5,24,0.3453143881032122,1.5470578098827115,3.137187325514098,0.047057809882711465,13,9.426278164335619,7.17786437055133,4.179979312172273
120.0,straight_S1,uniform,78.5,25,0.3453143881032122,1.5470578098827115,3.137187325514098,0.047057809882711465,13,9.426278164335619,7.17786437055133,4.179979312172273
120.0,straight_S1,uniform,78.5,26,0.3453143881032122,1.5470578098827115,3.137187325514098,0.047057809882711465,13,9.426278164335619,7.17786437055133,4.179979312172273
120.0,straight_S1,uniform,78.5,27,0.3453143881032122,1.5470578098827115,3.137187325514098,0.047057809882711465,13,9.426278164335619,7.17786437055133,4.179979312172273
120.0,straight_S1,uniform,78.5,28,0.3453143881032122,1.5470578098827115,3.137187325514098,0.047057809882711465,13,9.426278164335619,7.17786437055133,4.179979312172273
120.0,straight_S1,uniform,78.5,29,0.3453143881032122,1.5470578098827115,3.137187325514098,0.047057809882711465,13,9.426278164335619,7.17786437055133,4.179979312172273
120.0,straight_S1,uniform,78.5,30,0.3453143881032122,1.5470578098827115,3.137187325514098,0.047057809882711465,13,9.426278164335619,7.17786437055133,4.179979312172273
120.0,straight_S1,uniform,100.0,1,0.5452536368941087,1.5504341823651038,3.3622788243402515,0.050434182365103775,13,13.278854954617476,10.860730170333676,7.636563791288593
120.0,straight_S1,uniform,100.0,2,0.5452536368941087,1.5504341823651038,3.3622788243402515,0.050434182365103775,13,13.278854954617476,10.860730170333676,7.636563791288593
120.0,straight_S1,uniform,100.0,3,0.5452536368941087,1.5504341823651038,3.3622788243402515,0.050434182365103775,13,13.278854954617476,10.860730170333676,7.636563791288593
120.0,straight_S1,uniform,100.0,4,0.5452536368941087,1.5504341823651038,3.3622788243402515,0.050434182365103775,13,13.278854954617476,10.860730170333676,7.636563791288593
120.0,straight_S1,uniform,100.0,5,0.5452536368941087,1.5504341823651038,3.3622788243402515,0.050434182365103775,13,13.278854954617476,10.860730170333676,7.636563791288593
120.0,straight_S1,uniform,100.0,6,0.5452536368941087,1.5504341823651038,3.3622788243402515,0.050434182365103775,13,13.278854954617476,10.860730170333676,7.636563791288593
120.0,straight_S1,uniform,100.0,7,0.5452536368941087,1.5504341823651038,3.3622788243402515,0.050434182365103775,13,13.278854954617476,10.860730170333676,7.636563791288593
120.0,straight_S1,uniform,100.0,8,0.5452536368941087,1.5504341823651038,3.3622788243402515,0.050434182365103775,13,13.278854954617476,10.860730170333676,7.636563791288593
120.0,straight_S1,uniform,100.0,9,0.5452536368941087,1.5504341823651038,3.3622788243402515,0.050434182365103775,13,13.278854954617476,10.860730170333676,7.636563791288593
120.0,straight_S1,uniform,100.0,10,0.5452536368941087,1.5504341823651038,3.3622788243402515,0.050434182365103775,13,13.278854954617476,10.860730170333676,7.636563791288593
120.0,straight_S1,uniform,100.0,11,0.5452536368941087,1.5504341823651038,3.3622788243402515,0.050434182365103775,13,13.278854954617476,10.860730170333676,7.636563791288593
120.0,straight_S1,uniform,100.0,12,0.5452536368941087,1.5504341823651038,3.3622788243402515,0.050434182365103775,13,13.278854954617476,10.860730170333676,7.636563791288593
120.0,straight_S1,uniform,100.0,13,0.5452536368941087,1.5504341823651038,3.3622788243402515,0.050434182365103775,13,13.278854954617476,10.860730170333676,7.636563791288593
120.0,straight_S1,uniform,100.0,14,0.5452536368941087,1.5504341823651038,3.3622788243402515,0.050434182365103775,13,13.278854954617476,10.860730170333676,7.636563791288593
120.0,straight_S1,uniform,100.0,15,0.5452536368941087,1.5504341823651038,3.3622788243402515,0.050434182365103775,13,13.278854954617476,10.860730170333676,7.636563791288593
120.0,straight_S1,uniform,100.0,16,0.5452536368941087,1.5504341823651038,3.3622788243402515,0.050434182365103775,13,13.278854954617476,10.860730170333676,7.636563791288593
120.0,straight_S1,uniform,100.0,17,0.5452536368941087,1.5504341823651038,3.3622788243402515,0.050434182365103775,13,13.278854954617476,10.860730170333676,7.636563791288593
120.0,straight_S1,uniform,100.0,18,0.5452536368941087,1.5504341823651038,3.3622788243402515,0.050434182365103775,13,13.278854954617476,10.860730170333676,7.636563791288593
120.0,straight_S1,uniform,100.0,19,0.5452536368941087,1.5504341823651038,3.3622788243402515,0.050434182365103775,13,13.278854954617476,10.860730170333676,7.636563791288593
120.0,straight_S1,uniform,100.0,20,0.5452536368941087,1.5504341823651038,3.3622788243402515,0.050434182365103775,13,13.278854954617476,10.860730170333676,7.636563791288593
120.0,straight_S1,uniform,100.0,21,0.5452536368941087,1.5504341823651038,3.3622788243402515,0.050434182365103775,13,13.278854954617476,10.860730170333676,7.636563791288593
120.0,straight_S1,uniform,100.0,22,0.5452536368941087,1.5504341823651038,3.3622788243402515,0.050434182365103775,13,13.278854954617476,10.860730170333676,7.636563791288593
120.0,straight_S1,uniform,100.0,23,0.5452536368941087,1.5504341823651038,3.3622788243402515,0.050434182365103775,13,13.278854954617476,10.860730170333676,7.636563791288593
120.0,straight_S1,uniform,100.0,24,0.5452536368941087,1.5504341823651038,3.3622788243402515,0.050434182365103775,13,13.278854954617476,10.860730170333676,7.636563791288593
120.0,straight_S1,uniform,100.0,25,0.5452536368941087,1.5504341823651038,3.3622788243402515,0.050434182365103775,13,13.278854954617476,10.860730170333676,7.636563791288593
120.0,straight_S1,uniform,100.0,26,0.5452536368941087,1.5504341823651038,3.3622788243402515,0.050434182365103775,13,13.278854954617476,10.860730170333676,7.636563791288593
120.0,straight_S1,uniform,100.0,27,0.5452536368941087,1.5504341823651038,3.3622788243402515,0.050434182365103775,13,13.278854954617476,10.860730170333676,7.636563791288593
120.0,straight_S1,uniform,100.0,28,0.5452536368941087,1.5504341823651038,3.3622788243402515,0.050434182365103775,13,13.278854954617476,10.860730170333676,7.636563791288593
120.0,straight_S1,uniform,100.0,29,0.5452536368941087,1.5504341823651038,3.3622788243402515,0.050434182365103775,13,13.278854954617476,10.860730170333676,7.636563791288593
120.0,straight_S1,uniform,100.0,30,0.5452536368941087,1.5504341823651038,3.3622788243402515,0.050434182365103775,13,13.278854954617476,10.860730170333676,7.636563791288593
120.0,straight_S1,jitter,11.0,1,3.787802285541057,1.692375375203254,12.825025013550265,0.19237537520325398,14,-11.04849318485474,-18.44783434222493,-28.31362255205173
120.0,straight_S1,jitter,11.0,2,4.027977477480814,1.7721794797636086,18.145298650907236,0.27217947976360857,14,-6.659625360291539,-11.376535970483753,-17.93624837160302
120.0,straight_S1,jitter,11.0,3,4.643181097920151,1.7408129958373222,16.054199722488146,0.24081299583732219,13,-4.726395339097794,-7.41557443573636,-11.001146564587676
120.0,straight_S1,jitter,11.0,4,1.9540868080157376,1.4964129083767916,-0.23913944154722402,-0.0035870916232083605,13,-1.8619840406854882,-2.701334888278941,-3.8204693517367607
120.0,straight_S1,jitter,11.0,5,0.1895611043435765,1.5431441900744978,2.8762793382998515,0.04314419007449777,14,-4.902867459614363,-7.00720151877033,-10.402086861278043
120.0,straight_S1,jitter,11.0,6,0.198355231419003,1.5855755647151484,5.7050376476765585,0.08557556471514838,12,-4.905210966277747,-7.963441499816969,-12.041082211202488
120.0,straight_S1,jitter,11.0,7,0.05384261290392326,1.5030773283349572,0.20515522233048125,0.003077328334957219,14,-5.396853298512246,-9.05186493204562,-13.925213776756683
120.0,straight_S1,jitter,11.0,8,0.3964606483914293,1.4285742387877178,-4.761717414152145,-0.07142576121228217,14,-3.24887342650033,-4.891676431548242,-7.095809806379005
120.0,straight_S1,jitter,11.0,9,2.9736077110087793,1.741304307502876,16.086953833525065,0.24130430750287601,13,-6.683051750044788,-10.877467782619147,-16.47002249271818
120.0,straight_S1,jitter,11.0,10,2.7655787112477603,1.705343975079389,13.689598338625938,0.20534397507938906,12,-2.1761367993231095,-3.224747200981184,-7.904634489583516
120.0,straight_S1,jitter,11.0,11,1.1003380899677742,1.7282316758481675,15.2154450565445,0.2282316758481675,14,-3.164489284363241,-4.8414031961768575,-6.960766742213317
120.0,straight_S1,jitter,11.0,12,3.175846630262189,1.6609177889464202,10.727852596428011,0.16091778894642017,14,-3.47803860819997,-5.350432543385784,-7.992545362026538
120.0,straight_S1,jitter,11.0,13,0.8855322073818482,1.6299573247982408,8.663821653216058,0.12995732479824085,14,-4.680905293885203,-7.867050991415264,-12.05659707670428
120.0,straight_S1,jitter,11.0,14,2.6307894122280615,1.6985788839624976,13.238592264166504,0.19857888396249757,13,-5.275275877560089,-8.518328278822608,-12.842398147172531
120.0,straight_S1,jitter,11.0,15,5.4150053958227655,1.724778960324037,14.985264021602474,0.2247789603240371,14,-4.939063614355037,-8.446291457835446,-13.066294200233363
120.0,straight_S1,jitter,11.0,16,0.0657130206395476,1.6824522148559156,12.16348099039437,0.18245221485591556,14,-6.774543495183231,-11.535781798720278,-17.773673060067086
120.0,straight_S1,jitter,11.0,17,1.2340160269769618,1.5907495435531185,6.0499695702078995,0.09074954355311848,14,-3.732264452014428,-5.931999443678647,-8.892587939007838
120.0,straight_S1,jitter,11.0,18,2.563757025594656,1.7021691510560415,13.4779434037361,0.2021691510560415,12,-6.43573767679145,-11.11875276058523,-17.362772872310163
120.0,straight_S1,jitter,11.0,19,2.6419743737763075,1.6461270369483045,9.741802463220301,0.14612703694830453,14,-4.651014710073874,-7.466833485621789,-11.134778092127636
120.0,straight_S1,jitter,11.0,20,2.416498008617837,1.7909761546007448,19.39841030671632,0.2909761546007448,13,-5.2664344991318695,-8.393657460527539,-12.563288075721667
120.0,straight_S1,jitter,11.0,21,1.8687145619969405,1.5967108742040308,6.447391613602053,0.0967108742040308,12,-1.2306228963249115,-1.3899273100987326,-1.6023331951303792
120.0,straight_S1,jitter,11.0,22,1.475493132864617,1.5910222997674994,6.0681533178332945,0.09102229976749943,12,-0.8101268678888407,-0.9543445496720415,-1.1466347920495408
120.0,straight_S1,jitter,11.0,23,2.8344645845686234,1.7596037311837023,17.306915412246816,0.2596037311837023,13,-3.7105717296303027,-6.0911820578868685,-9.26532916222885
120.0,straight_S1,jitter,11.0,24,2.762830323473523,1.5484386998156152,3.229246654374348,0.048438699815615216,12,-5.602346859481874,-9.516757105573593,-16.91539133106298
120.0,straight_S1,jitter,11.0,25,0.7881200144925127,1.7670772362259806,17.80514908173204,0.26707723622598056,14,-4.637746175907658,-7.397866611587116,-11.014816277248144
120.0,straight_S1,jitter,11.0,26,1.6015752727468362,1.6124325588991841,7.495503926612275,0.11243255889918413,13,-3.253578397404809,-5.024977127025541,-7.386842099853066
120.0,straight_S1,jitter,11.0,27,0.5778331483718656,1.5959707205005522,6.398048033370148,0.09597072050055222,14,-2.6355928135832984,-3.951150519363182,-5.667543434396814
120.0,straight_S1,jitter,11.0,28,0.37485385469721216,1.4612884328928413,-2.580771140477249,-0.03871156710715873,12,2.5821860834375787,4.506438841375856,7.072109185293669
120.0,straight_S1,jitter,11.0,29,2.1681972923642285,1.6652537775687652,11.01691850458435,0.16525377756876525,14,-6.309454768980644,-10.868555780249823,-16.947357128608605
120.0,straight_S1,jitter,11.0,30,4.695356500241832,2.014148736276901,34.27658241846005,0.5141487362769008,13,-11.86437155818323,-19.51457727131816,-29.714851555497958
120.0,straight_S1,jitter,30.0,1,28.481519921982702,3.3317160196070743,122.11440130713828,1.8317160196070743,14,-21.104095051271013,-36.83773063649556,-57.211734558879414
120.0,straight_S1,jitter,30.0,2,9.958428067488923,2.0760810704485606,38.405404696570706,0.5760810704485606,14,-9.262102205128183,-18.300611696770684,-31.281099520077753
120.0,straight_S1,jitter,30.0,3,17.939868715857873,1.9620312309000587,30.802082060003915,0.4620312309000587,13,-8.090388486005349,-16.495764621919253,-27.702932803137774
120.0,straight_S1,jitter,30.0,4,1.7655985231471023,1.4139308044851664,-5.737946367655574,-0.08606919551483361,13,3.980535361326003,4.834949298149983,5.974167880582004
120.0,straight_S1,jitter,30.0,5,3.479955826816742,1.58468860414665,5.645906943109994,0.08468860414664992,14,-6.370588826168302,-11.304319607041233,-17.88262731487176
120.0,straight_S1,jitter,30.0,6,1.731340676719576,2.190539771691621,46.0359847794414,0.6905397716916211,11,-9.332167318922705,-17.21275434284954,-27.72020370808527
120.0,straight_S1,jitter,30.0,7,2.096259533158773,1.614593399097583,7.639559939838862,0.11459339909758293,14,-3.322111391107103,-8.11631455651744,-14.532351599035602
120.0,straight_S1,jitter,30.0,8,1.2726056638795875,1.5783222848782528,5.2214856585501845,0.07832228487825277,12,-1.079337603840826,-3.254582527803367,-6.15490909308669
120.0,straight_S1,jitter,30.0,9,18.426355737791347,2.2097926150471787,47.31950766981192,0.7097926150471787,13,-12.542356593194048,-22.41063694167946,-35.56834407299331
120.0,straight_S1,jitter,30.0,10,7.26823466112642,1.8902247021401646,26.01498014267764,0.3902247021401646,12,3.2658465320641703,3.4463560641453808,-8.963045039439782
120.0,straight_S1,jitter,30.0,11,5.243173418357659,2.0807859883061686,38.7190658870779,0.5807859883061686,14,-1.687790906218032,-5.055838857782315,-9.328300710834064
120.0,straight_S1,jitter,30.0,12,4.9889043988149195,2.070819551659737,38.054636777315814,0.5708195516597372,14,-5.402101960628523,-11.045140713685099,-20.223268004942398
120.0,straight_S1,jitter,30.0,13,1.2325962908424881,1.7400369970976497,16.002466473176646,0.2400369970976497,14,-2.344452980468651,-6.583913240064623,-12.25675341379501
120.0,straight_S1,jitter,30.0,14,3.15021368287131,1.7788138420548891,18.58758947032594,0.2788138420548891,13,-6.432028896626729,-12.437575399840958,-20.444970737459887
120.0,straight_S1,jitter,30.0,15,9.42122440835396,1.96634432715737,31.08962181049133,0.46634432715736995,14,-4.0179711164527525,-9.348516000725743,-16.173462013818547
120.0,straight_S1,jitter,30.0,16,6.586108265693043,1.9838909301436007,32.259395342906714,0.48389093014360074,14,-11.245745822929706,-20.755530393823513,-33.06510550857186
120.0,straight_S1,jitter,30.0,17,3.440150625378274,1.8178540748278023,21.19027165518682,0.31785407482780226,14,-3.155758276057362,-7.212533531971079,-12.784019709375006
120.0,straight_S1,jitter,30.0,18,8.571168458138809,1.8447484430416192,22.98322953610795,0.3447484430416192,11,-10.095514738810085,-19.51220434444394,-32.067790485289024
120.0,straight_S1,jitter,30.0,19,22.272784625126267,2.6295251689184425,75.30167792789616,1.1295251689184425,14,-7.189631282777905,-14.009415111892404,-25.760642141177087
120.0,straight_S1,jitter,30.0,20,1.8168529255806103,1.7730384976049778,18.20256650699852,0.2730384976049778,13,-4.180421070909151,-8.904422761527892,-15.203091682352834
120.0,straight_S1,jitter,30.0,21,12.37395437811436,2.108913924364483,40.594261624298866,0.608913924364483,10,-13.685438079621017,-25.64443165867085,-41.58975643073725
120.0,straight_S1,jitter,30.0,22,4.820172409523017,1.6840318179861005,12.268787865740032,0.18403181798610047,11,-5.71043485928755,-12.448428118183838,-21.432419130045524
120.0,straight_S1,jitter,30.0,23,6.538641276289429,2.6893019862108662,79.2867990807244,1.1893019862108662,11,-8.664945181881286,-16.711872329431703,-27.441108526165564
120.0,straight_S1,jitter,30.0,24,6.0789512766722495,2.1049807119688997,40.332047464593316,0.6049807119688997,12,-6.125212606869127,-12.678298592033713,-24.30528095759887
120.0,straight_S1,jitter,30.0,25,1.9825305408645073,1.8998920835811668,26.659472238744453,0.3998920835811668,14,-3.615346368086509,-7.783607782815147,-12.799218212911345
120.0,straight_S1,jitter,30.0,26,4.73163419391559,1.7610383325423449,17.40255550282299,0.2610383325423449,13,-1.165976943419396,-4.293986462407899,-8.464665821059171
120.0,straight_S1,jitter,30.0,27,3.0558568630556104,1.7150310539137195,14.335403594247964,0.21503105391371946,14,3.569756211157126,3.826457883575792,4.7338666890298216
120.0,straight_S1,jitter,30.0,28,1.9004468580714886,1.3268198004088232,-11.545346639411786,-0.1731801995911768,10,14.468915778624648,18.943722479906622,24.91013141494927
120.0,straight_S1,jitter,30.0,29,9.504826299752207,2.0575957460157293,37.173049734381955,0.5575957460157293,13,-7.499030026738832,-15.788682024040737,-27.083143045120742
120.0,straight_S1,jitter,30.0,30,22.79882412353274,3.241948146899476,116.12987645996506,1.741948146899476,12,-19.50300814246817,-31.411919988923724,-47.2904691175311
120.0,straight_S1,jitter,78.5,1,26.395964274832174,1.4871930307696473,-0.8537979486901826,-0.012806969230352738,14,-8.467871314141698,-7.861373203163107,-16.961361319088553
120.0,straight_S1,jitter,78.5,2,47.88388016775696,2.3596458909150386,57.30972606100258,0.8596458909150386,13,-22.410463903599528,-41.60330314764432,-66.94807621970816
120.0,straight_S1,jitter,78.5,3,112.13361457585385,2.171518394620251,44.7678929746834,0.671518394620251,8,-13.759111894380789,-23.889051180152297,-37.39563689451431
120.0,straight_S1,jitter,78.5,4,19.575737640658353,1.840467146727429,22.697809781828596,0.34046714672742895,11,13.849483334967536,13.831562444643321,13.232110218667774
120.0,straight_S1,jitter,78.5,5,19.5287590557416,1.7860525060024155,19.0701670668277,0.2860525060024155,12,-13.886105223826547,-33.30603450218292,-50.884254148514984
120.0,straight_S1,jitter,78.5,6,27.51481127291284,3.6058317399511526,140.38878266341018,2.1058317399511526,11,,,
120.0,straight_S1,jitter,78.5,7,101.95190752897224,1.4177180822827482,-5.48546118115012,-0.0822819177172518,11,9.790550274231807,8.24449890084056,6.183097069652218
120.0,straight_S1,jitter,78.5,8,100.61226184292046,2.203564874576261,46.904324971750725,0.7035648745762608,9,-16.37365932372722,-30.811053880613084,-50.06091328979425
120.0,straight_S1,jitter,78.5,9,97.61289970023482,2.5080245827742194,67.20163885161462,1.0080245827742194,13,-19.2784819527779,-37.55479913130797,-61.92322203601477
120.0,straight_S1,jitter,78.5,10,8.928199823217783,3.1186060767046255,107.90707178030836,1.6186060767046255,12,-15.053563433586419,-28.99847563679816,-47.591691907747176
120.0,straight_S1,jitter,78.5,11,140.85728666316962,3.6939905580647805,146.2660372043187,2.1939905580647805,12,-12.255493341916779,-21.170385472950766,-35.159280097074955
120.0,straight_S1,jitter,78.5,12,40.89731006349178,4.075282348172417,171.68548987816112,2.5752823481724167,10,,,
120.0,straight_S1,jitter,78.5,13,126.58738982018586,1.9853789368843182,32.35859579228788,0.4853789368843182,14,-7.032440350206335,-17.370967991980223,-31.59498157874609
120.0,straight_S1,jitter,78.5,14,41.89208469957682,2.566710161681715,71.11401077878101,1.0667101616817152,11,-27.243472272051637,-43.221331982165935,-31.807155738980843
120.0,straight_S1,jitter,78.5,15,41.56430888171754,1.8016596425258666,20.110642835057778,0.30165964252586663,13,-11.041813430543137,-22.216665839454837,-39.1656755803742
120.0,straight_S1,jitter,78.5,16,163.5215368406832,2.5176035085469026,67.84023390312684,1.0176035085469026,10,,,
120.0,straight_S1,jitter,78.5,17,12.524295790186592,2.231320316112375,48.754687740825005,0.7313203161123751,13,-3.9421173321828737,-13.487526271443993,-24.59862471365937
120.0,straight_S1,jitter,78.5,18,91.65526685704896,3.261050172447941,117.40334482986272,1.7610501724479408,13,-23.36173431247565,-41.78622614965873,-66.31874394957467
120.0,straight_S1,jitter,78.5,19,127.24018452651185,2.885549284123801,92.36995227492008,1.385549284123801,11,-19.477866815179585,-38.22883333570531,-61.59948816446847
120.0,straight_S1,jitter,78.5,20,14.671988488427571,2.2396593653234476,49.310624354896504,0.7396593653234476,6,-12.103427695940315,-24.522648512479215,-41.08160960119776
120.0,straight_S1,jitter,78.5,21,50.691595569694115,2.708268547005562,80.55123646703747,1.208268547005562,10,-10.836396898970811,-22.108973675340618,-37.1390760438337
120.0,straight_S1,jitter,78.5,22,10.746928420401856,2.3056978548523235,53.713190323488234,0.8056978548523235,13,-1.4580582187802607,-10.158963584675421,-21.760170739202305
120.0,straight_S1,jitter,78.5,23,80.40438576693025,4.545744754684004,203.04965031226695,3.045744754684004,10,-15.962594104540548,-30.695592260503872,-50.33958980178833
120.0,straight_S1,jitter,78.5,24,32.279047888652286,2.478223688134438,65.21491254229588,0.9782236881344382,12,-12.38996656157312,-24.968307992713836,-39.515542381777216
120.0,straight_S1,jitter,78.5,25,157.26745141600694,2.7079573271931796,80.5304884795453,1.2079573271931796,14,-2.214846574780533,-10.401689765823324,-21.31748068721373
120.0,straight_S1,jitter,78.5,26,66.723263324127,3.93187440140508,162.124960093672,2.43187440140508,12,-23.859941735058655,-41.83360694419873,-65.79849388971884
120.0,straight_S1,jitter,78.5,27,37.626737331805636,2.2050714790287085,47.00476526858057,0.7050714790287085,12,-14.719234926005454,-29.188064268931836,-48.177792398057946
120.0,straight_S1,jitter,78.5,28,90.53429514193023,1.847455913912746,23.16372759418307,0.347455913912746,6,8.59665968683354,2.9121344936361426,-4.667232430627058
120.0,straight_S1,jitter,78.5,29,13.596110306582617,2.385445475083697,59.029698338913136,0.8854454750836971,11,-12.687863290611194,-27.13411587932785,-45.36860877500115
120.0,straight_S1,jitter,78.5,30,127.85558588584797,2.39998580394968,59.999053596645346,0.8999858039496802,10,-18.405371548804354,-30.95245021889132,-47.681888445673934
120.0,curved_S2a10,uniform,0.0,1,2.18453208669142,1.5730486023486592,4.869906823243944,0.07304860234865918,13,-10.748602886959693,-14.904000900526995,-21.38666119060698
120.0,curved_S2a10,uniform,0.0,2,3.9187933532769277,1.7872644238793707,19.150961591958048,0.2872644238793707,13,-12.338251661703083,-18.946740531092097,-26.80304486502875
120.0,curved_S2a10,uniform,0.0,3,3.065734443299425,1.7019929505496652,13.46619670331101,0.20199295054966515,13,-13.249121256702267,-20.01483543231865,-30.538684305486143
120.0,curved_S2a10,uniform,0.0,4,5.195779624391109,1.836588675201514,22.43924501343426,0.3365886752015139,13,-12.713198940683192,-19.102250054369748,-27.93473851346238
120.0,curved_S2a10,uniform,0.0,5,3.71053520856944,1.4961449127887536,-0.25700581408309253,-0.0038550872112463885,13,-11.121763485895904,-15.876715520553724,-24.48616429290171
120.0,curved_S2a10,uniform,0.0,6,2.0593224335266958,2.007239114759251,33.815940983950085,0.5072391147592512,13,-15.077899656928887,-22.555596373918448,-34.042170422069006
120.0,curved_S2a10,uniform,0.0,7,13.408549122086368,1.7052909956967146,13.686066379780973,0.2052909956967146,14,-12.101498840673191,-16.181671473505823,-26.909821917045026
120.0,curved_S2a10,uniform,0.0,8,1.015996841201195,1.6133229794181922,7.55486529454615,0.11332297941819225,13,-12.528692796768905,-17.534587644786885,-27.65960387984203
120.0,curved_S2a10,uniform,0.0,9,4.6941672124932445,2.032117967666794,35.474531177786275,0.5321179676667942,12,-12.825064547461187,-18.924219465013255,-28.83812046897871
120.0,curved_S2a10,uniform,0.0,10,9.858425890886643,1.6737850579550113,11.585670530334086,0.1737850579550113,13,-12.572515146468856,-17.126690109774664,-25.580627787281486
120.0,curved_S2a10,uniform,0.0,11,0.14475542739128808,1.8004141428847737,20.02760952565158,0.30041414288477375,13,-12.29923145987519,-18.340195865150555,-27.249211757435766
120.0,curved_S2a10,uniform,0.0,12,5.832178903731222,1.6885368523711626,12.569123491410839,0.18853685237116258,12,-13.227688154742141,-18.148970151368147,-25.279205164070884
120.0,curved_S2a10,uniform,0.0,13,4.583410389120112,1.7515376370422149,16.769175802814328,0.2515376370422149,13,-11.75732605463027,-17.569679158302435,-24.990414206133536
120.0,curved_S2a10,uniform,0.0,14,9.172940771051959,1.8191425925494111,21.276172836627406,0.31914259254941113,13,-13.649909415708471,-21.14558584010046,-32.73695770104252
120.0,curved_S2a10,uniform,0.0,15,7.299417773745695,1.6950574632130286,13.003830880868575,0.19505746321302864,14,-14.003889413431455,-20.76653433617784,-30.689793802958267
120.0,curved_S2a10,uniform,0.0,16,5.029143100442105,1.6782879963576594,11.885866423843956,0.17828799635765935,13,-10.78998739099097,-15.634969504991036,-22.343918575986905
120.0,curved_S2a10,uniform,0.0,17,2.9527239327650165,1.6686958293742775,11.246388624951836,0.16869582937427752,13,-11.564186579812056,-15.46515641205795,-22.976387281766108
120.0,curved_S2a10,uniform,0.0,18,4.751783072415354,1.7709963544809333,18.06642363206222,0.2709963544809333,13,-12.582056400349009,-17.3345566727327,-28.482940895719388
120.0,curved_S2a10,uniform,0.0,19,1.9276118519593042,1.6939422832878555,12.929485552523698,0.19394228328785545,13,-13.092072338183689,-19.285419957203125,-28.607385064771083
120.0,curved_S2a10,uniform,0.0,20,5.576718341224772,1.723336102585618,14.889073505707865,0.22333610258561798,13,-11.959531950743036,-17.60668071567233,-29.055805792924836
120.0,curved_S2a10,uniform,0.0,21,2.2110902928867007,1.5458886689523659,3.0592445968243913,0.045888668952365874,13,-12.092679642176206,-17.335073836572423,-24.91204029706004
120.0,curved_S2a10,uniform,0.0,22,0.35544554602838446,1.6891993645518177,12.613290970121183,0.18919936455181774,13,-12.101067083240045,-17.15190422405329,-25.480070719123955
120.0,curved_S2a10,uniform,0.0,23,6.399651837057798,1.9996001199600146,33.30667466400097,0.49960011996001463,13,-15.534761189477823,-24.43524885387105,-38.33000494776323
120.0,curved_S2a10,uniform,0.0,24,14.234764937580085,1.6681243380812987,11.208289205419913,0.16812433808129867,13,-10.407096416704785,-13.194379007552161,-20.994234603031067
120.0,curved_S2a10,uniform,0.0,25,1.285840886508707,1.8914292613671937,26.095284091146247,0.3914292613671937,13,-13.46618479119039,-20.573960792575516,-30.970718674596327
120.0,curved_S2a10,uniform,0.0,26,0.9684632852248397,1.8724919188088143,24.832794587254284,0.37249191880881427,13,-15.668118496894916,-23.731291296109116,-35.45494414819071
120.0,curved_S2a10,uniform,0.0,27,5.254863133392495,1.7656041863582683,17.706945757217888,0.2656041863582683,13,-12.590299238582856,-18.479677297040567,-28.364071805053722
120.0,curved_S2a10,uniform,0.0,28,5.6912041576129235,1.7219461834405898,14.796412229372654,0.2219461834405898,12,-11.16642650390556,-15.406400426249393,-23.260310538986914
120.0,curved_S2a10,uniform,0.0,29,0.7880246054003825,1.5880742281477191,5.871615209847944,0.08807422814771915,13,-11.554989315525958,-17.34260741877598,-25.196586378363243
120.0,curved_S2a10,uniform,0.0,30,9.145341687574922,1.881879598595209,25.45863990634727,0.38187959859520904,12,-13.159781129716983,-19.844683722618292,-31.32707121325081
120.0,curved_S2a10,uniform,2.0,1,0.7706905183260111,1.4857448768761172,-0.9503415415921849,-0.014255123123882774,13,-9.354779470848444,-13.294443755032626,-19.739959168198695
120.0,curved_S2a10,uniform,2.0,2,1.2768389444168062,1.7514483732399566,16.763224882663774,0.2514483732399566,14,-9.917510504489016,-14.341151425057669,-21.827765259144623
120.0,curved_S2a10,uniform,2.0,3,3.1652588270216593,1.6813584138041564,12.090560920277094,0.1813584138041564,13,-10.526064902801721,-15.787595512726561,-23.721583948696853
120.0,curved_S2a10,uniform,2.0,4,5.65940711255242,1.7849357911576529,18.99571941051019,0.2849357911576529,13,-10.536186448164614,-15.699265373458521,-22.934981573641384
120.0,curved_S2a10,uniform,2.0,5,4.036247487015953,1.5339299776947417,2.261998512982781,0.03392997769474171,13,-8.706319869919469,-12.226538448792514,-19.98123879532725
120.0,curved_S2a10,uniform,2.0,6,0.6714769474263895,1.8906853747782282,26.04569165188188,0.3906853747782282,13,-12.168893484088759,-18.265911017398466,-27.571734306303004
120.0,curved_S2a10,uniform,2.0,7,13.237984898709687,1.7157601321618905,14.3840088107927,0.2157601321618905,14,-9.6346458015353,-12.562554871747665,-21.42408065484854
120.0,curved_S2a10,uniform,2.0,8,0.0943339359631875,1.6564602657114706,10.43068438076471,0.15646026571147065,13,-10.272304290064511,-14.048922380270193,-22.88844569265865
120.0,curved_S2a10,uniform,2.0,9,4.9747262213596235,1.992225682076745,32.815045471783,0.492225682076745,12,-11.024806726836665,-16.579857976624993,-25.255617734031457
120.0,curved_S2a10,uniform,2.0,10,8.480287277299482,1.6735376271029054,11.569175140193694,0.17353762710290543,13,-11.007525144266808,-15.06922050273571,-22.97970686885986
120.0,curved_S2a10,uniform,2.0,11,1.1490131162665271,1.8211259272830704,21.408395152204697,0.32112592728307043,12,-9.484355195018095,-13.75257511513804,-20.528023595287035
120.0,curved_S2a10,uniform,2.0,12,2.6831773233285614,1.6710491178919895,11.403274526132634,0.1710491178919895,13,-10.18717425511081,-14.73711546011601,-21.201746398102426
120.0,curved_S2a10,uniform,2.0,13,4.913542749955231,1.7671651148322345,17.8110076554823,0.2671651148322345,13,-9.129091429478825,-13.372321854125037,-18.750527498006686
120.0,curved_S2a10,uniform,2.0,14,8.791592056856501,1.7922589247633196,19.483928317554643,0.2922589247633196,13,-10.954485545540761,-16.845334331540315,-25.760459532880958
120.0,curved_S2a10,uniform,2.0,15,7.301351414621939,1.7192013722345272,14.613424815635145,0.21920137223452718,14,-10.835492138940806,-15.71445338133359,-22.832413378073312
120.0,curved_S2a10,uniform,2.0,16,2.273633525521308,1.6667586999883932,11.117246665892882,0.1667586999883932,13,-8.365991338627602,-12.104244784978567,-17.291985140195113
120.0,curved_S2a10,uniform,2.0,17,5.79873141180426,1.6431887054655407,9.545913697702717,0.14318870546554074,13,-9.273786450109652,-12.100679069197946,-19.14109113876113
120.0,curved_S2a10,uniform,2.0,18,5.886102035216834,1.7548715459544442,16.991436396962946,0.25487154595444417,13,-10.052929084395876,-13.709857172428674,-23.16218533858835
120.0,curved_S2a10,uniform,2.0,19,1.3317287950915562,1.6518211042472357,10.121406949815714,0.15182110424723572,13,-11.314233564428543,-16.98900180316349,-26.23247569366162
120.0,curved_S2a10,uniform,2.0,20,7.111760971049708,1.705171742356517,13.678116157101128,0.20517174235651692,13,-9.402322157999832,-13.652651674181001,-22.803691843440923
120.0,curved_S2a10,uniform,2.0,21,1.4793086673282712,1.5689290811054728,4.595272073698187,0.0689290811054728,13,-9.730165964901659,-13.539313067871882,-19.674154282543547
120.0,curved_S2a10,uniform,2.0,22,1.1534289946217045,1.6651327785690786,11.008851904605239,0.1651327785690786,13,-10.358555863532173,-14.396532260517866,-21.865001305969287
120.0,curved_S2a10,uniform,2.0,23,4.580090538853588,1.910479274124119,27.365284941607932,0.410479274124119,13,-12.176423382513565,-19.01460635582865,-29.99388184793073
120.0,curved_S2a10,uniform,2.0,24,12.36318668014386,1.62242593794636,8.161729196423995,0.12242593794635992,13,-8.388492411317035,-10.511377824373112,-17.94702903770411
120.0,curved_S2a10,uniform,2.0,25,2.385164276668561,1.8314895444498054,22.09930296332036,0.3314895444498054,13,-10.820197586448613,-16.660974930768976,-24.914126757378547
120.0,curved_S2a10,uniform,2.0,26,0.1091861355657649,1.7634766062239113,17.56510708159409,0.26347660622391134,13,-11.928116944848227,-17.77350004995485,-26.177186678805523
120.0,curved_S2a10,uniform,2.0,27,6.047950542401069,1.7550882067082705,17.005880447218033,0.2550882067082705,13,-10.110765714178154,-14.660165996109317,-22.769661305063053
120.0,curved_S2a10,uniform,2.0,28,2.767294773525976,1.683930671896457,12.262044793097138,0.18393067189645707,13,-9.304855943637548,-13.176160806021606,-20.20379254590251
120.0,curved_S2a10,uniform,2.0,29,1.6897294320651297,1.5618222727939677,4.121484852931179,0.06182227279396768,13,-9.17962235637506,-13.732434446109618,-20.080230272446354
120.0,curved_S2a10,uniform,2.0,30,8.52707727327044,1.874279582414831,24.951972160988735,0.37427958241483106,12,-11.54724160134511,-17.344696209544995,-28.375500585367696
120.0,curved_S2a10,uniform,5.0,1,0.06257559187004677,1.5827905750047713,5.5193716669847515,0.08279057500477127,12,-7.391577594539241,-10.75472050613954,-16.646737379062152
120.0,curved_S2a10,uniform,5.0,2,0.43240639209766424,1.58786389141029,5.857592760686003,0.08786389141029005,13,-7.244665607014241,-10.239244869237858,-16.278097877432455
120.0,curved_S2a10,uniform,5.0,3,2.5432348616154363,1.6946718543287687,12.978123621917911,0.19467185432876866,13,-7.894337112863227,-12.039741716598735,-18.27905299194783
120.0,curved_S2a10,uniform,5.0,4,6.4829755052699385,1.6915944758070964,12.772965053806429,0.19159447580709643,13,-7.9514452026108176,-11.564196256619772,-16.64466925338883
120.0,curved_S2a10,uniform,5.0,5,4.352989987789543,1.6680799849917805,11.205332332785362,0.16807998499178045,13,-6.093416672503397,-8.22971324094132,-14.77099715464905
120.0,curved_S2a10,uniform,5.0,6,2.8798625657847237,1.6660846001923508,11.072306679490056,0.16608460019235083,14,-10.162703241811819,-14.945859437843408,-23.249516353411952
120.0,curved_S2a10,uniform,5.0,7,12.559274130547866,1.7175227035719605,14.50151357146403,0.21752270357196046,14,-7.757962390534487,-10.515477578710579,-18.284075529400504
120.0,curved_S2a10,uniform,5.0,8,0.9087936307091645,1.7826825641192838,18.84550427461892,0.28268256411928383,13,-8.801807021528447,-12.27324494147379,-20.472308054681815
120.0,curved_S2a10,uniform,5.0,9,2.1241968487959966,1.8472179235675001,23.147861571166676,0.34721792356750014,14,-8.544040590388626,-13.212770181242432,-20.55765730276379
120.0,curved_S2a10,uniform,5.0,10,7.71803876359876,1.6881394379731982,12.542629198213215,0.1881394379731982,13,-8.184592640337923,-10.824775557100768,-17.013761787254648
120.0,curved_S2a10,uniform,5.0,11,4.111511086555292,1.7394631698608114,15.964211324054093,0.2394631698608114,14,-7.6475157808023075,-11.141122665943332,-17.314792162401936
120.0,curved_S2a10,uniform,5.0,12,2.12432039482233,1.497078867724333,-0.19474215171113585,-0.0029211322756670377,13,-6.196500146108076,-8.842051097155558,-12.230240134429724
120.0,curved_S2a10,uniform,5.0,13,3.0636279035363656,1.7515156581302214,16.767710542014758,0.25151565813022136,14,-7.251361601270036,-11.144218680087372,-16.090407315641393
120.0,curved_S2a10,uniform,5.0,14,7.22989983324617,1.7008378842981708,13.389192286544723,0.20083788429817084,14,-8.399934508521413,-12.786822440102993,-19.442456901711676
120.0,curved_S2a10,uniform,5.0,15,6.844136853537025,1.6196675198282398,7.977834655215983,0.11966751982823975,14,-7.9391027219317705,-11.294315698757318,-16.441587231271303
120.0,curved_S2a10,uniform,5.0,16,1.7318359779110202,1.5741183771361065,4.941225142407099,0.07411837713610647,14,-6.389190625049168,-9.285629918285307,-13.301032292423
120.0,curved_S2a10,uniform,5.0,17,8.20129766662172,1.5073336844560756,0.4889122970717086,0.007333684456075629,13,-6.542851959622243,-8.453177030651364,-14.64120688733136
120.0,curved_S2a10,uniform,5.0,18,7.199932892003734,1.6784702839809251,11.898018932061676,0.17847028398092513,13,-7.752075570577516,-10.248737261310094,-18.565108204408013
120.0,curved_S2a10,uniform,5.0,19,1.5507347722423224,1.7069276460995506,13.795176406636708,0.2069276460995506,13,-7.57403103286501,-11.364941153952568,-18.165806396619946
120.0,curved_S2a10,uniform,5.0,20,7.2511959254585125,1.6733781574851732,11.558543832344876,0.17337815748517316,13,-7.388484658415887,-10.978005069179822,-18.880047901301232
120.0,curved_S2a10,uniform,5.0,21,1.7289653592750294,1.5777404870559704,5.1826991370646915,0.07774048705597036,13,-7.39107283237688,-10.175682562364544,-15.19751748358241
120.0,curved_S2a10,uniform,5.0,22,6.392868959121697,1.5957446808510634,6.382978723404224,0.09574468085106336,13,-7.058374785410609,-9.889072815980368,-15.725578901907985
120.0,curved_S2a10,uniform,5.0,23,2.2055373765826807,1.7028783557657985,13.5252237177199,0.2028783557657985,13,-8.698690834112126,-13.509254444819767,-21.615332467240577
120.0,curved_S2a10,uniform,5.0,24,11.31038696108661,1.6132180102922522,7.547867352816813,0.1132180102922522,13,-5.868587095593739,-7.133807341703251,-14.201791619685112
120.0,curved_S2a10,uniform,5.0,25,2.7847974503266104,1.7267004260769818,15.113361738465455,0.22670042607698182,13,-9.081302048356331,-13.620128314546115,-20.50997632086527
120.0,curved_S2a10,uniform,5.0,26,3.5824811343277623,1.6500238453602751,10.001589690685009,0.15002384536027513,14,-8.59493433492672,-12.814488142571593,-18.80790425867094
120.0,curved_S2a10,uniform,5.0,27,6.5550798383024205,1.7330620554679488,15.537470364529918,0.23306205546794878,13,-8.292584618186261,-12.28544296523637,-19.896301923531148
120.0,curved_S2a10,uniform,5.0,28,2.1054791784050195,1.6272267243071392,8.481781620475948,0.12722672430713922,13,-7.844039747676726,-11.664777212975446,-20.68240097642156
120.0,curved_S2a10,uniform,5.0,29,1.720357914404103,1.5514653129369262,3.4310208624617498,0.051465312936926244,13,-7.093091794435724,-10.697931069023245,-16.065146149945072
120.0,curved_S2a10,uniform,5.0,30,6.000576473188774,1.9760376304381082,31.735842029207213,0.4760376304381082,13,-8.5108020663122,-12.729067497543385,-22.536147196931317
120.0,curved_S2a10,uniform,10.0,1,0.5614260002924966,1.6994371546483502,13.295810309890014,0.1994371546483502,13,-4.981527895534023,-7.4008036706312925,-12.662665129688017
120.0,curved_S2a10,uniform,10.0,2,0.2110419425078288,1.6188097705954418,7.9206513730294565,0.11880977059544184,13,-4.547983299679453,-6.538335757995219,-11.636362076681003
120.0,curved_S2a10,uniform,10.0,3,2.4209128029521736,1.6643566632465163,10.95711088310109,0.16435666324651632,13,-5.239619539409762,-8.546704065626944,-13.350505084016977
120.0,curved_S2a10,uniform,10.0,4,6.892938040623324,1.6196588709793418,7.977258065289454,0.1196588709793418,13,-5.288373948121255,-7.456255413549992,-10.898015274217377
120.0,curved_S2a10,uniform,10.0,5,5.709432896436148,1.5742820215256235,4.952134768374897,0.07428202152562347,13,-3.790259871233896,-5.126565598625656,-10.768226660415404
120.0,curved_S2a10,uniform,10.0,6,2.0820979061024687,1.7698422034789856,17.989480231932372,0.2698422034789856,13,-6.527867242332276,-9.42281431508626,-15.153274988855944
120.0,curved_S2a10,uniform,10.0,7,10.758285765669081,1.7359407264006028,15.729381760040187,0.23594072640060282,14,-5.659996424412525,-8.284651086962914,-15.217122752888152
120.0,curved_S2a10,uniform,10.0,8,0.7554077740005751,1.709244389741819,13.949625982787936,0.20924438974181903,13,-6.122436634975661,-7.851563568461728,-14.497562276287134
120.0,curved_S2a10,uniform,10.0,9,1.9373706464115308,1.7210418468226494,14.736123121509959,0.22104184682264938,14,-5.809568215764656,-9.581628705244947,-15.498952196220475
120.0,curved_S2a10,uniform,10.0,10,6.0176161535900725,1.6590641676562619,10.604277843750792,0.15906416765626186,13,-5.504662870168816,-7.3221414285958,-11.627810422966176
120.0,curved_S2a10,uniform,10.0,11,2.7247187513174094,1.7033864072122356,13.559093814149037,0.20338640721223555,14,-5.307981181047629,-7.773818624085385,-13.399208567231073
120.0,curved_S2a10,uniform,10.0,12,1.5248182817172495,1.593860795854307,6.25738639028713,0.09386079585430696,13,-4.435300144794716,-6.686261508885119,-9.61327886158061
120.0,curved_S2a10,uniform,10.0,13,2.788418619906983,1.706265935885336,13.751062392355736,0.20626593588533604,14,-5.0054955829499646,-8.126012045217866,-12.174929593663835
120.0,curved_S2a10,uniform,10.0,14,5.52989195805873,1.651229308271323,10.081953884754864,0.15122930827132297,14,-6.089326491572857,-9.831214754927299,-15.532539506593384
120.0,curved_S2a10,uniform,10.0,15,7.212503775586209,1.5018549978519398,0.12366652346265106,0.0018549978519397659,13,-4.481196485302468,-6.047088438117765,-9.169655034289816
120.0,curved_S2a10,uniform,10.0,16,1.6995438021814966,1.6074943528202832,7.16629018801888,0.10749435282028319,14,-4.159035375022392,-6.337573453377868,-9.835413525074982
120.0,curved_S2a10,uniform,10.0,17,9.149671364085695,1.54042249570261,2.6948330468406683,0.04042249570261003,13,-4.354226173107424,-5.866341474850984,-10.879592906400134
120.0,curved_S2a10,uniform,10.0,18,9.379127439128839,1.607699842703697,7.179989513579803,0.10769984270369704,13,-5.457080071644251,-7.339082966439676,-14.605426880714266
120.0,curved_S2a10,uniform,10.0,19,2.40071641048026,1.637560440173363,9.170696011557533,0.137560440173363,13,-5.883808198695719,-8.519452318630309,-14.028408814171431
120.0,curved_S2a10,uniform,10.0,20,7.364604348263345,1.6347802875221806,8.98535250147871,0.13478028752218063,13,-4.6372728617724075,-7.399363303279868,-13.112763807723425
120.0,curved_S2a10,uniform,10.0,21,1.6473359741733868,1.6078130898586858,7.187539323912384,0.10781308985868576,13,-4.230049553684689,-5.599418651403547,-9.321461611241132
120.0,curved_S2a10,uniform,10.0,22,6.955737028929221,1.4867839876857796,-0.8810674876146951,-0.013216012314220427,13,-4.242774427386998,-6.0850514577178325,-10.361222287537814
120.0,curved_S2a10,uniform,10.0,23,1.5818224647718402,1.6247697700748462,8.317984671656415,0.12476977007484624,13,-5.186061861247068,-8.0073736619053,-13.30767208408784
120.0,curved_S2a10,uniform,10.0,24,11.21820805041945,1.6314319638024988,8.762130920166584,0.13143196380249877,13,-3.8113492967917573,-4.949960672181073,-12.813568804243328
120.0,curved_S2a10,uniform,10.0,25,1.584855261190791,1.642339917727031,9.489327848468736,0.14233991772703103,14,-7.019104569806601,-10.726079013411365,-17.160289272501174
120.0,curved_S2a10,uniform,10.0,26,6.178701300979299,1.6376014417305647,9.173429448704312,0.13760144173056466,14,-4.824911366908915,-7.02798799280392,-12.285593351629615
120.0,curved_S2a10,uniform,10.0,27,6.3006917986051345,1.6510439674972721,10.069597833151473,0.1510439674972721,14,-5.097192998908438,-7.587404382350717,-13.47093516197857
120.0,curved_S2a10,uniform,10.0,28,0.14584044723493458,1.5198691752918436,1.3246116861229082,0.01986917529184362,13,-4.55686612861393,-8.271359561628739,-14.036346392764752
120.0,curved_S2a10,uniform,10.0,29,1.8443940916501236,1.5605486292817408,4.036575285449384,0.06054862928174076,13,-4.543971642865308,-6.822353821749859,-11.03414251956668
120.0,curved_S2a10,uniform,10.0,30,7.295269095673119,1.6795717073885474,11.971447159236497,0.17957170738854744,13,-5.18494634108748,-7.888816156818183,-15.619218522803513
120.0,curved_S2a10,uniform,11.0,1,0.4691075559192294,1.689075666035075,12.605044402338331,0.18907566603507497,13,-4.4575641741252126,-6.617026594961666,-11.537768653168223
120.0,curved_S2a10,uniform,11.0,2,0.9656910559128751,1.6188097705954412,7.920651373029412,0.11880977059544118,13,-4.307863753326913,-6.379591689113221,-11.47708076449602
120.0,curved_S2a10,uniform,11.0,3,2.3743739948185603,1.6521817835690213,10.145452237934755,0.15218178356902134,13,-4.870644161759377,-8.107582705220423,-12.811581493893957
120.0,curved_S2a10,uniform,11.0,4,6.443268340633172,1.5954625747060842,6.364171647072281,0.09546257470608421,13,-4.896437128325772,-6.729338268425507,-9.84464341370138
120.0,curved_S2a10,uniform,11.0,5,6.005862898891747,1.5560090627487597,3.7339375165839814,0.05600906274875972,13,-3.5204254024024397,-4.866529942234491,-10.358180443366457
120.0,curved_S2a10,uniform,11.0,6,2.3171495417394854,1.7426257801887124,16.175052012580828,0.2426257801887124,13,-6.865951707373045,-9.92532312265217,-15.882383019380322
120.0,curved_S2a10,uniform,11.0,7,10.381554501580116,1.7233825188820522,14.892167925470146,0.22338251888205218,14,-4.917247850818,-7.3098968513926055,-13.699896696335975
120.0,curved_S2a10,uniform,11.0,8,0.7137824807810353,1.6946718543287678,12.97812362191785,0.19467185432876777,13,-5.918426464723569,-7.7151484719763666,-14.47817611007358
120.0,curved_S2a10,uniform,11.0,9,1.9228877175845789,1.70125657986379,13.417105324252665,0.20125657986378997,14,-5.3343258265915425,-9.001053614734905,-14.686751131900955
120.0,curved_S2a10,uniform,11.0,10,5.889491892603164,1.663780661615406,10.918710774360402,0.16378066161540605,13,-5.241468329269417,-7.136613790551722,-11.526001033314502
120.0,curved_S2a10,uniform,11.0,11,2.713487130470788,1.7006164450688863,13.374429671259088,0.20061644506888632,14,-5.2017732078601915,-7.6709526264248655,-13.253307966793635
120.0,curved_S2a10,uniform,11.0,12,1.7177546623125908,1.605320501322972,7.021366754864807,0.1053205013229721,13,-3.7978514644478336,-5.731964478452876,-8.24050333561123
120.0,curved_S2a10,uniform,11.0,13,2.8889682994421184,1.7129448631309647,14.196324208730982,0.21294486313096472,14,-4.875990100979182,-8.103507221339973,-12.295092313909786
120.0,curved_S2a10,uniform,11.0,14,5.319462630289968,1.6357092202259893,9.047281348399288,0.1357092202259893,14,-5.551879380291493,-9.041795211906182,-14.45547026406775
120.0,curved_S2a10,uniform,11.0,15,7.011684789830349,1.5094924778015661,0.6328318534377431,0.009492477801566146,13,-4.330901904210926,-5.921133516355668,-9.08043566776167
120.0,curved_S2a10,uniform,11.0,16,2.110079012142011,1.5759612020247977,5.064080134986515,0.07596120202479772,14,-3.4350552408320905,-5.143189812944298,-8.232884888243184
120.0,curved_S2a10,uniform,11.0,17,9.424597208178529,1.5485946642674306,3.2396442844953763,0.04859466426743064,13,-4.12768455113933,-5.711793238539023,-10.828774367640731
120.0,curved_S2a10,uniform,11.0,18,9.385104692063047,1.5713376253237645,4.755841688250969,0.07133762532376453,13,-4.962006785087279,-6.646182465064369,-13.712776603476962
120.0,curved_S2a10,uniform,11.0,19,2.618527011452945,1.6176232704209343,7.841551361395623,0.11762327042093434,13,-6.604923527365874,-9.474344238731772,-15.295002856181307
120.0,curved_S2a10,uniform,11.0,20,7.40363927095327,1.6250200307523057,8.334668716820381,0.12502003075230572,13,-4.48157246858511,-7.281758251151875,-13.052913600136337
120.0,curved_S2a10,uniform,11.0,21,1.4781715695472197,1.613322979418193,7.554865294546194,0.11332297941819292,13,-4.097740326172998,-5.5688325428494965,-9.42843723781574
120.0,curved_S2a10,uniform,11.0,22,7.017321556497137,1.4982592847847358,-0.11604768101761327,-0.0017407152152641991,13,-3.9186603335211574,-5.67736981043973,-9.874045301960518
120.0,curved_S2a10,uniform,11.0,23,1.5125153699623766,1.594797396961055,6.319826464070329,0.09479739696105494,13,-4.752711258302805,-7.325909075332651,-12.381343932330369
120.0,curved_S2a10,uniform,11.0,24,11.273456563868207,1.6200007750085568,8.000051667237118,0.12000077500855677,13,-3.467616915835144,-4.394951088331771,-12.08555840754948
120.0,curved_S2a10,uniform,11.0,25,1.001257833510577,1.6228159135171452,8.187727567809677,0.12281591351714516,14,-6.638858479783526,-10.229984984771034,-16.5097313257045
120.0,curved_S2a10,uniform,11.0,26,6.390960663355316,1.6235665705518068,8.23777137012045,0.12356657055180675,14,-4.699112238831036,-6.734330744723999,-11.958123694055661
120.0,curved_S2a10,uniform,11.0,27,5.739279702386796,1.6083810981163904,7.225406541092694,0.1083810981163904,14,-5.042143204895325,-7.59013449982521,-13.609871921819114
120.0,curved_S2a10,uniform,11.0,28,0.0691243638855974,1.4846210376062543,-1.0252641595830467,-0.015378962393745699,13,-5.581057930733938,-9.642536470321016,-15.851905596508743
120.0,curved_S2a10,uniform,11.0,29,1.8522263420435157,1.5433070730056053,2.8871382003736885,0.04330707300560532,13,-4.280617796004531,-6.345256172673611,-10.455861602666507
120.0,curved_S2a10,uniform,11.0,30,7.467777282501977,1.6931219669797382,12.87479779864921,0.19312196697973816,13,-4.869978480628951,-7.568165926339246,-15.261095958944187
120.0,curved_S2a10,uniform,20.0,1,0.8380426141782243,1.6577242376514179,10.51494917676119,0.15772423765141785,13,-2.612349276468455,-4.559455794739337,-9.158972870027696
120.0,curved_S2a10,uniform,20.0,2,1.462680381995119,1.6429048287687156,9.526988584581037,0.14290482876871557,13,-2.640497982719362,-4.133133176099527,-9.863353372717244
120.0,curved_S2a10,uniform,20.0,3,2.603794796728842,1.6166928483211838,7.7795232214122505,0.11669284832118376,13,-3.330689048107545,-6.628281453036217,-11.459416389878893
120.0,curved_S2a10,uniform,20.0,4,6.11778597186184,1.573291938818879,4.886129254591939,0.07329193881887908,13,-3.0928256710029274,-4.501772116698717,-7.653149756390496
120.0,curved_S2a10,uniform,20.0,5,6.537200756583627,1.571466967717551,4.7644645145034,0.07146696771755101,13,-1.812610679271731,-3.282408650472668,-8.681407107184688
120.0,curved_S2a10,uniform,20.0,6,0.004285183575141137,1.613817659684182,7.587843978945467,0.113817659684182,13,-3.6413910251899826,-5.120923268140197,-8.952603415734348
120.0,curved_S2a10,uniform,20.0,7,9.43952653197912,1.6972318593054148,13.148790620360984,0.19723185930541476,14,-3.7081560673594973,-7.133374017109389,-13.564805162996633
120.0,curved_S2a10,uniform,20.0,8,1.5986678295671264,1.7068723898073979,13.791492653826523,0.20687238980739786,13,-4.149574494540493,-5.801750785928349,-12.330318886904388
120.0,curved_S2a10,uniform,20.0,9,1.5830837700761644,1.7360169287196854,15.734461914645692,0.23601692871968538,13,-4.004587827723783,-8.222259830527445,-14.358643800611713
120.0,curved_S2a10,uniform,20.0,10,4.5087599863379095,1.62616406088977,8.410937392651336,0.12616406088977006,13,-2.98897013219161,-5.120922698466768,-9.37503210819757
120.0,curved_S2a10,uniform,20.0,11,1.0039880401129855,1.704490429270497,13.6326952846998,0.204490429270497,13,-3.3429758561743,-5.797304819254827,-11.146695944376749
120.0,curved_S2a10,uniform,20.0,12,2.499137815920719,1.6343606647988078,8.957377653253856,0.13436066479880782,13,-2.442280433019061,-4.557344643295447,-7.476063109588616
120.0,curved_S2a10,uniform,20.0,13,3.1500914054655484,1.6796459410779945,11.976396071866297,0.17964594107799448,13,-3.3098628599880167,-6.262527850645039,-10.722007542200199
120.0,curved_S2a10,uniform,20.0,14,4.584859767751631,1.62307781940549,8.205187960366,0.12307781940549001,14,-3.7998963117984355,-7.10293402839255,-12.294377945986502
120.0,curved_S2a10,uniform,20.0,15,5.199818593995856,1.5455655172105935,3.0377011473729025,0.04556551721059354,13,-2.0086398014572873,-3.399795209829209,-6.512108275829968
120.0,curved_S2a10,uniform,20.0,16,1.463525632550689,1.5974970853193036,6.499805687953571,0.09749708531930357,13,-1.9572766569637705,-3.7224487021685375,-7.8021179565396155
120.0,curved_S2a10,uniform,20.0,17,9.440991907752586,1.56615796063435,4.4105307089566725,0.06615796063435009,13,-2.141060541551361,-3.750147132352166,-8.665071407168735
120.0,curved_S2a10,uniform,20.0,18,9.726123422603852,1.5192551398743463,1.28367599162309,0.01925513987434635,13,-3.1456207168879455,-4.840706624188696,-11.718649079255458
120.0,curved_S2a10,uniform,20.0,19,1.8646932102694191,1.58208517808341,5.472345205560666,0.08208517808340998,13,-2.014539745312119,-3.4127198358497695,-7.704752314248386
120.0,curved_S2a10,uniform,20.0,20,7.731607949830364,1.5629664495659923,4.197763304399485,0.06296644956599229,13,-2.6288041147687586,-5.265246325929549,-10.50979142419742
120.0,curved_S2a10,uniform,20.0,21,0.7584387784444085,1.5857043022808717,5.713620152058111,0.08570430228087167,13,-2.1764127511220437,-3.3576075835874457,-7.1686168063048195
120.0,curved_S2a10,uniform,20.0,22,7.734123596617954,1.5367398589418615,2.4493239294574325,0.03673985894186149,13,-1.898282948662219,-3.678802147067912,-8.007903613537845
120.0,curved_S2a10,uniform,20.0,23,2.0697700476365566,1.4946614484805125,-0.3559034346324985,-0.005338551519487478,13,-1.5432420599085492,-3.3408038728691944,-7.515300949474395
120.0,curved_S2a10,uniform,20.0,24,11.365324937517814,1.6214002782842314,8.093351885615425,0.12140027828423139,13,-2.0637976706547105,-3.2308601791497713,-12.221277263632038
120.0,curved_S2a10,uniform,20.0,25,0.13968985628191702,1.5672849327974316,4.485662186495443,0.06728493279743164,14,-3.693427175991242,-6.227700047651863,-11.080058694109026
120.0,curved_S2a10,uniform,20.0,26,6.808410102223874,1.6204964242072075,8.033094947147168,0.12049642420720752,13,-2.3029270008391447,-3.747940411330005,-6.217885615159364
120.0,curved_S2a10,uniform,20.0,27,7.2154332696492585,1.6571833631867077,10.478890879113845,0.15718336318670767,14,-3.2695240079573975,-5.524512252772316,-11.701608087889184
120.0,curved_S2a10,uniform,20.0,28,2.9027397882554786,1.6296676869501379,8.644512463342524,0.12966768695013786,13,-2.696915687380956,-4.8834597690072785,-10.084830661425258
120.0,curved_S2a10,uniform,20.0,29,1.7640619611664963,1.553987012141625,3.599134142775003,0.053987012141625046,13,-2.144089040553801,-3.646919441348457,-7.733950338972106
120.0,curved_S2a10,uniform,20.0,30,7.944877521485369,1.558082768782403,3.8721845854935357,0.05808276878240304,14,-2.466649511697407,-7.6709373805756815,-14.820794018815851
120.0,curved_S2a10,uniform,30.0,1,0.40287835726918186,1.661544288161736,10.769619210782395,0.16154428816173594,13,-0.684688938706783,-2.640991956201139,-7.236503021000484
120.0,curved_S2a10,uniform,30.0,2,1.3498153116403337,1.6497202801306434,9.98135200870956,0.14972028013064342,13,-0.9698193788584051,-2.496279581125002,-8.283795325070415
120.0,curved_S2a10,uniform,30.0,3,2.4539522933726494,1.6383661039918829,9.22440693279219,0.13836610399188287,13,-1.55145842468939,-4.574913287756372,-9.54804507125248
120.0,curved_S2a10,uniform,30.0,4,5.955484618079461,1.576656112351859,5.110407490123933,0.07665611235185898,13,-1.5940673239216658,-3.20113121994367,-6.951276038169089
120.0,curved_S2a10,uniform,30.0,5,6.598841959871833,1.5854961235142817,5.69974156761878,0.08549612351428171,13,0.17958061226407102,-1.2971665127644196,-6.9568407043281635
120.0,curved_S2a10,uniform,30.0,6,0.23253664482924513,1.6323687048904376,8.824580326029174,0.13236870489043762,14,-0.7487858327436245,-1.77053578036828,-5.456724481111636
120.0,curved_S2a10,uniform,30.0,7,9.49161609719773,1.719766768173174,14.651117878211606,0.2197667681731741,14,-1.962680483275384,-5.99334740083292,-11.613802352053156
120.0,curved_S2a10,uniform,30.0,8,2.737379223537686,1.6439775309262483,9.598502061749887,0.14397753092624832,13,-1.500115827654887,-3.353351386099639,-9.63806035352918
120.0,curved_S2a10,uniform,30.0,9,1.1771366675905257,1.7472006548229708,16.48004365486472,0.24720065482297082,13,-1.9652208752875997,-5.480634844935534,-11.736065917394479
120.0,curved_S2a10,uniform,30.0,10,4.405085334621444,1.6321229282941283,8.808195219608555,0.1321229282941283,13,-1.2502000687656205,-3.545913306522203,-10.416879281812037
120.0,curved_S2a10,uniform,30.0,11,1.2381534725538679,1.7047226033378482,13.648173555856546,0.2047226033378482,13,-1.4346529434180946,-3.5815665811470954,-8.814076927193959
120.0,curved_S2a10,uniform,30.0,12,1.664531232549254,1.6214837599076388,8.09891732717592,0.12148375990763882,13,0.08957235001759661,-1.557402928566536,-4.152874682631236
120.0,curved_S2a10,uniform,30.0,13,3.1484245217807443,1.7123187258766563,14.154581725110424,0.21231872587665634,13,-1.7816699313291908,-4.710085571825065,-9.324419810866662
120.0,curved_S2a10,uniform,30.0,14,4.746973409248906,1.6357495757167608,9.049971714450722,0.13574957571676083,14,-2.2020161751322265,-5.462551045358204,-10.974964176413062
120.0,curved_S2a10,uniform,30.0,15,5.365054246056575,1.5479709241160127,3.198061607734178,0.04797092411601267,13,-0.2900056246918199,-2.1382845088985323,-5.830378431695143
120.0,curved_S2a10,uniform,30.0,16,1.2185288603989284,1.5943580470834358,6.290536472229051,0.09435804708343576,13,-0.07226499252707996,-1.714084170172963,-5.99078268045707
120.0,curved_S2a10,uniform,30.0,17,9.52531965125289,1.580484820293709,5.3656546862472645,0.08048482029370896,13,-0.3101289590226983,-2.17355677914822,-7.998560020137421
120.0,curved_S2a10,uniform,30.0,18,9.572612523277474,1.53637203881799,2.424802587866,0.036372038817990004,13,-1.2225276592133492,-3.1890617197639926,-9.929047387253116
120.0,curved_S2a10,uniform,30.0,19,1.5807264303364823,1.6000530230800603,6.670201538670684,0.10005302308006025,13,-0.5580005164713288,-2.2098089759757973,-6.873798873169172
120.0,curved_S2a10,uniform,30.0,20,7.658165363676343,1.5982506952229707,6.550046348198046,0.0982506952229707,13,-1.4522359168766263,-4.3296008045946355,-10.288853413206244
120.0,curved_S2a10,uniform,30.0,21,0.33111379929691237,1.6015690249603396,6.771268330689306,0.1015690249603396,13,-0.6825300055177322,-2.098512838637593,-6.316923059015562
120.0,curved_S2a10,uniform,30.0,22,7.700901040564836,1.529830922868175,1.9887281912116677,0.029830922868175014,13,-0.03125099614147143,-1.869422793499795,-7.14449291047447
120.0,curved_S2a10,uniform,30.0,23,2.7698101300515465,1.5129918600920673,0.8661240061378214,0.01299186009206732,13,0.28441871799783414,-1.5408308255566303,-5.277332946628579
120.0,curved_S2a10,uniform,30.0,24,11.569232432987475,1.62777144725519,8.518096483679338,0.12777144725519007,13,-0.43269633048675565,-2.261911154584314,-10.690529561061973
120.0,curved_S2a10,uniform,30.0,25,0.7679046488213631,1.5597103307315847,3.980688715438981,0.059710330731584715,14,-2.038134903273254,-4.798731765898635,-9.380874801230558
120.0,curved_S2a10,uniform,30.0,26,6.60190523984603,1.6368894734893085,9.125964899287231,0.13688947348930847,13,-0.4482655927839232,-2.244517269082798,-5.389169005429345
120.0,curved_S2a10,uniform,30.0,27,7.456818591631174,1.6598902600939867,10.659350672932444,0.15989026009398666,14,-1.4327466884702755,-3.408371869408118,-10.267103291938014
120.0,curved_S2a10,uniform,30.0,28,2.8481204301160443,1.5804522705921817,5.363484706145449,0.08045227059218174,12,-0.7869444305039986,-3.040737521376334,-7.767045299435861
120.0,curved_S2a10,uniform,30.0,29,1.6968182068019453,1.5582071485515967,3.8804765701064468,0.0582071485515967,13,-0.5334644880106741,-1.8955280418449836,-6.704246373856492
120.0,curved_S2a10,uniform,30.0,30,7.3410058112372525,1.614522363486165,7.634824232410997,0.11452236348616496,13,-0.5139391567051566,-2.3332585264759325,-10.925464050352678
120.0,curved_S2a10,uniform,50.0,1,0.40176015666726034,1.652027839781141,10.135189318742732,0.15202783978114098,13,3.201892314593748,1.2637969899803343,-3.3225647779598235
120.0,curved_S2a10,uniform,50.0,2,1.2105409063240582,1.6423123531499972,9.487490209999816,0.14231235314999724,13,2.7631646634494578,0.914021001703941,-5.12261949481557
120.0,curved_S2a10,uniform,50.0,3,2.383479167611737,1.6625206658953138,10.834711059687585,0.16252066589531378,13,1.8466856873771544,-0.7363938025220804,-6.378928486722405
120.0,curved_S2a10,uniform,50.0,4,6.063493648057594,1.5740713750513988,4.938091670093256,0.07407137505139882,13,2.0477550166964154,-1.690382685654238,-6.10979953063025
120.0,curved_S2a10,uniform,50.0,5,6.430402653280968,1.5854961235142817,5.69974156761878,0.08549612351428171,13,3.3261568144721148,1.205490590045295,-5.346747023860228
120.0,curved_S2a10,uniform,50.0,6,0.5388600658155521,1.6424861821298402,9.499078808656014,0.1424861821298402,13,2.6587113541397205,0.9541241371189311,-3.326403729998048
120.0,curved_S2a10,uniform,50.0,7,9.426209420575569,1.724394023691063,14.959601579404206,0.2243940236910631,14,1.5721070066950171,-2.678164859185046,-7.72171682659267
120.0,curved_S2a10,uniform,50.0,8,2.8626934838928735,1.6466915756551253,9.779438377008349,0.14669157565512525,13,2.2409617781059468,0.08110814495248508,-5.922083990863219
120.0,curved_S2a10,uniform,50.0,9,1.3878648802189062,1.7376527625625748,15.843517504171656,0.23765276256257484,13,1.1497681047986248,-2.058492028647563,-8.180407813527566
120.0,curved_S2a10,uniform,50.0,10,4.517632245486052,1.6525576171844636,10.170507812297574,0.1525576171844636,13,0.44075568339083304,-1.9662338376408457,-6.905188125736695
120.0,curved_S2a10,uniform,50.0,11,1.1129092309151667,1.7209417725036893,14.729451500245952,0.2209417725036893,13,1.76057049604179,-0.2027497066221562,-6.584654818887524
120.0,curved_S2a10,uniform,50.0,12,1.7576645367821397,1.623155511027264,8.210367401817598,0.12315551102726396,13,3.645321248575858,1.5802451596381994,-1.8894604766716951
120.0,curved_S2a10,uniform,50.0,13,3.3567692480974123,1.7201427670711904,14.676184471412693,0.2201427670711904,13,1.328327478776319,-1.2924360703426676,-6.351908224890006
120.0,curved_S2a10,uniform,50.0,14,4.84225358075799,1.6429899613513967,9.532664090093117,0.14298996135139674,14,0.6087776795717456,-2.489091590420319,-8.794074015933681
120.0,curved_S2a10,uniform,50.0,15,5.517410688261799,1.5505269517101017,3.3684634473401123,0.050526951710101686,13,3.6340751902207824,1.3479464407074602,-2.1960320451361675
120.0,curved_S2a10,uniform,50.0,16,1.350310780230503,1.5931324696929148,6.208831312860985,0.09313246969291478,13,3.524475687467941,2.030980230767329,-3.1326973981521737
120.0,curved_S2a10,uniform,50.0,17,9.612600206816824,1.59554154934486,6.369436622990661,0.09554154934485992,13,3.227336800003843,0.960900063770505,-5.719579539623927
120.0,curved_S2a10,uniform,50.0,18,9.459546504386182,1.55323701836621,3.549134557747339,0.05323701836621009,13,2.5182899735959072,-0.22655566925936022,-6.392071581049018
120.0,curved_S2a10,uniform,50.0,19,1.4908716892162892,1.6093086704691035,7.287244697940236,0.10930867046910353,13,3.6516562736181064,2.8604088842180238,-1.9685545080039957
120.0,curved_S2a10,uniform,50.0,20,7.777007469742835,1.5982506952229705,6.550046348198031,0.09825069522297047,13,1.828881205841968,-0.4593336348137478,-6.494690597017516
120.0,curved_S2a10,uniform,50.0,21,0.3637033710119282,1.6015690249603372,6.771268330689144,0.10156902496033715,13,3.1081683312899058,2.0360218569438135,-2.545086624273778
120.0,curved_S2a10,uniform,50.0,22,7.350526530666341,1.5368457191489977,2.4563812765998465,0.0368457191489977,13,3.721515195478428,1.773008554376378,-3.774662971393292
120.0,curved_S2a10,uniform,50.0,23,2.574046812314683,1.512991860092068,0.8661240061378658,0.012991860092067986,13,3.8978462704725017,1.9999108845720903,-1.6032848955069587
120.0,curved_S2a10,uniform,50.0,24,11.510564488046084,1.6426800742355894,9.512004949039293,0.14268007423558937,13,2.85898763649885,-0.18800055812329985,-8.286831111387311
120.0,curved_S2a10,uniform,50.0,25,0.5839263412354816,1.5870170465817575,5.80113643878383,0.08701704658175746,14,1.1733837575691752,-1.6091094112016746,-6.096001891787093
120.0,curved_S2a10,uniform,50.0,26,6.1891917013109,1.610988648585453,7.399243239030199,0.11098864858545299,13,3.101252779774539,0.9014565345462003,-3.5551633902835538
120.0,curved_S2a10,uniform,50.0,27,7.028813952270255,1.6567998511175563,10.45332340783709,0.15679985111755634,14,2.6665482951097665,0.49851178201541124,-5.565452515426846
120.0,curved_S2a10,uniform,50.0,28,2.230241708528434,1.5643632789896293,4.290885265975289,0.06436327898962935,12,3.3549886220125344,1.1875234309593843,-2.525329117698874
120.0,curved_S2a10,uniform,50.0,29,1.617484532275374,1.5582071485515967,3.8804765701064468,0.0582071485515967,13,3.1691381224071034,2.4276080884166817,-3.6307094948628063
120.0,curved_S2a10,uniform,50.0,30,7.359655563909324,1.6272555692905761,8.483704619371741,0.12725556929057613,13,3.5087460313602676,1.697612873266613,-3.8930283443785454
120.0,curved_S2a10,uniform,78.5,1,0.3578056252749813,1.6551487970940957,10.343253139606379,0.15514879709409568,13,8.03269202330384,5.520808061317636,1.2079324363056239
120.0,curved_S2a10,uniform,78.5,2,1.1310024692400416,1.637804455201049,9.186963680069926,0.1378044552010489,13,8.344651173529806,6.385588839771727,0.6114021886533517
120.0,curved_S2a10,uniform,78.5,3,2.4821278463891665,1.6625206658953144,10.83471105968763,0.16252066589531444,13,6.781593698115018,4.370038997547665,-2.2189271699722672
120.0,curved_S2a10,uniform,78.5,4,5.949701428799285,1.5883335100256384,5.888900668375893,0.08833351002563838,13,6.370595737703427,5.071472970006467,0.5703240402463516
120.0,curved_S2a10,uniform,78.5,5,6.582861990319413,1.6024324156332301,6.828827708882009,0.10243241563323013,13,7.661935357871458,5.052682104365317,0.6320829458064736
120.0,curved_S2a10,uniform,78.5,6,0.040155530236403315,1.6404470344110675,9.363135627404501,0.14044703441106754,14,8.392633439800065,6.6401651478648915,2.40826604719973
120.0,curved_S2a10,uniform,78.5,7,9.48773778786532,1.71273704510559,14.182469673706008,0.2127370451055901,14,6.867523275578068,2.7115172822252935,-2.7755334366321653
120.0,curved_S2a10,uniform,78.5,8,2.849670148920131,1.6630232985072555,10.8682199004837,0.1630232985072555,13,7.584203416176659,4.8888458868437565,0.7010246029803104
120.0,curved_S2a10,uniform,78.5,9,1.5608735649218695,1.7376527625625728,15.843517504171523,0.23765276256257284,13,4.8552167715478864,2.095535584520429,-4.098667993204243
120.0,curved_S2a10,uniform,78.5,10,4.712920425637641,1.6623112425120912,10.820749500806077,0.16231124251209117,13,8.423580315438324,5.766908872201133,1.1922584466622088
120.0,curved_S2a10,uniform,78.5,11,1.10498085327514,1.729241271566799,15.282751437786604,0.22924127156679908,13,6.360703036856421,3.6163329144669674,-2.5771672946471327
120.0,curved_S2a10,uniform,78.5,12,1.536616952579588,1.6153849881658107,7.692332544387377,0.11538498816581066,13,8.625510842037981,6.8005821975383185,3.30549781727927
120.0,curved_S2a10,uniform,78.5,13,3.289096860147363,1.7341040462427733,15.606936416184883,0.23410404624277326,13,5.662036101695497,3.891777109165469,-0.8978025077332807
120.0,curved_S2a10,uniform,78.5,14,4.873894507465823,1.654002954452018,10.266863630134537,0.15400295445201806,14,6.004624553958605,3.1137235539372496,-3.0982456155709803
120.0,curved_S2a10,uniform,78.5,15,5.593605849817211,1.5567987146964395,3.7865809797626326,0.05679871469643949,13,9.099364002087254,6.839464460145376,3.388095861519237
120.0,curved_S2a10,uniform,78.5,16,1.4840665308925898,1.5931324696929159,6.20883131286106,0.09313246969291589,13,8.411454736407949,7.115476457880151,0.8010056276719311
120.0,curved_S2a10,uniform,78.5,17,9.339569933068246,1.5955415493448617,6.36943662299078,0.0955415493448617,13,8.184751642243647,4.825529969058126,-0.7626180332191637
120.0,curved_S2a10,uniform,78.5,18,9.534188651873922,1.5970968027080885,6.473120180539234,0.09709680270808851,13,7.611985563508523,3.9820516676245226,-2.360441402314244
120.0,curved_S2a10,uniform,78.5,19,1.7843875072363475,1.6174911278507365,7.832741856715764,0.11749112785073645,13,8.872102400073777,7.534685229036702,3.5115156098828706
120.0,curved_S2a10,uniform,78.5,20,7.676909140625202,1.5982506952229685,6.550046348197898,0.09825069522296848,13,6.6840052975302084,3.988927360764955,-1.800499228379381
120.0,curved_S2a10,uniform,78.5,21,0.3435972832491535,1.6186165510583193,7.907770070554617,0.11861655105831925,13,8.727599213456191,6.961037675784729,3.153550200620073
120.0,curved_S2a10,uniform,78.5,22,7.495210367991711,1.5368457191490001,2.45638127660001,0.036845719149000145,13,9.58679854811066,7.641556026105418,1.9089323295894562
120.0,curved_S2a10,uniform,78.5,23,2.679706920494437,1.5282272454048438,1.8818163603229188,0.02822724540484378,13,8.80390418076363,6.958934738051986,2.290331441961114
120.0,curved_S2a10,uniform,78.5,24,11.27026882717358,1.6401839395204307,9.345595968028714,0.14018393952043073,13,7.68717757302744,3.47220867249099,-2.1490902257807307
120.0,curved_S2a10,uniform,78.5,25,0.6816967264927624,1.5870170465817577,5.801136438783846,0.08701704658175768,14,6.096235645407329,3.1227891511188908,-2.550795857567334
120.0,curved_S2a10,uniform,78.5,26,6.284572350178941,1.6296167139562079,8.641114263747191,0.12961671395620789,13,8.389716032404838,4.0121861433040085,-1.3850667019363327
120.0,curved_S2a10,uniform,78.5,27,6.92098244283307,1.6611737670973779,10.744917806491856,0.16117376709737785,14,7.9130909436480446,5.280346827413652,-0.9943147572745019
120.0,curved_S2a10,uniform,78.5,28,2.0347917870240777,1.5685998379377373,4.5733225291824855,0.06859983793773727,12,8.076956411114148,5.854550422866892,1.1270953292709975
120.0,curved_S2a10,uniform,78.5,29,1.7914646581664648,1.5582071485515945,3.8804765701062984,0.05820714855159448,13,8.445142251274875,7.049515654694618,1.812113953501906
120.0,curved_S2a10,uniform,78.5,30,7.344176591098586,1.6401171443385878,9.341142955905852,0.1401171443385878,13,7.46037870287644,2.964906318676987,-0.978818239974485
120.0,curved_S2a10,uniform,100.0,1,0.20103817721910908,1.6513635819628072,10.090905464187145,0.1513635819628072,13,11.860635771154653,10.013295306961556,5.732447707897329
120.0,curved_S2a10,uniform,100.0,2,1.0391821651308395,1.637253136471439,9.15020909809594,0.1372531364714391,13,12.317734818524883,10.037431338350654,4.471038472638858
120.0,curved_S2a10,uniform,100.0,3,2.456676565609618,1.662520665895315,10.834711059687674,0.1625206658953151,13,10.962992000384482,8.8486635167191,2.0919836687860247
120.0,curved_S2a10,uniform,100.0,4,5.917488241343847,1.5740713750513997,4.938091670093314,0.07407137505139971,13,12.41690164588795,10.854649922890205,7.051868142692986
120.0,curved_S2a10,uniform,100.0,5,6.549810698758667,1.6024324156332295,6.828827708881964,0.10243241563322947,13,11.996462939411664,9.296769334542965,5.608099880371143
120.0,curved_S2a10,uniform,100.0,6,0.49647180379341527,1.6511809795867871,10.078731972452475,0.1511809795867871,13,12.50431518451055,10.2751848626394,6.304315485915404
120.0,curved_S2a10,uniform,100.0,7,10.17195115298181,1.6960118531290573,13.067456875270489,0.19601185312905733,13,9.853524010629618,6.234379040453766,-0.10962532236940682
120.0,curved_S2a10,uniform,100.0,8,2.780994265748686,1.662770903614244,10.85139357428293,0.16277090361424396,13,11.63062827807,8.704786040929013,4.452474579889224
120.0,curved_S2a10,uniform,100.0,9,1.560873564922103,1.7376527625625793,15.843517504171952,0.23765276256257928,13,9.25320501978847,6.945544182536789,1.1124638627723797
120.0,curved_S2a10,uniform,100.0,10,4.6170669016350745,1.6643464179938514,10.956427866256762,0.1643464179938514,13,11.882382549760356,8.964823761230974,5.0840620788061335
120.0,curved_S2a10,uniform,100.0,11,1.064148213076681,1.7209417725036926,14.729451500246174,0.22094177250369262,13,10.204023615950486,7.474701797599478,1.3843546876556845
120.0,curved_S2a10,uniform,100.0,12,1.5343954379368343,1.6219603848833497,8.130692325556648,0.1219603848833497,13,12.882540712917585,11.144662614867089,8.290392833461318
120.0,curved_S2a10,uniform,100.0,13,3.262073764859215,1.6904883693606405,12.699224624042701,0.1904883693606405,14,10.491815988084193,8.534951796689732,3.7307943876470127
120.0,curved_S2a10,uniform,100.0,14,4.851406859457789,1.6605587131391633,10.70391420927755,0.16055871313916326,14,10.354585997540198,8.017478362159027,1.4151453594859662
120.0,curved_S2a10,uniform,100.0,15,5.583623704429601,1.5630937356021355,4.206249040142366,0.06309373560213549,13,13.16001574373688,11.105040357327074,6.983229118713264
120.0,curved_S2a10,uniform,100.0,16,1.350310780230773,1.5931324696929121,6.2088313128608075,0.09313246969291211,13,12.570616917815205,11.178316512010223,5.27530442936418
120.0,curved_S2a10,uniform,100.0,17,9.304862517875586,1.5947703564901916,6.318023766012774,0.09477035649019161,13,11.850946963710788,8.368330481263033,3.5725587957429568
120.0,curved_S2a10,uniform,100.0,18,9.29394976083533,1.5934393014576769,6.229286763845124,0.09343930145767687,13,10.810579354248976,6.841114183166803,0.8312130255092001
120.0,curved_S2a10,uniform,100.0,19,1.6626846731694929,1.6174911278507358,7.832741856715719,0.11749112785073579,13,12.483261104867582,10.513052641149654,6.483105775505446
120.0,curved_S2a10,uniform,100.0,20,7.707006685739194,1.5982506952229707,6.550046348198046,0.0982506952229707,13,10.58223031826479,7.843940792410408,1.3648353521269607
120.0,curved_S2a10,uniform,100.0,21,0.39752975917015365,1.618616551058318,7.907770070554528,0.11861655105831792,13,12.940326069203328,10.79336467760816,6.952683085227117
120.0,curved_S2a10,uniform,100.0,22,7.45495696624565,1.5368457191489993,2.4563812765999504,0.036845719148999256,13,13.586564069856468,11.568931824257255,6.156959195739869
120.0,curved_S2a10,uniform,100.0,23,2.5738626061692162,1.5445952293003868,2.9730152866924557,0.04459522930038684,13,12.888810452290764,11.537427293069493,6.190064641868136
120.0,curved_S2a10,uniform,100.0,24,11.534831363329559,1.6424536888379129,9.49691258919419,0.14245368883791287,13,11.080759858166859,7.076324771656876,1.6625394703827314
120.0,curved_S2a10,uniform,100.0,25,0.7521297203409981,1.587017046581758,5.80113643878386,0.0870170465817579,14,10.19133737319164,7.135674887771067,1.2030095315234166
120.0,curved_S2a10,uniform,100.0,26,6.224415513110426,1.610988648585454,7.399243239030273,0.1109886485854541,13,12.665702805452804,10.717254694062204,6.894469015732863
120.0,curved_S2a10,uniform,100.0,27,6.894050046731014,1.6611737670973805,10.744917806492033,0.16117376709738052,14,11.708374406609682,8.931627717484327,4.429151588181023
120.0,curved_S2a10,uniform,100.0,28,2.0614608639759973,1.5791282251064298,5.275215007095321,0.0791282251064298,12,12.16339905642451,11.135633136114894,7.439235764438254
120.0,curved_S2a10,uniform,100.0,29,1.6876319132829005,1.5582071485515947,3.8804765701063135,0.0582071485515947,13,12.262735603987593,9.909189130230317,5.822748836498301
120.0,curved_S2a10,uniform,100.0,30,7.2978204576894665,1.640117144338588,9.341142955905868,0.14011714433858802,13,11.883990676328834,9.347777513585205,5.963168503249663
120.0,curved_S2a10,jitter,11.0,1,0.9486213641506721,2.2577630448856345,50.51753632570897,0.7577630448856345,14,-12.028792225549171,-19.64407219010154,-31.828967774352343
120.0,curved_S2a10,jitter,11.0,2,1.4732272468773435,1.802739358983874,20.18262393225827,0.30273935898387405,14,-8.013610089484514,-13.039887089068515,-22.16561501951495
120.0,curved_S2a10,jitter,11.0,3,0.8899386192390906,1.8252518102232176,21.683454014881175,0.3252518102232176,13,-5.8739703604935025,-9.310371476868633,-14.51409007786508
120.0,curved_S2a10,jitter,11.0,4,8.117405525471446,1.5688694383822326,4.591295892148839,0.06886943838223258,13,-3.4001880843335375,-4.630312574954943,-6.6147544165253045
120.0,curved_S2a10,jitter,11.0,5,3.9273896344618584,1.4478695343002799,-3.475364379981342,-0.05213046569972013,13,-4.531457417154158,-5.899795468475791,-11.16600384622302
120.0,curved_S2a10,jitter,11.0,6,4.769275467804192,1.9846670336046854,32.31113557364569,0.48466703360468544,13,-7.701403338405962,-11.658080433511604,-18.49758000380008
120.0,curved_S2a10,jitter,11.0,7,11.768491730217917,1.6692962206712465,11.286414711416432,0.1692962206712465,14,-7.624319154830239,-12.479588810836775,-22.17334725518954
120.0,curved_S2a10,jitter,11.0,8,1.6527904276632313,1.520536588374665,1.36910589164434,0.0205365883746651,13,-5.939422453840953,-7.100702370226135,-12.894838206511752
120.0,curved_S2a10,jitter,11.0,9,7.391642941648995,1.7482090031876647,16.54726687917765,0.2482090031876647,13,-5.727970038801349,-11.465854464150313,-18.606220051575246
120.0,curved_S2a10,jitter,11.0,10,4.2874462344407815,1.6361457798025851,9.076385320172342,0.13614577980258513,13,-4.234334036891963,-5.553738989611,-9.100299589846864
120.0,curved_S2a10,jitter,11.0,11,2.6983042734423637,1.827975664047901,21.865044269860068,0.327975664047901,14,-5.589981698153526,-8.673883541073137,-15.075868780581816
120.0,curved_S2a10,jitter,11.0,12,0.04585625633714126,1.591913036871568,6.127535791437863,0.09191303687156793,14,-3.7723292722683253,-5.715314045994106,-8.702522751441208
120.0,curved_S2a10,jitter,11.0,13,2.107451915986689,1.847450288400756,23.1633525600504,0.347450288400756,14,-6.236941508221708,-10.125115585669779,-15.49481218830443
120.0,curved_S2a10,jitter,11.0,14,4.524666382320544,1.6789776661022044,11.93184440681363,0.17897766610220445,13,-7.521213261473363,-12.139658535062868,-19.002205377772448
120.0,curved_S2a10,jitter,11.0,15,12.26010541091932,1.6973905861781922,13.159372411879477,0.19739058617819216,14,-4.800062027955424,-7.797365487052031,-13.041410167383399
120.0,curved_S2a10,jitter,11.0,16,2.3642120691592363,1.6882717160470202,12.551447736468013,0.1882717160470202,14,-7.308047189090795,-12.1091069539786,-19.322702286311618
120.0,curved_S2a10,jitter,11.0,17,11.574976298181523,1.6276907041662707,8.512713611084715,0.1276907041662707,13,-3.4325987915777083,-4.600844905765725,-9.002405196608938
120.0,curved_S2a10,jitter,11.0,18,6.940870040803719,1.64355300760069,9.570200506712661,0.1435530076006899,13,-6.704840092271448,-9.802498901876437,-18.59685581940348
120.0,curved_S2a10,jitter,11.0,19,4.724081737647239,1.6607731391962073,10.718209279747153,0.16077313919620728,14,-4.900900024331954,-7.380106970655259,-12.69327318621175
120.0,curved_S2a10,jitter,11.0,20,6.61190287010365,1.7447995235832525,16.3199682388835,0.24479952358325252,13,-5.525807229570707,-8.799355338997138,-14.930112388913926
120.0,curved_S2a10,jitter,11.0,21,2.8089869012787707,1.6199473972741911,7.996493151612742,0.11994739727419113,13,-3.0993066229899444,-3.589749899441571,-5.850250045314791
120.0,curved_S2a10,jitter,11.0,22,6.924930418843696,1.5021044203152762,0.14029468768508302,0.0021044203152762453,13,-0.7785225791931669,-0.3807995188182254,-1.6664162132388953
120.0,curved_S2a10,jitter,11.0,23,0.2617005312746008,1.6774179584455668,11.827863896371122,0.17741795844556685,13,-4.1214812292459,-6.04434175165153,-10.573957874651434
120.0,curved_S2a10,jitter,11.0,24,15.279930650601722,1.6458195785425778,9.721305236171851,0.14581957854257777,11,-4.496238870204373,-6.118346839947986,-14.959222378392449
120.0,curved_S2a10,jitter,11.0,25,0.4247685784468856,1.7247247968687955,14.98165312458637,0.22472479686879554,14,-6.934539188064794,-10.619939171393744,-16.894398801891953
120.0,curved_S2a10,jitter,11.0,26,5.9892604482341705,1.5968612023865099,6.45741349243399,0.09686120238650986,14,-4.315668812328916,-6.002612465164744,-8.638501469792383
120.0,curved_S2a10,jitter,11.0,27,6.9345221359587095,1.502876039836417,0.19173598909446216,0.0028760398364169326,14,-2.144149413674615,-2.1898704341714135,-4.986230312180561
120.0,curved_S2a10,jitter,11.0,28,3.9496941773934435,1.3448630726946558,-10.34246182035628,-0.15513692730534423,12,-3.620313938021955,-6.053667020810751,-9.37824495965357
120.0,curved_S2a10,jitter,11.0,29,0.27003598666876066,1.6357881114230435,9.052540761536232,0.13578811142304348,14,-6.730344725776109,-11.537427276613407,-19.042752683724856
120.0,curved_S2a10,jitter,11.0,30,1.2778826240451628,1.784884933030069,18.992328868671258,0.2848849330300689,14,-13.209978506517658,-22.22840424535299,-37.833649670142435
120.0,curved_S2a10,jitter,30.0,1,1.6646969322903453,2.6759691071835743,78.39794047890494,1.1759691071835743,14,-15.011583161185982,-26.5144440111519,-43.322481043531106
120.0,curved_S2a10,jitter,30.0,2,7.761513545213952,2.032071437850954,35.47142919006359,0.5320714378509539,14,-10.779433536766883,-20.166319971911356,-36.7181068949358
120.0,curved_S2a10,jitter,30.0,3,13.989947701936442,1.9641568763896096,30.943791759307302,0.46415687638960956,13,-5.3233375697014935,-10.267245684951751,-18.525975145334986
120.0,curved_S2a10,jitter,30.0,4,7.550825077643882,1.4592321716377494,-2.717855224150038,-0.04076782836225057,13,2.4719359642172996,3.488976625584236,1.4628522063909353
120.0,curved_S2a10,jitter,30.0,5,1.538391680109538,1.5581115942988557,3.8741062865903806,0.05811159429885571,12,-2.9217136367584966,-5.277720347169959,-13.538206342530552
120.0,curved_S2a10,jitter,30.0,6,6.946767944920498,2.6235623239827763,74.90415493218508,1.1235623239827763,12,-13.213570640354583,-21.347250936003704,-34.325401278434846
120.0,curved_S2a10,jitter,30.0,7,19.079866450490048,1.4931918980781715,-0.4538734614552305,-0.006808101921828458,14,-8.23707781281836,-16.77330854098694,-26.853071693818965
120.0,curved_S2a10,jitter,30.0,8,3.697967116690784,1.3438869548337178,-10.407536344418816,-0.15611304516628222,13,-1.4146195983998595,-3.098592667538325,-8.140790397760941
120.0,curved_S2a10,jitter,30.0,9,47.61032589532415,2.2361099619993436,49.07399746662291,0.7361099619993436,13,-5.374109409714741,-33.35880756556964,-52.35051723418098
120.0,curved_S2a10,jitter,30.0,10,1.2112822438740969,1.6966327907602254,13.108852717348363,0.19663279076022544,14,-3.8210799745336232,-11.10310758619933,-20.61855752887298
120.0,curved_S2a10,jitter,30.0,11,4.504555798941525,2.2761854362942513,51.745695752950084,0.7761854362942513,14,-2.7044154199321753,-6.94531072119472,-13.887234158776323
120.0,curved_S2a10,jitter,30.0,12,2.9577046951575987,1.8479610415327086,23.19740276884724,0.34796104153270857,14,-6.822556163829703,-12.820393647744154,-21.1299976274787
120.0,curved_S2a10,jitter,30.0,13,3.586993713624721,1.9650279579254648,31.001863861697654,0.4650279579254648,14,-4.97394701239551,-9.191412311142317,-16.65930988544849
120.0,curved_S2a10,jitter,30.0,14,4.963304458163557,1.7887489130100154,19.249927534001024,0.2887489130100154,13,-8.421968217868272,-14.75224392700511,-24.894589627231106
120.0,curved_S2a10,jitter,30.0,15,18.302844403940323,1.7901106234443422,19.340708229622816,0.29011062344434224,14,-1.9545549112492349,-6.549710292531581,-12.927094765688604
120.0,curved_S2a10,jitter,30.0,16,7.3985775618674126,2.251315997416404,50.08773316109361,0.7513159974164041,13,-11.81226985941644,-20.85470448529705,-35.033715457948844
120.0,curved_S2a10,jitter,30.0,17,5.228671406298173,1.6640280789332815,10.935205262218767,0.16402807893328153,14,-1.471744341939401,-3.8804426382557837,-11.153220220059513
120.0,curved_S2a10,jitter,30.0,18,15.429347435131863,3.0199141331387898,101.32760887591931,1.5199141331387898,12,-12.341200135717527,-22.047732181224028,-39.25801082303444
120.0,curved_S2a10,jitter,30.0,19,33.92546808744886,2.470952536669548,64.7301691113032,0.970952536669548,14,-7.316134014548312,-13.715729410814822,-25.057336901867142
120.0,curved_S2a10,jitter,30.0,20,11.099198324491404,1.894904818952784,26.326987930185595,0.39490481895278395,13,-6.805772870380541,-13.203090898318836,-23.183257144103507
120.0,curved_S2a10,jitter,30.0,21,15.949209372706594,2.135796710533012,42.38644736886747,0.635796710533012,9,-15.065497948947392,-26.20123586089058,-44.60907645826188
120.0,curved_S2a10,jitter,30.0,22,4.907096885693914,1.7166907660746034,14.446051071640223,0.21669076607460336,11,-5.187286592339977,-11.344560952261956,-23.145703682833418
120.0,curved_S2a10,jitter,30.0,23,1.1885358087179714,2.202200484932261,46.81336566215073,0.702200484932261,12,-7.949052918989706,-15.237983702300319,-24.844727823508986
120.0,curved_S2a10,jitter,30.0,24,7.864661231030208,1.8225972157988732,21.506481053258216,0.32259721579887324,13,-5.709263027972254,-10.41504178575541,-23.26960483674265
120.0,curved_S2a10,jitter,30.0,25,2.7606586996173883,1.9175584227459193,27.837228183061285,0.41755842274591926,14,-6.579908736216981,-11.206227500433009,-18.42616344978974
120.0,curved_S2a10,jitter,30.0,26,12.61302516293651,1.8465892117615503,23.105947450770024,0.34658921176155033,13,-1.8634663341386946,-6.750088744820321,-12.992891862539294
120.0,curved_S2a10,jitter,30.0,27,7.639622731869571,1.544618436410238,2.9745624273491993,0.044618436410237994,14,4.7821260144181235,7.1889030530047835,6.053327637184448
120.0,curved_S2a10,jitter,30.0,28,14.461547018639743,1.4157433917906959,-5.617107213953609,-0.08425660820930414,9,4.734834109885291,1.7145020290527515,-4.008192552142742
120.0,curved_S2a10,jitter,30.0,29,5.6794230001625365,1.8679356335414083,24.52904223609389,0.36793563354140835,13,-10.088566089633147,-19.61537741521203,-36.673760185528955
120.0,curved_S2a10,jitter,30.0,30,19.61879761438667,2.6687431636348236,77.91621090898823,1.1687431636348236,13,-15.882017487718706,-27.853931921854585,-47.14014757996097
120.0,curved_S2a10,jitter,78.5,1,58.25158788897113,1.8058674014923386,20.391160099489237,0.3058674014923386,14,-5.683110988431669,-5.254862961224342,-13.672298928187008
120.0,curved_S2a10,jitter,78.5,2,75.88768590408759,2.965909994776409,97.72733298509394,1.4659099947764092,13,-20.731789829689376,-38.49492070168648,-65.67983475823554
120.0,curved_S2a10,jitter,78.5,3,111.53276850780318,2.123893805309735,41.59292035398234,0.6238938053097351,9,-11.915347670974526,-22.705931990630166,-41.9317017019239
120.0,curved_S2a10,jitter,78.5,4,15.920455337883165,1.9010594248311823,26.737294988745486,0.4010594248311823,10,2.352485139704698,-3.0401417889145357,-11.71655802000856
120.0,curved_S2a10,jitter,78.5,5,21.40484751844309,1.5128523790391541,0.8568252692769432,0.01285237903915415,13,-1.299689244479206,-7.586211915199509,-18.768547003199146
120.0,curved_S2a10,jitter,78.5,6,2.044208993162404,3.8261688707447368,155.07792471631578,2.3261688707447368,10,-11.022044638533206,-20.669250040598854,-36.882663745823415
120.0,curved_S2a10,jitter,78.5,7,131.49814703847338,1.9506857866021772,30.045719106811813,0.4506857866021772,9,7.332620979124144,4.259731271343786,-1.1028536761488195
120.0,curved_S2a10,jitter,78.5,8,65.56409338317432,1.7846207312110012,18.974715414066743,0.2846207312110012,9,-11.034222465528881,-25.68593761148785,-41.09575089592343
120.0,curved_S2a10,jitter,78.5,9,87.99554701846576,1.993627805755075,32.908520383671664,0.4936278057550749,13,-9.636498323085782,-21.277840593173195,-39.12746940350643
120.0,curved_S2a10,jitter,78.5,10,21.332049780982615,4.163546010900243,177.56973406001617,2.6635460109002427,11,-15.721458561331158,-29.921370811220715,-49.642230319154564
120.0,curved_S2a10,jitter,78.5,11,109.43885884437361,3.8608717958450542,157.39145305633696,2.3608717958450542,12,-11.440028228542118,-21.352770307923343,-36.70823361772663
120.0,curved_S2a10,jitter,78.5,12,8.127178599926287,3.55923515413913,137.28234360927533,2.05923515413913,10,-28.428871051532578,-44.52047875869871,-65.12739979249632
120.0,curved_S2a10,jitter,78.5,13,110.61323146317314,2.2806416597817014,52.0427773187801,0.7806416597817014,14,-5.066471341661693,-11.880557956846907,-26.374055450358394
120.0,curved_S2a10,jitter,78.5,14,10.50968179043901,2.4755000712682005,65.0333380845467,0.9755000712682005,12,-11.367110167432674,-15.359016586730236,-29.234835071913032
120.0,curved_S2a10,jitter,78.5,15,48.99852396628249,1.7067232246187278,13.78154830791519,0.20672322461872783,13,-4.621343991348753,-14.770845395536394,-29.028046368331413
120.0,curved_S2a10,jitter,78.5,16,174.7814061430469,2.450880811870036,63.39205412466905,0.9508808118700358,12,-24.864407216305835,-45.03041352623157,-69.80183887829698
120.0,curved_S2a10,jitter,78.5,17,29.220130427874906,2.1452116007007227,43.01410671338151,0.6452116007007227,13,-2.0282834693389846,-8.99777772390749,-18.02658974930305
120.0,curved_S2a10,jitter,78.5,18,143.80234169490913,3.9352156168954675,162.34770779303116,2.4352156168954675,12,-23.70235017515894,-21.428672428612657,-37.86822303550234
120.0,curved_S2a10,jitter,78.5,19,142.29439983138928,2.7853100187767588,85.68733458511724,1.2853100187767588,11,-14.125764365041352,-27.854421590246446,-48.83172331270202
120.0,curved_S2a10,jitter,78.5,20,9.068511564471454,2.6027980659135372,73.51987106090249,1.1027980659135372,7,-13.078501456117575,-25.052802290151256,-43.25823431710876
120.0,curved_S2a10,jitter,78.5,21,48.74254128630335,2.6103645852358373,74.02430568238914,1.1103645852358373,12,-10.670416006041313,-20.31423921710915,-35.37180835796368
120.0,curved_S2a10,jitter,78.5,22,13.782151773286696,2.636408878223085,75.76059188153899,1.1364088782230848,10,-2.799823278084576,-10.848779550220769,-25.686155889443704
120.0,curved_S2a10,jitter,78.5,23,83.50490785376371,3.5627041654988356,137.5136110332557,2.0627041654988356,11,-12.771909585569023,-27.012119740544257,-44.84760597913304
120.0,curved_S2a10,jitter,78.5,24,25.026513506673428,2.826661013350295,88.44406755668635,1.3266610133502952,11,-15.438086066578117,-29.71076559199653,-50.22017134006495
120.0,curved_S2a10,jitter,78.5,25,171.05825039985507,2.6061318901662682,73.74212601108455,1.1061318901662682,14,-4.011174186207523,-11.884085696988631,-22.226134946209083
120.0,curved_S2a10,jitter,78.5,26,105.08983357579,3.147089391341397,109.8059594227598,1.6470893913413969,11,-14.398120292265205,-25.210118812312576,-41.212200781985025
120.0,curved_S2a10,jitter,78.5,27,19.531070833840783,2.3431453430948865,56.2096895396591,0.8431453430948865,12,-8.260105963099337,-18.767479140076095,-32.69754597026512
120.0,curved_S2a10,jitter,78.5,28,38.935984664359225,2.676199017587643,78.4132678391762,1.176199017587643,5,15.278681794268522,11.742838237578946,6.84521757402283
120.0,curved_S2a10,jitter,78.5,29,31.874765713151312,2.64581745732786,76.38783048852402,1.1458174573278601,11,-13.020193923853551,-25.376493472682654,-43.84865587856653
120.0,curved_S2a10,jitter,78.5,30,85.80264669055744,2.5451022293085037,69.67348195390025,1.0451022293085037,10,-21.356334901479862,-33.85472595074491,-50.62761656594132
120.0,curved_S2a20,uniform,0.0,1,2.5277243673937173,1.7731554549956874,18.21036366637916,0.2731554549956874,12,-12.102968375695932,-19.065382545156982,-28.433455134620043
120.0,curved_S2a20,uniform,0.0,2,2.0687830855713196,1.7259345769283259,15.062305128555057,0.22593457692832586,13,-14.159165206947396,-22.117542528662046,-28.683800167860948
120.0,curved_S2a20,uniform,0.0,3,3.3174828068986986,1.6473869680659763,9.825797871065085,0.1473869680659763,11,-14.558145181205361,-22.50553073365422,-34.85875723044479
120.0,curved_S2a20,uniform,0.0,4,3.5435836598571373,2.0432314978450634,36.21543318967089,0.5432314978450634,13,-17.41252371172362,-26.930426767286377,-40.348594174849374
120.0,curved_S2a20,uniform,0.0,5,15.159632663787749,1.4724203476646212,-1.8386434890252563,-0.027579652335378846,13,-13.993677241627735,-18.939655754831662,-26.942919051998487
120.0,curved_S2a20,uniform,0.0,6,5.86795153472072,2.483413075934393,65.56087172895954,0.9834130759343931,13,-17.742425208284192,-27.42258147183986,-37.68314294220373
120.0,curved_S2a20,uniform,0.0,7,29.674439551649108,1.7672147846090087,17.814318973933915,0.2672147846090087,13,-12.37581559500934,-14.63644648352525,-22.800849432701558
120.0,curved_S2a20,uniform,0.0,8,1.3815188928112134,2.023813025789783,34.92086838598552,0.5238130257897828,14,-15.602496090806437,-21.86175820880569,-25.783449393612532
120.0,curved_S2a20,uniform,0.0,9,3.3476931274813486,2.0490232540136724,36.60155026757816,0.5490232540136724,12,-16.762578777825055,-26.51560451408434,-36.2406780398573
120.0,curved_S2a20,uniform,0.0,10,13.705030313633698,1.91738975807691,27.825983871793998,0.4173897580769099,13,-15.131587414843715,-21.615766141805796,-26.946983955598697
120.0,curved_S2a20,uniform,0.0,11,4.288238460247407,2.02868555155394,35.24570343692935,0.5286855515539401,13,-14.060336768401642,-22.596565567111103,-28.797206359939366
120.0,curved_S2a20,uniform,0.0,12,31.43694611873844,2.083030986291018,38.86873241940121,0.5830309862910181,13,-21.071216256892363,-35.74581299992223,-52.27717190224966
120.0,curved_S2a20,uniform,0.0,13,4.446747769944572,1.964447075744891,30.96313838299274,0.4644470757448911,12,-13.504034930946446,-22.30563619019241,-34.18552450483249
120.0,curved_S2a20,uniform,0.0,14,21.356317922586147,1.9883252485676997,32.555016571179976,0.48832524856769965,13,-15.444685035641198,-24.645218820139057,-33.62325488223283
120.0,curved_S2a20,uniform,0.0,15,22.91348284359486,1.9400111356958767,29.334075713058443,0.4400111356958767,13,-14.807557364948568,-21.929368181483486,-30.89766726110996
120.0,curved_S2a20,uniform,0.0,16,3.3622910186934263,1.567397263415236,4.493150894349066,0.067397263415236,11,-12.091218710148553,-18.01932623695365,-24.432955437190568
120.0,curved_S2a20,uniform,0.0,17,12.33548600235715,1.9427621366930943,29.51747577953962,0.4427621366930943,12,-13.034677630870663,-15.41925052837278,-14.508990967855375
120.0,curved_S2a20,uniform,0.0,18,10.334051322106847,2.2576153282544804,50.50768855029869,0.7576153282544804,13,-15.174614698913043,-21.680633811495916,-23.039103280514997
120.0,curved_S2a20,uniform,0.0,19,6.73546665067084,2.4964917734334353,66.43278489556236,0.9964917734334353,11,-16.429502007500624,-26.55071268499691,-37.73749871549093
120.0,curved_S2a20,uniform,0.0,20,15.75773512911245,2.1035158095583566,40.23438730389044,0.6035158095583566,13,-14.043050343968766,-18.921528283100173,-34.940484717611724
120.0,curved_S2a20,uniform,0.0,21,1.7573172514418227,1.5566692783734086,3.777951891560575,0.05666927837340863,14,-11.197635094193236,-16.619882125647344,-21.201538315485084
120.0,curved_S2a20,uniform,0.0,22,6.987072783913706,1.6008715938653197,6.7247729243546495,0.10087159386531974,12,-13.191181079092242,-18.670671950621887,-19.070403948874443
120.0,curved_S2a20,uniform,0.0,23,10.471445147207735,2.2570481990381186,50.46987993587457,0.7570481990381186,13,-19.004771057790144,-27.059276011611693,-45.68281346038132
120.0,curved_S2a20,uniform,0.0,24,20.520407792951012,1.8773757234538409,25.158381563589387,0.37737572345384085,13,-11.612555963712591,-11.611409191477534,-17.608256744093588
120.0,curved_S2a20,uniform,0.0,25,15.79784194089691,1.9330394477645456,28.86929651763637,0.4330394477645456,13,-17.400148621909516,-27.922362499127956,-34.81557571936223
120.0,curved_S2a20,uniform,0.0,26,0.005256634629406109,2.0141487362769026,34.27658241846017,0.5141487362769026,13,-18.06938630876657,-27.472603396076252,-37.398163648762846
120.0,curved_S2a20,uniform,0.0,27,9.128835964330602,1.739122016310809,15.941467754053932,0.23912201631080898,12,-14.602437379818374,-19.569224065810133,-23.49530810641211
120.0,curved_S2a20,uniform,0.0,28,10.219471738779879,2.3755876810040224,58.372512066934824,0.8755876810040224,13,-19.712972583353988,-29.476616787148714,-39.354675368928184
120.0,curved_S2a20,uniform,0.0,29,3.1885286891548414,1.7282366933844546,15.215779558963641,0.22823669338445463,13,-12.600752617210965,-20.973039860050854,-31.22291372160144
120.0,curved_S2a20,uniform,0.0,30,25.77979134637066,2.0531558876605587,36.87705917737058,0.5531558876605587,13,-14.97739492683955,-18.15638835285551,-20.09823820740076
120.0,curved_S2a20,uniform,2.0,1,1.1363075648980605,1.7106043396378512,14.04028930919008,0.2106043396378512,12,-10.496605114818673,-17.356755375646742,-25.363765667664044
120.0,curved_S2a20,uniform,2.0,2,2.1189115044326954,1.6061475137555852,7.076500917039012,0.10614751375558518,13,-11.826743142303338,-16.023419745503706,-17.99787802795297
120.0,curved_S2a20,uniform,2.0,3,5.508829245172486,1.6038835181816,6.925567878773335,0.10388351818160002,12,-10.053983469199068,-15.280985056392256,-22.45876346137543
120.0,curved_S2a20,uniform,2.0,4,8.518535954515079,1.980288830148843,32.019255343256205,0.48028883014884305,13,-14.059385421870415,-21.092083857230744,-31.929392457062153
120.0,curved_S2a20,uniform,2.0,5,10.968271587027322,1.5912336355761014,6.0822423717400955,0.09123363557610142,13,-9.685515168716286,-10.231306212351704,-12.218493829614397
120.0,curved_S2a20,uniform,2.0,6,3.5623622546212435,2.3497725239912493,56.65150159941662,0.8497725239912493,13,-15.208841580510363,-22.07846169167022,-28.56728830374331
120.0,curved_S2a20,uniform,2.0,7,28.342199822298547,1.7863710674428288,19.091404496188588,0.2863710674428288,13,-10.97077952147702,-13.287366266882707,-22.012875630942126
120.0,curved_S2a20,uniform,2.0,8,0.27392895486021507,1.7333339496299585,15.55559664199723,0.23333394962995846,13,-10.934350226471151,-15.378577462140962,-14.651684967450247
120.0,curved_S2a20,uniform,2.0,9,10.538060697146488,1.9273583612292493,28.490557415283284,0.4273583612292493,13,-13.409591722661606,-20.997074630631946,-27.209082645719626
120.0,curved_S2a20,uniform,2.0,10,13.3370654217275,1.8964169186536532,26.42779457691022,0.39641691865365325,13,-14.694477080083447,-20.52806396817076,-26.272076547965632
120.0,curved_S2a20,uniform,2.0,11,2.1545769730514372,1.9541175110895148,30.274500739300986,0.4541175110895148,13,-12.52850137074782,-20.207447629790014,-23.695330741729784
120.0,curved_S2a20,uniform,2.0,12,109.5300679282691,1.769188537895805,17.945902526387002,0.269188537895805,12,-13.365418313801342,-17.445107607226664,-22.24379881770815
120.0,curved_S2a20,uniform,2.0,13,11.474552274162711,1.8306300648455316,22.04200432303544,0.3306300648455316,13,-10.736952839712888,-17.806489348128736,-25.512170918791398
120.0,curved_S2a20,uniform,2.0,14,19.795151903095096,1.9405415984250742,29.369439895004952,0.44054159842507423,13,-14.286378306230924,-23.288949469261375,-34.2420183504445
120.0,curved_S2a20,uniform,2.0,15,20.58903270624852,1.8548199537890058,23.65466358593372,0.35481995378900577,14,-12.095533911393769,-17.329349367454455,-24.80476194191021
120.0,curved_S2a20,uniform,2.0,16,2.898889462982002,1.6091611365143637,7.277409100957577,0.10916113651436365,12,-9.303700332773968,-8.980863162438988,-9.83143317875943
120.0,curved_S2a20,uniform,2.0,17,17.85367621399627,1.9000285006412652,26.66856670941768,0.40002850064126516,13,-11.025425878941867,-12.081600798245127,-11.637543236908018
120.0,curved_S2a20,uniform,2.0,18,11.971756701257657,1.8955931504966428,26.37287669977619,0.3955931504966428,13,-12.795447883615653,-18.40562208336301,-20.412147154643943
120.0,curved_S2a20,uniform,2.0,19,6.925330743283997,2.3775851718273704,58.50567812182469,0.8775851718273704,11,-14.054073111766616,-23.86982224835593,-33.741384716304395
120.0,curved_S2a20,uniform,2.0,20,17.205586666309028,1.7659528775967757,17.730191839785046,0.26595287759677566,13,-10.07817889891499,-13.360591176527715,-27.643711732743668
120.0,curved_S2a20,uniform,2.0,21,1.6334089717673337,1.5731498397797288,4.876655985315251,0.07314983977972878,14,-9.101053049231554,-13.677171876331535,-15.279431438046192
120.0,curved_S2a20,uniform,2.0,22,8.762186447630398,1.494305219476652,-0.3796520348898694,-0.005694780523348042,12,-8.287594831606441,-10.270119399272597,-10.567674612163072
120.0,curved_S2a20,uniform,2.0,23,13.413922350990093,1.946687670061551,29.779178004103397,0.44668767006155097,12,-15.485122365368454,-21.481866091647547,-37.01879108223609
120.0,curved_S2a20,uniform,2.0,24,21.120112056959346,1.851631382273799,23.442092151586603,0.3516313822737991,13,-9.55505887653069,-8.074821194668969,-14.302529404414495
120.0,curved_S2a20,uniform,2.0,25,7.3935795483772875,2.0754811155332034,38.36540770221355,0.5754811155332034,14,-14.431872136658892,-22.545360607883016,-28.618435398029412
120.0,curved_S2a20,uniform,2.0,26,1.9399437857424906,1.9366038379908614,29.106922532724095,0.43660383799086144,13,-16.018896476623787,-24.596351473955366,-33.21374946045389
120.0,curved_S2a20,uniform,2.0,27,13.642002740633606,1.8892143827353076,25.94762551568717,0.3892143827353076,14,-12.72765467644296,-16.880288816345075,-20.20097632254604
120.0,curved_S2a20,uniform,2.0,28,9.522361335523188,2.2023016754717863,46.820111698119085,0.7023016754717863,12,-17.411413160694895,-26.597047598996124,-35.83061025720459
120.0,curved_S2a20,uniform,2.0,29,3.8442072528009144,1.6696272112640327,11.308480750935512,0.16962721126403268,13,-10.260609844545993,-17.16588131261136,-26.471909114507763
120.0,curved_S2a20,uniform,2.0,30,12.626060812850163,2.1192815158147824,41.28543438765216,0.6192815158147824,11,-13.470264269472752,-16.417142045574572,-18.286385301867703
120.0,curved_S2a20,uniform,5.0,1,0.6995842532156462,1.5331637368587216,2.210915790581443,0.03316373685872165,12,-8.471124663038877,-15.638308571124666,-23.75805757384339
120.0,curved_S2a20,uniform,5.0,2,114.88302262735988,1.7833085086948448,18.887233912989654,0.2833085086948448,12,-9.96950747187461,-13.833231763169199,-15.684031020657589
120.0,curved_S2a20,uniform,5.0,3,103.70534362033669,1.6628841244792114,10.858941631947427,0.1628841244792114,12,-12.180984751896338,-19.840174861411803,-28.26452044826665
120.0,curved_S2a20,uniform,5.0,4,12.929689524325141,1.756118103812238,17.0745402541492,0.256118103812238,13,-10.144397864103563,-15.684273348959136,-24.168298185426327
120.0,curved_S2a20,uniform,5.0,5,8.959217176798496,1.6811807272297261,12.078715148648406,0.1811807272297261,13,-5.918275842522194,-5.297518295757058,-5.9428405424649995
120.0,curved_S2a20,uniform,5.0,6,0.6945868369653025,2.361547259250723,57.4364839500482,0.861547259250723,12,-13.957143503633489,-20.59243220353665,-25.97631619723603
120.0,curved_S2a20,uniform,5.0,7,26.10416383504654,1.7276723869778143,15.178159131854288,0.22767238697781433,13,-9.315299674165965,-11.790620425031259,-19.92804843318448
120.0,curved_S2a20,uniform,5.0,8,1.865233368262395,1.963806719085849,30.9204479390566,0.46380671908584903,13,-10.179922930585874,-15.363244929073764,-16.414147558122643
120.0,curved_S2a20,uniform,5.0,9,2.406484146302566,1.9180868046761894,27.872453645079293,0.4180868046761894,14,-10.951048966897272,-17.857716591293876,-22.42340580950548
120.0,curved_S2a20,uniform,5.0,10,12.973672254089374,1.8184764051630375,21.231760344202502,0.31847640516303755,13,-14.220516528853809,-19.433505941236977,-23.9236979581386
120.0,curved_S2a20,uniform,5.0,11,6.628388197901948,1.7810460543383515,18.736403622556765,0.2810460543383515,14,-9.139658983681983,-14.796777524426624,-14.21628132620845
120.0,curved_S2a20,uniform,5.0,12,106.5252356304732,1.4089402789721535,-6.070648068523102,-0.09105972102784654,12,-10.559839965400814,-12.415821133373793,-16.32327853788204
120.0,curved_S2a20,uniform,5.0,13,10.61066844195543,1.761584729804187,17.43898198694579,0.2615847298041869,13,-8.111533246006148,-13.851990188578029,-19.768939057229833
120.0,curved_S2a20,uniform,5.0,14,16.91892273975608,1.775363561022438,18.357570734829206,0.2753635610224381,13,-12.693907099136737,-19.787054852017242,-28.2455895521001
120.0,curved_S2a20,uniform,5.0,15,18.9669178056908,1.574332824085157,4.955521605677138,0.07433282408515707,12,-8.527485367031867,-11.736101045245137,-17.239804376315654
120.0,curved_S2a20,uniform,5.0,16,101.47073082205677,1.9542185660964886,30.281237739765903,0.4542185660964886,13,-9.75531986343799,-12.35338612856424,-14.736362312422557
120.0,curved_S2a20,uniform,5.0,17,17.431416690610625,1.6422775872426336,9.485172482842241,0.14227758724263362,12,-8.003542684806174,-6.9435912268258315,-6.8226616716874044
120.0,curved_S2a20,uniform,5.0,18,14.949093232910394,1.8449751852506344,22.99834568337563,0.3449751852506344,13,-10.49047569386852,-14.004935427145984,-14.42737337063479
120.0,curved_S2a20,uniform,5.0,19,3.429107859786728,2.3094994464224734,53.96662976149823,0.8094994464224734,13,-11.33681984949777,-19.99752278944805,-29.605557279415848
120.0,curved_S2a20,uniform,5.0,20,16.97167539273182,1.6426585272773262,9.51056848515508,0.1426585272773262,13,-7.5456498696639045,-11.012516934559743,-23.390985731014
120.0,curved_S2a20,uniform,5.0,21,2.5747677517297003,1.6419940661725674,9.466271078171157,0.14199406617256738,13,-6.907415076092691,-10.6556266419696,-11.497154753458382
120.0,curved_S2a20,uniform,5.0,22,116.10361866278643,1.5409932697970175,2.732884653134497,0.04099326979701745,12,-9.60363164636347,-13.679384060144697,-17.78678487171363
120.0,curved_S2a20,uniform,5.0,23,9.892245960527317,2.004208584614033,33.613905640935535,0.504208584614033,12,-12.80061821421925,-17.911174669798843,-30.453753069823115
120.0,curved_S2a20,uniform,5.0,24,22.56660206722323,1.812645644078576,20.84304293857174,0.3126456440785761,12,-6.240808216093483,-2.2085113104515237,-7.785913685372451
120.0,curved_S2a20,uniform,5.0,25,3.1136640902145634,1.8178813667514957,21.192091116766377,0.3178813667514957,13,-10.593014043536808,-16.18486709823199,-19.43153245965391
120.0,curved_S2a20,uniform,5.0,26,7.692692247392078,1.7810349930061586,18.735666200410574,0.28103499300615864,13,-12.661443077588327,-21.14969324446897,-30.187780527470764
120.0,curved_S2a20,uniform,5.0,27,12.841501078970992,1.8904950726846508,26.033004845643386,0.3904950726846508,14,-11.396419749054978,-15.768222372002466,-19.77912165335899
120.0,curved_S2a20,uniform,5.0,28,0.07304042589462983,1.8372797222648547,22.485314817656977,0.3372797222648547,12,-13.058232241687598,-20.414835905037876,-25.209361119758682
120.0,curved_S2a20,uniform,5.0,29,4.020272255408769,1.609556949949125,7.303796663274993,0.1095569499491249,13,-7.820735469461838,-12.601340699358342,-17.12876652449429
120.0,curved_S2a20,uniform,5.0,30,13.79731716630314,2.065260702695966,37.68404684639775,0.5652607026959662,11,-12.602530168472535,-16.651728514974646,-19.61323563674278
120.0,curved_S2a20,uniform,10.0,1,3.1290898160506497,1.6466058025529762,9.773720170198413,0.14660580255297617,12,-7.973313293004893,-12.04907571277033,-16.852743651384976
120.0,curved_S2a20,uniform,10.0,2,32.88523982216279,1.7594583802617196,17.29722535078131,0.25945838026171963,12,-10.322953837072856,-15.871007177359331,-17.538551228166746
120.0,curved_S2a20,uniform,10.0,3,4.016923345999241,1.6552117772047352,10.347451813649016,0.15521177720473522,13,-6.496663495346566,-11.630227021710333,-16.50466182472511
120.0,curved_S2a20,uniform,10.0,4,13.861473496482082,1.6793090728662607,11.95393819108405,0.17930907286626074,13,-7.676947907780775,-12.057322996756099,-19.71614551593907
120.0,curved_S2a20,uniform,10.0,5,11.73812666473184,1.5281628066409505,1.8775204427300334,0.0281628066409505,13,-3.7838337658856998,-2.4703341149063545,-4.148961767276246
120.0,curved_S2a20,uniform,10.0,6,3.1804405863885505,1.7364453788268517,15.763025255123445,0.23644537882685168,13,-10.068596277394072,-15.159535076089492,-19.768335992471567
120.0,curved_S2a20,uniform,10.0,7,24.517281500766117,1.655211777204737,10.347451813649133,0.155211777204737,13,-7.262848054398473,-10.677604183465835,-21.298435530774682
120.0,curved_S2a20,uniform,10.0,8,1.3973524972796334,1.892954340080376,26.19695600535841,0.3929543400803761,13,-7.548042287692203,-11.687250662659812,-12.918314700578454
120.0,curved_S2a20,uniform,10.0,9,2.255306748909798,1.8213591849601165,21.423945664007768,0.3213591849601165,14,-9.556530200875736,-16.688347099110473,-21.453514353851297
120.0,curved_S2a20,uniform,10.0,10,12.09347698742943,1.7987499434080807,19.916662893872047,0.2987499434080807,13,-12.817057398715047,-17.9625227334487,-22.306945377204222
120.0,curved_S2a20,uniform,10.0,11,4.3411431870683055,1.7229272245671117,14.861814971140777,0.22292722456711167,14,-7.677102494238539,-12.113345498451029,-10.682373907140368
120.0,curved_S2a20,uniform,10.0,12,92.74002479429615,1.7664675218775,17.764501458499993,0.2664675218774999,12,-9.017048503487311,-9.61668858126591,-12.144318042864048
120.0,curved_S2a20,uniform,10.0,13,5.160077217886695,1.8286260238861105,21.908401592407365,0.3286260238861105,14,-6.328317360419998,-11.538771276738418,-17.18239924844494
120.0,curved_S2a20,uniform,10.0,14,16.304562342649767,1.693269970717485,12.884664714498998,0.19326997071748497,12,-8.65577778888008,-15.166301230377153,-20.861000920060995
120.0,curved_S2a20,uniform,10.0,15,18.944094302028933,1.496643556774196,-0.2237628817202649,-0.0033564432258039734,12,-5.287801423647839,-6.84010707064776,-10.372042507047759
120.0,curved_S2a20,uniform,10.0,16,114.01182623617825,1.8240547193032204,21.603647953548023,0.3240547193032204,13,-8.400079033305653,-11.926728599870998,-10.36780011544529
120.0,curved_S2a20,uniform,10.0,17,17.139031065833805,1.5041420939904662,0.2761395993644111,0.004142093990466167,13,-4.985547761947728,-3.5457468715166267,-4.3786764939713265
120.0,curved_S2a20,uniform,10.0,18,20.31549099967586,1.910947419812692,27.39649465417946,0.4109474198126919,13,-9.05671178962567,-11.25926953796072,-11.461202252856493
120.0,curved_S2a20,uniform,10.0,19,1.0512910397465223,1.8973705736613145,26.491371577420963,0.39737057366131445,12,-8.652624684411625,-16.106647845365202,-23.623835829618226
120.0,curved_S2a20,uniform,10.0,20,16.06897626642934,1.6721917043569643,11.479446957130952,0.1721917043569643,13,-5.260612772002069,-9.597167965270021,-19.834351611723537
120.0,curved_S2a20,uniform,10.0,21,2.9121079413053743,1.652221873635174,10.148124909011596,0.15222187363517392,13,-3.7807654112540447,-6.651752619882679,-6.605417462793054
120.0,curved_S2a20,uniform,10.0,22,5.842898495373577,1.4528487282070186,-3.143418119532093,-0.0471512717929814,13,-9.098154703193003,-13.176317870019918,-19.418341473881416
120.0,curved_S2a20,uniform,10.0,23,7.401015798763341,1.5857880115062528,5.719200767083521,0.08578801150625281,14,-6.470474058616529,-7.8363212304306575,-14.636805996775024
120.0,curved_S2a20,uniform,10.0,24,24.296479563244496,1.7189543699260703,14.596957995071355,0.2189543699260703,12,-2.5011922521478516,3.618674803549709,-0.4110334422461139
120.0,curved_S2a20,uniform,10.0,25,3.1090884037100976,2.0845204197440372,38.968027982935816,0.5845204197440372,12,-10.72330659013581,-17.286235881178612,-22.099369411701595
120.0,curved_S2a20,uniform,10.0,26,6.571323847252604,1.6850036556846124,12.333577045640826,0.1850036556846124,14,-8.159172109977515,-12.749991852468192,-17.714356761707055
120.0,curved_S2a20,uniform,10.0,27,14.207229190523503,1.9128324896747526,27.522165978316842,0.4128324896747526,14,-8.945248637083061,-11.429899627371782,-14.439699296429588
120.0,curved_S2a20,uniform,10.0,28,1.5980059866484142,1.6868153314616507,12.454355430776715,0.18681533146165075,13,-10.780439263294527,-18.800716617627096,-20.931901035827522
120.0,curved_S2a20,uniform,10.0,29,3.979387952175473,1.5669054638457045,4.4603642563803,0.0669054638457045,13,-5.235835015866811,-8.055193652607949,-8.28298427922185
120.0,curved_S2a20,uniform,10.0,30,17.95011090233514,2.0336578411301978,35.57718940867985,0.5336578411301978,10,-11.453937907842372,-14.772885878731342,-16.19623386339168
120.0,curved_S2a20,uniform,11.0,1,4.117511988009892,1.6908715616222656,12.724770774817706,0.1908715616222656,13,-6.579629145610618,-10.27248320074139,-14.628041290592243
120.0,curved_S2a20,uniform,11.0,2,3.748963784747049,1.773708233041162,18.247215536077466,0.273708233041162,12,-8.837459941404159,-12.849363744810638,-13.722664813673102
120.0,curved_S2a20,uniform,11.0,3,4.144452825792633,1.6518211042472393,10.121406949815952,0.15182110424723927,13,-6.182888147882723,-11.1541901983051,-15.89223275565193
120.0,curved_S2a20,uniform,11.0,4,13.660544051535425,1.6698004832854147,11.320032219027649,0.16980048328541475,13,-7.694612704642114,-12.079129918679072,-19.7441459037706
120.0,curved_S2a20,uniform,11.0,5,12.014080300846885,1.534923485012058,2.3282323341372075,0.03492348501205811,13,-3.6189372343464834,-2.472875386449871,-4.098256117586072
120.0,curved_S2a20,uniform,11.0,6,5.309350522567954,1.8266554145039695,21.777027633597967,0.3266554145039695,13,-9.009261331580232,-12.988185185422504,-16.291311371082926
120.0,curved_S2a20,uniform,11.0,7,26.365290313404188,1.6835429435398162,12.236196235987745,0.18354294353981615,12,-6.647813086502015,-9.82797502298093,-20.117278313353964
120.0,curved_S2a20,uniform,11.0,8,1.3935841202446673,1.8832306370568763,25.548709137125087,0.3832306370568763,13,-7.336090819159627,-11.10172295913163,-12.036370318509197
120.0,curved_S2a20,uniform,11.0,9,2.3952570979473364,1.8126458501993836,20.843056679958906,0.3126458501993836,14,-9.399306545198113,-16.510411622270496,-21.6709438720891
120.0,curved_S2a20,uniform,11.0,10,11.813350871721,1.799539376871735,19.969291791448995,0.29953937687173493,13,-11.864976104406237,-16.937360284096325,-21.34730729617997
120.0,curved_S2a20,uniform,11.0,11,4.466100918244239,1.6982274794603422,13.21516529735615,0.19822747946034225,14,-7.350237205349458,-11.760785682137682,-10.296182079812233
120.0,curved_S2a20,uniform,11.0,12,92.21293118280872,1.8305204515028004,22.034696766853358,0.3305204515028004,12,-8.352840197156976,-9.120364871672084,-11.468613556566794
120.0,curved_S2a20,uniform,11.0,13,5.548547152934833,1.809850939883036,20.656729325535736,0.309850939883036,14,-6.121833230001538,-11.393260296208128,-17.239922250031423
120.0,curved_S2a20,uniform,11.0,14,15.672543298061518,1.690690652743294,12.712710182886275,0.1906906527432941,12,-8.364561305672066,-15.173419695902819,-20.98851878036531
120.0,curved_S2a20,uniform,11.0,15,18.342637286227518,1.5123664197360185,0.8244279824012324,0.012366419736018486,12,-5.115952633373652,-6.750232188219131,-10.363880512110242
120.0,curved_S2a20,uniform,11.0,16,8.964517027592107,1.6727033573874226,11.513557159161508,0.1727033573874226,13,-7.314200633646373,-12.03352950960958,-11.74307587497832
120.0,curved_S2a20,uniform,11.0,17,17.628163957740053,1.5203082281291767,1.3538818752784434,0.020308228129176653,13,-4.770321838419761,-3.376576547095987,-4.3010410553100265
120.0,curved_S2a20,uniform,11.0,18,20.252865478172414,1.9010857159064904,26.73904772709936,0.40108571590649045,13,-8.845072997050568,-10.70687248074706,-9.971666264371198
120.0,curved_S2a20,uniform,11.0,19,1.6318123219861473,1.8785302091066578,25.235347273777187,0.3785302091066578,12,-8.05617590957427,-15.115611651082855,-22.132543078990672
120.0,curved_S2a20,uniform,11.0,20,16.308223975551034,1.662745363976213,10.84969093174754,0.1627453639762131,13,-5.020883843327393,-9.375185246755837,-19.63354776851143
120.0,curved_S2a20,uniform,11.0,21,2.7943451731835283,1.636116885275022,9.074459018334807,0.13611688527502208,13,-3.5120409619127226,-6.447916873187612,-8.762809276553087
120.0,curved_S2a20,uniform,11.0,22,6.7036217352649725,1.457869534300157,-2.808697713322861,-0.04213046569984291,13,-8.531434842901167,-12.40351605875468,-18.40955390857915
120.0,curved_S2a20,uniform,11.0,23,6.087209816123284,1.5789651297145622,5.26434198097081,0.07896512971456215,14,-6.536204407558035,-7.563116870808715,-13.813062748335787
120.0,curved_S2a20,uniform,11.0,24,24.483187716224823,1.7037701949326312,13.584679662175411,0.20377019493263115,12,-2.165034543561014,3.977180477369157,-0.057697061203728715
120.0,curved_S2a20,uniform,11.0,25,2.9289748063529095,2.0744231630695085,38.29487753796723,0.5744231630695085,12,-10.371894738531878,-17.08662256200874,-22.052889107302832
120.0,curved_S2a20,uniform,11.0,26,8.996574896954971,1.6354299087833195,9.028660585554633,0.1354299087833195,14,-6.128362673643959,-9.359109207204723,-13.520985809244985
120.0,curved_S2a20,uniform,11.0,27,14.284608032080577,1.909853399981655,27.323559998776997,0.40985339998165493,14,-9.044954121468862,-11.045623265173461,-13.724878576199174
120.0,curved_S2a20,uniform,11.0,28,3.9362152142125866,1.7528508797830284,16.856725318868563,0.25285087978302845,12,-10.09871577060273,-17.944391101802463,-19.80751515687292
120.0,curved_S2a20,uniform,11.0,29,3.8678309005507523,1.5944989013258606,6.299926755057372,0.09449890132586058,13,-4.875964140282125,-7.610835930197726,-7.736114398000342
120.0,curved_S2a20,uniform,11.0,30,17.051013001007544,2.190411867438052,46.02745782920348,0.6904118674380522,10,-11.610938931186915,-15.234698120908481,-17.04894413108537
120.0,curved_S2a20,uniform,20.0,1,3.647693288223218,1.7241379310344827,14.942528735632177,0.22413793103448265,13,-3.4063969316485236,-5.646847292049825,-5.677313361929325
120.0,curved_S2a20,uniform,20.0,2,0.33718289716890043,1.6108697362771518,7.39131575181012,0.1108697362771518,13,-4.077935126405717,-5.153238776481141,-3.356178670109879
120.0,curved_S2a20,uniform,20.0,3,4.073143763318277,1.6462159944159822,9.74773296106548,0.1462159944159822,13,-4.617019486472664,-8.91999523947912,-13.476600488937716
120.0,curved_S2a20,uniform,20.0,4,12.110888219712342,1.6724372392072093,11.495815947147287,0.17243723920720933,13,-5.845566259641394,-9.628640536532561,-16.26075227034837
120.0,curved_S2a20,uniform,20.0,5,12.133149281291027,1.6009850867777484,6.7323391185165615,0.10098508677774842,13,-1.7960315698706757,0.035813275167527525,-4.131458370781204
120.0,curved_S2a20,uniform,20.0,6,2.369537141597328,1.7626790518415858,17.511936789439055,0.2626790518415858,13,-5.44303401435609,-7.102939999863876,-7.031933267902748
120.0,curved_S2a20,uniform,20.0,7,23.87317007036085,1.6370312213248337,9.135414754988913,0.1370312213248337,12,-4.492803997331671,-9.275403562364978,-18.976974156327106
120.0,curved_S2a20,uniform,20.0,8,1.6131893323573367,1.8524784151340958,23.498561008939724,0.35247841513409583,13,-4.870376839330085,-7.7549666609581624,-7.6612770207889165
120.0,curved_S2a20,uniform,20.0,9,4.734160512896267,1.8219668748379565,21.464458322530433,0.3219668748379565,13,-6.69363775414622,-12.298684249683236,-14.920538136386646
120.0,curved_S2a20,uniform,20.0,10,8.498186072420655,1.6889150591664197,12.594337277761314,0.1889150591664197,13,-7.848876143748143,-12.42055042888397,-14.04857703947544
120.0,curved_S2a20,uniform,20.0,11,2.4417774647964183,1.7632476570392361,17.54984380261574,0.26324765703923614,14,-6.225659051135098,-10.171599447317647,-9.483474028165121
120.0,curved_S2a20,uniform,20.0,12,3.505992896239575,1.5657138101577235,4.380920677181566,0.06571381015772348,13,-3.960374556915293,-3.2578541079446803,-3.504503248373119
120.0,curved_S2a20,uniform,20.0,13,6.657561645044996,1.6647668215703202,10.98445477135468,0.1647668215703202,14,-5.004021273200202,-9.947463719973637,-14.715630287465105
120.0,curved_S2a20,uniform,20.0,14,11.59053143883714,1.6841117149727032,12.274114331513546,0.18411171497270318,12,-6.322415406636035,-11.063723738827422,-15.851933556907603
120.0,curved_S2a20,uniform,20.0,15,15.981264863983322,1.646652382893348,9.776825526223194,0.14665238289334792,13,-2.8504312863451156,-4.132782375814776,-6.675031608158417
120.0,curved_S2a20,uniform,20.0,16,3.800799137049399,1.5539074810160405,3.5938320677360323,0.05390748101604048,14,-2.709728186713246,-4.820674713428842,-1.0650664221838733
120.0,curved_S2a20,uniform,20.0,17,21.821332238463224,1.5882077480197234,5.880516534648228,0.08820774801972342,13,-1.8060257120434196,0.6195833329985777,-2.085773143364811
120.0,curved_S2a20,uniform,20.0,18,20.29123183258844,1.8641121769435498,24.274145129569987,0.3641121769435498,13,-6.909285930513916,-9.026192245274938,-11.387491172501544
120.0,curved_S2a20,uniform,20.0,19,3.6374302404105285,1.6924185438937474,12.827902926249823,0.19241854389374735,12,-5.615167192823104,-8.210357426999629,-9.395694795631194
120.0,curved_S2a20,uniform,20.0,20,15.61744611329869,1.5503306648098325,3.3553776539888336,0.050330664809832504,13,-3.393840115892121,-7.113569368723257,-13.762917379122577
120.0,curved_S2a20,uniform,20.0,21,1.2155439904335301,1.6356953817748734,9.04635878499156,0.1356953817748734,13,-1.9148692337647577,-5.04605118281992,-4.969713602611527
120.0,curved_S2a20,uniform,20.0,22,14.516603129213799,1.4316058507073353,-4.5596099528443155,-0.06839414929266474,13,-1.3511483413884646,-1.9266249578927594,-1.4388169018190504
120.0,curved_S2a20,uniform,20.0,23,3.112342327800321,1.5255964724542221,1.7064314969481427,0.02559647245422214,14,-4.965536878484727,-4.405941463354117,-9.07309589081033
120.0,curved_S2a20,uniform,20.0,24,21.40497747163939,1.6385509974220953,9.23673316147302,0.1385509974220953,12,-0.08108071492650322,6.069912363332786,1.5552249246383252
120.0,curved_S2a20,uniform,20.0,25,0.15230903483744743,1.659327194747025,10.621812983134998,0.15932719474702495,14,-5.118838469830809,-8.793691902016349,-9.645188463836824
120.0,curved_S2a20,uniform,20.0,26,11.246881452021766,1.5889037089179068,5.926913927860452,0.08890370891790678,13,-0.9503926610863722,-2.4559796704934387,-3.099037584120421
120.0,curved_S2a20,uniform,20.0,27,12.859207931131014,1.6347954133287423,8.986360888582823,0.13479541332874234,14,-5.0513240448993475,-4.4123716795392,-3.3964042151691984
120.0,curved_S2a20,uniform,20.0,28,4.877489458898425,1.8044787139430483,20.29858092953655,0.30447871394304826,12,-9.795012889774663,-15.00575187742144,-13.003482749894419
120.0,curved_S2a20,uniform,20.0,29,4.178815173548125,1.64563763922353,9.709175948235327,0.1456376392235299,14,-3.1838796427112466,-4.903230826172762,-2.835302564571436
120.0,curved_S2a20,uniform,20.0,30,14.811658156177119,2.0292219452182905,35.2814630145527,0.5292219452182905,12,-7.141876441446935,-9.849847834304878,-10.976772651525113
120.0,curved_S2a20,uniform,30.0,1,1.4556481584734318,1.8320066230510301,22.133774870068677,0.3320066230510301,12,-2.416757530237904,-3.497697552194853,-3.1655017458816297
120.0,curved_S2a20,uniform,30.0,2,4.411833855159327,1.4461694450913058,-3.58870366057961,-0.05383055490869415,13,0.4708496464227893,1.2472113518616552,5.188187506822514
120.0,curved_S2a20,uniform,30.0,3,3.951790515686374,1.6447833142817294,9.652220952115293,0.1447833142817294,13,-3.0521083640369038,-7.101384742580881,-9.940399657763216
120.0,curved_S2a20,uniform,30.0,4,11.367766288687342,1.6841690078368303,12.277933855788687,0.18416900783683032,13,-3.928998795058432,-8.519079826003807,-14.647457295978317
120.0,curved_S2a20,uniform,30.0,5,12.313620513739425,1.5868241148566289,5.7882743237752585,0.08682411485662889,13,0.3323317437117401,3.010635775171676,-3.0584434003212944
120.0,curved_S2a20,uniform,30.0,6,0.3458645068383999,1.6357552564609723,9.050350430731486,0.1357552564609723,14,-1.0069690086760719,-1.0906074965458805,0.7651735193428723
120.0,curved_S2a20,uniform,30.0,7,20.734755456559558,1.630603361495561,8.706890766370739,0.13060336149556107,13,-4.049587171963927,-11.364403736193234,-19.504719088553824
120.0,curved_S2a20,uniform,30.0,8,5.782150772778711,1.6202596491854573,8.017309945697153,0.12025964918545728,13,-1.174531730797247,-4.231458411414712,-3.3778796964111124
120.0,curved_S2a20,uniform,30.0,9,4.398520612788114,1.7831573790537314,18.877158603582092,0.2831573790537314,13,-4.818497982662008,-10.102875956245274,-12.4444478857614
120.0,curved_S2a20,uniform,30.0,10,10.176722531962112,1.8057395947977104,20.382639653180693,0.3057395947977104,12,-6.7904989060772,-12.137318927172156,-11.730443244250463
120.0,curved_S2a20,uniform,30.0,11,0.6897070927867249,1.6612634851755965,10.750899011706434,0.16126348517559652,14,-2.04534759850716,-2.7536366064094464,2.6630972843542713
120.0,curved_S2a20,uniform,30.0,12,1.541965831030678,1.5446063955659781,2.9737597043985415,0.04460639556597812,12,-0.9060098664369542,0.5690891574791421,3.020200229476937
120.0,curved_S2a20,uniform,30.0,13,6.734634657454397,1.6742057166984585,11.6137144465639,0.17420571669845852,14,-4.685475631792612,-8.500426119667138,-12.510167942756311
120.0,curved_S2a20,uniform,30.0,14,10.52086889946407,1.6878284954492526,12.521899696616842,0.18782849544925262,12,-3.627614934014575,-7.91172718701286,-12.22066798415184
120.0,curved_S2a20,uniform,30.0,15,12.160213477872801,1.6156281251460218,7.708541676401455,0.11562812514602183,13,-1.3108916143452367,-3.0314049455865573,-6.152838287337706
120.0,curved_S2a20,uniform,30.0,16,4.041558509347125,1.522383745891331,1.492249726088731,0.022383745891330964,13,-0.44120592965609035,-2.1459577287886615,1.2033473562036334
120.0,curved_S2a20,uniform,30.0,17,21.335775762613167,1.6348349022725275,8.988993484835166,0.13483490227252748,13,0.870663756954757,4.249598555082066,-0.18209537170114695
120.0,curved_S2a20,uniform,30.0,18,19.990221005959,1.8170340620961198,21.135604139741325,0.31703406209611984,13,-3.5667129493036587,-3.4796311142106875,-9.012084414882626
120.0,curved_S2a20,uniform,30.0,19,2.931343003395733,1.6774179584455688,11.827863896371255,0.17741795844556885,13,-1.6657736286182219,-2.1326618454214796,0.4477193712820546
120.0,curved_S2a20,uniform,30.0,20,14.901119168017113,1.5507137833740863,3.3809188916057518,0.050713783374086274,13,-2.743730283063947,-6.715424318880697,-10.915068604708658
120.0,curved_S2a20,uniform,30.0,21,1.0425458563260357,1.6584952804398998,10.566352029326653,0.1584952804398998,12,-0.4788669620006656,-4.467786628863129,-1.6834249000430583
120.0,curved_S2a20,uniform,30.0,22,14.4669827454575,1.4261641805651282,-4.922387962324789,-0.07383581943487183,13,1.4951864811893427,1.4151376468303838,3.4366464652964304
120.0,curved_S2a20,uniform,30.0,23,6.401835210942721,1.516365323749178,1.0910215832785397,0.016365323749178096,14,0.7842472346179992,1.2261061589547757,-1.0777607301854433
120.0,curved_S2a20,uniform,30.0,24,21.213741799075475,1.6413847946717377,9.425652978115846,0.1413847946717377,12,2.1389298167782473,7.272607561426149,-3.1734641123495693
120.0,curved_S2a20,uniform,30.0,25,3.2658980473387986,1.6272982803320821,8.48655202213881,0.12729828033208213,14,-1.583557831491259,-3.225092716054325,-3.0804009996694415
120.0,curved_S2a20,uniform,30.0,26,10.539997326213548,1.5769120192680566,5.127467951203771,0.07691201926805658,13,1.4731465893126765,-0.573900708991117,-0.15109878375624142
120.0,curved_S2a20,uniform,30.0,27,12.980730202946498,1.4357477542269304,-4.283483051537976,-0.06425224577306965,13,-1.8654180223585926,0.23388341482378003,3.87968084452537
120.0,curved_S2a20,uniform,30.0,28,2.574748229119036,1.755941966967713,17.06279779784753,0.255941966967713,13,-4.695013163551376,-9.882908354721899,-9.308575882779962
120.0,curved_S2a20,uniform,30.0,29,4.1488642290065085,1.6076837984062056,7.178919893747038,0.10768379840620557,13,-1.5519651290736376,-2.6159576279692467,1.5820102493086639
120.0,curved_S2a20,uniform,30.0,30,15.29994071046494,1.7066284220911117,13.775228139407444,0.20662842209111165,14,-2.088660596975283,-1.9949934509391307,0.4598916250753168
120.0,curved_S2a20,uniform,50.0,1,2.4972225323232293,1.6746230846140637,11.641538974270915,0.17462308461406373,12,2.9637663591409895,3.9322695921476316,5.893244097839556
120.0,curved_S2a20,uniform,50.0,2,3.7392519638171624,1.4505708212708406,-3.295278581943961,-0.04942917872915942,13,3.8953901654900136,5.186678556736371,7.779286219145108
120.0,curved_S2a20,uniform,50.0,3,3.745507695735899,1.609556949949129,7.30379666327526,0.1095569499491289,13,0.3596146497933297,-2.9259153041351946,-2.142258279748631
120.0,curved_S2a20,uniform,50.0,4,9.751147644437744,1.6591940762895134,10.612938419300894,0.15919407628951343,13,0.8781505564985086,-7.312234262200229,-10.559468852072639
120.0,curved_S2a20,uniform,50.0,5,13.465863105596059,1.5956036090747105,6.373573938314037,0.09560360907471055,13,4.392535697822203,6.351994642853305,-1.0305587644928589
120.0,curved_S2a20,uniform,50.0,6,1.6832930775171735,1.6144497804127196,7.629985360847972,0.11444978041271958,14,2.5436251696094807,1.369938159117976,2.698571406741952
120.0,curved_S2a20,uniform,50.0,7,21.12540346511982,1.6306033614955622,8.706890766370812,0.13060336149556218,13,-0.8964170377514082,-9.570720447923549,-16.426993203915103
120.0,curved_S2a20,uniform,50.0,8,7.659301367693589,1.6216393898642145,8.109292657614303,0.12163938986421452,13,3.555748992380557,0.3806158479338595,3.194019499929605
120.0,curved_S2a20,uniform,50.0,9,4.493869925934886,1.637178750535389,9.145250035692598,0.13717875053538897,14,-1.4591531135753808,-5.209824651764899,-9.593641329946795
120.0,curved_S2a20,uniform,50.0,10,7.10031565913343,1.5936367404564062,6.242449363760416,0.09363674045640624,13,-0.40766482392392533,-3.5197393504143246,-1.7947500498093278
120.0,curved_S2a20,uniform,50.0,11,0.3613033575332518,1.6062899040809109,7.085993605394059,0.10628990408091088,14,2.3827073693690677,3.3991508773287005,5.918384315643873
120.0,curved_S2a20,uniform,50.0,12,0.7754166143999495,1.5039737664772166,0.26491776514777265,0.003973766477216589,13,5.063733067511698,5.700193413259946,7.610568001480374
120.0,curved_S2a20,uniform,50.0,13,6.225709430316279,1.6874613873811808,12.497425825412051,0.1874613873811808,14,-1.6293640026305944,-4.849362071346139,-8.388636696715789
120.0,curved_S2a20,uniform,50.0,14,10.76888613652554,1.6987947301675335,13.252982011168898,0.19879473016753346,12,0.26443592775445424,-4.504543624033573,-9.660825863974862
120.0,curved_S2a20,uniform,50.0,15,12.392492096523403,1.6231993461119503,8.213289740796686,0.12319934611195027,13,2.8324219986585204,0.3117284882252324,-0.09429046238477375
120.0,curved_S2a20,uniform,50.0,16,1.303434488834672,1.4056372263187094,-6.29085157875271,-0.09436277368129065,13,4.386933163149431,3.6258728402768257,7.906243507736786
120.0,curved_S2a20,uniform,50.0,17,20.546941102961423,1.5999032976564804,6.660219843765362,0.09990329765648043,13,4.333658281887309,6.026755689967571,-3.178998417437926
120.0,curved_S2a20,uniform,50.0,18,18.02366606203013,1.687522246106399,12.501483073759934,0.187522246106399,13,1.8715772320805364,3.114042600932594,-8.44439783590989
120.0,curved_S2a20,uniform,50.0,19,2.631273103479068,1.6534604644264956,10.230697628433044,0.15346046442649564,13,2.9079009875580755,3.537061996867537,10.797777186040207
120.0,curved_S2a20,uniform,50.0,20,14.895995891445722,1.5510764543651432,3.4050969576762125,0.05107645436514319,13,-1.076390704715519,-4.54647206734598,-4.853980315275068
120.0,curved_S2a20,uniform,50.0,21,0.02634065531731752,1.6548338784606793,10.322258564045288,0.1548338784606793,13,4.182019865490272,-0.21845617179126103,7.476026195700302
120.0,curved_S2a20,uniform,50.0,22,14.0304667822862,1.4301126297772548,-4.659158014849677,-0.06988737022274516,13,5.744132519911172,5.668912246901701,4.863323098504728
120.0,curved_S2a20,uniform,50.0,23,6.058800092392008,1.5144103847261232,0.9606923150748811,0.014410384726123215,14,5.605418031077824,4.624187744223704,4.186131324444501
120.0,curved_S2a20,uniform,50.0,24,21.272432123358666,1.6510118579849724,10.06745719899816,0.1510118579849724,12,5.3099745192037275,6.765052028048289,-0.9144565865161857
120.0,curved_S2a20,uniform,50.0,25,0.531123483747238,1.6353254666526116,9.021697776840771,0.13532546665261158,13,1.476319851272422,-0.8716503882463342,-1.778306681506127
120.0,curved_S2a20,uniform,50.0,26,7.178755498215702,1.5179812006883606,1.1987467125573747,0.01798120068836062,14,4.807119483065458,0.3974676264184809,-0.6475085293465348
120.0,curved_S2a20,uniform,50.0,27,10.314462888128654,1.4486669343481478,-3.42220437679015,-0.05133306565185225,13,2.1521530171416865,3.9282449390167264,2.630012795981202
120.0,curved_S2a20,uniform,50.0,28,0.9714477365332074,1.5423400105508853,2.8226673700590217,0.04234001055088532,13,4.005184976314362,2.1635999797990593,5.779878594950364
120.0,curved_S2a20,uniform,50.0,29,4.809713799843522,1.6562688998325077,10.417926655500514,0.1562688998325077,13,2.038088008094401,1.478384308455254,3.1453163795093904
120.0,curved_S2a20,uniform,50.0,30,10.544194708313581,1.5232056489004775,1.547043260031833,0.023205648900477494,14,2.032307978031065,0.244299817118088,1.5018438007702826
120.0,curved_S2a20,uniform,78.5,1,2.763213296217371,1.610582968314755,7.372197887650334,0.110582968314755,12,5.765947858465536,4.54184443632171,1.0317300973649333
120.0,curved_S2a20,uniform,78.5,2,4.794973508096564,1.4496983330559887,-3.3534444629340854,-0.05030166694401128,13,10.179093808106222,14.029268619949928,11.251009597679435
120.0,curved_S2a20,uniform,78.5,3,3.678364141420105,1.6095569499491345,7.30379666327563,0.10955694994913445,13,5.35539142397271,0.9322756088104673,6.302576624007034
120.0,curved_S2a20,uniform,78.5,4,8.948653706455268,1.6373262883272361,9.155085888482411,0.13732628832723615,13,4.043527545134819,1.7470887750863364,5.157883660033834
120.0,curved_S2a20,uniform,78.5,5,13.463121655532573,1.5778277701704806,5.188518011365373,0.07782777017048059,13,6.131547068449172,5.471387332989359,-1.5798982047746368
120.0,curved_S2a20,uniform,78.5,6,1.7809261540512773,1.619480772946234,7.965384863082263,0.11948077294623394,14,8.298518559148132,5.634453871397762,5.0530128956897205
120.0,curved_S2a20,uniform,78.5,7,21.543735546092247,1.6552117772047508,10.34745181365005,0.15521177720475077,13,4.704958316580818,-2.5806738523125707,-6.905891692503117
120.0,curved_S2a20,uniform,78.5,8,7.561383548874329,1.6367072456887382,9.113816379249212,0.13670724568873815,13,5.985364243387653,2.940956269235236,1.7050645153977957
120.0,curved_S2a20,uniform,78.5,9,4.408005153668985,1.6334095803116662,8.893972020777746,0.13340958031166616,14,1.729850925489276,-0.7261386627443104,-3.1664332126877692
120.0,curved_S2a20,uniform,78.5,10,3.948877622181061,1.5728995199243192,4.859967994954614,0.0728995199243192,13,8.213549095851363,4.907749202729624,4.828901978330627
120.0,curved_S2a20,uniform,78.5,11,0.7964888753418204,1.6152029938286314,7.6801995885754275,0.11520299382863142,14,7.3215113165412316,8.12596656062476,8.533350890750809
120.0,curved_S2a20,uniform,78.5,12,0.4610290817419828,1.4887685724752922,-0.7487618349805232,-0.011231427524707849,13,10.883461806759538,10.007510879382565,12.720027503265209
120.0,curved_S2a20,uniform,78.5,13,6.261456464374879,1.6936430259834676,12.909535065564507,0.1936430259834676,14,3.560758496770093,0.13080235906110316,3.5513298426236632
120.0,curved_S2a20,uniform,78.5,14,11.489312050386397,1.7011893854092537,13.412625693950245,0.20118938540925368,12,5.581200584538048,0.6005124835635919,-2.645960206317886
120.0,curved_S2a20,uniform,78.5,15,12.629860704025738,1.6231993461119494,8.213289740796625,0.12319934611194938,13,8.74233159325426,5.951335489184752,8.907627036031851
120.0,curved_S2a20,uniform,78.5,16,1.4398025945793071,1.4106463163306435,-5.956912244623766,-0.08935368366935648,13,8.40094999731622,11.391641037203746,17.322164867659993
120.0,curved_S2a20,uniform,78.5,17,20.485960804748977,1.6193360554640024,7.955737030933492,0.11933605546400239,13,7.832755736625118,5.732388832167562,-4.834550390939443
120.0,curved_S2a20,uniform,78.5,18,18.03648846708836,1.706474702851907,13.76498019012713,0.20647470285190694,13,6.579509029284148,5.149763394848868,-6.649170661316726
120.0,curved_S2a20,uniform,78.5,19,3.0874976854533185,1.643236402315369,9.549093487691263,0.14323640231536894,13,8.578698158632223,7.773081010963212,13.492715194899224
120.0,curved_S2a20,uniform,78.5,20,14.748778172242504,1.551076454365142,3.4050969576761383,0.05107645436514208,13,2.7316312938590537,-1.6879696625562592,-2.408531534950523
120.0,curved_S2a20,uniform,78.5,21,0.7578695245377497,1.6481277601978408,9.875184013189386,0.1481277601978408,13,7.379322068150245,3.9204862734222075,5.478897309129098
120.0,curved_S2a20,uniform,78.5,22,13.799179772694307,1.4335176336061786,-4.432157759588096,-0.06648236639382143,13,12.471058376494568,12.932840092723577,10.444471112454467
120.0,curved_S2a20,uniform,78.5,23,6.206243491983181,1.5117406606565453,0.7827107104363554,0.011740660656545332,14,7.670515229743243,7.281046706659426,7.177709039851997
120.0,curved_S2a20,uniform,78.5,24,21.220356026010155,1.6589337168692566,10.595581124617109,0.1589337168692566,12,9.831571976889121,4.157781027773161,-4.5836738126944825
120.0,curved_S2a20,uniform,78.5,25,1.1843968999929915,1.6138984574958815,7.59323049972543,0.11389845749588146,13,7.014493108425059,4.254613794496968,4.45724415899617
120.0,curved_S2a20,uniform,78.5,26,6.859784297608837,1.5085016756043719,0.5667783736247916,0.008501675604371872,14,9.46576546614986,8.589387679383519,9.425890161454625
120.0,curved_S2a20,uniform,78.5,27,10.427891635398172,1.4569073180556436,-2.8728454629570965,-0.04309268194435645,13,7.133592145221963,7.72164143185715,8.056166883895816
120.0,curved_S2a20,uniform,78.5,28,0.6086664481184623,1.5551516525646605,3.676776837644032,0.05515165256466048,13,8.831547612962714,8.357721996060697,8.939638769930419
120.0,curved_S2a20,uniform,78.5,29,4.997132035988495,1.6573700338787603,10.49133559191735,0.15737003387876025,13,7.74974552745362,6.178114973626176,6.971415997575591
120.0,curved_S2a20,uniform,78.5,30,10.778412265722844,1.543189182271822,2.879278818121467,0.043189182271822,14,3.9017691950819864,-0.9817052490344083,-2.3720034828905443
120.0,curved_S2a20,uniform,100.0,1,2.537428825801917,1.6105829683147543,7.372197887650289,0.11058296831475434,12,9.474647732333327,9.502258794923959,9.481218397930308
120.0,curved_S2a20,uniform,100.0,2,4.697581842077082,1.4461694450913056,-3.588703660579625,-0.05383055490869437,13,14.393278345107378,17.352475816114982,12.551267639908815
120.0,curved_S2a20,uniform,100.0,3,3.662656979824341,1.6388488507578012,9.25659005052008,0.13884885075780118,13,8.997107634175197,6.980945978763267,11.640736310069029
120.0,curved_S2a20,uniform,100.0,4,9.104552784618845,1.6393197869815561,9.287985798770409,0.13931978698155612,13,11.428834648406642,6.072912973997957,9.2842117053097
120.0,curved_S2a20,uniform,100.0,5,13.50361012416324,1.5956036090747092,6.373573938313948,0.09560360907470922,13,9.453794871115715,5.147323903908884,2.3346092970910766
120.0,curved_S2a20,uniform,100.0,6,1.6458083429978694,1.6212035773338158,8.080238488921054,0.12120357733381582,14,13.010108694143543,9.83717144935999,10.789764853385448
120.0,curved_S2a20,uniform,100.0,7,21.594849227161422,1.6552117772047543,10.347451813650288,0.15521177720475432,13,6.215368393467077,-1.884828754041194,-2.4876690656900986
120.0,curved_S2a20,uniform,100.0,8,7.560353290065698,1.6367072456887386,9.11381637924924,0.1367072456887386,13,9.21911362834982,4.972415881605352,3.559430555157668
120.0,curved_S2a20,uniform,100.0,9,4.572132069372591,1.633563114653914,8.904207643594269,0.13356311465391402,14,5.986537035522126,4.926342436988406,3.9676874019294446
120.0,curved_S2a20,uniform,100.0,10,4.135946311502886,1.5750802976715155,5.005353178101032,0.07508029767151547,13,11.952187024491298,8.521746870858093,5.120481445370623
120.0,curved_S2a20,uniform,100.0,11,0.5830763275639478,1.6145364490886922,7.635763272579481,0.1145364490886922,14,10.619388620449268,9.826430482732789,8.271552822842345
120.0,curved_S2a20,uniform,100.0,12,0.4198576934239047,1.4901230428673644,-0.6584638088423727,-0.009876957132635589,13,15.149225366715484,14.249002530601233,14.673414799546586
120.0,curved_S2a20,uniform,100.0,13,6.063527907610526,1.7067401551908286,13.782677012721903,0.20674015519082856,14,9.224164664525189,4.881655230825963,8.201275738308382
120.0,curved_S2a20,uniform,100.0,14,11.40161721463569,1.693779309086738,12.918620605782527,0.1937793090867379,12,10.877812437784803,5.758716519999158,7.70287114752243
120.0,curved_S2a20,uniform,100.0,15,12.711794992360124,1.6231993461119485,8.213289740796565,0.1231993461119485,13,13.2104110430531,10.163087316205221,15.063407780445445
120.0,curved_S2a20,uniform,100.0,16,1.45944423203133,1.4144296723049132,-5.7046885130057845,-0.08557032769508677,13,13.163170833710836,16.527834381354232,19.087421433114734
120.0,curved_S2a20,uniform,100.0,17,20.52175826356315,1.6193360554640053,7.955737030933685,0.11933605546400528,13,10.68700872414811,4.991905084243207,-0.6936654190276106
120.0,curved_S2a20,uniform,100.0,18,18.088616265151636,1.7081839630647508,13.878930870983389,0.20818396306475084,13,9.276892432965138,6.314263652807467,-4.333698154140389
120.0,curved_S2a20,uniform,100.0,19,3.1684964987080537,1.6338449196421017,8.922994642806776,0.13384491964210166,13,11.660044031536147,8.567727308233216,8.41545738354767
120.0,curved_S2a20,uniform,100.0,20,14.832689859828163,1.5510764543651427,3.4050969576761827,0.05107645436514274,13,6.470707230058289,3.480447978558416,0.4483722806831456
120.0,curved_S2a20,uniform,100.0,21,0.6626672676378476,1.6498949127746132,9.992994184974213,0.1498949127746132,13,11.950205942713641,7.816197086205805,7.187202064423297
120.0,curved_S2a20,uniform,100.0,22,13.750787757206183,1.4335176336061772,-4.4321577595881845,-0.06648236639382277,13,15.659514149653601,15.625488611882846,11.264548578757417
120.0,curved_S2a20,uniform,100.0,23,6.170590557954342,1.516721015246322,1.114734349754798,0.01672101524632197,14,12.31475345792715,13.009623949834843,13.088096696129163
120.0,curved_S2a20,uniform,100.0,24,21.358566515583103,1.672829262151935,11.521950810128995,0.17282926215193495,12,11.891703279446867,5.140803515529585,1.1832131198078262
120.0,curved_S2a20,uniform,100.0,25,1.1190802902136732,1.6190355952340663,7.93570634893775,0.11903559523406626,13,10.261032072517352,6.556680071072609,4.412267059278894
120.0,curved_S2a20,uniform,100.0,26,6.920384366945471,1.5209579683551948,1.397197890346321,0.02095796835519481,14,14.900915965463941,14.790827004695723,17.195235635432685
120.0,curved_S2a20,uniform,100.0,27,10.50466185956433,1.4502656948852046,-3.3156203409863583,-0.049734305114795374,13,9.478857560815175,8.020921997876664,8.500990609240144
120.0,curved_S2a20,uniform,100.0,28,0.5560090538525755,1.5615768143770636,4.105120958470909,0.06157681437706364,13,12.331437121213412,12.87909184792825,13.67472638966993
120.0,curved_S2a20,uniform,100.0,29,4.879956709284517,1.6538530041390531,10.256866942603542,0.15385300413905312,13,10.728118786487181,8.055216154842348,6.541080286899583
120.0,curved_S2a20,uniform,100.0,30,10.781185768605456,1.55337618913128,3.558412608752004,0.05337618913128006,14,8.272592997249946,3.67129196846624,1.9294448417843104
120.0,curved_S2a20,jitter,11.0,1,3.7760379667078854,1.761994861678077,17.4663241118718,0.26199486167807695,13,-11.768831781938115,-18.960873538913443,-26.25191929392606
120.0,curved_S2a20,jitter,11.0,2,8.146963650321165,1.7618690329092437,17.45793552728291,0.2618690329092437,12,-11.216426871838124,-18.89364810988294,-25.154552540049455
120.0,curved_S2a20,jitter,11.0,3,3.7887224997481486,1.663835144210963,10.922342947397528,0.1638351442109629,14,-6.885606613585831,-12.757459366970798,-19.77462735047655
120.0,curved_S2a20,jitter,11.0,4,13.125414117376096,1.6195526603578325,7.970177357188835,0.11955266035783252,13,-6.676200603128173,-10.65347804786383,-16.526916049275872
120.0,curved_S2a20,jitter,11.0,5,6.312295336944465,1.5311370007638585,2.0758000509239,0.031137000763858502,12,-4.729264956667891,-3.2329629264402415,-5.3923665887442285
120.0,curved_S2a20,jitter,11.0,6,7.64988322648081,2.1105314459656355,40.70209639770903,0.6105314459656355,13,-9.823605170425825,-13.73253401360661,-18.23010327826288
120.0,curved_S2a20,jitter,11.0,7,25.204672132336054,1.687928867537172,12.528591169144798,0.18792886753717197,13,-9.704187246934701,-16.219412909554826,-30.606160363961102
120.0,curved_S2a20,jitter,11.0,8,4.780039495409786,1.7131482817240824,14.20988544827216,0.2131482817240824,13,-8.068727676355278,-11.4031350211438,-11.54044264303819
120.0,curved_S2a20,jitter,11.0,9,11.271190338384647,1.9006011789302197,26.706745262014646,0.40060117893021974,14,-8.277673491870509,-15.611993048753906,-18.28300743759881
120.0,curved_S2a20,jitter,11.0,10,10.280462892999145,1.7022389710284762,13.48259806856508,0.2022389710284762,13,-12.052017217173995,-17.186335873811366,-21.383447168577092
120.0,curved_S2a20,jitter,11.0,11,5.349920611898127,1.9129029335123051,27.526862234153676,0.4129029335123051,14,-8.767469309451348,-15.287366033411779,-16.2859597923594
120.0,curved_S2a20,jitter,11.0,12,0.9411005563408346,1.6990691650764607,13.271277671764045,0.19906916507646066,13,-6.96996797178256,-8.195711346222536,-10.565281468736408
120.0,curved_S2a20,jitter,11.0,13,1.6520513957932483,2.056325597449188,37.0883731632792,0.5563255974491881,14,-7.650212296209202,-13.654833319303105,-20.773247877889972
120.0,curved_S2a20,jitter,11.0,14,17.58008717728926,1.8046784998805359,20.311899992035723,0.30467849988053586,12,-10.263750292894077,-16.275850558440926,-21.911981839428332
120.0,curved_S2a20,jitter,11.0,15,21.618648156395334,1.686934168028059,12.462277868537264,0.18693416802805896,14,-4.8930141674379355,-7.528498374693638,-12.900136099882321
120.0,curved_S2a20,jitter,11.0,16,12.83041274494802,1.7248248552081877,14.988323680545848,0.22482485520818773,14,-7.717694119501723,-13.520831409694855,-14.68345351233016
120.0,curved_S2a20,jitter,11.0,17,23.819999592883033,1.575085290716664,5.005686047777594,0.07508529071666392,13,-4.010410240957817,-2.315606853361353,-3.7165360038046207
120.0,curved_S2a20,jitter,11.0,18,18.3896499337047,2.0630863705692173,37.53909137128115,0.5630863705692173,13,-11.226125034109305,-14.61768150706016,-16.001769537174802
120.0,curved_S2a20,jitter,11.0,19,7.014925376541467,1.7401175489107772,16.007836594051813,0.2401175489107772,13,-7.523893792493616,-11.946477315402035,-15.313844584924462
120.0,curved_S2a20,jitter,11.0,20,19.814111465624134,1.6443232156016339,9.62154770677559,0.14432321560163386,13,-6.499501145400906,-12.130349950244085,-23.533835777597837
120.0,curved_S2a20,jitter,11.0,21,4.845268671239985,1.7050210949545965,13.668072996973102,0.20502109495459653,13,-3.441190552096287,-6.388221505808711,-5.9027391827032885
120.0,curved_S2a20,jitter,11.0,22,12.938480189290717,1.4007608197437935,-6.6159453504137655,-0.09923918025620648,13,-0.1337594959975945,1.874789971772498,4.668402116528996
120.0,curved_S2a20,jitter,11.0,23,3.257887265052644,1.612903225806451,7.5268817204300715,0.11290322580645107,13,-5.488601542430668,-4.044809265717585,-9.22198511892299
120.0,curved_S2a20,jitter,11.0,24,24.480050394363538,1.7227464866867583,14.849765779117222,0.22274648668675834,12,-3.662136247338293,1.1961239564513115,-3.4071335440541324
120.0,curved_S2a20,jitter,11.0,25,0.6504713795679249,2.1315496830454377,42.10331220302918,0.6315496830454377,13,-10.283429057044037,-17.367879482783586,-21.563957509069375
120.0,curved_S2a20,jitter,11.0,26,8.169167638868334,1.6996271451967289,13.308476346448591,0.19962714519672886,14,-8.218657145230846,-13.374377558322301,-18.086173040661514
120.0,curved_S2a20,jitter,11.0,27,14.683061226011674,1.7243319149348073,14.955460995653821,0.2243319149348073,14,-5.567195147793608,-4.477860473454849,-3.0174190655464175
120.0,curved_S2a20,jitter,11.0,28,48.58810581167468,1.681148522618957,12.07656817459714,0.1811485226189571,11,-11.985244748441042,-17.311259820227143,-14.798854519521965
120.0,curved_S2a20,jitter,11.0,29,3.541067553904751,1.6731065132389327,11.540434215928846,0.17310651323893267,13,-7.699018703777847,-13.684090229468149,-18.513982804500813
120.0,curved_S2a20,jitter,11.0,30,15.462622979506335,2.806082875237684,87.07219168251227,1.306082875237684,12,-18.354487344853023,-28.478298371402154,-39.51367692198789
120.0,curved_S2a20,jitter,30.0,1,4.467292520596516,2.215882348592859,47.72548990619061,0.7158823485928592,14,-9.580105030645214,-16.7625610478441,-24.007676324000983
120.0,curved_S2a20,jitter,30.0,2,11.533526111246568,2.461366954204596,64.0911302803064,0.9613669542045962,12,-13.111232499629345,-23.739271169949333,-34.1108995994791
120.0,curved_S2a20,jitter,30.0,3,10.41934557182808,1.8228429737942253,21.522864919615024,0.32284297379422533,13,-4.80948546401859,-10.68691309557285,-18.21841646692221
120.0,curved_S2a20,jitter,30.0,4,9.028981408896762,1.484707396252935,-1.019506916471006,-0.015292603747065092,13,-3.246792403501003,-8.811732846225967,-10.086026646737228
120.0,curved_S2a20,jitter,30.0,5,2.322734373938702,1.6609471671921459,10.729811146143058,0.16094716719214586,11,-3.2639244504697253,-0.8928566159087261,-9.499710304785006
120.0,curved_S2a20,jitter,30.0,6,1.0534712603720866,2.850813096812813,90.05420645418752,1.350813096812813,12,-14.204843753580974,-21.733960822537956,-30.016156758591702
120.0,curved_S2a20,jitter,30.0,7,34.16364353373387,1.603049978859897,6.869998590659805,0.10304997885989708,13,-8.39054852520954,-18.971438688365893,-28.199914534687732
120.0,curved_S2a20,jitter,30.0,8,5.6553327409831065,1.4057344412218218,-6.284370585211881,-0.09426555877817822,13,-2.665278168604676,-4.835115785151371,-2.7741710473683985
120.0,curved_S2a20,jitter,30.0,9,60.233228814805805,2.3092505527393943,53.95003684929295,0.8092505527393943,13,-5.7795150303004785,-17.528106168957354,-37.967025460215915
120.0,curved_S2a20,jitter,30.0,10,8.269754763541291,1.6730399724419966,11.535998162799777,0.17303997244199665,13,-7.2473106922319195,-16.621906382884028,-24.508806811344016
120.0,curved_S2a20,jitter,30.0,11,23.97840983754511,2.579646476144008,71.97643174293388,1.079646476144008,14,-3.778862799499734,-2.04448840813796,-0.9238638885638085
120.0,curved_S2a20,jitter,30.0,12,24.86905386973441,1.6510298156514096,10.06865437676064,0.1510298156514096,13,-11.037897853069229,-16.517937520862485,-22.96590144719745
120.0,curved_S2a20,jitter,30.0,13,4.925796632288896,2.354827063576315,56.988470905087674,0.8548270635763151,14,-7.735779673157957,-13.706446120493794,-20.50100609366057
120.0,curved_S2a20,jitter,30.0,14,10.62593984077108,1.6650332057264416,11.00221371509611,0.16503320572644165,13,-7.3609017971830975,-14.836414879488698,-21.95035909702813
120.0,curved_S2a20,jitter,30.0,15,24.2134753840254,1.7952969068819709,19.68646045879806,0.29529690688197086,14,-4.847240757110768,-13.109052430343004,-22.866273258690406
120.0,curved_S2a20,jitter,30.0,16,9.33938830648697,2.352778360072339,56.85189067148926,0.8527783600723389,13,-11.151278055340363,-19.987773435715823,-25.590840673531066
120.0,curved_S2a20,jitter,30.0,17,10.290874117321065,1.8062786995975735,20.418579973171568,0.3062786995975735,13,-3.635654800135737,-4.026399367296247,-16.09956282589392
120.0,curved_S2a20,jitter,30.0,18,12.523824170327964,1.9641855032959685,30.945700219731236,0.4641855032959685,13,-9.828407756340978,-11.484159253285245,-23.328279104426947
120.0,curved_S2a20,jitter,30.0,19,52.78478671362333,2.3293351888401874,55.28901258934583,0.8293351888401874,14,-7.874981452480408,-13.359424265412903,-15.865802896179677
120.0,curved_S2a20,jitter,30.0,20,19.437801116609283,2.078826874815157,38.58845832101047,0.578826874815157,13,-11.498661145136676,-20.110081621968984,-30.180674671515067
120.0,curved_S2a20,jitter,30.0,21,20.517415817391143,2.4338146166063925,62.2543077737595,0.9338146166063925,10,-11.53722064637709,-22.063370680299506,-26.98008149327395
120.0,curved_S2a20,jitter,30.0,22,13.911785730471973,1.7098528222033198,13.990188146887986,0.2098528222033198,11,-4.35925519261518,-8.785022210184335,-15.29573965886567
120.0,curved_S2a20,jitter,30.0,23,56.41120839064155,2.2252223757667036,48.348158384446904,0.7252223757667036,12,-1.974420410755325,-4.533371908974845,-9.122571407208406
120.0,curved_S2a20,jitter,30.0,24,20.690028482480276,1.8598146135767464,23.987640905116425,0.3598146135767464,12,-4.065999231538618,-3.578290412516383,-16.733187636738528
120.0,curved_S2a20,jitter,30.0,25,0.5452144115933861,1.9860987367542575,32.406582450283835,0.4860987367542575,14,-6.718236773194603,-11.027076104273918,-14.177402349698019
120.0,curved_S2a20,jitter,30.0,26,11.3534097927815,1.6443232156016347,9.621547706775651,0.14432321560163475,13,-1.4329707127228204,-3.356553675718986,-2.7719981502499724
120.0,curved_S2a20,jitter,30.0,27,11.877521356598699,1.5240308006046006,1.6020533736400406,0.02403080060460061,14,5.195146287279226,12.659980887010393,21.174692401265084
120.0,curved_S2a20,jitter,30.0,28,15.046589406692954,1.6316768597692237,8.778457317948247,0.13167685976922372,10,-6.973906872950684,-19.97153779042878,-26.303313684278013
120.0,curved_S2a20,jitter,30.0,29,4.516335008955185,2.1910043664958474,46.06695776638983,0.6910043664958474,12,-11.506939379433472,-21.466792994115774,-30.42297304064072
120.0,curved_S2a20,jitter,30.0,30,31.723304208096895,2.8284271247461934,88.5618083164129,1.3284271247461934,13,-18.157522538828278,-30.3806560343669,-44.4737303286562
120.0,curved_S2a20,jitter,78.5,1,75.83241567068339,1.9338378061219523,28.922520408130154,0.43383780612195233,14,-4.448682387192622,-7.63593021486858,-13.399771546808434
120.0,curved_S2a20,jitter,78.5,2,169.19845731289828,3.367175148507344,124.47834323382293,1.8671751485073438,13,-21.70517427861238,-33.68374711621469,-67.4601414350376
120.0,curved_S2a20,jitter,78.5,3,0.04253018698218239,2.0263419896361214,35.08946597574143,0.5263419896361214,9,-11.118191970479913,-25.177098227127875,-33.059756131804015
120.0,curved_S2a20,jitter,78.5,4,5.559939309962847,1.6812981521051622,12.08654347367748,0.1812981521051622,10,1.5067096185771527,-5.885227493354475,-7.183561136351002
120.0,curved_S2a20,jitter,78.5,5,23.48163298133044,1.6677995078598615,11.186633857324102,0.16779950785986153,13,-0.8830792248521407,-4.588238455261583,-13.39282956202877
120.0,curved_S2a20,jitter,78.5,6,13.174584787845143,4.2998477942903435,186.65651961935623,2.7998477942903435,12,,,
120.0,curved_S2a20,jitter,78.5,7,37.03546001401695,2.054442568697214,36.96283791314761,0.5544425686972141,8,-5.375112013655098,-16.89907794057358,-22.52043439761217
120.0,curved_S2a20,jitter,78.5,8,29.180227545384945,2.064629084507255,37.64193896715034,0.564629084507255,9,-14.729095475780117,-29.22299674831197,-43.71075806382698
120.0,curved_S2a20,jitter,78.5,9,81.42391375474425,2.6261286571944447,75.07524381296298,1.1261286571944447,11,-8.398578435795674,-16.796791284320427,-29.542247863398853
120.0,curved_S2a20,jitter,78.5,10,0.6068007711425637,3.400434183481846,126.69561223212307,1.900434183481846,12,-17.702883335665064,-29.981728487831404,-41.25717546341644
120.0,curved_S2a20,jitter,78.5,11,131.02308784664103,3.4677126745859854,131.18084497239903,1.9677126745859854,12,-10.491006622258435,-19.652975330310724,-30.85940558022075
120.0,curved_S2a20,jitter,78.5,12,50.475024297639536,3.0862352012861214,105.74901341907477,1.5862352012861214,10,-22.04501037704401,-37.267017075114424,-53.716776366678495
120.0,curved_S2a20,jitter,78.5,13,164.06104282655187,1.8886758459928883,25.911723066192554,0.3886758459928883,14,-7.356100329074496,-15.64965727957021,-23.811209249410545
120.0,curved_S2a20,jitter,78.5,14,21.83171227652323,2.5427161214477483,69.51440809651656,1.0427161214477483,10,-10.515295247814015,-19.230772916779976,-20.521010939447493
120.0,curved_S2a20,jitter,78.5,15,50.340696123308994,1.5421158465515785,2.807723103438568,0.04211584655157852,13,0.9972288589717856,-8.154350126212394,-2.5712829636226444
120.0,curved_S2a20,jitter,78.5,16,143.44517191647165,2.167461119345902,44.49740795639346,0.6674611193459019,12,-19.383901280130342,-26.241071974211696,-35.53375807856687
120.0,curved_S2a20,jitter,78.5,17,51.79781460625638,2.0810764446485837,38.73842964323891,0.5810764446485837,13,-1.772321396258804,-8.77833273264747,-20.183185822807992
120.0,curved_S2a20,jitter,78.5,18,125.10231425620441,3.7038216789315634,146.9214452621042,2.2038216789315634,11,-12.694894504552607,-22.567276763934007,-45.096472171783375
120.0,curved_S2a20,jitter,78.5,19,139.79113042390472,2.380277794628904,58.68518630859359,0.880277794628904,11,-13.51605799186941,-24.484061793232293,-27.359866578960933
120.0,curved_S2a20,jitter,78.5,20,15.55001048767736,2.896422231817464,93.09481545449762,1.3964222318174642,11,-12.623944922478383,-23.825507059210775,-33.36995643674148
120.0,curved_S2a20,jitter,78.5,21,66.53399790126227,2.4779852148975197,65.19901432650131,0.9779852148975197,11,-8.464250768394423,-17.510535281334054,-20.68228709750176
120.0,curved_S2a20,jitter,78.5,22,26.85708302491309,2.8532009581332565,90.21339720888376,1.3532009581332565,10,-9.806992970944535,-18.675646275862096,-34.41094506170868
120.0,curved_S2a20,jitter,78.5,23,172.15948899037716,2.516881537140479,67.79210247603193,1.016881537140479,10,-18.358945968958505,,
120.0,curved_S2a20,jitter,78.5,24,3.6038878688019644,3.0102220083806883,100.68146722537922,1.5102220083806883,11,-12.380950380325112,-28.40948596415698,-53.066925801959314
120.0,curved_S2a20,jitter,78.5,25,48.8697557952796,2.4709849764039094,64.73233176026062,0.9709849764039094,14,-16.669982874268598,-31.083818084398953,-42.69703057457065
120.0,curved_S2a20,jitter,78.5,26,105.14999110937532,3.1459895398689675,109.7326359912645,1.6459895398689675,12,-6.829572957052824,-12.193444410547922,-18.472041683878345
120.0,curved_S2a20,jitter,78.5,27,7.752123617362922,2.596325552317177,73.08837015447848,1.096325552317177,12,-10.831382825177807,-22.12903212314519,-30.49495715564041
120.0,curved_S2a20,jitter,78.5,28,47.08554722975179,3.246137365805989,116.40915772039928,1.746137365805989,9,-8.207878950980707,-19.565958628189478,-26.782786853482673
120.0,curved_S2a20,jitter,78.5,29,53.4701782333368,2.5641025641025634,70.9401709401709,1.0641025641025634,12,-9.461286608572932,-19.497740020355828,-31.822212371082234
120.0,curved_S2a20,jitter,78.5,30,127.60847891880374,2.496534994869765,66.43566632465098,0.9965349948697648,11,-18.56537523675196,-30.695754838313643,-41.33755471573294
400.0,straight_S1,uniform,0.0,1,2.115247425243427,1.498558331075938,-0.09611126160412967,-0.0014416689240619451,13,-10.585613109074007,-15.07041407873087,-21.050609708541387
400.0,straight_S1,uniform,0.0,2,2.115247425243427,1.498558331075938,-0.09611126160412967,-0.0014416689240619451,13,-10.585613109074007,-15.07041407873087,-21.050609708541387
400.0,straight_S1,uniform,0.0,3,2.115247425243427,1.498558331075938,-0.09611126160412967,-0.0014416689240619451,13,-10.585613109074007,-15.07041407873087,-21.050609708541387
400.0,straight_S1,uniform,0.0,4,2.115247425243427,1.498558331075938,-0.09611126160412967,-0.0014416689240619451,13,-10.585613109074007,-15.07041407873087,-21.050609708541387
400.0,straight_S1,uniform,0.0,5,2.115247425243427,1.498558331075938,-0.09611126160412967,-0.0014416689240619451,13,-10.585613109074007,-15.07041407873087,-21.050609708541387
400.0,straight_S1,uniform,0.0,6,2.115247425243427,1.498558331075938,-0.09611126160412967,-0.0014416689240619451,13,-10.585613109074007,-15.07041407873087,-21.050609708541387
400.0,straight_S1,uniform,0.0,7,2.115247425243427,1.498558331075938,-0.09611126160412967,-0.0014416689240619451,13,-10.585613109074007,-15.07041407873087,-21.050609708541387
400.0,straight_S1,uniform,0.0,8,2.115247425243427,1.498558331075938,-0.09611126160412967,-0.0014416689240619451,13,-10.585613109074007,-15.07041407873087,-21.050609708541387
400.0,straight_S1,uniform,0.0,9,2.115247425243427,1.498558331075938,-0.09611126160412967,-0.0014416689240619451,13,-10.585613109074007,-15.07041407873087,-21.050609708541387
400.0,straight_S1,uniform,0.0,10,2.115247425243427,1.498558331075938,-0.09611126160412967,-0.0014416689240619451,13,-10.585613109074007,-15.07041407873087,-21.050609708541387
400.0,straight_S1,uniform,0.0,11,2.115247425243427,1.498558331075938,-0.09611126160412967,-0.0014416689240619451,13,-10.585613109074007,-15.07041407873087,-21.050609708541387
400.0,straight_S1,uniform,0.0,12,2.115247425243427,1.498558331075938,-0.09611126160412967,-0.0014416689240619451,13,-10.585613109074007,-15.07041407873087,-21.050609708541387
400.0,straight_S1,uniform,0.0,13,2.115247425243427,1.498558331075938,-0.09611126160412967,-0.0014416689240619451,13,-10.585613109074007,-15.07041407873087,-21.050609708541387
400.0,straight_S1,uniform,0.0,14,2.115247425243427,1.498558331075938,-0.09611126160412967,-0.0014416689240619451,13,-10.585613109074007,-15.07041407873087,-21.050609708541387
400.0,straight_S1,uniform,0.0,15,2.115247425243427,1.498558331075938,-0.09611126160412967,-0.0014416689240619451,13,-10.585613109074007,-15.07041407873087,-21.050609708541387
400.0,straight_S1,uniform,0.0,16,2.115247425243427,1.498558331075938,-0.09611126160412967,-0.0014416689240619451,13,-10.585613109074007,-15.07041407873087,-21.050609708541387
400.0,straight_S1,uniform,0.0,17,2.115247425243427,1.498558331075938,-0.09611126160412967,-0.0014416689240619451,13,-10.585613109074007,-15.07041407873087,-21.050609708541387
400.0,straight_S1,uniform,0.0,18,2.115247425243427,1.498558331075938,-0.09611126160412967,-0.0014416689240619451,13,-10.585613109074007,-15.07041407873087,-21.050609708541387
400.0,straight_S1,uniform,0.0,19,2.115247425243427,1.498558331075938,-0.09611126160412967,-0.0014416689240619451,13,-10.585613109074007,-15.07041407873087,-21.050609708541387
400.0,straight_S1,uniform,0.0,20,2.115247425243427,1.498558331075938,-0.09611126160412967,-0.0014416689240619451,13,-10.585613109074007,-15.07041407873087,-21.050609708541387
400.0,straight_S1,uniform,0.0,21,2.115247425243427,1.498558331075938,-0.09611126160412967,-0.0014416689240619451,13,-10.585613109074007,-15.07041407873087,-21.050609708541387
400.0,straight_S1,uniform,0.0,22,2.115247425243427,1.498558331075938,-0.09611126160412967,-0.0014416689240619451,13,-10.585613109074007,-15.07041407873087,-21.050609708541387
400.0,straight_S1,uniform,0.0,23,2.115247425243427,1.498558331075938,-0.09611126160412967,-0.0014416689240619451,13,-10.585613109074007,-15.07041407873087,-21.050609708541387
400.0,straight_S1,uniform,0.0,24,2.115247425243427,1.498558331075938,-0.09611126160412967,-0.0014416689240619451,13,-10.585613109074007,-15.07041407873087,-21.050609708541387
400.0,straight_S1,uniform,0.0,25,2.115247425243427,1.498558331075938,-0.09611126160412967,-0.0014416689240619451,13,-10.585613109074007,-15.07041407873087,-21.050609708541387
400.0,straight_S1,uniform,0.0,26,2.115247425243427,1.498558331075938,-0.09611126160412967,-0.0014416689240619451,13,-10.585613109074007,-15.07041407873087,-21.050609708541387
400.0,straight_S1,uniform,0.0,27,2.115247425243427,1.498558331075938,-0.09611126160412967,-0.0014416689240619451,13,-10.585613109074007,-15.07041407873087,-21.050609708541387
400.0,straight_S1,uniform,0.0,28,2.115247425243427,1.498558331075938,-0.09611126160412967,-0.0014416689240619451,13,-10.585613109074007,-15.07041407873087,-21.050609708541387
400.0,straight_S1,uniform,0.0,29,2.115247425243427,1.498558331075938,-0.09611126160412967,-0.0014416689240619451,13,-10.585613109074007,-15.07041407873087,-21.050609708541387
400.0,straight_S1,uniform,0.0,30,2.115247425243427,1.498558331075938,-0.09611126160412967,-0.0014416689240619451,13,-10.585613109074007,-15.07041407873087,-21.050609708541387
400.0,straight_S1,uniform,2.0,1,0.7234369133717049,1.5150742253044898,1.004948353632651,0.015074225304489763,13,-8.349498363565939,-11.905787544538324,-16.65182391731683
400.0,straight_S1,uniform,2.0,2,0.7234369133717049,1.5150742253044898,1.004948353632651,0.015074225304489763,13,-8.349498363565939,-11.905787544538324,-16.65182391731683
400.0,straight_S1,uniform,2.0,3,0.7234369133717049,1.5150742253044898,1.004948353632651,0.015074225304489763,13,-8.349498363565939,-11.905787544538324,-16.65182391731683
400.0,straight_S1,uniform,2.0,4,0.7234369133717049,1.5150742253044898,1.004948353632651,0.015074225304489763,13,-8.349498363565939,-11.905787544538324,-16.65182391731683
400.0,straight_S1,uniform,2.0,5,0.7234369133717049,1.5150742253044898,1.004948353632651,0.015074225304489763,13,-8.349498363565939,-11.905787544538324,-16.65182391731683
400.0,straight_S1,uniform,2.0,6,0.7234369133717049,1.5150742253044898,1.004948353632651,0.015074225304489763,13,-8.349498363565939,-11.905787544538324,-16.65182391731683
400.0,straight_S1,uniform,2.0,7,0.7234369133717049,1.5150742253044898,1.004948353632651,0.015074225304489763,13,-8.349498363565939,-11.905787544538324,-16.65182391731683
400.0,straight_S1,uniform,2.0,8,0.7234369133717049,1.5150742253044898,1.004948353632651,0.015074225304489763,13,-8.349498363565939,-11.905787544538324,-16.65182391731683
400.0,straight_S1,uniform,2.0,9,0.7234369133717049,1.5150742253044898,1.004948353632651,0.015074225304489763,13,-8.349498363565939,-11.905787544538324,-16.65182391731683
400.0,straight_S1,uniform,2.0,10,0.7234369133717049,1.5150742253044898,1.004948353632651,0.015074225304489763,13,-8.349498363565939,-11.905787544538324,-16.65182391731683
400.0,straight_S1,uniform,2.0,11,0.7234369133717049,1.5150742253044898,1.004948353632651,0.015074225304489763,13,-8.349498363565939,-11.905787544538324,-16.65182391731683
400.0,straight_S1,uniform,2.0,12,0.7234369133717049,1.5150742253044898,1.004948353632651,0.015074225304489763,13,-8.349498363565939,-11.905787544538324,-16.65182391731683
400.0,straight_S1,uniform,2.0,13,0.7234369133717049,1.5150742253044898,1.004948353632651,0.015074225304489763,13,-8.349498363565939,-11.905787544538324,-16.65182391731683
400.0,straight_S1,uniform,2.0,14,0.7234369133717049,1.5150742253044898,1.004948353632651,0.015074225304489763,13,-8.349498363565939,-11.905787544538324,-16.65182391731683
400.0,straight_S1,uniform,2.0,15,0.7234369133717049,1.5150742253044898,1.004948353632651,0.015074225304489763,13,-8.349498363565939,-11.905787544538324,-16.65182391731683
400.0,straight_S1,uniform,2.0,16,0.7234369133717049,1.5150742253044898,1.004948353632651,0.015074225304489763,13,-8.349498363565939,-11.905787544538324,-16.65182391731683
400.0,straight_S1,uniform,2.0,17,0.7234369133717049,1.5150742253044898,1.004948353632651,0.015074225304489763,13,-8.349498363565939,-11.905787544538324,-16.65182391731683
400.0,straight_S1,uniform,2.0,18,0.7234369133717049,1.5150742253044898,1.004948353632651,0.015074225304489763,13,-8.349498363565939,-11.905787544538324,-16.65182391731683
400.0,straight_S1,uniform,2.0,19,0.7234369133717049,1.5150742253044898,1.004948353632651,0.015074225304489763,13,-8.349498363565939,-11.905787544538324,-16.65182391731683
400.0,straight_S1,uniform,2.0,20,0.7234369133717049,1.5150742253044898,1.004948353632651,0.015074225304489763,13,-8.349498363565939,-11.905787544538324,-16.65182391731683
400.0,straight_S1,uniform,2.0,21,0.7234369133717049,1.5150742253044898,1.004948353632651,0.015074225304489763,13,-8.349498363565939,-11.905787544538324,-16.65182391731683
400.0,straight_S1,uniform,2.0,22,0.7234369133717049,1.5150742253044898,1.004948353632651,0.015074225304489763,13,-8.349498363565939,-11.905787544538324,-16.65182391731683
400.0,straight_S1,uniform,2.0,23,0.7234369133717049,1.5150742253044898,1.004948353632651,0.015074225304489763,13,-8.349498363565939,-11.905787544538324,-16.65182391731683
400.0,straight_S1,uniform,2.0,24,0.7234369133717049,1.5150742253044898,1.004948353632651,0.015074225304489763,13,-8.349498363565939,-11.905787544538324,-16.65182391731683
400.0,straight_S1,uniform,2.0,25,0.7234369133717049,1.5150742253044898,1.004948353632651,0.015074225304489763,13,-8.349498363565939,-11.905787544538324,-16.65182391731683
400.0,straight_S1,uniform,2.0,26,0.7234369133717049,1.5150742253044898,1.004948353632651,0.015074225304489763,13,-8.349498363565939,-11.905787544538324,-16.65182391731683
400.0,straight_S1,uniform,2.0,27,0.7234369133717049,1.5150742253044898,1.004948353632651,0.015074225304489763,13,-8.349498363565939,-11.905787544538324,-16.65182391731683
400.0,straight_S1,uniform,2.0,28,0.7234369133717049,1.5150742253044898,1.004948353632651,0.015074225304489763,13,-8.349498363565939,-11.905787544538324,-16.65182391731683
400.0,straight_S1,uniform,2.0,29,0.7234369133717049,1.5150742253044898,1.004948353632651,0.015074225304489763,13,-8.349498363565939,-11.905787544538324,-16.65182391731683
400.0,straight_S1,uniform,2.0,30,0.7234369133717049,1.5150742253044898,1.004948353632651,0.015074225304489763,13,-8.349498363565939,-11.905787544538324,-16.65182391731683
400.0,straight_S1,uniform,5.0,1,0.41645922725015944,1.5325523015172795,2.1701534344853,0.0325523015172795,13,-6.126488733847585,-8.874510951031668,-12.538540573943635
400.0,straight_S1,uniform,5.0,2,0.41645922725015944,1.5325523015172795,2.1701534344853,0.0325523015172795,13,-6.126488733847585,-8.874510951031668,-12.538540573943635
400.0,straight_S1,uniform,5.0,3,0.41645922725015944,1.5325523015172795,2.1701534344853,0.0325523015172795,13,-6.126488733847585,-8.874510951031668,-12.538540573943635
400.0,straight_S1,uniform,5.0,4,0.41645922725015944,1.5325523015172795,2.1701534344853,0.0325523015172795,13,-6.126488733847585,-8.874510951031668,-12.538540573943635
400.0,straight_S1,uniform,5.0,5,0.41645922725015944,1.5325523015172795,2.1701534344853,0.0325523015172795,13,-6.126488733847585,-8.874510951031668,-12.538540573943635
400.0,straight_S1,uniform,5.0,6,0.41645922725015944,1.5325523015172795,2.1701534344853,0.0325523015172795,13,-6.126488733847585,-8.874510951031668,-12.538540573943635
400.0,straight_S1,uniform,5.0,7,0.41645922725015944,1.5325523015172795,2.1701534344853,0.0325523015172795,13,-6.126488733847585,-8.874510951031668,-12.538540573943635
400.0,straight_S1,uniform,5.0,8,0.41645922725015944,1.5325523015172795,2.1701534344853,0.0325523015172795,13,-6.126488733847585,-8.874510951031668,-12.538540573943635
400.0,straight_S1,uniform,5.0,9,0.41645922725015944,1.5325523015172795,2.1701534344853,0.0325523015172795,13,-6.126488733847585,-8.874510951031668,-12.538540573943635
400.0,straight_S1,uniform,5.0,10,0.41645922725015944,1.5325523015172795,2.1701534344853,0.0325523015172795,13,-6.126488733847585,-8.874510951031668,-12.538540573943635
400.0,straight_S1,uniform,5.0,11,0.41645922725015944,1.5325523015172795,2.1701534344853,0.0325523015172795,13,-6.126488733847585,-8.874510951031668,-12.538540573943635
400.0,straight_S1,uniform,5.0,12,0.41645922725015944,1.5325523015172795,2.1701534344853,0.0325523015172795,13,-6.126488733847585,-8.874510951031668,-12.538540573943635
400.0,straight_S1,uniform,5.0,13,0.41645922725015944,1.5325523015172795,2.1701534344853,0.0325523015172795,13,-6.126488733847585,-8.874510951031668,-12.538540573943635
400.0,straight_S1,uniform,5.0,14,0.41645922725015944,1.5325523015172795,2.1701534344853,0.0325523015172795,13,-6.126488733847585,-8.874510951031668,-12.538540573943635
400.0,straight_S1,uniform,5.0,15,0.41645922725015944,1.5325523015172795,2.1701534344853,0.0325523015172795,13,-6.126488733847585,-8.874510951031668,-12.538540573943635
400.0,straight_S1,uniform,5.0,16,0.41645922725015944,1.5325523015172795,2.1701534344853,0.0325523015172795,13,-6.126488733847585,-8.874510951031668,-12.538540573943635
400.0,straight_S1,uniform,5.0,17,0.41645922725015944,1.5325523015172795,2.1701534344853,0.0325523015172795,13,-6.126488733847585,-8.874510951031668,-12.538540573943635
400.0,straight_S1,uniform,5.0,18,0.41645922725015944,1.5325523015172795,2.1701534344853,0.0325523015172795,13,-6.126488733847585,-8.874510951031668,-12.538540573943635
400.0,straight_S1,uniform,5.0,19,0.41645922725015944,1.5325523015172795,2.1701534344853,0.0325523015172795,13,-6.126488733847585,-8.874510951031668,-12.538540573943635
400.0,straight_S1,uniform,5.0,20,0.41645922725015944,1.5325523015172795,2.1701534344853,0.0325523015172795,13,-6.126488733847585,-8.874510951031668,-12.538540573943635
400.0,straight_S1,uniform,5.0,21,0.41645922725015944,1.5325523015172795,2.1701534344853,0.0325523015172795,13,-6.126488733847585,-8.874510951031668,-12.538540573943635
400.0,straight_S1,uniform,5.0,22,0.41645922725015944,1.5325523015172795,2.1701534344853,0.0325523015172795,13,-6.126488733847585,-8.874510951031668,-12.538540573943635
400.0,straight_S1,uniform,5.0,23,0.41645922725015944,1.5325523015172795,2.1701534344853,0.0325523015172795,13,-6.126488733847585,-8.874510951031668,-12.538540573943635
400.0,straight_S1,uniform,5.0,24,0.41645922725015944,1.5325523015172795,2.1701534344853,0.0325523015172795,13,-6.126488733847585,-8.874510951031668,-12.538540573943635
400.0,straight_S1,uniform,5.0,25,0.41645922725015944,1.5325523015172795,2.1701534344853,0.0325523015172795,13,-6.126488733847585,-8.874510951031668,-12.538540573943635
400.0,straight_S1,uniform,5.0,26,0.41645922725015944,1.5325523015172795,2.1701534344853,0.0325523015172795,13,-6.126488733847585,-8.874510951031668,-12.538540573943635
400.0,straight_S1,uniform,5.0,27,0.41645922725015944,1.5325523015172795,2.1701534344853,0.0325523015172795,13,-6.126488733847585,-8.874510951031668,-12.538540573943635
400.0,straight_S1,uniform,5.0,28,0.41645922725015944,1.5325523015172795,2.1701534344853,0.0325523015172795,13,-6.126488733847585,-8.874510951031668,-12.538540573943635
400.0,straight_S1,uniform,5.0,29,0.41645922725015944,1.5325523015172795,2.1701534344853,0.0325523015172795,13,-6.126488733847585,-8.874510951031668,-12.538540573943635
400.0,straight_S1,uniform,5.0,30,0.41645922725015944,1.5325523015172795,2.1701534344853,0.0325523015172795,13,-6.126488733847585,-8.874510951031668,-12.538540573943635
400.0,straight_S1,uniform,10.0,1,0.23507880857104993,1.5182917289142586,1.2194485942839042,0.018291728914258565,13,-3.6969979264575406,-5.710048823190405,-8.394116685500771
400.0,straight_S1,uniform,10.0,2,0.23507880857104993,1.5182917289142586,1.2194485942839042,0.018291728914258565,13,-3.6969979264575406,-5.710048823190405,-8.394116685500771
400.0,straight_S1,uniform,10.0,3,0.23507880857104993,1.5182917289142586,1.2194485942839042,0.018291728914258565,13,-3.6969979264575406,-5.710048823190405,-8.394116685500771
400.0,straight_S1,uniform,10.0,4,0.23507880857104993,1.5182917289142586,1.2194485942839042,0.018291728914258565,13,-3.6969979264575406,-5.710048823190405,-8.394116685500771
400.0,straight_S1,uniform,10.0,5,0.23507880857104993,1.5182917289142586,1.2194485942839042,0.018291728914258565,13,-3.6969979264575406,-5.710048823190405,-8.394116685500771
400.0,straight_S1,uniform,10.0,6,0.23507880857104993,1.5182917289142586,1.2194485942839042,0.018291728914258565,13,-3.6969979264575406,-5.710048823190405,-8.394116685500771
400.0,straight_S1,uniform,10.0,7,0.23507880857104993,1.5182917289142586,1.2194485942839042,0.018291728914258565,13,-3.6969979264575406,-5.710048823190405,-8.394116685500771
400.0,straight_S1,uniform,10.0,8,0.23507880857104993,1.5182917289142586,1.2194485942839042,0.018291728914258565,13,-3.6969979264575406,-5.710048823190405,-8.394116685500771
400.0,straight_S1,uniform,10.0,9,0.23507880857104993,1.5182917289142586,1.2194485942839042,0.018291728914258565,13,-3.6969979264575406,-5.710048823190405,-8.394116685500771
400.0,straight_S1,uniform,10.0,10,0.23507880857104993,1.5182917289142586,1.2194485942839042,0.018291728914258565,13,-3.6969979264575406,-5.710048823190405,-8.394116685500771
400.0,straight_S1,uniform,10.0,11,0.23507880857104993,1.5182917289142586,1.2194485942839042,0.018291728914258565,13,-3.6969979264575406,-5.710048823190405,-8.394116685500771
400.0,straight_S1,uniform,10.0,12,0.23507880857104993,1.5182917289142586,1.2194485942839042,0.018291728914258565,13,-3.6969979264575406,-5.710048823190405,-8.394116685500771
400.0,straight_S1,uniform,10.0,13,0.23507880857104993,1.5182917289142586,1.2194485942839042,0.018291728914258565,13,-3.6969979264575406,-5.710048823190405,-8.394116685500771
400.0,straight_S1,uniform,10.0,14,0.23507880857104993,1.5182917289142586,1.2194485942839042,0.018291728914258565,13,-3.6969979264575406,-5.710048823190405,-8.394116685500771
400.0,straight_S1,uniform,10.0,15,0.23507880857104993,1.5182917289142586,1.2194485942839042,0.018291728914258565,13,-3.6969979264575406,-5.710048823190405,-8.394116685500771
400.0,straight_S1,uniform,10.0,16,0.23507880857104993,1.5182917289142586,1.2194485942839042,0.018291728914258565,13,-3.6969979264575406,-5.710048823190405,-8.394116685500771
400.0,straight_S1,uniform,10.0,17,0.23507880857104993,1.5182917289142586,1.2194485942839042,0.018291728914258565,13,-3.6969979264575406,-5.710048823190405,-8.394116685500771
400.0,straight_S1,uniform,10.0,18,0.23507880857104993,1.5182917289142586,1.2194485942839042,0.018291728914258565,13,-3.6969979264575406,-5.710048823190405,-8.394116685500771
400.0,straight_S1,uniform,10.0,19,0.23507880857104993,1.5182917289142586,1.2194485942839042,0.018291728914258565,13,-3.6969979264575406,-5.710048823190405,-8.394116685500771
400.0,straight_S1,uniform,10.0,20,0.23507880857104993,1.5182917289142586,1.2194485942839042,0.018291728914258565,13,-3.6969979264575406,-5.710048823190405,-8.394116685500771
400.0,straight_S1,uniform,10.0,21,0.23507880857104993,1.5182917289142586,1.2194485942839042,0.018291728914258565,13,-3.6969979264575406,-5.710048823190405,-8.394116685500771
400.0,straight_S1,uniform,10.0,22,0.23507880857104993,1.5182917289142586,1.2194485942839042,0.018291728914258565,13,-3.6969979264575406,-5.710048823190405,-8.394116685500771
400.0,straight_S1,uniform,10.0,23,0.23507880857104993,1.5182917289142586,1.2194485942839042,0.018291728914258565,13,-3.6969979264575406,-5.710048823190405,-8.394116685500771
400.0,straight_S1,uniform,10.0,24,0.23507880857104993,1.5182917289142586,1.2194485942839042,0.018291728914258565,13,-3.6969979264575406,-5.710048823190405,-8.394116685500771
400.0,straight_S1,uniform,10.0,25,0.23507880857104993,1.5182917289142586,1.2194485942839042,0.018291728914258565,13,-3.6969979264575406,-5.710048823190405,-8.394116685500771
400.0,straight_S1,uniform,10.0,26,0.23507880857104993,1.5182917289142586,1.2194485942839042,0.018291728914258565,13,-3.6969979264575406,-5.710048823190405,-8.394116685500771
400.0,straight_S1,uniform,10.0,27,0.23507880857104993,1.5182917289142586,1.2194485942839042,0.018291728914258565,13,-3.6969979264575406,-5.710048823190405,-8.394116685500771
400.0,straight_S1,uniform,10.0,28,0.23507880857104993,1.5182917289142586,1.2194485942839042,0.018291728914258565,13,-3.6969979264575406,-5.710048823190405,-8.394116685500771
400.0,straight_S1,uniform,10.0,29,0.23507880857104993,1.5182917289142586,1.2194485942839042,0.018291728914258565,13,-3.6969979264575406,-5.710048823190405,-8.394116685500771
400.0,straight_S1,uniform,10.0,30,0.23507880857104993,1.5182917289142586,1.2194485942839042,0.018291728914258565,13,-3.6969979264575406,-5.710048823190405,-8.394116685500771
400.0,straight_S1,uniform,11.0,1,0.38133543576908435,1.5182917289142566,1.219448594283771,0.018291728914256566,13,-3.3611904687427336,-5.2979610401432184,-7.880321802010424
400.0,straight_S1,uniform,11.0,2,0.38133543576908435,1.5182917289142566,1.219448594283771,0.018291728914256566,13,-3.3611904687427336,-5.2979610401432184,-7.880321802010424
400.0,straight_S1,uniform,11.0,3,0.38133543576908435,1.5182917289142566,1.219448594283771,0.018291728914256566,13,-3.3611904687427336,-5.2979610401432184,-7.880321802010424
400.0,straight_S1,uniform,11.0,4,0.38133543576908435,1.5182917289142566,1.219448594283771,0.018291728914256566,13,-3.3611904687427336,-5.2979610401432184,-7.880321802010424
400.0,straight_S1,uniform,11.0,5,0.38133543576908435,1.5182917289142566,1.219448594283771,0.018291728914256566,13,-3.3611904687427336,-5.2979610401432184,-7.880321802010424
400.0,straight_S1,uniform,11.0,6,0.38133543576908435,1.5182917289142566,1.219448594283771,0.018291728914256566,13,-3.3611904687427336,-5.2979610401432184,-7.880321802010424
400.0,straight_S1,uniform,11.0,7,0.38133543576908435,1.5182917289142566,1.219448594283771,0.018291728914256566,13,-3.3611904687427336,-5.2979610401432184,-7.880321802010424
400.0,straight_S1,uniform,11.0,8,0.38133543576908435,1.5182917289142566,1.219448594283771,0.018291728914256566,13,-3.3611904687427336,-5.2979610401432184,-7.880321802010424
400.0,straight_S1,uniform,11.0,9,0.38133543576908435,1.5182917289142566,1.219448594283771,0.018291728914256566,13,-3.3611904687427336,-5.2979610401432184,-7.880321802010424
400.0,straight_S1,uniform,11.0,10,0.38133543576908435,1.5182917289142566,1.219448594283771,0.018291728914256566,13,-3.3611904687427336,-5.2979610401432184,-7.880321802010424
400.0,straight_S1,uniform,11.0,11,0.38133543576908435,1.5182917289142566,1.219448594283771,0.018291728914256566,13,-3.3611904687427336,-5.2979610401432184,-7.880321802010424
400.0,straight_S1,uniform,11.0,12,0.38133543576908435,1.5182917289142566,1.219448594283771,0.018291728914256566,13,-3.3611904687427336,-5.2979610401432184,-7.880321802010424
400.0,straight_S1,uniform,11.0,13,0.38133543576908435,1.5182917289142566,1.219448594283771,0.018291728914256566,13,-3.3611904687427336,-5.2979610401432184,-7.880321802010424
400.0,straight_S1,uniform,11.0,14,0.38133543576908435,1.5182917289142566,1.219448594283771,0.018291728914256566,13,-3.3611904687427336,-5.2979610401432184,-7.880321802010424
400.0,straight_S1,uniform,11.0,15,0.38133543576908435,1.5182917289142566,1.219448594283771,0.018291728914256566,13,-3.3611904687427336,-5.2979610401432184,-7.880321802010424
400.0,straight_S1,uniform,11.0,16,0.38133543576908435,1.5182917289142566,1.219448594283771,0.018291728914256566,13,-3.3611904687427336,-5.2979610401432184,-7.880321802010424
400.0,straight_S1,uniform,11.0,17,0.38133543576908435,1.5182917289142566,1.219448594283771,0.018291728914256566,13,-3.3611904687427336,-5.2979610401432184,-7.880321802010424
400.0,straight_S1,uniform,11.0,18,0.38133543576908435,1.5182917289142566,1.219448594283771,0.018291728914256566,13,-3.3611904687427336,-5.2979610401432184,-7.880321802010424
400.0,straight_S1,uniform,11.0,19,0.38133543576908435,1.5182917289142566,1.219448594283771,0.018291728914256566,13,-3.3611904687427336,-5.2979610401432184,-7.880321802010424
400.0,straight_S1,uniform,11.0,20,0.38133543576908435,1.5182917289142566,1.219448594283771,0.018291728914256566,13,-3.3611904687427336,-5.2979610401432184,-7.880321802010424
400.0,straight_S1,uniform,11.0,21,0.38133543576908435,1.5182917289142566,1.219448594283771,0.018291728914256566,13,-3.3611904687427336,-5.2979610401432184,-7.880321802010424
400.0,straight_S1,uniform,11.0,22,0.38133543576908435,1.5182917289142566,1.219448594283771,0.018291728914256566,13,-3.3611904687427336,-5.2979610401432184,-7.880321802010424
400.0,straight_S1,uniform,11.0,23,0.38133543576908435,1.5182917289142566,1.219448594283771,0.018291728914256566,13,-3.3611904687427336,-5.2979610401432184,-7.880321802010424
400.0,straight_S1,uniform,11.0,24,0.38133543576908435,1.5182917289142566,1.219448594283771,0.018291728914256566,13,-3.3611904687427336,-5.2979610401432184,-7.880321802010424
400.0,straight_S1,uniform,11.0,25,0.38133543576908435,1.5182917289142566,1.219448594283771,0.018291728914256566,13,-3.3611904687427336,-5.2979610401432184,-7.880321802010424
400.0,straight_S1,uniform,11.0,26,0.38133543576908435,1.5182917289142566,1.219448594283771,0.018291728914256566,13,-3.3611904687427336,-5.2979610401432184,-7.880321802010424
400.0,straight_S1,uniform,11.0,27,0.38133543576908435,1.5182917289142566,1.219448594283771,0.018291728914256566,13,-3.3611904687427336,-5.2979610401432184,-7.880321802010424
400.0,straight_S1,uniform,11.0,28,0.38133543576908435,1.5182917289142566,1.219448594283771,0.018291728914256566,13,-3.3611904687427336,-5.2979610401432184,-7.880321802010424
400.0,straight_S1,uniform,11.0,29,0.38133543576908435,1.5182917289142566,1.219448594283771,0.018291728914256566,13,-3.3611904687427336,-5.2979610401432184,-7.880321802010424
400.0,straight_S1,uniform,11.0,30,0.38133543576908435,1.5182917289142566,1.219448594283771,0.018291728914256566,13,-3.3611904687427336,-5.2979610401432184,-7.880321802010424
400.0,straight_S1,uniform,20.0,1,0.40330608765715276,1.5342007428954665,2.280049526364432,0.034200742895466485,13,-1.5536283549264214,-3.45468154789729,-5.989419138525033
400.0,straight_S1,uniform,20.0,2,0.40330608765715276,1.5342007428954665,2.280049526364432,0.034200742895466485,13,-1.5536283549264214,-3.45468154789729,-5.989419138525033
400.0,straight_S1,uniform,20.0,3,0.40330608765715276,1.5342007428954665,2.280049526364432,0.034200742895466485,13,-1.5536283549264214,-3.45468154789729,-5.989419138525033
400.0,straight_S1,uniform,20.0,4,0.40330608765715276,1.5342007428954665,2.280049526364432,0.034200742895466485,13,-1.5536283549264214,-3.45468154789729,-5.989419138525033
400.0,straight_S1,uniform,20.0,5,0.40330608765715276,1.5342007428954665,2.280049526364432,0.034200742895466485,13,-1.5536283549264214,-3.45468154789729,-5.989419138525033
400.0,straight_S1,uniform,20.0,6,0.40330608765715276,1.5342007428954665,2.280049526364432,0.034200742895466485,13,-1.5536283549264214,-3.45468154789729,-5.989419138525033
400.0,straight_S1,uniform,20.0,7,0.40330608765715276,1.5342007428954665,2.280049526364432,0.034200742895466485,13,-1.5536283549264214,-3.45468154789729,-5.989419138525033
400.0,straight_S1,uniform,20.0,8,0.40330608765715276,1.5342007428954665,2.280049526364432,0.034200742895466485,13,-1.5536283549264214,-3.45468154789729,-5.989419138525033
400.0,straight_S1,uniform,20.0,9,0.40330608765715276,1.5342007428954665,2.280049526364432,0.034200742895466485,13,-1.5536283549264214,-3.45468154789729,-5.989419138525033
400.0,straight_S1,uniform,20.0,10,0.40330608765715276,1.5342007428954665,2.280049526364432,0.034200742895466485,13,-1.5536283549264214,-3.45468154789729,-5.989419138525033
400.0,straight_S1,uniform,20.0,11,0.40330608765715276,1.5342007428954665,2.280049526364432,0.034200742895466485,13,-1.5536283549264214,-3.45468154789729,-5.989419138525033
400.0,straight_S1,uniform,20.0,12,0.40330608765715276,1.5342007428954665,2.280049526364432,0.034200742895466485,13,-1.5536283549264214,-3.45468154789729,-5.989419138525033
400.0,straight_S1,uniform,20.0,13,0.40330608765715276,1.5342007428954665,2.280049526364432,0.034200742895466485,13,-1.5536283549264214,-3.45468154789729,-5.989419138525033
400.0,straight_S1,uniform,20.0,14,0.40330608765715276,1.5342007428954665,2.280049526364432,0.034200742895466485,13,-1.5536283549264214,-3.45468154789729,-5.989419138525033
400.0,straight_S1,uniform,20.0,15,0.40330608765715276,1.5342007428954665,2.280049526364432,0.034200742895466485,13,-1.5536283549264214,-3.45468154789729,-5.989419138525033
400.0,straight_S1,uniform,20.0,16,0.40330608765715276,1.5342007428954665,2.280049526364432,0.034200742895466485,13,-1.5536283549264214,-3.45468154789729,-5.989419138525033
400.0,straight_S1,uniform,20.0,17,0.40330608765715276,1.5342007428954665,2.280049526364432,0.034200742895466485,13,-1.5536283549264214,-3.45468154789729,-5.989419138525033
400.0,straight_S1,uniform,20.0,18,0.40330608765715276,1.5342007428954665,2.280049526364432,0.034200742895466485,13,-1.5536283549264214,-3.45468154789729,-5.989419138525033
400.0,straight_S1,uniform,20.0,19,0.40330608765715276,1.5342007428954665,2.280049526364432,0.034200742895466485,13,-1.5536283549264214,-3.45468154789729,-5.989419138525033
400.0,straight_S1,uniform,20.0,20,0.40330608765715276,1.5342007428954665,2.280049526364432,0.034200742895466485,13,-1.5536283549264214,-3.45468154789729,-5.989419138525033
400.0,straight_S1,uniform,20.0,21,0.40330608765715276,1.5342007428954665,2.280049526364432,0.034200742895466485,13,-1.5536283549264214,-3.45468154789729,-5.989419138525033
400.0,straight_S1,uniform,20.0,22,0.40330608765715276,1.5342007428954665,2.280049526364432,0.034200742895466485,13,-1.5536283549264214,-3.45468154789729,-5.989419138525033
400.0,straight_S1,uniform,20.0,23,0.40330608765715276,1.5342007428954665,2.280049526364432,0.034200742895466485,13,-1.5536283549264214,-3.45468154789729,-5.989419138525033
400.0,straight_S1,uniform,20.0,24,0.40330608765715276,1.5342007428954665,2.280049526364432,0.034200742895466485,13,-1.5536283549264214,-3.45468154789729,-5.989419138525033
400.0,straight_S1,uniform,20.0,25,0.40330608765715276,1.5342007428954665,2.280049526364432,0.034200742895466485,13,-1.5536283549264214,-3.45468154789729,-5.989419138525033
400.0,straight_S1,uniform,20.0,26,0.40330608765715276,1.5342007428954665,2.280049526364432,0.034200742895466485,13,-1.5536283549264214,-3.45468154789729,-5.989419138525033
400.0,straight_S1,uniform,20.0,27,0.40330608765715276,1.5342007428954665,2.280049526364432,0.034200742895466485,13,-1.5536283549264214,-3.45468154789729,-5.989419138525033
400.0,straight_S1,uniform,20.0,28,0.40330608765715276,1.5342007428954665,2.280049526364432,0.034200742895466485,13,-1.5536283549264214,-3.45468154789729,-5.989419138525033
400.0,straight_S1,uniform,20.0,29,0.40330608765715276,1.5342007428954665,2.280049526364432,0.034200742895466485,13,-1.5536283549264214,-3.45468154789729,-5.989419138525033
400.0,straight_S1,uniform,20.0,30,0.40330608765715276,1.5342007428954665,2.280049526364432,0.034200742895466485,13,-1.5536283549264214,-3.45468154789729,-5.989419138525033
400.0,straight_S1,uniform,30.0,1,0.1678349704068237,1.5325523015172788,2.1701534344852558,0.03255230151727884,13,0.06431957447710085,-2.0769499617219958,-4.931976009987401
400.0,straight_S1,uniform,30.0,2,0.1678349704068237,1.5325523015172788,2.1701534344852558,0.03255230151727884,13,0.06431957447710085,-2.0769499617219958,-4.931976009987401
400.0,straight_S1,uniform,30.0,3,0.1678349704068237,1.5325523015172788,2.1701534344852558,0.03255230151727884,13,0.06431957447710085,-2.0769499617219958,-4.931976009987401
400.0,straight_S1,uniform,30.0,4,0.1678349704068237,1.5325523015172788,2.1701534344852558,0.03255230151727884,13,0.06431957447710085,-2.0769499617219958,-4.931976009987401
400.0,straight_S1,uniform,30.0,5,0.1678349704068237,1.5325523015172788,2.1701534344852558,0.03255230151727884,13,0.06431957447710085,-2.0769499617219958,-4.931976009987401
400.0,straight_S1,uniform,30.0,6,0.1678349704068237,1.5325523015172788,2.1701534344852558,0.03255230151727884,13,0.06431957447710085,-2.0769499617219958,-4.931976009987401
400.0,straight_S1,uniform,30.0,7,0.1678349704068237,1.5325523015172788,2.1701534344852558,0.03255230151727884,13,0.06431957447710085,-2.0769499617219958,-4.931976009987401
400.0,straight_S1,uniform,30.0,8,0.1678349704068237,1.5325523015172788,2.1701534344852558,0.03255230151727884,13,0.06431957447710085,-2.0769499617219958,-4.931976009987401
400.0,straight_S1,uniform,30.0,9,0.1678349704068237,1.5325523015172788,2.1701534344852558,0.03255230151727884,13,0.06431957447710085,-2.0769499617219958,-4.931976009987401
400.0,straight_S1,uniform,30.0,10,0.1678349704068237,1.5325523015172788,2.1701534344852558,0.03255230151727884,13,0.06431957447710085,-2.0769499617219958,-4.931976009987401
400.0,straight_S1,uniform,30.0,11,0.1678349704068237,1.5325523015172788,2.1701534344852558,0.03255230151727884,13,0.06431957447710085,-2.0769499617219958,-4.931976009987401
400.0,straight_S1,uniform,30.0,12,0.1678349704068237,1.5325523015172788,2.1701534344852558,0.03255230151727884,13,0.06431957447710085,-2.0769499617219958,-4.931976009987401
400.0,straight_S1,uniform,30.0,13,0.1678349704068237,1.5325523015172788,2.1701534344852558,0.03255230151727884,13,0.06431957447710085,-2.0769499617219958,-4.931976009987401
400.0,straight_S1,uniform,30.0,14,0.1678349704068237,1.5325523015172788,2.1701534344852558,0.03255230151727884,13,0.06431957447710085,-2.0769499617219958,-4.931976009987401
400.0,straight_S1,uniform,30.0,15,0.1678349704068237,1.5325523015172788,2.1701534344852558,0.03255230151727884,13,0.06431957447710085,-2.0769499617219958,-4.931976009987401
400.0,straight_S1,uniform,30.0,16,0.1678349704068237,1.5325523015172788,2.1701534344852558,0.03255230151727884,13,0.06431957447710085,-2.0769499617219958,-4.931976009987401
400.0,straight_S1,uniform,30.0,17,0.1678349704068237,1.5325523015172788,2.1701534344852558,0.03255230151727884,13,0.06431957447710085,-2.0769499617219958,-4.931976009987401
400.0,straight_S1,uniform,30.0,18,0.1678349704068237,1.5325523015172788,2.1701534344852558,0.03255230151727884,13,0.06431957447710085,-2.0769499617219958,-4.931976009987401
400.0,straight_S1,uniform,30.0,19,0.1678349704068237,1.5325523015172788,2.1701534344852558,0.03255230151727884,13,0.06431957447710085,-2.0769499617219958,-4.931976009987401
400.0,straight_S1,uniform,30.0,20,0.1678349704068237,1.5325523015172788,2.1701534344852558,0.03255230151727884,13,0.06431957447710085,-2.0769499617219958,-4.931976009987401
400.0,straight_S1,uniform,30.0,21,0.1678349704068237,1.5325523015172788,2.1701534344852558,0.03255230151727884,13,0.06431957447710085,-2.0769499617219958,-4.931976009987401
400.0,straight_S1,uniform,30.0,22,0.1678349704068237,1.5325523015172788,2.1701534344852558,0.03255230151727884,13,0.06431957447710085,-2.0769499617219958,-4.931976009987401
400.0,straight_S1,uniform,30.0,23,0.1678349704068237,1.5325523015172788,2.1701534344852558,0.03255230151727884,13,0.06431957447710085,-2.0769499617219958,-4.931976009987401
400.0,straight_S1,uniform,30.0,24,0.1678349704068237,1.5325523015172788,2.1701534344852558,0.03255230151727884,13,0.06431957447710085,-2.0769499617219958,-4.931976009987401
400.0,straight_S1,uniform,30.0,25,0.1678349704068237,1.5325523015172788,2.1701534344852558,0.03255230151727884,13,0.06431957447710085,-2.0769499617219958,-4.931976009987401
400.0,straight_S1,uniform,30.0,26,0.1678349704068237,1.5325523015172788,2.1701534344852558,0.03255230151727884,13,0.06431957447710085,-2.0769499617219958,-4.931976009987401
400.0,straight_S1,uniform,30.0,27,0.1678349704068237,1.5325523015172788,2.1701534344852558,0.03255230151727884,13,0.06431957447710085,-2.0769499617219958,-4.931976009987401
400.0,straight_S1,uniform,30.0,28,0.1678349704068237,1.5325523015172788,2.1701534344852558,0.03255230151727884,13,0.06431957447710085,-2.0769499617219958,-4.931976009987401
400.0,straight_S1,uniform,30.0,29,0.1678349704068237,1.5325523015172788,2.1701534344852558,0.03255230151727884,13,0.06431957447710085,-2.0769499617219958,-4.931976009987401
400.0,straight_S1,uniform,30.0,30,0.1678349704068237,1.5325523015172788,2.1701534344852558,0.03255230151727884,13,0.06431957447710085,-2.0769499617219958,-4.931976009987401
400.0,straight_S1,uniform,50.0,1,0.313212109325939,1.5397740947573622,2.6516063171574773,0.039774094757362155,13,3.7257072475528488,1.4109802527480606,-1.6753224069916386
400.0,straight_S1,uniform,50.0,2,0.313212109325939,1.5397740947573622,2.6516063171574773,0.039774094757362155,13,3.7257072475528488,1.4109802527480606,-1.6753224069916386
400.0,straight_S1,uniform,50.0,3,0.313212109325939,1.5397740947573622,2.6516063171574773,0.039774094757362155,13,3.7257072475528488,1.4109802527480606,-1.6753224069916386
400.0,straight_S1,uniform,50.0,4,0.313212109325939,1.5397740947573622,2.6516063171574773,0.039774094757362155,13,3.7257072475528488,1.4109802527480606,-1.6753224069916386
400.0,straight_S1,uniform,50.0,5,0.313212109325939,1.5397740947573622,2.6516063171574773,0.039774094757362155,13,3.7257072475528488,1.4109802527480606,-1.6753224069916386
400.0,straight_S1,uniform,50.0,6,0.313212109325939,1.5397740947573622,2.6516063171574773,0.039774094757362155,13,3.7257072475528488,1.4109802527480606,-1.6753224069916386
400.0,straight_S1,uniform,50.0,7,0.313212109325939,1.5397740947573622,2.6516063171574773,0.039774094757362155,13,3.7257072475528488,1.4109802527480606,-1.6753224069916386
400.0,straight_S1,uniform,50.0,8,0.313212109325939,1.5397740947573622,2.6516063171574773,0.039774094757362155,13,3.7257072475528488,1.4109802527480606,-1.6753224069916386
400.0,straight_S1,uniform,50.0,9,0.313212109325939,1.5397740947573622,2.6516063171574773,0.039774094757362155,13,3.7257072475528488,1.4109802527480606,-1.6753224069916386
400.0,straight_S1,uniform,50.0,10,0.313212109325939,1.5397740947573622,2.6516063171574773,0.039774094757362155,13,3.7257072475528488,1.4109802527480606,-1.6753224069916386
400.0,straight_S1,uniform,50.0,11,0.313212109325939,1.5397740947573622,2.6516063171574773,0.039774094757362155,13,3.7257072475528488,1.4109802527480606,-1.6753224069916386
400.0,straight_S1,uniform,50.0,12,0.313212109325939,1.5397740947573622,2.6516063171574773,0.039774094757362155,13,3.7257072475528488,1.4109802527480606,-1.6753224069916386
400.0,straight_S1,uniform,50.0,13,0.313212109325939,1.5397740947573622,2.6516063171574773,0.039774094757362155,13,3.7257072475528488,1.4109802527480606,-1.6753224069916386
400.0,straight_S1,uniform,50.0,14,0.313212109325939,1.5397740947573622,2.6516063171574773,0.039774094757362155,13,3.7257072475528488,1.4109802527480606,-1.6753224069916386
400.0,straight_S1,uniform,50.0,15,0.313212109325939,1.5397740947573622,2.6516063171574773,0.039774094757362155,13,3.7257072475528488,1.4109802527480606,-1.6753224069916386
400.0,straight_S1,uniform,50.0,16,0.313212109325939,1.5397740947573622,2.6516063171574773,0.039774094757362155,13,3.7257072475528488,1.4109802527480606,-1.6753224069916386
400.0,straight_S1,uniform,50.0,17,0.313212109325939,1.5397740947573622,2.6516063171574773,0.039774094757362155,13,3.7257072475528488,1.4109802527480606,-1.6753224069916386
400.0,straight_S1,uniform,50.0,18,0.313212109325939,1.5397740947573622,2.6516063171574773,0.039774094757362155,13,3.7257072475528488,1.4109802527480606,-1.6753224069916386
400.0,straight_S1,uniform,50.0,19,0.313212109325939,1.5397740947573622,2.6516063171574773,0.039774094757362155,13,3.7257072475528488,1.4109802527480606,-1.6753224069916386
400.0,straight_S1,uniform,50.0,20,0.313212109325939,1.5397740947573622,2.6516063171574773,0.039774094757362155,13,3.7257072475528488,1.4109802527480606,-1.6753224069916386
400.0,straight_S1,uniform,50.0,21,0.313212109325939,1.5397740947573622,2.6516063171574773,0.039774094757362155,13,3.7257072475528488,1.4109802527480606,-1.6753224069916386
400.0,straight_S1,uniform,50.0,22,0.313212109325939,1.5397740947573622,2.6516063171574773,0.039774094757362155,13,3.7257072475528488,1.4109802527480606,-1.6753224069916386
400.0,straight_S1,uniform,50.0,23,0.313212109325939,1.5397740947573622,2.6516063171574773,0.039774094757362155,13,3.7257072475528488,1.4109802527480606,-1.6753224069916386
400.0,straight_S1,uniform,50.0,24,0.313212109325939,1.5397740947573622,2.6516063171574773,0.039774094757362155,13,3.7257072475528488,1.4109802527480606,-1.6753224069916386
400.0,straight_S1,uniform,50.0,25,0.313212109325939,1.5397740947573622,2.6516063171574773,0.039774094757362155,13,3.7257072475528488,1.4109802527480606,-1.6753224069916386
400.0,straight_S1,uniform,50.0,26,0.313212109325939,1.5397740947573622,2.6516063171574773,0.039774094757362155,13,3.7257072475528488,1.4109802527480606,-1.6753224069916386
400.0,straight_S1,uniform,50.0,27,0.313212109325939,1.5397740947573622,2.6516063171574773,0.039774094757362155,13,3.7257072475528488,1.4109802527480606,-1.6753224069916386
400.0,straight_S1,uniform,50.0,28,0.313212109325939,1.5397740947573622,2.6516063171574773,0.039774094757362155,13,3.7257072475528488,1.4109802527480606,-1.6753224069916386
400.0,straight_S1,uniform,50.0,29,0.313212109325939,1.5397740947573622,2.6516063171574773,0.039774094757362155,13,3.7257072475528488,1.4109802527480606,-1.6753224069916386
400.0,straight_S1,uniform,50.0,30,0.313212109325939,1.5397740947573622,2.6516063171574773,0.039774094757362155,13,3.7257072475528488,1.4109802527480606,-1.6753224069916386
400.0,straight_S1,uniform,78.5,1,0.3453143881032122,1.5470578098827115,3.137187325514098,0.047057809882711465,13,9.426278164335619,7.17786437055133,4.179979312172273
400.0,straight_S1,uniform,78.5,2,0.3453143881032122,1.5470578098827115,3.137187325514098,0.047057809882711465,13,9.426278164335619,7.17786437055133,4.179979312172273
400.0,straight_S1,uniform,78.5,3,0.3453143881032122,1.5470578098827115,3.137187325514098,0.047057809882711465,13,9.426278164335619,7.17786437055133,4.179979312172273
400.0,straight_S1,uniform,78.5,4,0.3453143881032122,1.5470578098827115,3.137187325514098,0.047057809882711465,13,9.426278164335619,7.17786437055133,4.179979312172273
400.0,straight_S1,uniform,78.5,5,0.3453143881032122,1.5470578098827115,3.137187325514098,0.047057809882711465,13,9.426278164335619,7.17786437055133,4.179979312172273
400.0,straight_S1,uniform,78.5,6,0.3453143881032122,1.5470578098827115,3.137187325514098,0.047057809882711465,13,9.426278164335619,7.17786437055133,4.179979312172273
400.0,straight_S1,uniform,78.5,7,0.3453143881032122,1.5470578098827115,3.137187325514098,0.047057809882711465,13,9.426278164335619,7.17786437055133,4.179979312172273
400.0,straight_S1,uniform,78.5,8,0.3453143881032122,1.5470578098827115,3.137187325514098,0.047057809882711465,13,9.426278164335619,7.17786437055133,4.179979312172273
400.0,straight_S1,uniform,78.5,9,0.3453143881032122,1.5470578098827115,3.137187325514098,0.047057809882711465,13,9.426278164335619,7.17786437055133,4.179979312172273
400.0,straight_S1,uniform,78.5,10,0.3453143881032122,1.5470578098827115,3.137187325514098,0.047057809882711465,13,9.426278164335619,7.17786437055133,4.179979312172273
400.0,straight_S1,uniform,78.5,11,0.3453143881032122,1.5470578098827115,3.137187325514098,0.047057809882711465,13,9.426278164335619,7.17786437055133,4.179979312172273
400.0,straight_S1,uniform,78.5,12,0.3453143881032122,1.5470578098827115,3.137187325514098,0.047057809882711465,13,9.426278164335619,7.17786437055133,4.179979312172273
400.0,straight_S1,uniform,78.5,13,0.3453143881032122,1.5470578098827115,3.137187325514098,0.047057809882711465,13,9.426278164335619,7.17786437055133,4.179979312172273
400.0,straight_S1,uniform,78.5,14,0.3453143881032122,1.5470578098827115,3.137187325514098,0.047057809882711465,13,9.426278164335619,7.17786437055133,4.179979312172273
400.0,straight_S1,uniform,78.5,15,0.3453143881032122,1.5470578098827115,3.137187325514098,0.047057809882711465,13,9.426278164335619,7.17786437055133,4.179979312172273
400.0,straight_S1,uniform,78.5,16,0.3453143881032122,1.5470578098827115,3.137187325514098,0.047057809882711465,13,9.426278164335619,7.17786437055133,4.179979312172273
400.0,straight_S1,uniform,78.5,17,0.3453143881032122,1.5470578098827115,3.137187325514098,0.047057809882711465,13,9.426278164335619,7.17786437055133,4.179979312172273
400.0,straight_S1,uniform,78.5,18,0.3453143881032122,1.5470578098827115,3.137187325514098,0.047057809882711465,13,9.426278164335619,7.17786437055133,4.179979312172273
400.0,straight_S1,uniform,78.5,19,0.3453143881032122,1.5470578098827115,3.137187325514098,0.047057809882711465,13,9.426278164335619,7.17786437055133,4.179979312172273
400.0,straight_S1,uniform,78.5,20,0.3453143881032122,1.5470578098827115,3.137187325514098,0.047057809882711465,13,9.426278164335619,7.17786437055133,4.179979312172273
400.0,straight_S1,uniform,78.5,21,0.3453143881032122,1.5470578098827115,3.137187325514098,0.047057809882711465,13,9.426278164335619,7.17786437055133,4.179979312172273
400.0,straight_S1,uniform,78.5,22,0.3453143881032122,1.5470578098827115,3.137187325514098,0.047057809882711465,13,9.426278164335619,7.17786437055133,4.179979312172273
400.0,straight_S1,uniform,78.5,23,0.3453143881032122,1.5470578098827115,3.137187325514098,0.047057809882711465,13,9.426278164335619,7.17786437055133,4.179979312172273
400.0,straight_S1,uniform,78.5,24,0.3453143881032122,1.5470578098827115,3.137187325514098,0.047057809882711465,13,9.426278164335619,7.17786437055133,4.179979312172273
400.0,straight_S1,uniform,78.5,25,0.3453143881032122,1.5470578098827115,3.137187325514098,0.047057809882711465,13,9.426278164335619,7.17786437055133,4.179979312172273
400.0,straight_S1,uniform,78.5,26,0.3453143881032122,1.5470578098827115,3.137187325514098,0.047057809882711465,13,9.426278164335619,7.17786437055133,4.179979312172273
400.0,straight_S1,uniform,78.5,27,0.3453143881032122,1.5470578098827115,3.137187325514098,0.047057809882711465,13,9.426278164335619,7.17786437055133,4.179979312172273
400.0,straight_S1,uniform,78.5,28,0.3453143881032122,1.5470578098827115,3.137187325514098,0.047057809882711465,13,9.426278164335619,7.17786437055133,4.179979312172273
400.0,straight_S1,uniform,78.5,29,0.3453143881032122,1.5470578098827115,3.137187325514098,0.047057809882711465,13,9.426278164335619,7.17786437055133,4.179979312172273
400.0,straight_S1,uniform,78.5,30,0.3453143881032122,1.5470578098827115,3.137187325514098,0.047057809882711465,13,9.426278164335619,7.17786437055133,4.179979312172273
400.0,straight_S1,uniform,100.0,1,0.5452536368941087,1.5504341823651038,3.3622788243402515,0.050434182365103775,13,13.278854954617476,10.860730170333676,7.636563791288593
400.0,straight_S1,uniform,100.0,2,0.5452536368941087,1.5504341823651038,3.3622788243402515,0.050434182365103775,13,13.278854954617476,10.860730170333676,7.636563791288593
400.0,straight_S1,uniform,100.0,3,0.5452536368941087,1.5504341823651038,3.3622788243402515,0.050434182365103775,13,13.278854954617476,10.860730170333676,7.636563791288593
400.0,straight_S1,uniform,100.0,4,0.5452536368941087,1.5504341823651038,3.3622788243402515,0.050434182365103775,13,13.278854954617476,10.860730170333676,7.636563791288593
400.0,straight_S1,uniform,100.0,5,0.5452536368941087,1.5504341823651038,3.3622788243402515,0.050434182365103775,13,13.278854954617476,10.860730170333676,7.636563791288593
400.0,straight_S1,uniform,100.0,6,0.5452536368941087,1.5504341823651038,3.3622788243402515,0.050434182365103775,13,13.278854954617476,10.860730170333676,7.636563791288593
400.0,straight_S1,uniform,100.0,7,0.5452536368941087,1.5504341823651038,3.3622788243402515,0.050434182365103775,13,13.278854954617476,10.860730170333676,7.636563791288593
400.0,straight_S1,uniform,100.0,8,0.5452536368941087,1.5504341823651038,3.3622788243402515,0.050434182365103775,13,13.278854954617476,10.860730170333676,7.636563791288593
400.0,straight_S1,uniform,100.0,9,0.5452536368941087,1.5504341823651038,3.3622788243402515,0.050434182365103775,13,13.278854954617476,10.860730170333676,7.636563791288593
400.0,straight_S1,uniform,100.0,10,0.5452536368941087,1.5504341823651038,3.3622788243402515,0.050434182365103775,13,13.278854954617476,10.860730170333676,7.636563791288593
400.0,straight_S1,uniform,100.0,11,0.5452536368941087,1.5504341823651038,3.3622788243402515,0.050434182365103775,13,13.278854954617476,10.860730170333676,7.636563791288593
400.0,straight_S1,uniform,100.0,12,0.5452536368941087,1.5504341823651038,3.3622788243402515,0.050434182365103775,13,13.278854954617476,10.860730170333676,7.636563791288593
400.0,straight_S1,uniform,100.0,13,0.5452536368941087,1.5504341823651038,3.3622788243402515,0.050434182365103775,13,13.278854954617476,10.860730170333676,7.636563791288593
400.0,straight_S1,uniform,100.0,14,0.5452536368941087,1.5504341823651038,3.3622788243402515,0.050434182365103775,13,13.278854954617476,10.860730170333676,7.636563791288593
400.0,straight_S1,uniform,100.0,15,0.5452536368941087,1.5504341823651038,3.3622788243402515,0.050434182365103775,13,13.278854954617476,10.860730170333676,7.636563791288593
400.0,straight_S1,uniform,100.0,16,0.5452536368941087,1.5504341823651038,3.3622788243402515,0.050434182365103775,13,13.278854954617476,10.860730170333676,7.636563791288593
400.0,straight_S1,uniform,100.0,17,0.5452536368941087,1.5504341823651038,3.3622788243402515,0.050434182365103775,13,13.278854954617476,10.860730170333676,7.636563791288593
400.0,straight_S1,uniform,100.0,18,0.5452536368941087,1.5504341823651038,3.3622788243402515,0.050434182365103775,13,13.278854954617476,10.860730170333676,7.636563791288593
400.0,straight_S1,uniform,100.0,19,0.5452536368941087,1.5504341823651038,3.3622788243402515,0.050434182365103775,13,13.278854954617476,10.860730170333676,7.636563791288593
400.0,straight_S1,uniform,100.0,20,0.5452536368941087,1.5504341823651038,3.3622788243402515,0.050434182365103775,13,13.278854954617476,10.860730170333676,7.636563791288593
400.0,straight_S1,uniform,100.0,21,0.5452536368941087,1.5504341823651038,3.3622788243402515,0.050434182365103775,13,13.278854954617476,10.860730170333676,7.636563791288593
400.0,straight_S1,uniform,100.0,22,0.5452536368941087,1.5504341823651038,3.3622788243402515,0.050434182365103775,13,13.278854954617476,10.860730170333676,7.636563791288593
400.0,straight_S1,uniform,100.0,23,0.5452536368941087,1.5504341823651038,3.3622788243402515,0.050434182365103775,13,13.278854954617476,10.860730170333676,7.636563791288593
400.0,straight_S1,uniform,100.0,24,0.5452536368941087,1.5504341823651038,3.3622788243402515,0.050434182365103775,13,13.278854954617476,10.860730170333676,7.636563791288593
400.0,straight_S1,uniform,100.0,25,0.5452536368941087,1.5504341823651038,3.3622788243402515,0.050434182365103775,13,13.278854954617476,10.860730170333676,7.636563791288593
400.0,straight_S1,uniform,100.0,26,0.5452536368941087,1.5504341823651038,3.3622788243402515,0.050434182365103775,13,13.278854954617476,10.860730170333676,7.636563791288593
400.0,straight_S1,uniform,100.0,27,0.5452536368941087,1.5504341823651038,3.3622788243402515,0.050434182365103775,13,13.278854954617476,10.860730170333676,7.636563791288593
400.0,straight_S1,uniform,100.0,28,0.5452536368941087,1.5504341823651038,3.3622788243402515,0.050434182365103775,13,13.278854954617476,10.860730170333676,7.636563791288593
400.0,straight_S1,uniform,100.0,29,0.5452536368941087,1.5504341823651038,3.3622788243402515,0.050434182365103775,13,13.278854954617476,10.860730170333676,7.636563791288593
400.0,straight_S1,uniform,100.0,30,0.5452536368941087,1.5504341823651038,3.3622788243402515,0.050434182365103775,13,13.278854954617476,10.860730170333676,7.636563791288593
400.0,straight_S1,jitter,11.0,1,3.787802285541057,1.692375375203254,12.825025013550265,0.19237537520325398,14,-11.04849318485474,-18.44783434222493,-28.31362255205173
400.0,straight_S1,jitter,11.0,2,4.027977477480814,1.7721794797636086,18.145298650907236,0.27217947976360857,14,-6.659625360291539,-11.376535970483753,-17.93624837160302
400.0,straight_S1,jitter,11.0,3,4.643181097920151,1.7408129958373222,16.054199722488146,0.24081299583732219,13,-4.726395339097794,-7.41557443573636,-11.001146564587676
400.0,straight_S1,jitter,11.0,4,1.9540868080157376,1.4964129083767916,-0.23913944154722402,-0.0035870916232083605,13,-1.8619840406854882,-2.701334888278941,-3.8204693517367607
400.0,straight_S1,jitter,11.0,5,0.1895611043435765,1.5431441900744978,2.8762793382998515,0.04314419007449777,14,-4.902867459614363,-7.00720151877033,-10.402086861278043
400.0,straight_S1,jitter,11.0,6,0.198355231419003,1.5855755647151484,5.7050376476765585,0.08557556471514838,12,-4.905210966277747,-7.963441499816969,-12.041082211202488
400.0,straight_S1,jitter,11.0,7,0.05384261290392326,1.5030773283349572,0.20515522233048125,0.003077328334957219,14,-5.396853298512246,-9.05186493204562,-13.925213776756683
400.0,straight_S1,jitter,11.0,8,0.3964606483914293,1.4285742387877178,-4.761717414152145,-0.07142576121228217,14,-3.24887342650033,-4.891676431548242,-7.095809806379005
400.0,straight_S1,jitter,11.0,9,2.9736077110087793,1.741304307502876,16.086953833525065,0.24130430750287601,13,-6.683051750044788,-10.877467782619147,-16.47002249271818
400.0,straight_S1,jitter,11.0,10,2.7655787112477603,1.705343975079389,13.689598338625938,0.20534397507938906,12,-2.1761367993231095,-3.224747200981184,-7.904634489583516
400.0,straight_S1,jitter,11.0,11,1.1003380899677742,1.7282316758481675,15.2154450565445,0.2282316758481675,14,-3.164489284363241,-4.8414031961768575,-6.960766742213317
400.0,straight_S1,jitter,11.0,12,3.175846630262189,1.6609177889464202,10.727852596428011,0.16091778894642017,14,-3.47803860819997,-5.350432543385784,-7.992545362026538
400.0,straight_S1,jitter,11.0,13,0.8855322073818482,1.6299573247982408,8.663821653216058,0.12995732479824085,14,-4.680905293885203,-7.867050991415264,-12.05659707670428
400.0,straight_S1,jitter,11.0,14,2.6307894122280615,1.6985788839624976,13.238592264166504,0.19857888396249757,13,-5.275275877560089,-8.518328278822608,-12.842398147172531
400.0,straight_S1,jitter,11.0,15,5.4150053958227655,1.724778960324037,14.985264021602474,0.2247789603240371,14,-4.939063614355037,-8.446291457835446,-13.066294200233363
400.0,straight_S1,jitter,11.0,16,0.0657130206395476,1.6824522148559156,12.16348099039437,0.18245221485591556,14,-6.774543495183231,-11.535781798720278,-17.773673060067086
400.0,straight_S1,jitter,11.0,17,1.2340160269769618,1.5907495435531185,6.0499695702078995,0.09074954355311848,14,-3.732264452014428,-5.931999443678647,-8.892587939007838
400.0,straight_S1,jitter,11.0,18,2.563757025594656,1.7021691510560415,13.4779434037361,0.2021691510560415,12,-6.43573767679145,-11.11875276058523,-17.362772872310163
400.0,straight_S1,jitter,11.0,19,2.6419743737763075,1.6461270369483045,9.741802463220301,0.14612703694830453,14,-4.651014710073874,-7.466833485621789,-11.134778092127636
400.0,straight_S1,jitter,11.0,20,2.416498008617837,1.7909761546007448,19.39841030671632,0.2909761546007448,13,-5.2664344991318695,-8.393657460527539,-12.563288075721667
400.0,straight_S1,jitter,11.0,21,1.8687145619969405,1.5967108742040308,6.447391613602053,0.0967108742040308,12,-1.2306228963249115,-1.3899273100987326,-1.6023331951303792
400.0,straight_S1,jitter,11.0,22,1.475493132864617,1.5910222997674994,6.0681533178332945,0.09102229976749943,12,-0.8101268678888407,-0.9543445496720415,-1.1466347920495408
400.0,straight_S1,jitter,11.0,23,2.8344645845686234,1.7596037311837023,17.306915412246816,0.2596037311837023,13,-3.7105717296303027,-6.0911820578868685,-9.26532916222885
400.0,straight_S1,jitter,11.0,24,2.762830323473523,1.5484386998156152,3.229246654374348,0.048438699815615216,12,-5.602346859481874,-9.516757105573593,-16.91539133106298
400.0,straight_S1,jitter,11.0,25,0.7881200144925127,1.7670772362259806,17.80514908173204,0.26707723622598056,14,-4.637746175907658,-7.397866611587116,-11.014816277248144
400.0,straight_S1,jitter,11.0,26,1.6015752727468362,1.6124325588991841,7.495503926612275,0.11243255889918413,13,-3.253578397404809,-5.024977127025541,-7.386842099853066
400.0,straight_S1,jitter,11.0,27,0.5778331483718656,1.5959707205005522,6.398048033370148,0.09597072050055222,14,-2.6355928135832984,-3.951150519363182,-5.667543434396814
400.0,straight_S1,jitter,11.0,28,0.37485385469721216,1.4612884328928413,-2.580771140477249,-0.03871156710715873,12,2.5821860834375787,4.506438841375856,7.072109185293669
400.0,straight_S1,jitter,11.0,29,2.1681972923642285,1.6652537775687652,11.01691850458435,0.16525377756876525,14,-6.309454768980644,-10.868555780249823,-16.947357128608605
400.0,straight_S1,jitter,11.0,30,4.695356500241832,2.014148736276901,34.27658241846005,0.5141487362769008,13,-11.86437155818323,-19.51457727131816,-29.714851555497958
400.0,straight_S1,jitter,30.0,1,28.481519921982702,3.3317160196070743,122.11440130713828,1.8317160196070743,14,-21.104095051271013,-36.83773063649556,-57.211734558879414
400.0,straight_S1,jitter,30.0,2,9.958428067488923,2.0760810704485606,38.405404696570706,0.5760810704485606,14,-9.262102205128183,-18.300611696770684,-31.281099520077753
400.0,straight_S1,jitter,30.0,3,17.939868715857873,1.9620312309000587,30.802082060003915,0.4620312309000587,13,-8.090388486005349,-16.495764621919253,-27.702932803137774
400.0,straight_S1,jitter,30.0,4,1.7655985231471023,1.4139308044851664,-5.737946367655574,-0.08606919551483361,13,3.980535361326003,4.834949298149983,5.974167880582004
400.0,straight_S1,jitter,30.0,5,3.479955826816742,1.58468860414665,5.645906943109994,0.08468860414664992,14,-6.370588826168302,-11.304319607041233,-17.88262731487176
400.0,straight_S1,jitter,30.0,6,1.731340676719576,2.190539771691621,46.0359847794414,0.6905397716916211,11,-9.332167318922705,-17.21275434284954,-27.72020370808527
400.0,straight_S1,jitter,30.0,7,2.096259533158773,1.614593399097583,7.639559939838862,0.11459339909758293,14,-3.322111391107103,-8.11631455651744,-14.532351599035602
400.0,straight_S1,jitter,30.0,8,1.2726056638795875,1.5783222848782528,5.2214856585501845,0.07832228487825277,12,-1.079337603840826,-3.254582527803367,-6.15490909308669
400.0,straight_S1,jitter,30.0,9,18.426355737791347,2.2097926150471787,47.31950766981192,0.7097926150471787,13,-12.542356593194048,-22.41063694167946,-35.56834407299331
400.0,straight_S1,jitter,30.0,10,7.26823466112642,1.8902247021401646,26.01498014267764,0.3902247021401646,12,3.2658465320641703,3.4463560641453808,-8.963045039439782
400.0,straight_S1,jitter,30.0,11,5.243173418357659,2.0807859883061686,38.7190658870779,0.5807859883061686,14,-1.687790906218032,-5.055838857782315,-9.328300710834064
400.0,straight_S1,jitter,30.0,12,4.9889043988149195,2.070819551659737,38.054636777315814,0.5708195516597372,14,-5.402101960628523,-11.045140713685099,-20.223268004942398
400.0,straight_S1,jitter,30.0,13,1.2325962908424881,1.7400369970976497,16.002466473176646,0.2400369970976497,14,-2.344452980468651,-6.583913240064623,-12.25675341379501
400.0,straight_S1,jitter,30.0,14,3.15021368287131,1.7788138420548891,18.58758947032594,0.2788138420548891,13,-6.432028896626729,-12.437575399840958,-20.444970737459887
400.0,straight_S1,jitter,30.0,15,9.42122440835396,1.96634432715737,31.08962181049133,0.46634432715736995,14,-4.0179711164527525,-9.348516000725743,-16.173462013818547
400.0,straight_S1,jitter,30.0,16,6.586108265693043,1.9838909301436007,32.259395342906714,0.48389093014360074,14,-11.245745822929706,-20.755530393823513,-33.06510550857186
400.0,straight_S1,jitter,30.0,17,3.440150625378274,1.8178540748278023,21.19027165518682,0.31785407482780226,14,-3.155758276057362,-7.212533531971079,-12.784019709375006
400.0,straight_S1,jitter,30.0,18,8.571168458138809,1.8447484430416192,22.98322953610795,0.3447484430416192,11,-10.095514738810085,-19.51220434444394,-32.067790485289024
400.0,straight_S1,jitter,30.0,19,22.272784625126267,2.6295251689184425,75.30167792789616,1.1295251689184425,14,-7.189631282777905,-14.009415111892404,-25.760642141177087
400.0,straight_S1,jitter,30.0,20,1.8168529255806103,1.7730384976049778,18.20256650699852,0.2730384976049778,13,-4.180421070909151,-8.904422761527892,-15.203091682352834
400.0,straight_S1,jitter,30.0,21,12.37395437811436,2.108913924364483,40.594261624298866,0.608913924364483,10,-13.685438079621017,-25.64443165867085,-41.58975643073725
400.0,straight_S1,jitter,30.0,22,4.820172409523017,1.6840318179861005,12.268787865740032,0.18403181798610047,11,-5.71043485928755,-12.448428118183838,-21.432419130045524
400.0,straight_S1,jitter,30.0,23,6.538641276289429,2.6893019862108662,79.2867990807244,1.1893019862108662,11,-8.664945181881286,-16.711872329431703,-27.441108526165564
400.0,straight_S1,jitter,30.0,24,6.0789512766722495,2.1049807119688997,40.332047464593316,0.6049807119688997,12,-6.125212606869127,-12.678298592033713,-24.30528095759887
400.0,straight_S1,jitter,30.0,25,1.9825305408645073,1.8998920835811668,26.659472238744453,0.3998920835811668,14,-3.615346368086509,-7.783607782815147,-12.799218212911345
400.0,straight_S1,jitter,30.0,26,4.73163419391559,1.7610383325423449,17.40255550282299,0.2610383325423449,13,-1.165976943419396,-4.293986462407899,-8.464665821059171
400.0,straight_S1,jitter,30.0,27,3.0558568630556104,1.7150310539137195,14.335403594247964,0.21503105391371946,14,3.569756211157126,3.826457883575792,4.7338666890298216
400.0,straight_S1,jitter,30.0,28,1.9004468580714886,1.3268198004088232,-11.545346639411786,-0.1731801995911768,10,14.468915778624648,18.943722479906622,24.91013141494927
400.0,straight_S1,jitter,30.0,29,9.504826299752207,2.0575957460157293,37.173049734381955,0.5575957460157293,13,-7.499030026738832,-15.788682024040737,-27.083143045120742
400.0,straight_S1,jitter,30.0,30,22.79882412353274,3.241948146899476,116.12987645996506,1.741948146899476,12,-19.50300814246817,-31.411919988923724,-47.2904691175311
400.0,straight_S1,jitter,78.5,1,26.395964274832174,1.4871930307696473,-0.8537979486901826,-0.012806969230352738,14,-8.467871314141698,-7.861373203163107,-16.961361319088553
400.0,straight_S1,jitter,78.5,2,47.88388016775696,2.3596458909150386,57.30972606100258,0.8596458909150386,13,-22.410463903599528,-41.60330314764432,-66.94807621970816
400.0,straight_S1,jitter,78.5,3,112.13361457585385,2.171518394620251,44.7678929746834,0.671518394620251,8,-13.759111894380789,-23.889051180152297,-37.39563689451431
400.0,straight_S1,jitter,78.5,4,19.575737640658353,1.840467146727429,22.697809781828596,0.34046714672742895,11,13.849483334967536,13.831562444643321,13.232110218667774
400.0,straight_S1,jitter,78.5,5,19.5287590557416,1.7860525060024155,19.0701670668277,0.2860525060024155,12,-13.886105223826547,-33.30603450218292,-50.884254148514984
400.0,straight_S1,jitter,78.5,6,27.51481127291284,3.6058317399511526,140.38878266341018,2.1058317399511526,11,,,
400.0,straight_S1,jitter,78.5,7,101.95190752897224,1.4177180822827482,-5.48546118115012,-0.0822819177172518,11,9.790550274231807,8.24449890084056,6.183097069652218
400.0,straight_S1,jitter,78.5,8,100.61226184292046,2.203564874576261,46.904324971750725,0.7035648745762608,9,-16.37365932372722,-30.811053880613084,-50.06091328979425
400.0,straight_S1,jitter,78.5,9,97.61289970023482,2.5080245827742194,67.20163885161462,1.0080245827742194,13,-19.2784819527779,-37.55479913130797,-61.92322203601477
400.0,straight_S1,jitter,78.5,10,8.928199823217783,3.1186060767046255,107.90707178030836,1.6186060767046255,12,-15.053563433586419,-28.99847563679816,-47.591691907747176
400.0,straight_S1,jitter,78.5,11,140.85728666316962,3.6939905580647805,146.2660372043187,2.1939905580647805,12,-12.255493341916779,-21.170385472950766,-35.159280097074955
400.0,straight_S1,jitter,78.5,12,40.89731006349178,4.075282348172417,171.68548987816112,2.5752823481724167,10,,,
400.0,straight_S1,jitter,78.5,13,126.58738982018586,1.9853789368843182,32.35859579228788,0.4853789368843182,14,-7.032440350206335,-17.370967991980223,-31.59498157874609
400.0,straight_S1,jitter,78.5,14,41.89208469957682,2.566710161681715,71.11401077878101,1.0667101616817152,11,-27.243472272051637,-43.221331982165935,-31.807155738980843
400.0,straight_S1,jitter,78.5,15,41.56430888171754,1.8016596425258666,20.110642835057778,0.30165964252586663,13,-11.041813430543137,-22.216665839454837,-39.1656755803742
400.0,straight_S1,jitter,78.5,16,163.5215368406832,2.5176035085469026,67.84023390312684,1.0176035085469026,10,,,
400.0,straight_S1,jitter,78.5,17,12.524295790186592,2.231320316112375,48.754687740825005,0.7313203161123751,13,-3.9421173321828737,-13.487526271443993,-24.59862471365937
400.0,straight_S1,jitter,78.5,18,91.65526685704896,3.261050172447941,117.40334482986272,1.7610501724479408,13,-23.36173431247565,-41.78622614965873,-66.31874394957467
400.0,straight_S1,jitter,78.5,19,127.24018452651185,2.885549284123801,92.36995227492008,1.385549284123801,11,-19.477866815179585,-38.22883333570531,-61.59948816446847
400.0,straight_S1,jitter,78.5,20,14.671988488427571,2.2396593653234476,49.310624354896504,0.7396593653234476,6,-12.103427695940315,-24.522648512479215,-41.08160960119776
400.0,straight_S1,jitter,78.5,21,50.691595569694115,2.708268547005562,80.55123646703747,1.208268547005562,10,-10.836396898970811,-22.108973675340618,-37.1390760438337
400.0,straight_S1,jitter,78.5,22,10.746928420401856,2.3056978548523235,53.713190323488234,0.8056978548523235,13,-1.4580582187802607,-10.158963584675421,-21.760170739202305
400.0,straight_S1,jitter,78.5,23,80.40438576693025,4.545744754684004,203.04965031226695,3.045744754684004,10,-15.962594104540548,-30.695592260503872,-50.33958980178833
400.0,straight_S1,jitter,78.5,24,32.279047888652286,2.478223688134438,65.21491254229588,0.9782236881344382,12,-12.38996656157312,-24.968307992713836,-39.515542381777216
400.0,straight_S1,jitter,78.5,25,157.26745141600694,2.7079573271931796,80.5304884795453,1.2079573271931796,14,-2.214846574780533,-10.401689765823324,-21.31748068721373
400.0,straight_S1,jitter,78.5,26,66.723263324127,3.93187440140508,162.124960093672,2.43187440140508,12,-23.859941735058655,-41.83360694419873,-65.79849388971884
400.0,straight_S1,jitter,78.5,27,37.626737331805636,2.2050714790287085,47.00476526858057,0.7050714790287085,12,-14.719234926005454,-29.188064268931836,-48.177792398057946
400.0,straight_S1,jitter,78.5,28,90.53429514193023,1.847455913912746,23.16372759418307,0.347455913912746,6,8.59665968683354,2.9121344936361426,-4.667232430627058
400.0,straight_S1,jitter,78.5,29,13.596110306582617,2.385445475083697,59.029698338913136,0.8854454750836971,11,-12.687863290611194,-27.13411587932785,-45.36860877500115
400.0,straight_S1,jitter,78.5,30,127.85558588584797,2.39998580394968,59.999053596645346,0.8999858039496802,10,-18.405371548804354,-30.95245021889132,-47.681888445673934
400.0,curved_S2a10,uniform,0.0,1,2.18453208669142,1.5730486023486592,4.869906823243944,0.07304860234865918,13,-10.748602886959693,-14.904000900526995,-21.38666119060698
400.0,curved_S2a10,uniform,0.0,2,3.9187933532769277,1.7872644238793707,19.150961591958048,0.2872644238793707,13,-12.338251661703083,-18.946740531092097,-26.80304486502875
400.0,curved_S2a10,uniform,0.0,3,3.065734443299425,1.7019929505496652,13.46619670331101,0.20199295054966515,13,-13.249121256702267,-20.01483543231865,-30.538684305486143
400.0,curved_S2a10,uniform,0.0,4,5.195779624391109,1.836588675201514,22.43924501343426,0.3365886752015139,13,-12.713198940683192,-19.102250054369748,-27.93473851346238
400.0,curved_S2a10,uniform,0.0,5,3.71053520856944,1.4961449127887536,-0.25700581408309253,-0.0038550872112463885,13,-11.121763485895904,-15.876715520553724,-24.48616429290171
400.0,curved_S2a10,uniform,0.0,6,2.0593224335266958,2.007239114759251,33.815940983950085,0.5072391147592512,13,-15.077899656928887,-22.555596373918448,-34.042170422069006
400.0,curved_S2a10,uniform,0.0,7,13.408549122086368,1.7052909956967146,13.686066379780973,0.2052909956967146,14,-12.101498840673191,-16.181671473505823,-26.909821917045026
400.0,curved_S2a10,uniform,0.0,8,1.015996841201195,1.6133229794181922,7.55486529454615,0.11332297941819225,13,-12.528692796768905,-17.534587644786885,-27.65960387984203
400.0,curved_S2a10,uniform,0.0,9,4.6941672124932445,2.032117967666794,35.474531177786275,0.5321179676667942,12,-12.825064547461187,-18.924219465013255,-28.83812046897871
400.0,curved_S2a10,uniform,0.0,10,9.858425890886643,1.6737850579550113,11.585670530334086,0.1737850579550113,13,-12.572515146468856,-17.126690109774664,-25.580627787281486
400.0,curved_S2a10,uniform,0.0,11,0.14475542739128808,1.8004141428847737,20.02760952565158,0.30041414288477375,13,-12.29923145987519,-18.340195865150555,-27.249211757435766
400.0,curved_S2a10,uniform,0.0,12,5.832178903731222,1.6885368523711626,12.569123491410839,0.18853685237116258,12,-13.227688154742141,-18.148970151368147,-25.279205164070884
400.0,curved_S2a10,uniform,0.0,13,4.583410389120112,1.7515376370422149,16.769175802814328,0.2515376370422149,13,-11.75732605463027,-17.569679158302435,-24.990414206133536
400.0,curved_S2a10,uniform,0.0,14,9.172940771051959,1.8191425925494111,21.276172836627406,0.31914259254941113,13,-13.649909415708471,-21.14558584010046,-32.73695770104252
400.0,curved_S2a10,uniform,0.0,15,7.299417773745695,1.6950574632130286,13.003830880868575,0.19505746321302864,14,-14.003889413431455,-20.76653433617784,-30.689793802958267
400.0,curved_S2a10,uniform,0.0,16,5.029143100442105,1.6782879963576594,11.885866423843956,0.17828799635765935,13,-10.78998739099097,-15.634969504991036,-22.343918575986905
400.0,curved_S2a10,uniform,0.0,17,2.9527239327650165,1.6686958293742775,11.246388624951836,0.16869582937427752,13,-11.564186579812056,-15.46515641205795,-22.976387281766108
400.0,curved_S2a10,uniform,0.0,18,4.751783072415354,1.7709963544809333,18.06642363206222,0.2709963544809333,13,-12.582056400349009,-17.3345566727327,-28.482940895719388
400.0,curved_S2a10,uniform,0.0,19,1.9276118519593042,1.6939422832878555,12.929485552523698,0.19394228328785545,13,-13.092072338183689,-19.285419957203125,-28.607385064771083
400.0,curved_S2a10,uniform,0.0,20,5.576718341224772,1.723336102585618,14.889073505707865,0.22333610258561798,13,-11.959531950743036,-17.60668071567233,-29.055805792924836
400.0,curved_S2a10,uniform,0.0,21,2.2110902928867007,1.5458886689523659,3.0592445968243913,0.045888668952365874,13,-12.092679642176206,-17.335073836572423,-24.91204029706004
400.0,curved_S2a10,uniform,0.0,22,0.35544554602838446,1.6891993645518177,12.613290970121183,0.18919936455181774,13,-12.101067083240045,-17.15190422405329,-25.480070719123955
400.0,curved_S2a10,uniform,0.0,23,6.399651837057798,1.9996001199600146,33.30667466400097,0.49960011996001463,13,-15.534761189477823,-24.43524885387105,-38.33000494776323
400.0,curved_S2a10,uniform,0.0,24,14.234764937580085,1.6681243380812987,11.208289205419913,0.16812433808129867,13,-10.407096416704785,-13.194379007552161,-20.994234603031067
400.0,curved_S2a10,uniform,0.0,25,1.285840886508707,1.8914292613671937,26.095284091146247,0.3914292613671937,13,-13.46618479119039,-20.573960792575516,-30.970718674596327
400.0,curved_S2a10,uniform,0.0,26,0.9684632852248397,1.8724919188088143,24.832794587254284,0.37249191880881427,13,-15.668118496894916,-23.731291296109116,-35.45494414819071
400.0,curved_S2a10,uniform,0.0,27,5.254863133392495,1.7656041863582683,17.706945757217888,0.2656041863582683,13,-12.590299238582856,-18.479677297040567,-28.364071805053722
400.0,curved_S2a10,uniform,0.0,28,5.6912041576129235,1.7219461834405898,14.796412229372654,0.2219461834405898,12,-11.16642650390556,-15.406400426249393,-23.260310538986914
400.0,curved_S2a10,uniform,0.0,29,0.7880246054003825,1.5880742281477191,5.871615209847944,0.08807422814771915,13,-11.554989315525958,-17.34260741877598,-25.196586378363243
400.0,curved_S2a10,uniform,0.0,30,9.145341687574922,1.881879598595209,25.45863990634727,0.38187959859520904,12,-13.159781129716983,-19.844683722618292,-31.32707121325081
400.0,curved_S2a10,uniform,2.0,1,0.7706905183260111,1.4857448768761172,-0.9503415415921849,-0.014255123123882774,13,-9.354779470848444,-13.294443755032626,-19.739959168198695
400.0,curved_S2a10,uniform,2.0,2,1.2768389444168062,1.7514483732399566,16.763224882663774,0.2514483732399566,14,-9.917510504489016,-14.341151425057669,-21.827765259144623
400.0,curved_S2a10,uniform,2.0,3,3.1652588270216593,1.6813584138041564,12.090560920277094,0.1813584138041564,13,-10.526064902801721,-15.787595512726561,-23.721583948696853
400.0,curved_S2a10,uniform,2.0,4,5.65940711255242,1.7849357911576529,18.99571941051019,0.2849357911576529,13,-10.536186448164614,-15.699265373458521,-22.934981573641384
400.0,curved_S2a10,uniform,2.0,5,4.036247487015953,1.5339299776947417,2.261998512982781,0.03392997769474171,13,-8.706319869919469,-12.226538448792514,-19.98123879532725
400.0,curved_S2a10,uniform,2.0,6,0.6714769474263895,1.8906853747782282,26.04569165188188,0.3906853747782282,13,-12.168893484088759,-18.265911017398466,-27.571734306303004
400.0,curved_S2a10,uniform,2.0,7,13.237984898709687,1.7157601321618905,14.3840088107927,0.2157601321618905,14,-9.6346458015353,-12.562554871747665,-21.42408065484854
400.0,curved_S2a10,uniform,2.0,8,0.0943339359631875,1.6564602657114706,10.43068438076471,0.15646026571147065,13,-10.272304290064511,-14.048922380270193,-22.88844569265865
400.0,curved_S2a10,uniform,2.0,9,4.9747262213596235,1.992225682076745,32.815045471783,0.492225682076745,12,-11.024806726836665,-16.579857976624993,-25.255617734031457
400.0,curved_S2a10,uniform,2.0,10,8.480287277299482,1.6735376271029054,11.569175140193694,0.17353762710290543,13,-11.007525144266808,-15.06922050273571,-22.97970686885986
400.0,curved_S2a10,uniform,2.0,11,1.1490131162665271,1.8211259272830704,21.408395152204697,0.32112592728307043,12,-9.484355195018095,-13.75257511513804,-20.528023595287035
400.0,curved_S2a10,uniform,2.0,12,2.6831773233285614,1.6710491178919895,11.403274526132634,0.1710491178919895,13,-10.18717425511081,-14.73711546011601,-21.201746398102426
400.0,curved_S2a10,uniform,2.0,13,4.913542749955231,1.7671651148322345,17.8110076554823,0.2671651148322345,13,-9.129091429478825,-13.372321854125037,-18.750527498006686
400.0,curved_S2a10,uniform,2.0,14,8.791592056856501,1.7922589247633196,19.483928317554643,0.2922589247633196,13,-10.954485545540761,-16.845334331540315,-25.760459532880958
400.0,curved_S2a10,uniform,2.0,15,7.301351414621939,1.7192013722345272,14.613424815635145,0.21920137223452718,14,-10.835492138940806,-15.71445338133359,-22.832413378073312
400.0,curved_S2a10,uniform,2.0,16,2.273633525521308,1.6667586999883932,11.117246665892882,0.1667586999883932,13,-8.365991338627602,-12.104244784978567,-17.291985140195113
400.0,curved_S2a10,uniform,2.0,17,5.79873141180426,1.6431887054655407,9.545913697702717,0.14318870546554074,13,-9.273786450109652,-12.100679069197946,-19.14109113876113
400.0,curved_S2a10,uniform,2.0,18,5.886102035216834,1.7548715459544442,16.991436396962946,0.25487154595444417,13,-10.052929084395876,-13.709857172428674,-23.16218533858835
400.0,curved_S2a10,uniform,2.0,19,1.3317287950915562,1.6518211042472357,10.121406949815714,0.15182110424723572,13,-11.314233564428543,-16.98900180316349,-26.23247569366162
400.0,curved_S2a10,uniform,2.0,20,7.111760971049708,1.705171742356517,13.678116157101128,0.20517174235651692,13,-9.402322157999832,-13.652651674181001,-22.803691843440923
400.0,curved_S2a10,uniform,2.0,21,1.4793086673282712,1.5689290811054728,4.595272073698187,0.0689290811054728,13,-9.730165964901659,-13.539313067871882,-19.674154282543547
400.0,curved_S2a10,uniform,2.0,22,1.1534289946217045,1.6651327785690786,11.008851904605239,0.1651327785690786,13,-10.358555863532173,-14.396532260517866,-21.865001305969287
400.0,curved_S2a10,uniform,2.0,23,4.580090538853588,1.910479274124119,27.365284941607932,0.410479274124119,13,-12.176423382513565,-19.01460635582865,-29.99388184793073
400.0,curved_S2a10,uniform,2.0,24,12.36318668014386,1.62242593794636,8.161729196423995,0.12242593794635992,13,-8.388492411317035,-10.511377824373112,-17.94702903770411
400.0,curved_S2a10,uniform,2.0,25,2.385164276668561,1.8314895444498054,22.09930296332036,0.3314895444498054,13,-10.820197586448613,-16.660974930768976,-24.914126757378547
400.0,curved_S2a10,uniform,2.0,26,0.1091861355657649,1.7634766062239113,17.56510708159409,0.26347660622391134,13,-11.928116944848227,-17.77350004995485,-26.177186678805523
400.0,curved_S2a10,uniform,2.0,27,6.047950542401069,1.7550882067082705,17.005880447218033,0.2550882067082705,13,-10.110765714178154,-14.660165996109317,-22.769661305063053
400.0,curved_S2a10,uniform,2.0,28,2.767294773525976,1.683930671896457,12.262044793097138,0.18393067189645707,13,-9.304855943637548,-13.176160806021606,-20.20379254590251
400.0,curved_S2a10,uniform,2.0,29,1.6897294320651297,1.5618222727939677,4.121484852931179,0.06182227279396768,13,-9.17962235637506,-13.732434446109618,-20.080230272446354
400.0,curved_S2a10,uniform,2.0,30,8.52707727327044,1.874279582414831,24.951972160988735,0.37427958241483106,12,-11.54724160134511,-17.344696209544995,-28.375500585367696
400.0,curved_S2a10,uniform,5.0,1,0.06257559187004677,1.5827905750047713,5.5193716669847515,0.08279057500477127,12,-7.391577594539241,-10.75472050613954,-16.646737379062152
400.0,curved_S2a10,uniform,5.0,2,0.43240639209766424,1.58786389141029,5.857592760686003,0.08786389141029005,13,-7.244665607014241,-10.239244869237858,-16.278097877432455
400.0,curved_S2a10,uniform,5.0,3,2.5432348616154363,1.6946718543287687,12.978123621917911,0.19467185432876866,13,-7.894337112863227,-12.039741716598735,-18.27905299194783
400.0,curved_S2a10,uniform,5.0,4,6.4829755052699385,1.6915944758070964,12.772965053806429,0.19159447580709643,13,-7.9514452026108176,-11.564196256619772,-16.64466925338883
400.0,curved_S2a10,uniform,5.0,5,4.352989987789543,1.6680799849917805,11.205332332785362,0.16807998499178045,13,-6.093416672503397,-8.22971324094132,-14.77099715464905
400.0,curved_S2a10,uniform,5.0,6,2.8798625657847237,1.6660846001923508,11.072306679490056,0.16608460019235083,14,-10.162703241811819,-14.945859437843408,-23.249516353411952
400.0,curved_S2a10,uniform,5.0,7,12.559274130547866,1.7175227035719605,14.50151357146403,0.21752270357196046,14,-7.757962390534487,-10.515477578710579,-18.284075529400504
400.0,curved_S2a10,uniform,5.0,8,0.9087936307091645,1.7826825641192838,18.84550427461892,0.28268256411928383,13,-8.801807021528447,-12.27324494147379,-20.472308054681815
400.0,curved_S2a10,uniform,5.0,9,2.1241968487959966,1.8472179235675001,23.147861571166676,0.34721792356750014,14,-8.544040590388626,-13.212770181242432,-20.55765730276379
400.0,curved_S2a10,uniform,5.0,10,7.71803876359876,1.6881394379731982,12.542629198213215,0.1881394379731982,13,-8.184592640337923,-10.824775557100768,-17.013761787254648
400.0,curved_S2a10,uniform,5.0,11,4.111511086555292,1.7394631698608114,15.964211324054093,0.2394631698608114,14,-7.6475157808023075,-11.141122665943332,-17.314792162401936
400.0,curved_S2a10,uniform,5.0,12,2.12432039482233,1.497078867724333,-0.19474215171113585,-0.0029211322756670377,13,-6.196500146108076,-8.842051097155558,-12.230240134429724
400.0,curved_S2a10,uniform,5.0,13,3.0636279035363656,1.7515156581302214,16.767710542014758,0.25151565813022136,14,-7.251361601270036,-11.144218680087372,-16.090407315641393
400.0,curved_S2a10,uniform,5.0,14,7.22989983324617,1.7008378842981708,13.389192286544723,0.20083788429817084,14,-8.399934508521413,-12.786822440102993,-19.442456901711676
400.0,curved_S2a10,uniform,5.0,15,6.844136853537025,1.6196675198282398,7.977834655215983,0.11966751982823975,14,-7.9391027219317705,-11.294315698757318,-16.441587231271303
400.0,curved_S2a10,uniform,5.0,16,1.7318359779110202,1.5741183771361065,4.941225142407099,0.07411837713610647,14,-6.389190625049168,-9.285629918285307,-13.301032292423
400.0,curved_S2a10,uniform,5.0,17,8.20129766662172,1.5073336844560756,0.4889122970717086,0.007333684456075629,13,-6.542851959622243,-8.453177030651364,-14.64120688733136
400.0,curved_S2a10,uniform,5.0,18,7.199932892003734,1.6784702839809251,11.898018932061676,0.17847028398092513,13,-7.752075570577516,-10.248737261310094,-18.565108204408013
400.0,curved_S2a10,uniform,5.0,19,1.5507347722423224,1.7069276460995506,13.795176406636708,0.2069276460995506,13,-7.57403103286501,-11.364941153952568,-18.165806396619946
400.0,curved_S2a10,uniform,5.0,20,7.2511959254585125,1.6733781574851732,11.558543832344876,0.17337815748517316,13,-7.388484658415887,-10.978005069179822,-18.880047901301232
400.0,curved_S2a10,uniform,5.0,21,1.7289653592750294,1.5777404870559704,5.1826991370646915,0.07774048705597036,13,-7.39107283237688,-10.175682562364544,-15.19751748358241
400.0,curved_S2a10,uniform,5.0,22,6.392868959121697,1.5957446808510634,6.382978723404224,0.09574468085106336,13,-7.058374785410609,-9.889072815980368,-15.725578901907985
400.0,curved_S2a10,uniform,5.0,23,2.2055373765826807,1.7028783557657985,13.5252237177199,0.2028783557657985,13,-8.698690834112126,-13.509254444819767,-21.615332467240577
400.0,curved_S2a10,uniform,5.0,24,11.31038696108661,1.6132180102922522,7.547867352816813,0.1132180102922522,13,-5.868587095593739,-7.133807341703251,-14.201791619685112
400.0,curved_S2a10,uniform,5.0,25,2.7847974503266104,1.7267004260769818,15.113361738465455,0.22670042607698182,13,-9.081302048356331,-13.620128314546115,-20.50997632086527
400.0,curved_S2a10,uniform,5.0,26,3.5824811343277623,1.6500238453602751,10.001589690685009,0.15002384536027513,14,-8.59493433492672,-12.814488142571593,-18.80790425867094
400.0,curved_S2a10,uniform,5.0,27,6.5550798383024205,1.7330620554679488,15.537470364529918,0.23306205546794878,13,-8.292584618186261,-12.28544296523637,-19.896301923531148
400.0,curved_S2a10,uniform,5.0,28,2.1054791784050195,1.6272267243071392,8.481781620475948,0.12722672430713922,13,-7.844039747676726,-11.664777212975446,-20.68240097642156
400.0,curved_S2a10,uniform,5.0,29,1.720357914404103,1.5514653129369262,3.4310208624617498,0.051465312936926244,13,-7.093091794435724,-10.697931069023245,-16.065146149945072
400.0,curved_S2a10,uniform,5.0,30,6.000576473188774,1.9760376304381082,31.735842029207213,0.4760376304381082,13,-8.5108020663122,-12.729067497543385,-22.536147196931317
400.0,curved_S2a10,uniform,10.0,1,0.5614260002924966,1.6994371546483502,13.295810309890014,0.1994371546483502,13,-4.981527895534023,-7.4008036706312925,-12.662665129688017
400.0,curved_S2a10,uniform,10.0,2,0.2110419425078288,1.6188097705954418,7.9206513730294565,0.11880977059544184,13,-4.547983299679453,-6.538335757995219,-11.636362076681003
400.0,curved_S2a10,uniform,10.0,3,2.4209128029521736,1.6643566632465163,10.95711088310109,0.16435666324651632,13,-5.239619539409762,-8.546704065626944,-13.350505084016977
400.0,curved_S2a10,uniform,10.0,4,6.892938040623324,1.6196588709793418,7.977258065289454,0.1196588709793418,13,-5.288373948121255,-7.456255413549992,-10.898015274217377
400.0,curved_S2a10,uniform,10.0,5,5.709432896436148,1.5742820215256235,4.952134768374897,0.07428202152562347,13,-3.790259871233896,-5.126565598625656,-10.768226660415404
400.0,curved_S2a10,uniform,10.0,6,2.0820979061024687,1.7698422034789856,17.989480231932372,0.2698422034789856,13,-6.527867242332276,-9.42281431508626,-15.153274988855944
400.0,curved_S2a10,uniform,10.0,7,10.758285765669081,1.7359407264006028,15.729381760040187,0.23594072640060282,14,-5.659996424412525,-8.284651086962914,-15.217122752888152
400.0,curved_S2a10,uniform,10.0,8,0.7554077740005751,1.709244389741819,13.949625982787936,0.20924438974181903,13,-6.122436634975661,-7.851563568461728,-14.497562276287134
400.0,curved_S2a10,uniform,10.0,9,1.9373706464115308,1.7210418468226494,14.736123121509959,0.22104184682264938,14,-5.809568215764656,-9.581628705244947,-15.498952196220475
400.0,curved_S2a10,uniform,10.0,10,6.0176161535900725,1.6590641676562619,10.604277843750792,0.15906416765626186,13,-5.504662870168816,-7.3221414285958,-11.627810422966176
400.0,curved_S2a10,uniform,10.0,11,2.7247187513174094,1.7033864072122356,13.559093814149037,0.20338640721223555,14,-5.307981181047629,-7.773818624085385,-13.399208567231073
400.0,curved_S2a10,uniform,10.0,12,1.5248182817172495,1.593860795854307,6.25738639028713,0.09386079585430696,13,-4.435300144794716,-6.686261508885119,-9.61327886158061
400.0,curved_S2a10,uniform,10.0,13,2.788418619906983,1.706265935885336,13.751062392355736,0.20626593588533604,14,-5.0054955829499646,-8.126012045217866,-12.174929593663835
400.0,curved_S2a10,uniform,10.0,14,5.52989195805873,1.651229308271323,10.081953884754864,0.15122930827132297,14,-6.089326491572857,-9.831214754927299,-15.532539506593384
400.0,curved_S2a10,uniform,10.0,15,7.212503775586209,1.5018549978519398,0.12366652346265106,0.0018549978519397659,13,-4.481196485302468,-6.047088438117765,-9.169655034289816
400.0,curved_S2a10,uniform,10.0,16,1.6995438021814966,1.6074943528202832,7.16629018801888,0.10749435282028319,14,-4.159035375022392,-6.337573453377868,-9.835413525074982
400.0,curved_S2a10,uniform,10.0,17,9.149671364085695,1.54042249570261,2.6948330468406683,0.04042249570261003,13,-4.354226173107424,-5.866341474850984,-10.879592906400134
400.0,curved_S2a10,uniform,10.0,18,9.379127439128839,1.607699842703697,7.179989513579803,0.10769984270369704,13,-5.457080071644251,-7.339082966439676,-14.605426880714266
400.0,curved_S2a10,uniform,10.0,19,2.40071641048026,1.637560440173363,9.170696011557533,0.137560440173363,13,-5.883808198695719,-8.519452318630309,-14.028408814171431
400.0,curved_S2a10,uniform,10.0,20,7.364604348263345,1.6347802875221806,8.98535250147871,0.13478028752218063,13,-4.6372728617724075,-7.399363303279868,-13.112763807723425
400.0,curved_S2a10,uniform,10.0,21,1.6473359741733868,1.6078130898586858,7.187539323912384,0.10781308985868576,13,-4.230049553684689,-5.599418651403547,-9.321461611241132
400.0,curved_S2a10,uniform,10.0,22,6.955737028929221,1.4867839876857796,-0.8810674876146951,-0.013216012314220427,13,-4.242774427386998,-6.0850514577178325,-10.361222287537814
400.0,curved_S2a10,uniform,10.0,23,1.5818224647718402,1.6247697700748462,8.317984671656415,0.12476977007484624,13,-5.186061861247068,-8.0073736619053,-13.30767208408784
400.0,curved_S2a10,uniform,10.0,24,11.21820805041945,1.6314319638024988,8.762130920166584,0.13143196380249877,13,-3.8113492967917573,-4.949960672181073,-12.813568804243328
400.0,curved_S2a10,uniform,10.0,25,1.584855261190791,1.642339917727031,9.489327848468736,0.14233991772703103,14,-7.019104569806601,-10.726079013411365,-17.160289272501174
400.0,curved_S2a10,uniform,10.0,26,6.178701300979299,1.6376014417305647,9.173429448704312,0.13760144173056466,14,-4.824911366908915,-7.02798799280392,-12.285593351629615
400.0,curved_S2a10,uniform,10.0,27,6.3006917986051345,1.6510439674972721,10.069597833151473,0.1510439674972721,14,-5.097192998908438,-7.587404382350717,-13.47093516197857
400.0,curved_S2a10,uniform,10.0,28,0.14584044723493458,1.5198691752918436,1.3246116861229082,0.01986917529184362,13,-4.55686612861393,-8.271359561628739,-14.036346392764752
400.0,curved_S2a10,uniform,10.0,29,1.8443940916501236,1.5605486292817408,4.036575285449384,0.06054862928174076,13,-4.543971642865308,-6.822353821749859,-11.03414251956668
400.0,curved_S2a10,uniform,10.0,30,7.295269095673119,1.6795717073885474,11.971447159236497,0.17957170738854744,13,-5.18494634108748,-7.888816156818183,-15.619218522803513
400.0,curved_S2a10,uniform,11.0,1,0.4691075559192294,1.689075666035075,12.605044402338331,0.18907566603507497,13,-4.4575641741252126,-6.617026594961666,-11.537768653168223
400.0,curved_S2a10,uniform,11.0,2,0.9656910559128751,1.6188097705954412,7.920651373029412,0.11880977059544118,13,-4.307863753326913,-6.379591689113221,-11.47708076449602
400.0,curved_S2a10,uniform,11.0,3,2.3743739948185603,1.6521817835690213,10.145452237934755,0.15218178356902134,13,-4.870644161759377,-8.107582705220423,-12.811581493893957
400.0,curved_S2a10,uniform,11.0,4,6.443268340633172,1.5954625747060842,6.364171647072281,0.09546257470608421,13,-4.896437128325772,-6.729338268425507,-9.84464341370138
400.0,curved_S2a10,uniform,11.0,5,6.005862898891747,1.5560090627487597,3.7339375165839814,0.05600906274875972,13,-3.5204254024024397,-4.866529942234491,-10.358180443366457
400.0,curved_S2a10,uniform,11.0,6,2.3171495417394854,1.7426257801887124,16.175052012580828,0.2426257801887124,13,-6.865951707373045,-9.92532312265217,-15.882383019380322
400.0,curved_S2a10,uniform,11.0,7,10.381554501580116,1.7233825188820522,14.892167925470146,0.22338251888205218,14,-4.917247850818,-7.3098968513926055,-13.699896696335975
400.0,curved_S2a10,uniform,11.0,8,0.7137824807810353,1.6946718543287678,12.97812362191785,0.19467185432876777,13,-5.918426464723569,-7.7151484719763666,-14.47817611007358
400.0,curved_S2a10,uniform,11.0,9,1.9228877175845789,1.70125657986379,13.417105324252665,0.20125657986378997,14,-5.3343258265915425,-9.001053614734905,-14.686751131900955
400.0,curved_S2a10,uniform,11.0,10,5.889491892603164,1.663780661615406,10.918710774360402,0.16378066161540605,13,-5.241468329269417,-7.136613790551722,-11.526001033314502
400.0,curved_S2a10,uniform,11.0,11,2.713487130470788,1.7006164450688863,13.374429671259088,0.20061644506888632,14,-5.2017732078601915,-7.6709526264248655,-13.253307966793635
400.0,curved_S2a10,uniform,11.0,12,1.7177546623125908,1.605320501322972,7.021366754864807,0.1053205013229721,13,-3.7978514644478336,-5.731964478452876,-8.24050333561123
400.0,curved_S2a10,uniform,11.0,13,2.8889682994421184,1.7129448631309647,14.196324208730982,0.21294486313096472,14,-4.875990100979182,-8.103507221339973,-12.295092313909786
400.0,curved_S2a10,uniform,11.0,14,5.319462630289968,1.6357092202259893,9.047281348399288,0.1357092202259893,14,-5.551879380291493,-9.041795211906182,-14.45547026406775
400.0,curved_S2a10,uniform,11.0,15,7.011684789830349,1.5094924778015661,0.6328318534377431,0.009492477801566146,13,-4.330901904210926,-5.921133516355668,-9.08043566776167
400.0,curved_S2a10,uniform,11.0,16,2.110079012142011,1.5759612020247977,5.064080134986515,0.07596120202479772,14,-3.4350552408320905,-5.143189812944298,-8.232884888243184
400.0,curved_S2a10,uniform,11.0,17,9.424597208178529,1.5485946642674306,3.2396442844953763,0.04859466426743064,13,-4.12768455113933,-5.711793238539023,-10.828774367640731
400.0,curved_S2a10,uniform,11.0,18,9.385104692063047,1.5713376253237645,4.755841688250969,0.07133762532376453,13,-4.962006785087279,-6.646182465064369,-13.712776603476962
400.0,curved_S2a10,uniform,11.0,19,2.618527011452945,1.6176232704209343,7.841551361395623,0.11762327042093434,13,-6.604923527365874,-9.474344238731772,-15.295002856181307
400.0,curved_S2a10,uniform,11.0,20,7.40363927095327,1.6250200307523057,8.334668716820381,0.12502003075230572,13,-4.48157246858511,-7.281758251151875,-13.052913600136337
400.0,curved_S2a10,uniform,11.0,21,1.4781715695472197,1.613322979418193,7.554865294546194,0.11332297941819292,13,-4.097740326172998,-5.5688325428494965,-9.42843723781574
400.0,curved_S2a10,uniform,11.0,22,7.017321556497137,1.4982592847847358,-0.11604768101761327,-0.0017407152152641991,13,-3.9186603335211574,-5.67736981043973,-9.874045301960518
400.0,curved_S2a10,uniform,11.0,23,1.5125153699623766,1.594797396961055,6.319826464070329,0.09479739696105494,13,-4.752711258302805,-7.325909075332651,-12.381343932330369
400.0,curved_S2a10,uniform,11.0,24,11.273456563868207,1.6200007750085568,8.000051667237118,0.12000077500855677,13,-3.467616915835144,-4.394951088331771,-12.08555840754948
400.0,curved_S2a10,uniform,11.0,25,1.001257833510577,1.6228159135171452,8.187727567809677,0.12281591351714516,14,-6.638858479783526,-10.229984984771034,-16.5097313257045
400.0,curved_S2a10,uniform,11.0,26,6.390960663355316,1.6235665705518068,8.23777137012045,0.12356657055180675,14,-4.699112238831036,-6.734330744723999,-11.958123694055661
400.0,curved_S2a10,uniform,11.0,27,5.739279702386796,1.6083810981163904,7.225406541092694,0.1083810981163904,14,-5.042143204895325,-7.59013449982521,-13.609871921819114
400.0,curved_S2a10,uniform,11.0,28,0.0691243638855974,1.4846210376062543,-1.0252641595830467,-0.015378962393745699,13,-5.581057930733938,-9.642536470321016,-15.851905596508743
400.0,curved_S2a10,uniform,11.0,29,1.8522263420435157,1.5433070730056053,2.8871382003736885,0.04330707300560532,13,-4.280617796004531,-6.345256172673611,-10.455861602666507
400.0,curved_S2a10,uniform,11.0,30,7.467777282501977,1.6931219669797382,12.87479779864921,0.19312196697973816,13,-4.869978480628951,-7.568165926339246,-15.261095958944187
400.0,curved_S2a10,uniform,20.0,1,0.8380426141782243,1.6577242376514179,10.51494917676119,0.15772423765141785,13,-2.612349276468455,-4.559455794739337,-9.158972870027696
400.0,curved_S2a10,uniform,20.0,2,1.462680381995119,1.6429048287687156,9.526988584581037,0.14290482876871557,13,-2.640497982719362,-4.133133176099527,-9.863353372717244
400.0,curved_S2a10,uniform,20.0,3,2.603794796728842,1.6166928483211838,7.7795232214122505,0.11669284832118376,13,-3.330689048107545,-6.628281453036217,-11.459416389878893
400.0,curved_S2a10,uniform,20.0,4,6.11778597186184,1.573291938818879,4.886129254591939,0.07329193881887908,13,-3.0928256710029274,-4.501772116698717,-7.653149756390496
400.0,curved_S2a10,uniform,20.0,5,6.537200756583627,1.571466967717551,4.7644645145034,0.07146696771755101,13,-1.812610679271731,-3.282408650472668,-8.681407107184688
400.0,curved_S2a10,uniform,20.0,6,0.004285183575141137,1.613817659684182,7.587843978945467,0.113817659684182,13,-3.6413910251899826,-5.120923268140197,-8.952603415734348
400.0,curved_S2a10,uniform,20.0,7,9.43952653197912,1.6972318593054148,13.148790620360984,0.19723185930541476,14,-3.7081560673594973,-7.133374017109389,-13.564805162996633
400.0,curved_S2a10,uniform,20.0,8,1.5986678295671264,1.7068723898073979,13.791492653826523,0.20687238980739786,13,-4.149574494540493,-5.801750785928349,-12.330318886904388
400.0,curved_S2a10,uniform,20.0,9,1.5830837700761644,1.7360169287196854,15.734461914645692,0.23601692871968538,13,-4.004587827723783,-8.222259830527445,-14.358643800611713
400.0,curved_S2a10,uniform,20.0,10,4.5087599863379095,1.62616406088977,8.410937392651336,0.12616406088977006,13,-2.98897013219161,-5.120922698466768,-9.37503210819757
400.0,curved_S2a10,uniform,20.0,11,1.0039880401129855,1.704490429270497,13.6326952846998,0.204490429270497,13,-3.3429758561743,-5.797304819254827,-11.146695944376749
400.0,curved_S2a10,uniform,20.0,12,2.499137815920719,1.6343606647988078,8.957377653253856,0.13436066479880782,13,-2.442280433019061,-4.557344643295447,-7.476063109588616
400.0,curved_S2a10,uniform,20.0,13,3.1500914054655484,1.6796459410779945,11.976396071866297,0.17964594107799448,13,-3.3098628599880167,-6.262527850645039,-10.722007542200199
400.0,curved_S2a10,uniform,20.0,14,4.584859767751631,1.62307781940549,8.205187960366,0.12307781940549001,14,-3.7998963117984355,-7.10293402839255,-12.294377945986502
400.0,curved_S2a10,uniform,20.0,15,5.199818593995856,1.5455655172105935,3.0377011473729025,0.04556551721059354,13,-2.0086398014572873,-3.399795209829209,-6.512108275829968
400.0,curved_S2a10,uniform,20.0,16,1.463525632550689,1.5974970853193036,6.499805687953571,0.09749708531930357,13,-1.9572766569637705,-3.7224487021685375,-7.8021179565396155
400.0,curved_S2a10,uniform,20.0,17,9.440991907752586,1.56615796063435,4.4105307089566725,0.06615796063435009,13,-2.141060541551361,-3.750147132352166,-8.665071407168735
400.0,curved_S2a10,uniform,20.0,18,9.726123422603852,1.5192551398743463,1.28367599162309,0.01925513987434635,13,-3.1456207168879455,-4.840706624188696,-11.718649079255458
400.0,curved_S2a10,uniform,20.0,19,1.8646932102694191,1.58208517808341,5.472345205560666,0.08208517808340998,13,-2.014539745312119,-3.4127198358497695,-7.704752314248386
400.0,curved_S2a10,uniform,20.0,20,7.731607949830364,1.5629664495659923,4.197763304399485,0.06296644956599229,13,-2.6288041147687586,-5.265246325929549,-10.50979142419742
400.0,curved_S2a10,uniform,20.0,21,0.7584387784444085,1.5857043022808717,5.713620152058111,0.08570430228087167,13,-2.1764127511220437,-3.3576075835874457,-7.1686168063048195
400.0,curved_S2a10,uniform,20.0,22,7.734123596617954,1.5367398589418615,2.4493239294574325,0.03673985894186149,13,-1.898282948662219,-3.678802147067912,-8.007903613537845
400.0,curved_S2a10,uniform,20.0,23,2.0697700476365566,1.4946614484805125,-0.3559034346324985,-0.005338551519487478,13,-1.5432420599085492,-3.3408038728691944,-7.515300949474395
400.0,curved_S2a10,uniform,20.0,24,11.365324937517814,1.6214002782842314,8.093351885615425,0.12140027828423139,13,-2.0637976706547105,-3.2308601791497713,-12.221277263632038
400.0,curved_S2a10,uniform,20.0,25,0.13968985628191702,1.5672849327974316,4.485662186495443,0.06728493279743164,14,-3.693427175991242,-6.227700047651863,-11.080058694109026
400.0,curved_S2a10,uniform,20.0,26,6.808410102223874,1.6204964242072075,8.033094947147168,0.12049642420720752,13,-2.3029270008391447,-3.747940411330005,-6.217885615159364
400.0,curved_S2a10,uniform,20.0,27,7.2154332696492585,1.6571833631867077,10.478890879113845,0.15718336318670767,14,-3.2695240079573975,-5.524512252772316,-11.701608087889184
400.0,curved_S2a10,uniform,20.0,28,2.9027397882554786,1.6296676869501379,8.644512463342524,0.12966768695013786,13,-2.696915687380956,-4.8834597690072785,-10.084830661425258
400.0,curved_S2a10,uniform,20.0,29,1.7640619611664963,1.553987012141625,3.599134142775003,0.053987012141625046,13,-2.144089040553801,-3.646919441348457,-7.733950338972106
400.0,curved_S2a10,uniform,20.0,30,7.944877521485369,1.558082768782403,3.8721845854935357,0.05808276878240304,14,-2.466649511697407,-7.6709373805756815,-14.820794018815851
400.0,curved_S2a10,uniform,30.0,1,0.40287835726918186,1.661544288161736,10.769619210782395,0.16154428816173594,13,-0.684688938706783,-2.640991956201139,-7.236503021000484
400.0,curved_S2a10,uniform,30.0,2,1.3498153116403337,1.6497202801306434,9.98135200870956,0.14972028013064342,13,-0.9698193788584051,-2.496279581125002,-8.283795325070415
400.0,curved_S2a10,uniform,30.0,3,2.4539522933726494,1.6383661039918829,9.22440693279219,0.13836610399188287,13,-1.55145842468939,-4.574913287756372,-9.54804507125248
400.0,curved_S2a10,uniform,30.0,4,5.955484618079461,1.576656112351859,5.110407490123933,0.07665611235185898,13,-1.5940673239216658,-3.20113121994367,-6.951276038169089
400.0,curved_S2a10,uniform,30.0,5,6.598841959871833,1.5854961235142817,5.69974156761878,0.08549612351428171,13,0.17958061226407102,-1.2971665127644196,-6.9568407043281635
400.0,curved_S2a10,uniform,30.0,6,0.23253664482924513,1.6323687048904376,8.824580326029174,0.13236870489043762,14,-0.7487858327436245,-1.77053578036828,-5.456724481111636
400.0,curved_S2a10,uniform,30.0,7,9.49161609719773,1.719766768173174,14.651117878211606,0.2197667681731741,14,-1.962680483275384,-5.99334740083292,-11.613802352053156
400.0,curved_S2a10,uniform,30.0,8,2.737379223537686,1.6439775309262483,9.598502061749887,0.14397753092624832,13,-1.500115827654887,-3.353351386099639,-9.63806035352918
400.0,curved_S2a10,uniform,30.0,9,1.1771366675905257,1.7472006548229708,16.48004365486472,0.24720065482297082,13,-1.9652208752875997,-5.480634844935534,-11.736065917394479
400.0,curved_S2a10,uniform,30.0,10,4.405085334621444,1.6321229282941283,8.808195219608555,0.1321229282941283,13,-1.2502000687656205,-3.545913306522203,-10.416879281812037
400.0,curved_S2a10,uniform,30.0,11,1.2381534725538679,1.7047226033378482,13.648173555856546,0.2047226033378482,13,-1.4346529434180946,-3.5815665811470954,-8.814076927193959
400.0,curved_S2a10,uniform,30.0,12,1.664531232549254,1.6214837599076388,8.09891732717592,0.12148375990763882,13,0.08957235001759661,-1.557402928566536,-4.152874682631236
400.0,curved_S2a10,uniform,30.0,13,3.1484245217807443,1.7123187258766563,14.154581725110424,0.21231872587665634,13,-1.7816699313291908,-4.710085571825065,-9.324419810866662
400.0,curved_S2a10,uniform,30.0,14,4.746973409248906,1.6357495757167608,9.049971714450722,0.13574957571676083,14,-2.2020161751322265,-5.462551045358204,-10.974964176413062
400.0,curved_S2a10,uniform,30.0,15,5.365054246056575,1.5479709241160127,3.198061607734178,0.04797092411601267,13,-0.2900056246918199,-2.1382845088985323,-5.830378431695143
400.0,curved_S2a10,uniform,30.0,16,1.2185288603989284,1.5943580470834358,6.290536472229051,0.09435804708343576,13,-0.07226499252707996,-1.714084170172963,-5.99078268045707
400.0,curved_S2a10,uniform,30.0,17,9.52531965125289,1.580484820293709,5.3656546862472645,0.08048482029370896,13,-0.3101289590226983,-2.17355677914822,-7.998560020137421
400.0,curved_S2a10,uniform,30.0,18,9.572612523277474,1.53637203881799,2.424802587866,0.036372038817990004,13,-1.2225276592133492,-3.1890617197639926,-9.929047387253116
400.0,curved_S2a10,uniform,30.0,19,1.5807264303364823,1.6000530230800603,6.670201538670684,0.10005302308006025,13,-0.5580005164713288,-2.2098089759757973,-6.873798873169172
400.0,curved_S2a10,uniform,30.0,20,7.658165363676343,1.5982506952229707,6.550046348198046,0.0982506952229707,13,-1.4522359168766263,-4.3296008045946355,-10.288853413206244
400.0,curved_S2a10,uniform,30.0,21,0.33111379929691237,1.6015690249603396,6.771268330689306,0.1015690249603396,13,-0.6825300055177322,-2.098512838637593,-6.316923059015562
400.0,curved_S2a10,uniform,30.0,22,7.700901040564836,1.529830922868175,1.9887281912116677,0.029830922868175014,13,-0.03125099614147143,-1.869422793499795,-7.14449291047447
400.0,curved_S2a10,uniform,30.0,23,2.7698101300515465,1.5129918600920673,0.8661240061378214,0.01299186009206732,13,0.28441871799783414,-1.5408308255566303,-5.277332946628579
400.0,curved_S2a10,uniform,30.0,24,11.569232432987475,1.62777144725519,8.518096483679338,0.12777144725519007,13,-0.43269633048675565,-2.261911154584314,-10.690529561061973
400.0,curved_S2a10,uniform,30.0,25,0.7679046488213631,1.5597103307315847,3.980688715438981,0.059710330731584715,14,-2.038134903273254,-4.798731765898635,-9.380874801230558
400.0,curved_S2a10,uniform,30.0,26,6.60190523984603,1.6368894734893085,9.125964899287231,0.13688947348930847,13,-0.4482655927839232,-2.244517269082798,-5.389169005429345
400.0,curved_S2a10,uniform,30.0,27,7.456818591631174,1.6598902600939867,10.659350672932444,0.15989026009398666,14,-1.4327466884702755,-3.408371869408118,-10.267103291938014
400.0,curved_S2a10,uniform,30.0,28,2.8481204301160443,1.5804522705921817,5.363484706145449,0.08045227059218174,12,-0.7869444305039986,-3.040737521376334,-7.767045299435861
400.0,curved_S2a10,uniform,30.0,29,1.6968182068019453,1.5582071485515967,3.8804765701064468,0.0582071485515967,13,-0.5334644880106741,-1.8955280418449836,-6.704246373856492
400.0,curved_S2a10,uniform,30.0,30,7.3410058112372525,1.614522363486165,7.634824232410997,0.11452236348616496,13,-0.5139391567051566,-2.3332585264759325,-10.925464050352678
400.0,curved_S2a10,uniform,50.0,1,0.40176015666726034,1.652027839781141,10.135189318742732,0.15202783978114098,13,3.201892314593748,1.2637969899803343,-3.3225647779598235
400.0,curved_S2a10,uniform,50.0,2,1.2105409063240582,1.6423123531499972,9.487490209999816,0.14231235314999724,13,2.7631646634494578,0.914021001703941,-5.12261949481557
400.0,curved_S2a10,uniform,50.0,3,2.383479167611737,1.6625206658953138,10.834711059687585,0.16252066589531378,13,1.8466856873771544,-0.7363938025220804,-6.378928486722405
400.0,curved_S2a10,uniform,50.0,4,6.063493648057594,1.5740713750513988,4.938091670093256,0.07407137505139882,13,2.0477550166964154,-1.690382685654238,-6.10979953063025
400.0,curved_S2a10,uniform,50.0,5,6.430402653280968,1.5854961235142817,5.69974156761878,0.08549612351428171,13,3.3261568144721148,1.205490590045295,-5.346747023860228
400.0,curved_S2a10,uniform,50.0,6,0.5388600658155521,1.6424861821298402,9.499078808656014,0.1424861821298402,13,2.6587113541397205,0.9541241371189311,-3.326403729998048
400.0,curved_S2a10,uniform,50.0,7,9.426209420575569,1.724394023691063,14.959601579404206,0.2243940236910631,14,1.5721070066950171,-2.678164859185046,-7.72171682659267
400.0,curved_S2a10,uniform,50.0,8,2.8626934838928735,1.6466915756551253,9.779438377008349,0.14669157565512525,13,2.2409617781059468,0.08110814495248508,-5.922083990863219
400.0,curved_S2a10,uniform,50.0,9,1.3878648802189062,1.7376527625625748,15.843517504171656,0.23765276256257484,13,1.1497681047986248,-2.058492028647563,-8.180407813527566
400.0,curved_S2a10,uniform,50.0,10,4.517632245486052,1.6525576171844636,10.170507812297574,0.1525576171844636,13,0.44075568339083304,-1.9662338376408457,-6.905188125736695
400.0,curved_S2a10,uniform,50.0,11,1.1129092309151667,1.7209417725036893,14.729451500245952,0.2209417725036893,13,1.76057049604179,-0.2027497066221562,-6.584654818887524
400.0,curved_S2a10,uniform,50.0,12,1.7576645367821397,1.623155511027264,8.210367401817598,0.12315551102726396,13,3.645321248575858,1.5802451596381994,-1.8894604766716951
400.0,curved_S2a10,uniform,50.0,13,3.3567692480974123,1.7201427670711904,14.676184471412693,0.2201427670711904,13,1.328327478776319,-1.2924360703426676,-6.351908224890006
400.0,curved_S2a10,uniform,50.0,14,4.84225358075799,1.6429899613513967,9.532664090093117,0.14298996135139674,14,0.6087776795717456,-2.489091590420319,-8.794074015933681
400.0,curved_S2a10,uniform,50.0,15,5.517410688261799,1.5505269517101017,3.3684634473401123,0.050526951710101686,13,3.6340751902207824,1.3479464407074602,-2.1960320451361675
400.0,curved_S2a10,uniform,50.0,16,1.350310780230503,1.5931324696929148,6.208831312860985,0.09313246969291478,13,3.524475687467941,2.030980230767329,-3.1326973981521737
400.0,curved_S2a10,uniform,50.0,17,9.612600206816824,1.59554154934486,6.369436622990661,0.09554154934485992,13,3.227336800003843,0.960900063770505,-5.719579539623927
400.0,curved_S2a10,uniform,50.0,18,9.459546504386182,1.55323701836621,3.549134557747339,0.05323701836621009,13,2.5182899735959072,-0.22655566925936022,-6.392071581049018
400.0,curved_S2a10,uniform,50.0,19,1.4908716892162892,1.6093086704691035,7.287244697940236,0.10930867046910353,13,3.6516562736181064,2.8604088842180238,-1.9685545080039957
400.0,curved_S2a10,uniform,50.0,20,7.777007469742835,1.5982506952229705,6.550046348198031,0.09825069522297047,13,1.828881205841968,-0.4593336348137478,-6.494690597017516
400.0,curved_S2a10,uniform,50.0,21,0.3637033710119282,1.6015690249603372,6.771268330689144,0.10156902496033715,13,3.1081683312899058,2.0360218569438135,-2.545086624273778
400.0,curved_S2a10,uniform,50.0,22,7.350526530666341,1.5368457191489977,2.4563812765998465,0.0368457191489977,13,3.721515195478428,1.773008554376378,-3.774662971393292
400.0,curved_S2a10,uniform,50.0,23,2.574046812314683,1.512991860092068,0.8661240061378658,0.012991860092067986,13,3.8978462704725017,1.9999108845720903,-1.6032848955069587
400.0,curved_S2a10,uniform,50.0,24,11.510564488046084,1.6426800742355894,9.512004949039293,0.14268007423558937,13,2.85898763649885,-0.18800055812329985,-8.286831111387311
400.0,curved_S2a10,uniform,50.0,25,0.5839263412354816,1.5870170465817575,5.80113643878383,0.08701704658175746,14,1.1733837575691752,-1.6091094112016746,-6.096001891787093
400.0,curved_S2a10,uniform,50.0,26,6.1891917013109,1.610988648585453,7.399243239030199,0.11098864858545299,13,3.101252779774539,0.9014565345462003,-3.5551633902835538
400.0,curved_S2a10,uniform,50.0,27,7.028813952270255,1.6567998511175563,10.45332340783709,0.15679985111755634,14,2.6665482951097665,0.49851178201541124,-5.565452515426846
400.0,curved_S2a10,uniform,50.0,28,2.230241708528434,1.5643632789896293,4.290885265975289,0.06436327898962935,12,3.3549886220125344,1.1875234309593843,-2.525329117698874
400.0,curved_S2a10,uniform,50.0,29,1.617484532275374,1.5582071485515967,3.8804765701064468,0.0582071485515967,13,3.1691381224071034,2.4276080884166817,-3.6307094948628063
400.0,curved_S2a10,uniform,50.0,30,7.359655563909324,1.6272555692905761,8.483704619371741,0.12725556929057613,13,3.5087460313602676,1.697612873266613,-3.8930283443785454
400.0,curved_S2a10,uniform,78.5,1,0.3578056252749813,1.6551487970940957,10.343253139606379,0.15514879709409568,13,8.03269202330384,5.520808061317636,1.2079324363056239
400.0,curved_S2a10,uniform,78.5,2,1.1310024692400416,1.637804455201049,9.186963680069926,0.1378044552010489,13,8.344651173529806,6.385588839771727,0.6114021886533517
400.0,curved_S2a10,uniform,78.5,3,2.4821278463891665,1.6625206658953144,10.83471105968763,0.16252066589531444,13,6.781593698115018,4.370038997547665,-2.2189271699722672
400.0,curved_S2a10,uniform,78.5,4,5.949701428799285,1.5883335100256384,5.888900668375893,0.08833351002563838,13,6.370595737703427,5.071472970006467,0.5703240402463516
400.0,curved_S2a10,uniform,78.5,5,6.582861990319413,1.6024324156332301,6.828827708882009,0.10243241563323013,13,7.661935357871458,5.052682104365317,0.6320829458064736
400.0,curved_S2a10,uniform,78.5,6,0.040155530236403315,1.6404470344110675,9.363135627404501,0.14044703441106754,14,8.392633439800065,6.6401651478648915,2.40826604719973
400.0,curved_S2a10,uniform,78.5,7,9.48773778786532,1.71273704510559,14.182469673706008,0.2127370451055901,14,6.867523275578068,2.7115172822252935,-2.7755334366321653
400.0,curved_S2a10,uniform,78.5,8,2.849670148920131,1.6630232985072555,10.8682199004837,0.1630232985072555,13,7.584203416176659,4.8888458868437565,0.7010246029803104
400.0,curved_S2a10,uniform,78.5,9,1.5608735649218695,1.7376527625625728,15.843517504171523,0.23765276256257284,13,4.8552167715478864,2.095535584520429,-4.098667993204243
400.0,curved_S2a10,uniform,78.5,10,4.712920425637641,1.6623112425120912,10.820749500806077,0.16231124251209117,13,8.423580315438324,5.766908872201133,1.1922584466622088
400.0,curved_S2a10,uniform,78.5,11,1.10498085327514,1.729241271566799,15.282751437786604,0.22924127156679908,13,6.360703036856421,3.6163329144669674,-2.5771672946471327
400.0,curved_S2a10,uniform,78.5,12,1.536616952579588,1.6153849881658107,7.692332544387377,0.11538498816581066,13,8.625510842037981,6.8005821975383185,3.30549781727927
400.0,curved_S2a10,uniform,78.5,13,3.289096860147363,1.7341040462427733,15.606936416184883,0.23410404624277326,13,5.662036101695497,3.891777109165469,-0.8978025077332807
400.0,curved_S2a10,uniform,78.5,14,4.873894507465823,1.654002954452018,10.266863630134537,0.15400295445201806,14,6.004624553958605,3.1137235539372496,-3.0982456155709803
400.0,curved_S2a10,uniform,78.5,15,5.593605849817211,1.5567987146964395,3.7865809797626326,0.05679871469643949,13,9.099364002087254,6.839464460145376,3.388095861519237
400.0,curved_S2a10,uniform,78.5,16,1.4840665308925898,1.5931324696929159,6.20883131286106,0.09313246969291589,13,8.411454736407949,7.115476457880151,0.8010056276719311
400.0,curved_S2a10,uniform,78.5,17,9.339569933068246,1.5955415493448617,6.36943662299078,0.0955415493448617,13,8.184751642243647,4.825529969058126,-0.7626180332191637
400.0,curved_S2a10,uniform,78.5,18,9.534188651873922,1.5970968027080885,6.473120180539234,0.09709680270808851,13,7.611985563508523,3.9820516676245226,-2.360441402314244
400.0,curved_S2a10,uniform,78.5,19,1.7843875072363475,1.6174911278507365,7.832741856715764,0.11749112785073645,13,8.872102400073777,7.534685229036702,3.5115156098828706
400.0,curved_S2a10,uniform,78.5,20,7.676909140625202,1.5982506952229685,6.550046348197898,0.09825069522296848,13,6.6840052975302084,3.988927360764955,-1.800499228379381
400.0,curved_S2a10,uniform,78.5,21,0.3435972832491535,1.6186165510583193,7.907770070554617,0.11861655105831925,13,8.727599213456191,6.961037675784729,3.153550200620073
400.0,curved_S2a10,uniform,78.5,22,7.495210367991711,1.5368457191490001,2.45638127660001,0.036845719149000145,13,9.58679854811066,7.641556026105418,1.9089323295894562
400.0,curved_S2a10,uniform,78.5,23,2.679706920494437,1.5282272454048438,1.8818163603229188,0.02822724540484378,13,8.80390418076363,6.958934738051986,2.290331441961114
400.0,curved_S2a10,uniform,78.5,24,11.27026882717358,1.6401839395204307,9.345595968028714,0.14018393952043073,13,7.68717757302744,3.47220867249099,-2.1490902257807307
400.0,curved_S2a10,uniform,78.5,25,0.6816967264927624,1.5870170465817577,5.801136438783846,0.08701704658175768,14,6.096235645407329,3.1227891511188908,-2.550795857567334
400.0,curved_S2a10,uniform,78.5,26,6.284572350178941,1.6296167139562079,8.641114263747191,0.12961671395620789,13,8.389716032404838,4.0121861433040085,-1.3850667019363327
400.0,curved_S2a10,uniform,78.5,27,6.92098244283307,1.6611737670973779,10.744917806491856,0.16117376709737785,14,7.9130909436480446,5.280346827413652,-0.9943147572745019
400.0,curved_S2a10,uniform,78.5,28,2.0347917870240777,1.5685998379377373,4.5733225291824855,0.06859983793773727,12,8.076956411114148,5.854550422866892,1.1270953292709975
400.0,curved_S2a10,uniform,78.5,29,1.7914646581664648,1.5582071485515945,3.8804765701062984,0.05820714855159448,13,8.445142251274875,7.049515654694618,1.812113953501906
400.0,curved_S2a10,uniform,78.5,30,7.344176591098586,1.6401171443385878,9.341142955905852,0.1401171443385878,13,7.46037870287644,2.964906318676987,-0.978818239974485
400.0,curved_S2a10,uniform,100.0,1,0.20103817721910908,1.6513635819628072,10.090905464187145,0.1513635819628072,13,11.860635771154653,10.013295306961556,5.732447707897329
400.0,curved_S2a10,uniform,100.0,2,1.0391821651308395,1.637253136471439,9.15020909809594,0.1372531364714391,13,12.317734818524883,10.037431338350654,4.471038472638858
400.0,curved_S2a10,uniform,100.0,3,2.456676565609618,1.662520665895315,10.834711059687674,0.1625206658953151,13,10.962992000384482,8.8486635167191,2.0919836687860247
400.0,curved_S2a10,uniform,100.0,4,5.917488241343847,1.5740713750513997,4.938091670093314,0.07407137505139971,13,12.41690164588795,10.854649922890205,7.051868142692986
400.0,curved_S2a10,uniform,100.0,5,6.549810698758667,1.6024324156332295,6.828827708881964,0.10243241563322947,13,11.996462939411664,9.296769334542965,5.608099880371143
400.0,curved_S2a10,uniform,100.0,6,0.49647180379341527,1.6511809795867871,10.078731972452475,0.1511809795867871,13,12.50431518451055,10.2751848626394,6.304315485915404
400.0,curved_S2a10,uniform,100.0,7,10.17195115298181,1.6960118531290573,13.067456875270489,0.19601185312905733,13,9.853524010629618,6.234379040453766,-0.10962532236940682
400.0,curved_S2a10,uniform,100.0,8,2.780994265748686,1.662770903614244,10.85139357428293,0.16277090361424396,13,11.63062827807,8.704786040929013,4.452474579889224
400.0,curved_S2a10,uniform,100.0,9,1.560873564922103,1.7376527625625793,15.843517504171952,0.23765276256257928,13,9.25320501978847,6.945544182536789,1.1124638627723797
400.0,curved_S2a10,uniform,100.0,10,4.6170669016350745,1.6643464179938514,10.956427866256762,0.1643464179938514,13,11.882382549760356,8.964823761230974,5.0840620788061335
400.0,curved_S2a10,uniform,100.0,11,1.064148213076681,1.7209417725036926,14.729451500246174,0.22094177250369262,13,10.204023615950486,7.474701797599478,1.3843546876556845
400.0,curved_S2a10,uniform,100.0,12,1.5343954379368343,1.6219603848833497,8.130692325556648,0.1219603848833497,13,12.882540712917585,11.144662614867089,8.290392833461318
400.0,curved_S2a10,uniform,100.0,13,3.262073764859215,1.6904883693606405,12.699224624042701,0.1904883693606405,14,10.491815988084193,8.534951796689732,3.7307943876470127
400.0,curved_S2a10,uniform,100.0,14,4.851406859457789,1.6605587131391633,10.70391420927755,0.16055871313916326,14,10.354585997540198,8.017478362159027,1.4151453594859662
400.0,curved_S2a10,uniform,100.0,15,5.583623704429601,1.5630937356021355,4.206249040142366,0.06309373560213549,13,13.16001574373688,11.105040357327074,6.983229118713264
400.0,curved_S2a10,uniform,100.0,16,1.350310780230773,1.5931324696929121,6.2088313128608075,0.09313246969291211,13,12.570616917815205,11.178316512010223,5.27530442936418
400.0,curved_S2a10,uniform,100.0,17,9.304862517875586,1.5947703564901916,6.318023766012774,0.09477035649019161,13,11.850946963710788,8.368330481263033,3.5725587957429568
400.0,curved_S2a10,uniform,100.0,18,9.29394976083533,1.5934393014576769,6.229286763845124,0.09343930145767687,13,10.810579354248976,6.841114183166803,0.8312130255092001
400.0,curved_S2a10,uniform,100.0,19,1.6626846731694929,1.6174911278507358,7.832741856715719,0.11749112785073579,13,12.483261104867582,10.513052641149654,6.483105775505446
400.0,curved_S2a10,uniform,100.0,20,7.707006685739194,1.5982506952229707,6.550046348198046,0.0982506952229707,13,10.58223031826479,7.843940792410408,1.3648353521269607
400.0,curved_S2a10,uniform,100.0,21,0.39752975917015365,1.618616551058318,7.907770070554528,0.11861655105831792,13,12.940326069203328,10.79336467760816,6.952683085227117
400.0,curved_S2a10,uniform,100.0,22,7.45495696624565,1.5368457191489993,2.4563812765999504,0.036845719148999256,13,13.586564069856468,11.568931824257255,6.156959195739869
400.0,curved_S2a10,uniform,100.0,23,2.5738626061692162,1.5445952293003868,2.9730152866924557,0.04459522930038684,13,12.888810452290764,11.537427293069493,6.190064641868136
400.0,curved_S2a10,uniform,100.0,24,11.534831363329559,1.6424536888379129,9.49691258919419,0.14245368883791287,13,11.080759858166859,7.076324771656876,1.6625394703827314
400.0,curved_S2a10,uniform,100.0,25,0.7521297203409981,1.587017046581758,5.80113643878386,0.0870170465817579,14,10.19133737319164,7.135674887771067,1.2030095315234166
400.0,curved_S2a10,uniform,100.0,26,6.224415513110426,1.610988648585454,7.399243239030273,0.1109886485854541,13,12.665702805452804,10.717254694062204,6.894469015732863
400.0,curved_S2a10,uniform,100.0,27,6.894050046731014,1.6611737670973805,10.744917806492033,0.16117376709738052,14,11.708374406609682,8.931627717484327,4.429151588181023
400.0,curved_S2a10,uniform,100.0,28,2.0614608639759973,1.5791282251064298,5.275215007095321,0.0791282251064298,12,12.16339905642451,11.135633136114894,7.439235764438254
400.0,curved_S2a10,uniform,100.0,29,1.6876319132829005,1.5582071485515947,3.8804765701063135,0.0582071485515947,13,12.262735603987593,9.909189130230317,5.822748836498301
400.0,curved_S2a10,uniform,100.0,30,7.2978204576894665,1.640117144338588,9.341142955905868,0.14011714433858802,13,11.883990676328834,9.347777513585205,5.963168503249663
400.0,curved_S2a10,jitter,11.0,1,0.9486213641506721,2.2577630448856345,50.51753632570897,0.7577630448856345,14,-12.028792225549171,-19.64407219010154,-31.828967774352343
400.0,curved_S2a10,jitter,11.0,2,1.4732272468773435,1.802739358983874,20.18262393225827,0.30273935898387405,14,-8.013610089484514,-13.039887089068515,-22.16561501951495
400.0,curved_S2a10,jitter,11.0,3,0.8899386192390906,1.8252518102232176,21.683454014881175,0.3252518102232176,13,-5.8739703604935025,-9.310371476868633,-14.51409007786508
400.0,curved_S2a10,jitter,11.0,4,8.117405525471446,1.5688694383822326,4.591295892148839,0.06886943838223258,13,-3.4001880843335375,-4.630312574954943,-6.6147544165253045
400.0,curved_S2a10,jitter,11.0,5,3.9273896344618584,1.4478695343002799,-3.475364379981342,-0.05213046569972013,13,-4.531457417154158,-5.899795468475791,-11.16600384622302
400.0,curved_S2a10,jitter,11.0,6,4.769275467804192,1.9846670336046854,32.31113557364569,0.48466703360468544,13,-7.701403338405962,-11.658080433511604,-18.49758000380008
400.0,curved_S2a10,jitter,11.0,7,11.768491730217917,1.6692962206712465,11.286414711416432,0.1692962206712465,14,-7.624319154830239,-12.479588810836775,-22.17334725518954
400.0,curved_S2a10,jitter,11.0,8,1.6527904276632313,1.520536588374665,1.36910589164434,0.0205365883746651,13,-5.939422453840953,-7.100702370226135,-12.894838206511752
400.0,curved_S2a10,jitter,11.0,9,7.391642941648995,1.7482090031876647,16.54726687917765,0.2482090031876647,13,-5.727970038801349,-11.465854464150313,-18.606220051575246
400.0,curved_S2a10,jitter,11.0,10,4.2874462344407815,1.6361457798025851,9.076385320172342,0.13614577980258513,13,-4.234334036891963,-5.553738989611,-9.100299589846864
400.0,curved_S2a10,jitter,11.0,11,2.6983042734423637,1.827975664047901,21.865044269860068,0.327975664047901,14,-5.589981698153526,-8.673883541073137,-15.075868780581816
400.0,curved_S2a10,jitter,11.0,12,0.04585625633714126,1.591913036871568,6.127535791437863,0.09191303687156793,14,-3.7723292722683253,-5.715314045994106,-8.702522751441208
400.0,curved_S2a10,jitter,11.0,13,2.107451915986689,1.847450288400756,23.1633525600504,0.347450288400756,14,-6.236941508221708,-10.125115585669779,-15.49481218830443
400.0,curved_S2a10,jitter,11.0,14,4.524666382320544,1.6789776661022044,11.93184440681363,0.17897766610220445,13,-7.521213261473363,-12.139658535062868,-19.002205377772448
400.0,curved_S2a10,jitter,11.0,15,12.26010541091932,1.6973905861781922,13.159372411879477,0.19739058617819216,14,-4.800062027955424,-7.797365487052031,-13.041410167383399
400.0,curved_S2a10,jitter,11.0,16,2.3642120691592363,1.6882717160470202,12.551447736468013,0.1882717160470202,14,-7.308047189090795,-12.1091069539786,-19.322702286311618
400.0,curved_S2a10,jitter,11.0,17,11.574976298181523,1.6276907041662707,8.512713611084715,0.1276907041662707,13,-3.4325987915777083,-4.600844905765725,-9.002405196608938
400.0,curved_S2a10,jitter,11.0,18,6.940870040803719,1.64355300760069,9.570200506712661,0.1435530076006899,13,-6.704840092271448,-9.802498901876437,-18.59685581940348
400.0,curved_S2a10,jitter,11.0,19,4.724081737647239,1.6607731391962073,10.718209279747153,0.16077313919620728,14,-4.900900024331954,-7.380106970655259,-12.69327318621175
400.0,curved_S2a10,jitter,11.0,20,6.61190287010365,1.7447995235832525,16.3199682388835,0.24479952358325252,13,-5.525807229570707,-8.799355338997138,-14.930112388913926
400.0,curved_S2a10,jitter,11.0,21,2.8089869012787707,1.6199473972741911,7.996493151612742,0.11994739727419113,13,-3.0993066229899444,-3.589749899441571,-5.850250045314791
400.0,curved_S2a10,jitter,11.0,22,6.924930418843696,1.5021044203152762,0.14029468768508302,0.0021044203152762453,13,-0.7785225791931669,-0.3807995188182254,-1.6664162132388953
400.0,curved_S2a10,jitter,11.0,23,0.2617005312746008,1.6774179584455668,11.827863896371122,0.17741795844556685,13,-4.1214812292459,-6.04434175165153,-10.573957874651434
400.0,curved_S2a10,jitter,11.0,24,15.279930650601722,1.6458195785425778,9.721305236171851,0.14581957854257777,11,-4.496238870204373,-6.118346839947986,-14.959222378392449
400.0,curved_S2a10,jitter,11.0,25,0.4247685784468856,1.7247247968687955,14.98165312458637,0.22472479686879554,14,-6.934539188064794,-10.619939171393744,-16.894398801891953
400.0,curved_S2a10,jitter,11.0,26,5.9892604482341705,1.5968612023865099,6.45741349243399,0.09686120238650986,14,-4.315668812328916,-6.002612465164744,-8.638501469792383
400.0,curved_S2a10,jitter,11.0,27,6.9345221359587095,1.502876039836417,0.19173598909446216,0.0028760398364169326,14,-2.144149413674615,-2.1898704341714135,-4.986230312180561
400.0,curved_S2a10,jitter,11.0,28,3.9496941773934435,1.3448630726946558,-10.34246182035628,-0.15513692730534423,12,-3.620313938021955,-6.053667020810751,-9.37824495965357
400.0,curved_S2a10,jitter,11.0,29,0.27003598666876066,1.6357881114230435,9.052540761536232,0.13578811142304348,14,-6.730344725776109,-11.537427276613407,-19.042752683724856
400.0,curved_S2a10,jitter,11.0,30,1.2778826240451628,1.784884933030069,18.992328868671258,0.2848849330300689,14,-13.209978506517658,-22.22840424535299,-37.833649670142435
400.0,curved_S2a10,jitter,30.0,1,1.6646969322903453,2.6759691071835743,78.39794047890494,1.1759691071835743,14,-15.011583161185982,-26.5144440111519,-43.322481043531106
400.0,curved_S2a10,jitter,30.0,2,7.761513545213952,2.032071437850954,35.47142919006359,0.5320714378509539,14,-10.779433536766883,-20.166319971911356,-36.7181068949358
400.0,curved_S2a10,jitter,30.0,3,13.989947701936442,1.9641568763896096,30.943791759307302,0.46415687638960956,13,-5.3233375697014935,-10.267245684951751,-18.525975145334986
400.0,curved_S2a10,jitter,30.0,4,7.550825077643882,1.4592321716377494,-2.717855224150038,-0.04076782836225057,13,2.4719359642172996,3.488976625584236,1.4628522063909353
400.0,curved_S2a10,jitter,30.0,5,1.538391680109538,1.5581115942988557,3.8741062865903806,0.05811159429885571,12,-2.9217136367584966,-5.277720347169959,-13.538206342530552
400.0,curved_S2a10,jitter,30.0,6,6.946767944920498,2.6235623239827763,74.90415493218508,1.1235623239827763,12,-13.213570640354583,-21.347250936003704,-34.325401278434846
400.0,curved_S2a10,jitter,30.0,7,19.079866450490048,1.4931918980781715,-0.4538734614552305,-0.006808101921828458,14,-8.23707781281836,-16.77330854098694,-26.853071693818965
400.0,curved_S2a10,jitter,30.0,8,3.697967116690784,1.3438869548337178,-10.407536344418816,-0.15611304516628222,13,-1.4146195983998595,-3.098592667538325,-8.140790397760941
400.0,curved_S2a10,jitter,30.0,9,47.61032589532415,2.2361099619993436,49.07399746662291,0.7361099619993436,13,-5.374109409714741,-33.35880756556964,-52.35051723418098
400.0,curved_S2a10,jitter,30.0,10,1.2112822438740969,1.6966327907602254,13.108852717348363,0.19663279076022544,14,-3.8210799745336232,-11.10310758619933,-20.61855752887298
400.0,curved_S2a10,jitter,30.0,11,4.504555798941525,2.2761854362942513,51.745695752950084,0.7761854362942513,14,-2.7044154199321753,-6.94531072119472,-13.887234158776323
400.0,curved_S2a10,jitter,30.0,12,2.9577046951575987,1.8479610415327086,23.19740276884724,0.34796104153270857,14,-6.822556163829703,-12.820393647744154,-21.1299976274787
400.0,curved_S2a10,jitter,30.0,13,3.586993713624721,1.9650279579254648,31.001863861697654,0.4650279579254648,14,-4.97394701239551,-9.191412311142317,-16.65930988544849
400.0,curved_S2a10,jitter,30.0,14,4.963304458163557,1.7887489130100154,19.249927534001024,0.2887489130100154,13,-8.421968217868272,-14.75224392700511,-24.894589627231106
400.0,curved_S2a10,jitter,30.0,15,18.302844403940323,1.7901106234443422,19.340708229622816,0.29011062344434224,14,-1.9545549112492349,-6.549710292531581,-12.927094765688604
400.0,curved_S2a10,jitter,30.0,16,7.3985775618674126,2.251315997416404,50.08773316109361,0.7513159974164041,13,-11.81226985941644,-20.85470448529705,-35.033715457948844
400.0,curved_S2a10,jitter,30.0,17,5.228671406298173,1.6640280789332815,10.935205262218767,0.16402807893328153,14,-1.471744341939401,-3.8804426382557837,-11.153220220059513
400.0,curved_S2a10,jitter,30.0,18,15.429347435131863,3.0199141331387898,101.32760887591931,1.5199141331387898,12,-12.341200135717527,-22.047732181224028,-39.25801082303444
400.0,curved_S2a10,jitter,30.0,19,33.92546808744886,2.470952536669548,64.7301691113032,0.970952536669548,14,-7.316134014548312,-13.715729410814822,-25.057336901867142
400.0,curved_S2a10,jitter,30.0,20,11.099198324491404,1.894904818952784,26.326987930185595,0.39490481895278395,13,-6.805772870380541,-13.203090898318836,-23.183257144103507
400.0,curved_S2a10,jitter,30.0,21,15.949209372706594,2.135796710533012,42.38644736886747,0.635796710533012,9,-15.065497948947392,-26.20123586089058,-44.60907645826188
400.0,curved_S2a10,jitter,30.0,22,4.907096885693914,1.7166907660746034,14.446051071640223,0.21669076607460336,11,-5.187286592339977,-11.344560952261956,-23.145703682833418
400.0,curved_S2a10,jitter,30.0,23,1.1885358087179714,2.202200484932261,46.81336566215073,0.702200484932261,12,-7.949052918989706,-15.237983702300319,-24.844727823508986
400.0,curved_S2a10,jitter,30.0,24,7.864661231030208,1.8225972157988732,21.506481053258216,0.32259721579887324,13,-5.709263027972254,-10.41504178575541,-23.26960483674265
400.0,curved_S2a10,jitter,30.0,25,2.7606586996173883,1.9175584227459193,27.837228183061285,0.41755842274591926,14,-6.579908736216981,-11.206227500433009,-18.42616344978974
400.0,curved_S2a10,jitter,30.0,26,12.61302516293651,1.8465892117615503,23.105947450770024,0.34658921176155033,13,-1.8634663341386946,-6.750088744820321,-12.992891862539294
400.0,curved_S2a10,jitter,30.0,27,7.639622731869571,1.544618436410238,2.9745624273491993,0.044618436410237994,14,4.7821260144181235,7.1889030530047835,6.053327637184448
400.0,curved_S2a10,jitter,30.0,28,14.461547018639743,1.4157433917906959,-5.617107213953609,-0.08425660820930414,9,4.734834109885291,1.7145020290527515,-4.008192552142742
400.0,curved_S2a10,jitter,30.0,29,5.6794230001625365,1.8679356335414083,24.52904223609389,0.36793563354140835,13,-10.088566089633147,-19.61537741521203,-36.673760185528955
400.0,curved_S2a10,jitter,30.0,30,19.61879761438667,2.6687431636348236,77.91621090898823,1.1687431636348236,13,-15.882017487718706,-27.853931921854585,-47.14014757996097
400.0,curved_S2a10,jitter,78.5,1,58.25158788897113,1.8058674014923386,20.391160099489237,0.3058674014923386,14,-5.683110988431669,-5.254862961224342,-13.672298928187008
400.0,curved_S2a10,jitter,78.5,2,75.88768590408759,2.965909994776409,97.72733298509394,1.4659099947764092,13,-20.731789829689376,-38.49492070168648,-65.67983475823554
400.0,curved_S2a10,jitter,78.5,3,111.53276850780318,2.123893805309735,41.59292035398234,0.6238938053097351,9,-11.915347670974526,-22.705931990630166,-41.9317017019239
400.0,curved_S2a10,jitter,78.5,4,15.920455337883165,1.9010594248311823,26.737294988745486,0.4010594248311823,10,2.352485139704698,-3.0401417889145357,-11.71655802000856
400.0,curved_S2a10,jitter,78.5,5,21.40484751844309,1.5128523790391541,0.8568252692769432,0.01285237903915415,13,-1.299689244479206,-7.586211915199509,-18.768547003199146
400.0,curved_S2a10,jitter,78.5,6,2.044208993162404,3.8261688707447368,155.07792471631578,2.3261688707447368,10,-11.022044638533206,-20.669250040598854,-36.882663745823415
400.0,curved_S2a10,jitter,78.5,7,131.49814703847338,1.9506857866021772,30.045719106811813,0.4506857866021772,9,7.332620979124144,4.259731271343786,-1.1028536761488195
400.0,curved_S2a10,jitter,78.5,8,65.56409338317432,1.7846207312110012,18.974715414066743,0.2846207312110012,9,-11.034222465528881,-25.68593761148785,-41.09575089592343
400.0,curved_S2a10,jitter,78.5,9,87.99554701846576,1.993627805755075,32.908520383671664,0.4936278057550749,13,-9.636498323085782,-21.277840593173195,-39.12746940350643
400.0,curved_S2a10,jitter,78.5,10,21.332049780982615,4.163546010900243,177.56973406001617,2.6635460109002427,11,-15.721458561331158,-29.921370811220715,-49.642230319154564
400.0,curved_S2a10,jitter,78.5,11,109.43885884437361,3.8608717958450542,157.39145305633696,2.3608717958450542,12,-11.440028228542118,-21.352770307923343,-36.70823361772663
400.0,curved_S2a10,jitter,78.5,12,8.127178599926287,3.55923515413913,137.28234360927533,2.05923515413913,10,-28.428871051532578,-44.52047875869871,-65.12739979249632
400.0,curved_S2a10,jitter,78.5,13,110.61323146317314,2.2806416597817014,52.0427773187801,0.7806416597817014,14,-5.066471341661693,-11.880557956846907,-26.374055450358394
400.0,curved_S2a10,jitter,78.5,14,10.50968179043901,2.4755000712682005,65.0333380845467,0.9755000712682005,12,-11.367110167432674,-15.359016586730236,-29.234835071913032
400.0,curved_S2a10,jitter,78.5,15,48.99852396628249,1.7067232246187278,13.78154830791519,0.20672322461872783,13,-4.621343991348753,-14.770845395536394,-29.028046368331413
400.0,curved_S2a10,jitter,78.5,16,174.7814061430469,2.450880811870036,63.39205412466905,0.9508808118700358,12,-24.864407216305835,-45.03041352623157,-69.80183887829698
400.0,curved_S2a10,jitter,78.5,17,29.220130427874906,2.1452116007007227,43.01410671338151,0.6452116007007227,13,-2.0282834693389846,-8.99777772390749,-18.02658974930305
400.0,curved_S2a10,jitter,78.5,18,143.80234169490913,3.9352156168954675,162.34770779303116,2.4352156168954675,12,-23.70235017515894,-21.428672428612657,-37.86822303550234
400.0,curved_S2a10,jitter,78.5,19,142.29439983138928,2.7853100187767588,85.68733458511724,1.2853100187767588,11,-14.125764365041352,-27.854421590246446,-48.83172331270202
400.0,curved_S2a10,jitter,78.5,20,9.068511564471454,2.6027980659135372,73.51987106090249,1.1027980659135372,7,-13.078501456117575,-25.052802290151256,-43.25823431710876
400.0,curved_S2a10,jitter,78.5,21,48.74254128630335,2.6103645852358373,74.02430568238914,1.1103645852358373,12,-10.670416006041313,-20.31423921710915,-35.37180835796368
400.0,curved_S2a10,jitter,78.5,22,13.782151773286696,2.636408878223085,75.76059188153899,1.1364088782230848,10,-2.799823278084576,-10.848779550220769,-25.686155889443704
400.0,curved_S2a10,jitter,78.5,23,83.50490785376371,3.5627041654988356,137.5136110332557,2.0627041654988356,11,-12.771909585569023,-27.012119740544257,-44.84760597913304
400.0,curved_S2a10,jitter,78.5,24,25.026513506673428,2.826661013350295,88.44406755668635,1.3266610133502952,11,-15.438086066578117,-29.71076559199653,-50.22017134006495
400.0,curved_S2a10,jitter,78.5,25,171.05825039985507,2.6061318901662682,73.74212601108455,1.1061318901662682,14,-4.011174186207523,-11.884085696988631,-22.226134946209083
400.0,curved_S2a10,jitter,78.5,26,105.08983357579,3.147089391341397,109.8059594227598,1.6470893913413969,11,-14.398120292265205,-25.210118812312576,-41.212200781985025
400.0,curved_S2a10,jitter,78.5,27,19.531070833840783,2.3431453430948865,56.2096895396591,0.8431453430948865,12,-8.260105963099337,-18.767479140076095,-32.69754597026512
400.0,curved_S2a10,jitter,78.5,28,38.935984664359225,2.676199017587643,78.4132678391762,1.176199017587643,5,15.278681794268522,11.742838237578946,6.84521757402283
400.0,curved_S2a10,jitter,78.5,29,31.874765713151312,2.64581745732786,76.38783048852402,1.1458174573278601,11,-13.020193923853551,-25.376493472682654,-43.84865587856653
400.0,curved_S2a10,jitter,78.5,30,85.80264669055744,2.5451022293085037,69.67348195390025,1.0451022293085037,10,-21.356334901479862,-33.85472595074491,-50.62761656594132
400.0,curved_S2a20,uniform,0.0,1,2.5277243673937173,1.7731554549956874,18.21036366637916,0.2731554549956874,12,-12.102968375695932,-19.065382545156982,-28.433455134620043
400.0,curved_S2a20,uniform,0.0,2,2.0687830855713196,1.7259345769283259,15.062305128555057,0.22593457692832586,13,-14.159165206947396,-22.117542528662046,-28.683800167860948
400.0,curved_S2a20,uniform,0.0,3,3.3174828068986986,1.6473869680659763,9.825797871065085,0.1473869680659763,11,-14.558145181205361,-22.50553073365422,-34.85875723044479
400.0,curved_S2a20,uniform,0.0,4,3.5435836598571373,2.0432314978450634,36.21543318967089,0.5432314978450634,13,-17.41252371172362,-26.930426767286377,-40.348594174849374
400.0,curved_S2a20,uniform,0.0,5,15.159632663787749,1.4724203476646212,-1.8386434890252563,-0.027579652335378846,13,-13.993677241627735,-18.939655754831662,-26.942919051998487
400.0,curved_S2a20,uniform,0.0,6,5.86795153472072,2.483413075934393,65.56087172895954,0.9834130759343931,13,-17.742425208284192,-27.42258147183986,-37.68314294220373
400.0,curved_S2a20,uniform,0.0,7,29.674439551649108,1.7672147846090087,17.814318973933915,0.2672147846090087,13,-12.37581559500934,-14.63644648352525,-22.800849432701558
400.0,curved_S2a20,uniform,0.0,8,1.3815188928112134,2.023813025789783,34.92086838598552,0.5238130257897828,14,-15.602496090806437,-21.86175820880569,-25.783449393612532
400.0,curved_S2a20,uniform,0.0,9,3.3476931274813486,2.0490232540136724,36.60155026757816,0.5490232540136724,12,-16.762578777825055,-26.51560451408434,-36.2406780398573
400.0,curved_S2a20,uniform,0.0,10,13.705030313633698,1.91738975807691,27.825983871793998,0.4173897580769099,13,-15.131587414843715,-21.615766141805796,-26.946983955598697
400.0,curved_S2a20,uniform,0.0,11,4.288238460247407,2.02868555155394,35.24570343692935,0.5286855515539401,13,-14.060336768401642,-22.596565567111103,-28.797206359939366
400.0,curved_S2a20,uniform,0.0,12,31.43694611873844,2.083030986291018,38.86873241940121,0.5830309862910181,13,-21.071216256892363,-35.74581299992223,-52.27717190224966
400.0,curved_S2a20,uniform,0.0,13,4.446747769944572,1.964447075744891,30.96313838299274,0.4644470757448911,12,-13.504034930946446,-22.30563619019241,-34.18552450483249
400.0,curved_S2a20,uniform,0.0,14,21.356317922586147,1.9883252485676997,32.555016571179976,0.48832524856769965,13,-15.444685035641198,-24.645218820139057,-33.62325488223283
400.0,curved_S2a20,uniform,0.0,15,22.91348284359486,1.9400111356958767,29.334075713058443,0.4400111356958767,13,-14.807557364948568,-21.929368181483486,-30.89766726110996
400.0,curved_S2a20,uniform,0.0,16,3.3622910186934263,1.567397263415236,4.493150894349066,0.067397263415236,11,-12.091218710148553,-18.01932623695365,-24.432955437190568
400.0,curved_S2a20,uniform,0.0,17,12.33548600235715,1.9427621366930943,29.51747577953962,0.4427621366930943,12,-13.034677630870663,-15.41925052837278,-14.508990967855375
400.0,curved_S2a20,uniform,0.0,18,10.334051322106847,2.2576153282544804,50.50768855029869,0.7576153282544804,13,-15.174614698913043,-21.680633811495916,-23.039103280514997
400.0,curved_S2a20,uniform,0.0,19,6.73546665067084,2.4964917734334353,66.43278489556236,0.9964917734334353,11,-16.429502007500624,-26.55071268499691,-37.73749871549093
400.0,curved_S2a20,uniform,0.0,20,15.75773512911245,2.1035158095583566,40.23438730389044,0.6035158095583566,13,-14.043050343968766,-18.921528283100173,-34.940484717611724
400.0,curved_S2a20,uniform,0.0,21,1.7573172514418227,1.5566692783734086,3.777951891560575,0.05666927837340863,14,-11.197635094193236,-16.619882125647344,-21.201538315485084
400.0,curved_S2a20,uniform,0.0,22,6.987072783913706,1.6008715938653197,6.7247729243546495,0.10087159386531974,12,-13.191181079092242,-18.670671950621887,-19.070403948874443
400.0,curved_S2a20,uniform,0.0,23,10.471445147207735,2.2570481990381186,50.46987993587457,0.7570481990381186,13,-19.004771057790144,-27.059276011611693,-45.68281346038132
400.0,curved_S2a20,uniform,0.0,24,20.520407792951012,1.8773757234538409,25.158381563589387,0.37737572345384085,13,-11.612555963712591,-11.611409191477534,-17.608256744093588
400.0,curved_S2a20,uniform,0.0,25,15.79784194089691,1.9330394477645456,28.86929651763637,0.4330394477645456,13,-17.400148621909516,-27.922362499127956,-34.81557571936223
400.0,curved_S2a20,uniform,0.0,26,0.005256634629406109,2.0141487362769026,34.27658241846017,0.5141487362769026,13,-18.06938630876657,-27.472603396076252,-37.398163648762846
400.0,curved_S2a20,uniform,0.0,27,9.128835964330602,1.739122016310809,15.941467754053932,0.23912201631080898,12,-14.602437379818374,-19.569224065810133,-23.49530810641211
400.0,curved_S2a20,uniform,0.0,28,10.219471738779879,2.3755876810040224,58.372512066934824,0.8755876810040224,13,-19.712972583353988,-29.476616787148714,-39.354675368928184
400.0,curved_S2a20,uniform,0.0,29,3.1885286891548414,1.7282366933844546,15.215779558963641,0.22823669338445463,13,-12.600752617210965,-20.973039860050854,-31.22291372160144
400.0,curved_S2a20,uniform,0.0,30,25.77979134637066,2.0531558876605587,36.87705917737058,0.5531558876605587,13,-14.97739492683955,-18.15638835285551,-20.09823820740076
400.0,curved_S2a20,uniform,2.0,1,1.1363075648980605,1.7106043396378512,14.04028930919008,0.2106043396378512,12,-10.496605114818673,-17.356755375646742,-25.363765667664044
400.0,curved_S2a20,uniform,2.0,2,2.1189115044326954,1.6061475137555852,7.076500917039012,0.10614751375558518,13,-11.826743142303338,-16.023419745503706,-17.99787802795297
400.0,curved_S2a20,uniform,2.0,3,5.508829245172486,1.6038835181816,6.925567878773335,0.10388351818160002,12,-10.053983469199068,-15.280985056392256,-22.45876346137543
400.0,curved_S2a20,uniform,2.0,4,8.518535954515079,1.980288830148843,32.019255343256205,0.48028883014884305,13,-14.059385421870415,-21.092083857230744,-31.929392457062153
400.0,curved_S2a20,uniform,2.0,5,10.968271587027322,1.5912336355761014,6.0822423717400955,0.09123363557610142,13,-9.685515168716286,-10.231306212351704,-12.218493829614397
400.0,curved_S2a20,uniform,2.0,6,3.5623622546212435,2.3497725239912493,56.65150159941662,0.8497725239912493,13,-15.208841580510363,-22.07846169167022,-28.56728830374331
400.0,curved_S2a20,uniform,2.0,7,28.342199822298547,1.7863710674428288,19.091404496188588,0.2863710674428288,13,-10.97077952147702,-13.287366266882707,-22.012875630942126
400.0,curved_S2a20,uniform,2.0,8,0.27392895486021507,1.7333339496299585,15.55559664199723,0.23333394962995846,13,-10.934350226471151,-15.378577462140962,-14.651684967450247
400.0,curved_S2a20,uniform,2.0,9,10.538060697146488,1.9273583612292493,28.490557415283284,0.4273583612292493,13,-13.409591722661606,-20.997074630631946,-27.209082645719626
400.0,curved_S2a20,uniform,2.0,10,13.3370654217275,1.8964169186536532,26.42779457691022,0.39641691865365325,13,-14.694477080083447,-20.52806396817076,-26.272076547965632
400.0,curved_S2a20,uniform,2.0,11,2.1545769730514372,1.9541175110895148,30.274500739300986,0.4541175110895148,13,-12.52850137074782,-20.207447629790014,-23.695330741729784
400.0,curved_S2a20,uniform,2.0,12,109.5300679282691,1.769188537895805,17.945902526387002,0.269188537895805,12,-13.365418313801342,-17.445107607226664,-22.24379881770815
400.0,curved_S2a20,uniform,2.0,13,11.474552274162711,1.8306300648455316,22.04200432303544,0.3306300648455316,13,-10.736952839712888,-17.806489348128736,-25.512170918791398
400.0,curved_S2a20,uniform,2.0,14,19.795151903095096,1.9405415984250742,29.369439895004952,0.44054159842507423,13,-14.286378306230924,-23.288949469261375,-34.2420183504445
400.0,curved_S2a20,uniform,2.0,15,20.58903270624852,1.8548199537890058,23.65466358593372,0.35481995378900577,14,-12.095533911393769,-17.329349367454455,-24.80476194191021
400.0,curved_S2a20,uniform,2.0,16,2.898889462982002,1.6091611365143637,7.277409100957577,0.10916113651436365,12,-9.303700332773968,-8.980863162438988,-9.83143317875943
400.0,curved_S2a20,uniform,2.0,17,17.85367621399627,1.9000285006412652,26.66856670941768,0.40002850064126516,13,-11.025425878941867,-12.081600798245127,-11.637543236908018
400.0,curved_S2a20,uniform,2.0,18,11.971756701257657,1.8955931504966428,26.37287669977619,0.3955931504966428,13,-12.795447883615653,-18.40562208336301,-20.412147154643943
400.0,curved_S2a20,uniform,2.0,19,6.925330743283997,2.3775851718273704,58.50567812182469,0.8775851718273704,11,-14.054073111766616,-23.86982224835593,-33.741384716304395
400.0,curved_S2a20,uniform,2.0,20,17.205586666309028,1.7659528775967757,17.730191839785046,0.26595287759677566,13,-10.07817889891499,-13.360591176527715,-27.643711732743668
400.0,curved_S2a20,uniform,2.0,21,1.6334089717673337,1.5731498397797288,4.876655985315251,0.07314983977972878,14,-9.101053049231554,-13.677171876331535,-15.279431438046192
400.0,curved_S2a20,uniform,2.0,22,8.762186447630398,1.494305219476652,-0.3796520348898694,-0.005694780523348042,12,-8.287594831606441,-10.270119399272597,-10.567674612163072
400.0,curved_S2a20,uniform,2.0,23,13.413922350990093,1.946687670061551,29.779178004103397,0.44668767006155097,12,-15.485122365368454,-21.481866091647547,-37.01879108223609
400.0,curved_S2a20,uniform,2.0,24,21.120112056959346,1.851631382273799,23.442092151586603,0.3516313822737991,13,-9.55505887653069,-8.074821194668969,-14.302529404414495
400.0,curved_S2a20,uniform,2.0,25,7.3935795483772875,2.0754811155332034,38.36540770221355,0.5754811155332034,14,-14.431872136658892,-22.545360607883016,-28.618435398029412
400.0,curved_S2a20,uniform,2.0,26,1.9399437857424906,1.9366038379908614,29.106922532724095,0.43660383799086144,13,-16.018896476623787,-24.596351473955366,-33.21374946045389
400.0,curved_S2a20,uniform,2.0,27,13.642002740633606,1.8892143827353076,25.94762551568717,0.3892143827353076,14,-12.72765467644296,-16.880288816345075,-20.20097632254604
400.0,curved_S2a20,uniform,2.0,28,9.522361335523188,2.2023016754717863,46.820111698119085,0.7023016754717863,12,-17.411413160694895,-26.597047598996124,-35.83061025720459
400.0,curved_S2a20,uniform,2.0,29,3.8442072528009144,1.6696272112640327,11.308480750935512,0.16962721126403268,13,-10.260609844545993,-17.16588131261136,-26.471909114507763
400.0,curved_S2a20,uniform,2.0,30,12.626060812850163,2.1192815158147824,41.28543438765216,0.6192815158147824,11,-13.470264269472752,-16.417142045574572,-18.286385301867703
400.0,curved_S2a20,uniform,5.0,1,0.6995842532156462,1.5331637368587216,2.210915790581443,0.03316373685872165,12,-8.471124663038877,-15.638308571124666,-23.75805757384339
400.0,curved_S2a20,uniform,5.0,2,114.88302262735988,1.7833085086948448,18.887233912989654,0.2833085086948448,12,-9.96950747187461,-13.833231763169199,-15.684031020657589
400.0,curved_S2a20,uniform,5.0,3,103.70534362033669,1.6628841244792114,10.858941631947427,0.1628841244792114,12,-12.180984751896338,-19.840174861411803,-28.26452044826665
400.0,curved_S2a20,uniform,5.0,4,12.929689524325141,1.756118103812238,17.0745402541492,0.256118103812238,13,-10.144397864103563,-15.684273348959136,-24.168298185426327
400.0,curved_S2a20,uniform,5.0,5,8.959217176798496,1.6811807272297261,12.078715148648406,0.1811807272297261,13,-5.918275842522194,-5.297518295757058,-5.9428405424649995
400.0,curved_S2a20,uniform,5.0,6,0.6945868369653025,2.361547259250723,57.4364839500482,0.861547259250723,12,-13.957143503633489,-20.59243220353665,-25.97631619723603
400.0,curved_S2a20,uniform,5.0,7,26.10416383504654,1.7276723869778143,15.178159131854288,0.22767238697781433,13,-9.315299674165965,-11.790620425031259,-19.92804843318448
400.0,curved_S2a20,uniform,5.0,8,1.865233368262395,1.963806719085849,30.9204479390566,0.46380671908584903,13,-10.179922930585874,-15.363244929073764,-16.414147558122643
400.0,curved_S2a20,uniform,5.0,9,2.406484146302566,1.9180868046761894,27.872453645079293,0.4180868046761894,14,-10.951048966897272,-17.857716591293876,-22.42340580950548
400.0,curved_S2a20,uniform,5.0,10,12.973672254089374,1.8184764051630375,21.231760344202502,0.31847640516303755,13,-14.220516528853809,-19.433505941236977,-23.9236979581386
400.0,curved_S2a20,uniform,5.0,11,6.628388197901948,1.7810460543383515,18.736403622556765,0.2810460543383515,14,-9.139658983681983,-14.796777524426624,-14.21628132620845
400.0,curved_S2a20,uniform,5.0,12,106.5252356304732,1.4089402789721535,-6.070648068523102,-0.09105972102784654,12,-10.559839965400814,-12.415821133373793,-16.32327853788204
400.0,curved_S2a20,uniform,5.0,13,10.61066844195543,1.761584729804187,17.43898198694579,0.2615847298041869,13,-8.111533246006148,-13.851990188578029,-19.768939057229833
400.0,curved_S2a20,uniform,5.0,14,16.91892273975608,1.775363561022438,18.357570734829206,0.2753635610224381,13,-12.693907099136737,-19.787054852017242,-28.2455895521001
400.0,curved_S2a20,uniform,5.0,15,18.9669178056908,1.574332824085157,4.955521605677138,0.07433282408515707,12,-8.527485367031867,-11.736101045245137,-17.239804376315654
400.0,curved_S2a20,uniform,5.0,16,101.47073082205677,1.9542185660964886,30.281237739765903,0.4542185660964886,13,-9.75531986343799,-12.35338612856424,-14.736362312422557
400.0,curved_S2a20,uniform,5.0,17,17.431416690610625,1.6422775872426336,9.485172482842241,0.14227758724263362,12,-8.003542684806174,-6.9435912268258315,-6.8226616716874044
400.0,curved_S2a20,uniform,5.0,18,14.949093232910394,1.8449751852506344,22.99834568337563,0.3449751852506344,13,-10.49047569386852,-14.004935427145984,-14.42737337063479
400.0,curved_S2a20,uniform,5.0,19,3.429107859786728,2.3094994464224734,53.96662976149823,0.8094994464224734,13,-11.33681984949777,-19.99752278944805,-29.605557279415848
400.0,curved_S2a20,uniform,5.0,20,16.97167539273182,1.6426585272773262,9.51056848515508,0.1426585272773262,13,-7.5456498696639045,-11.012516934559743,-23.390985731014
400.0,curved_S2a20,uniform,5.0,21,2.5747677517297003,1.6419940661725674,9.466271078171157,0.14199406617256738,13,-6.907415076092691,-10.6556266419696,-11.497154753458382
400.0,curved_S2a20,uniform,5.0,22,116.10361866278643,1.5409932697970175,2.732884653134497,0.04099326979701745,12,-9.60363164636347,-13.679384060144697,-17.78678487171363
400.0,curved_S2a20,uniform,5.0,23,9.892245960527317,2.004208584614033,33.613905640935535,0.504208584614033,12,-12.80061821421925,-17.911174669798843,-30.453753069823115
400.0,curved_S2a20,uniform,5.0,24,22.56660206722323,1.812645644078576,20.84304293857174,0.3126456440785761,12,-6.240808216093483,-2.2085113104515237,-7.785913685372451
400.0,curved_S2a20,uniform,5.0,25,3.1136640902145634,1.8178813667514957,21.192091116766377,0.3178813667514957,13,-10.593014043536808,-16.18486709823199,-19.43153245965391
400.0,curved_S2a20,uniform,5.0,26,7.692692247392078,1.7810349930061586,18.735666200410574,0.28103499300615864,13,-12.661443077588327,-21.14969324446897,-30.187780527470764
400.0,curved_S2a20,uniform,5.0,27,12.841501078970992,1.8904950726846508,26.033004845643386,0.3904950726846508,14,-11.396419749054978,-15.768222372002466,-19.77912165335899
400.0,curved_S2a20,uniform,5.0,28,0.07304042589462983,1.8372797222648547,22.485314817656977,0.3372797222648547,12,-13.058232241687598,-20.414835905037876,-25.209361119758682
400.0,curved_S2a20,uniform,5.0,29,4.020272255408769,1.609556949949125,7.303796663274993,0.1095569499491249,13,-7.820735469461838,-12.601340699358342,-17.12876652449429
400.0,curved_S2a20,uniform,5.0,30,13.79731716630314,2.065260702695966,37.68404684639775,0.5652607026959662,11,-12.602530168472535,-16.651728514974646,-19.61323563674278
400.0,curved_S2a20,uniform,10.0,1,3.1290898160506497,1.6466058025529762,9.773720170198413,0.14660580255297617,12,-7.973313293004893,-12.04907571277033,-16.852743651384976
400.0,curved_S2a20,uniform,10.0,2,32.88523982216279,1.7594583802617196,17.29722535078131,0.25945838026171963,12,-10.322953837072856,-15.871007177359331,-17.538551228166746
400.0,curved_S2a20,uniform,10.0,3,4.016923345999241,1.6552117772047352,10.347451813649016,0.15521177720473522,13,-6.496663495346566,-11.630227021710333,-16.50466182472511
400.0,curved_S2a20,uniform,10.0,4,13.861473496482082,1.6793090728662607,11.95393819108405,0.17930907286626074,13,-7.676947907780775,-12.057322996756099,-19.71614551593907
400.0,curved_S2a20,uniform,10.0,5,11.73812666473184,1.5281628066409505,1.8775204427300334,0.0281628066409505,13,-3.7838337658856998,-2.4703341149063545,-4.148961767276246
400.0,curved_S2a20,uniform,10.0,6,3.1804405863885505,1.7364453788268517,15.763025255123445,0.23644537882685168,13,-10.068596277394072,-15.159535076089492,-19.768335992471567
400.0,curved_S2a20,uniform,10.0,7,24.517281500766117,1.655211777204737,10.347451813649133,0.155211777204737,13,-7.262848054398473,-10.677604183465835,-21.298435530774682
400.0,curved_S2a20,uniform,10.0,8,1.3973524972796334,1.892954340080376,26.19695600535841,0.3929543400803761,13,-7.548042287692203,-11.687250662659812,-12.918314700578454
400.0,curved_S2a20,uniform,10.0,9,2.255306748909798,1.8213591849601165,21.423945664007768,0.3213591849601165,14,-9.556530200875736,-16.688347099110473,-21.453514353851297
400.0,curved_S2a20,uniform,10.0,10,12.09347698742943,1.7987499434080807,19.916662893872047,0.2987499434080807,13,-12.817057398715047,-17.9625227334487,-22.306945377204222
400.0,curved_S2a20,uniform,10.0,11,4.3411431870683055,1.7229272245671117,14.861814971140777,0.22292722456711167,14,-7.677102494238539,-12.113345498451029,-10.682373907140368
400.0,curved_S2a20,uniform,10.0,12,92.74002479429615,1.7664675218775,17.764501458499993,0.2664675218774999,12,-9.017048503487311,-9.61668858126591,-12.144318042864048
400.0,curved_S2a20,uniform,10.0,13,5.160077217886695,1.8286260238861105,21.908401592407365,0.3286260238861105,14,-6.328317360419998,-11.538771276738418,-17.18239924844494
400.0,curved_S2a20,uniform,10.0,14,16.304562342649767,1.693269970717485,12.884664714498998,0.19326997071748497,12,-8.65577778888008,-15.166301230377153,-20.861000920060995
400.0,curved_S2a20,uniform,10.0,15,18.944094302028933,1.496643556774196,-0.2237628817202649,-0.0033564432258039734,12,-5.287801423647839,-6.84010707064776,-10.372042507047759
400.0,curved_S2a20,uniform,10.0,16,114.01182623617825,1.8240547193032204,21.603647953548023,0.3240547193032204,13,-8.400079033305653,-11.926728599870998,-10.36780011544529
400.0,curved_S2a20,uniform,10.0,17,17.139031065833805,1.5041420939904662,0.2761395993644111,0.004142093990466167,13,-4.985547761947728,-3.5457468715166267,-4.3786764939713265
400.0,curved_S2a20,uniform,10.0,18,20.31549099967586,1.910947419812692,27.39649465417946,0.4109474198126919,13,-9.05671178962567,-11.25926953796072,-11.461202252856493
400.0,curved_S2a20,uniform,10.0,19,1.0512910397465223,1.8973705736613145,26.491371577420963,0.39737057366131445,12,-8.652624684411625,-16.106647845365202,-23.623835829618226
400.0,curved_S2a20,uniform,10.0,20,16.06897626642934,1.6721917043569643,11.479446957130952,0.1721917043569643,13,-5.260612772002069,-9.597167965270021,-19.834351611723537
400.0,curved_S2a20,uniform,10.0,21,2.9121079413053743,1.652221873635174,10.148124909011596,0.15222187363517392,13,-3.7807654112540447,-6.651752619882679,-6.605417462793054
400.0,curved_S2a20,uniform,10.0,22,5.842898495373577,1.4528487282070186,-3.143418119532093,-0.0471512717929814,13,-9.098154703193003,-13.176317870019918,-19.418341473881416
400.0,curved_S2a20,uniform,10.0,23,7.401015798763341,1.5857880115062528,5.719200767083521,0.08578801150625281,14,-6.470474058616529,-7.8363212304306575,-14.636805996775024
400.0,curved_S2a20,uniform,10.0,24,24.296479563244496,1.7189543699260703,14.596957995071355,0.2189543699260703,12,-2.5011922521478516,3.618674803549709,-0.4110334422461139
400.0,curved_S2a20,uniform,10.0,25,3.1090884037100976,2.0845204197440372,38.968027982935816,0.5845204197440372,12,-10.72330659013581,-17.286235881178612,-22.099369411701595
400.0,curved_S2a20,uniform,10.0,26,6.571323847252604,1.6850036556846124,12.333577045640826,0.1850036556846124,14,-8.159172109977515,-12.749991852468192,-17.714356761707055
400.0,curved_S2a20,uniform,10.0,27,14.207229190523503,1.9128324896747526,27.522165978316842,0.4128324896747526,14,-8.945248637083061,-11.429899627371782,-14.439699296429588
400.0,curved_S2a20,uniform,10.0,28,1.5980059866484142,1.6868153314616507,12.454355430776715,0.18681533146165075,13,-10.780439263294527,-18.800716617627096,-20.931901035827522
400.0,curved_S2a20,uniform,10.0,29,3.979387952175473,1.5669054638457045,4.4603642563803,0.0669054638457045,13,-5.235835015866811,-8.055193652607949,-8.28298427922185
400.0,curved_S2a20,uniform,10.0,30,17.95011090233514,2.0336578411301978,35.57718940867985,0.5336578411301978,10,-11.453937907842372,-14.772885878731342,-16.19623386339168
400.0,curved_S2a20,uniform,11.0,1,4.117511988009892,1.6908715616222656,12.724770774817706,0.1908715616222656,13,-6.579629145610618,-10.27248320074139,-14.628041290592243
400.0,curved_S2a20,uniform,11.0,2,3.748963784747049,1.773708233041162,18.247215536077466,0.273708233041162,12,-8.837459941404159,-12.849363744810638,-13.722664813673102
400.0,curved_S2a20,uniform,11.0,3,4.144452825792633,1.6518211042472393,10.121406949815952,0.15182110424723927,13,-6.182888147882723,-11.1541901983051,-15.89223275565193
400.0,curved_S2a20,uniform,11.0,4,13.660544051535425,1.6698004832854147,11.320032219027649,0.16980048328541475,13,-7.694612704642114,-12.079129918679072,-19.7441459037706
400.0,curved_S2a20,uniform,11.0,5,12.014080300846885,1.534923485012058,2.3282323341372075,0.03492348501205811,13,-3.6189372343464834,-2.472875386449871,-4.098256117586072
400.0,curved_S2a20,uniform,11.0,6,5.309350522567954,1.8266554145039695,21.777027633597967,0.3266554145039695,13,-9.009261331580232,-12.988185185422504,-16.291311371082926
400.0,curved_S2a20,uniform,11.0,7,26.365290313404188,1.6835429435398162,12.236196235987745,0.18354294353981615,12,-6.647813086502015,-9.82797502298093,-20.117278313353964
400.0,curved_S2a20,uniform,11.0,8,1.3935841202446673,1.8832306370568763,25.548709137125087,0.3832306370568763,13,-7.336090819159627,-11.10172295913163,-12.036370318509197
400.0,curved_S2a20,uniform,11.0,9,2.3952570979473364,1.8126458501993836,20.843056679958906,0.3126458501993836,14,-9.399306545198113,-16.510411622270496,-21.6709438720891
400.0,curved_S2a20,uniform,11.0,10,11.813350871721,1.799539376871735,19.969291791448995,0.29953937687173493,13,-11.864976104406237,-16.937360284096325,-21.34730729617997
400.0,curved_S2a20,uniform,11.0,11,4.466100918244239,1.6982274794603422,13.21516529735615,0.19822747946034225,14,-7.350237205349458,-11.760785682137682,-10.296182079812233
400.0,curved_S2a20,uniform,11.0,12,92.21293118280872,1.8305204515028004,22.034696766853358,0.3305204515028004,12,-8.352840197156976,-9.120364871672084,-11.468613556566794
400.0,curved_S2a20,uniform,11.0,13,5.548547152934833,1.809850939883036,20.656729325535736,0.309850939883036,14,-6.121833230001538,-11.393260296208128,-17.239922250031423
400.0,curved_S2a20,uniform,11.0,14,15.672543298061518,1.690690652743294,12.712710182886275,0.1906906527432941,12,-8.364561305672066,-15.173419695902819,-20.98851878036531
400.0,curved_S2a20,uniform,11.0,15,18.342637286227518,1.5123664197360185,0.8244279824012324,0.012366419736018486,12,-5.115952633373652,-6.750232188219131,-10.363880512110242
400.0,curved_S2a20,uniform,11.0,16,8.964517027592107,1.6727033573874226,11.513557159161508,0.1727033573874226,13,-7.314200633646373,-12.03352950960958,-11.74307587497832
400.0,curved_S2a20,uniform,11.0,17,17.628163957740053,1.5203082281291767,1.3538818752784434,0.020308228129176653,13,-4.770321838419761,-3.376576547095987,-4.3010410553100265
400.0,curved_S2a20,uniform,11.0,18,20.252865478172414,1.9010857159064904,26.73904772709936,0.40108571590649045,13,-8.845072997050568,-10.70687248074706,-9.971666264371198
400.0,curved_S2a20,uniform,11.0,19,1.6318123219861473,1.8785302091066578,25.235347273777187,0.3785302091066578,12,-8.05617590957427,-15.115611651082855,-22.132543078990672
400.0,curved_S2a20,uniform,11.0,20,16.308223975551034,1.662745363976213,10.84969093174754,0.1627453639762131,13,-5.020883843327393,-9.375185246755837,-19.63354776851143
400.0,curved_S2a20,uniform,11.0,21,2.7943451731835283,1.636116885275022,9.074459018334807,0.13611688527502208,13,-3.5120409619127226,-6.447916873187612,-8.762809276553087
400.0,curved_S2a20,uniform,11.0,22,6.7036217352649725,1.457869534300157,-2.808697713322861,-0.04213046569984291,13,-8.531434842901167,-12.40351605875468,-18.40955390857915
400.0,curved_S2a20,uniform,11.0,23,6.087209816123284,1.5789651297145622,5.26434198097081,0.07896512971456215,14,-6.536204407558035,-7.563116870808715,-13.813062748335787
400.0,curved_S2a20,uniform,11.0,24,24.483187716224823,1.7037701949326312,13.584679662175411,0.20377019493263115,12,-2.165034543561014,3.977180477369157,-0.057697061203728715
400.0,curved_S2a20,uniform,11.0,25,2.9289748063529095,2.0744231630695085,38.29487753796723,0.5744231630695085,12,-10.371894738531878,-17.08662256200874,-22.052889107302832
400.0,curved_S2a20,uniform,11.0,26,8.996574896954971,1.6354299087833195,9.028660585554633,0.1354299087833195,14,-6.128362673643959,-9.359109207204723,-13.520985809244985
400.0,curved_S2a20,uniform,11.0,27,14.284608032080577,1.909853399981655,27.323559998776997,0.40985339998165493,14,-9.044954121468862,-11.045623265173461,-13.724878576199174
400.0,curved_S2a20,uniform,11.0,28,3.9362152142125866,1.7528508797830284,16.856725318868563,0.25285087978302845,12,-10.09871577060273,-17.944391101802463,-19.80751515687292
400.0,curved_S2a20,uniform,11.0,29,3.8678309005507523,1.5944989013258606,6.299926755057372,0.09449890132586058,13,-4.875964140282125,-7.610835930197726,-7.736114398000342
400.0,curved_S2a20,uniform,11.0,30,17.051013001007544,2.190411867438052,46.02745782920348,0.6904118674380522,10,-11.610938931186915,-15.234698120908481,-17.04894413108537
400.0,curved_S2a20,uniform,20.0,1,3.647693288223218,1.7241379310344827,14.942528735632177,0.22413793103448265,13,-3.4063969316485236,-5.646847292049825,-5.677313361929325
400.0,curved_S2a20,uniform,20.0,2,0.33718289716890043,1.6108697362771518,7.39131575181012,0.1108697362771518,13,-4.077935126405717,-5.153238776481141,-3.356178670109879
400.0,curved_S2a20,uniform,20.0,3,4.073143763318277,1.6462159944159822,9.74773296106548,0.1462159944159822,13,-4.617019486472664,-8.91999523947912,-13.476600488937716
400.0,curved_S2a20,uniform,20.0,4,12.110888219712342,1.6724372392072093,11.495815947147287,0.17243723920720933,13,-5.845566259641394,-9.628640536532561,-16.26075227034837
400.0,curved_S2a20,uniform,20.0,5,12.133149281291027,1.6009850867777484,6.7323391185165615,0.10098508677774842,13,-1.7960315698706757,0.035813275167527525,-4.131458370781204
400.0,curved_S2a20,uniform,20.0,6,2.369537141597328,1.7626790518415858,17.511936789439055,0.2626790518415858,13,-5.44303401435609,-7.102939999863876,-7.031933267902748
400.0,curved_S2a20,uniform,20.0,7,23.87317007036085,1.6370312213248337,9.135414754988913,0.1370312213248337,12,-4.492803997331671,-9.275403562364978,-18.976974156327106
400.0,curved_S2a20,uniform,20.0,8,1.6131893323573367,1.8524784151340958,23.498561008939724,0.35247841513409583,13,-4.870376839330085,-7.7549666609581624,-7.6612770207889165
400.0,curved_S2a20,uniform,20.0,9,4.734160512896267,1.8219668748379565,21.464458322530433,0.3219668748379565,13,-6.69363775414622,-12.298684249683236,-14.920538136386646
400.0,curved_S2a20,uniform,20.0,10,8.498186072420655,1.6889150591664197,12.594337277761314,0.1889150591664197,13,-7.848876143748143,-12.42055042888397,-14.04857703947544
400.0,curved_S2a20,uniform,20.0,11,2.4417774647964183,1.7632476570392361,17.54984380261574,0.26324765703923614,14,-6.225659051135098,-10.171599447317647,-9.483474028165121
400.0,curved_S2a20,uniform,20.0,12,3.505992896239575,1.5657138101577235,4.380920677181566,0.06571381015772348,13,-3.960374556915293,-3.2578541079446803,-3.504503248373119
400.0,curved_S2a20,uniform,20.0,13,6.657561645044996,1.6647668215703202,10.98445477135468,0.1647668215703202,14,-5.004021273200202,-9.947463719973637,-14.715630287465105
400.0,curved_S2a20,uniform,20.0,14,11.59053143883714,1.6841117149727032,12.274114331513546,0.18411171497270318,12,-6.322415406636035,-11.063723738827422,-15.851933556907603
400.0,curved_S2a20,uniform,20.0,15,15.981264863983322,1.646652382893348,9.776825526223194,0.14665238289334792,13,-2.8504312863451156,-4.132782375814776,-6.675031608158417
400.0,curved_S2a20,uniform,20.0,16,3.800799137049399,1.5539074810160405,3.5938320677360323,0.05390748101604048,14,-2.709728186713246,-4.820674713428842,-1.0650664221838733
400.0,curved_S2a20,uniform,20.0,17,21.821332238463224,1.5882077480197234,5.880516534648228,0.08820774801972342,13,-1.8060257120434196,0.6195833329985777,-2.085773143364811
400.0,curved_S2a20,uniform,20.0,18,20.29123183258844,1.8641121769435498,24.274145129569987,0.3641121769435498,13,-6.909285930513916,-9.026192245274938,-11.387491172501544
400.0,curved_S2a20,uniform,20.0,19,3.6374302404105285,1.6924185438937474,12.827902926249823,0.19241854389374735,12,-5.615167192823104,-8.210357426999629,-9.395694795631194
400.0,curved_S2a20,uniform,20.0,20,15.61744611329869,1.5503306648098325,3.3553776539888336,0.050330664809832504,13,-3.393840115892121,-7.113569368723257,-13.762917379122577
400.0,curved_S2a20,uniform,20.0,21,1.2155439904335301,1.6356953817748734,9.04635878499156,0.1356953817748734,13,-1.9148692337647577,-5.04605118281992,-4.969713602611527
400.0,curved_S2a20,uniform,20.0,22,14.516603129213799,1.4316058507073353,-4.5596099528443155,-0.06839414929266474,13,-1.3511483413884646,-1.9266249578927594,-1.4388169018190504
400.0,curved_S2a20,uniform,20.0,23,3.112342327800321,1.5255964724542221,1.7064314969481427,0.02559647245422214,14,-4.965536878484727,-4.405941463354117,-9.07309589081033
400.0,curved_S2a20,uniform,20.0,24,21.40497747163939,1.6385509974220953,9.23673316147302,0.1385509974220953,12,-0.08108071492650322,6.069912363332786,1.5552249246383252
400.0,curved_S2a20,uniform,20.0,25,0.15230903483744743,1.659327194747025,10.621812983134998,0.15932719474702495,14,-5.118838469830809,-8.793691902016349,-9.645188463836824
400.0,curved_S2a20,uniform,20.0,26,11.246881452021766,1.5889037089179068,5.926913927860452,0.08890370891790678,13,-0.9503926610863722,-2.4559796704934387,-3.099037584120421
400.0,curved_S2a20,uniform,20.0,27,12.859207931131014,1.6347954133287423,8.986360888582823,0.13479541332874234,14,-5.0513240448993475,-4.4123716795392,-3.3964042151691984
400.0,curved_S2a20,uniform,20.0,28,4.877489458898425,1.8044787139430483,20.29858092953655,0.30447871394304826,12,-9.795012889774663,-15.00575187742144,-13.003482749894419
400.0,curved_S2a20,uniform,20.0,29,4.178815173548125,1.64563763922353,9.709175948235327,0.1456376392235299,14,-3.1838796427112466,-4.903230826172762,-2.835302564571436
400.0,curved_S2a20,uniform,20.0,30,14.811658156177119,2.0292219452182905,35.2814630145527,0.5292219452182905,12,-7.141876441446935,-9.849847834304878,-10.976772651525113
400.0,curved_S2a20,uniform,30.0,1,1.4556481584734318,1.8320066230510301,22.133774870068677,0.3320066230510301,12,-2.416757530237904,-3.497697552194853,-3.1655017458816297
400.0,curved_S2a20,uniform,30.0,2,4.411833855159327,1.4461694450913058,-3.58870366057961,-0.05383055490869415,13,0.4708496464227893,1.2472113518616552,5.188187506822514
400.0,curved_S2a20,uniform,30.0,3,3.951790515686374,1.6447833142817294,9.652220952115293,0.1447833142817294,13,-3.0521083640369038,-7.101384742580881,-9.940399657763216
400.0,curved_S2a20,uniform,30.0,4,11.367766288687342,1.6841690078368303,12.277933855788687,0.18416900783683032,13,-3.928998795058432,-8.519079826003807,-14.647457295978317
400.0,curved_S2a20,uniform,30.0,5,12.313620513739425,1.5868241148566289,5.7882743237752585,0.08682411485662889,13,0.3323317437117401,3.010635775171676,-3.0584434003212944
400.0,curved_S2a20,uniform,30.0,6,0.3458645068383999,1.6357552564609723,9.050350430731486,0.1357552564609723,14,-1.0069690086760719,-1.0906074965458805,0.7651735193428723
400.0,curved_S2a20,uniform,30.0,7,20.734755456559558,1.630603361495561,8.706890766370739,0.13060336149556107,13,-4.049587171963927,-11.364403736193234,-19.504719088553824
400.0,curved_S2a20,uniform,30.0,8,5.782150772778711,1.6202596491854573,8.017309945697153,0.12025964918545728,13,-1.174531730797247,-4.231458411414712,-3.3778796964111124
400.0,curved_S2a20,uniform,30.0,9,4.398520612788114,1.7831573790537314,18.877158603582092,0.2831573790537314,13,-4.818497982662008,-10.102875956245274,-12.4444478857614
400.0,curved_S2a20,uniform,30.0,10,10.176722531962112,1.8057395947977104,20.382639653180693,0.3057395947977104,12,-6.7904989060772,-12.137318927172156,-11.730443244250463
400.0,curved_S2a20,uniform,30.0,11,0.6897070927867249,1.6612634851755965,10.750899011706434,0.16126348517559652,14,-2.04534759850716,-2.7536366064094464,2.6630972843542713
400.0,curved_S2a20,uniform,30.0,12,1.541965831030678,1.5446063955659781,2.9737597043985415,0.04460639556597812,12,-0.9060098664369542,0.5690891574791421,3.020200229476937
400.0,curved_S2a20,uniform,30.0,13,6.734634657454397,1.6742057166984585,11.6137144465639,0.17420571669845852,14,-4.685475631792612,-8.500426119667138,-12.510167942756311
400.0,curved_S2a20,uniform,30.0,14,10.52086889946407,1.6878284954492526,12.521899696616842,0.18782849544925262,12,-3.627614934014575,-7.91172718701286,-12.22066798415184
400.0,curved_S2a20,uniform,30.0,15,12.160213477872801,1.6156281251460218,7.708541676401455,0.11562812514602183,13,-1.3108916143452367,-3.0314049455865573,-6.152838287337706
400.0,curved_S2a20,uniform,30.0,16,4.041558509347125,1.522383745891331,1.492249726088731,0.022383745891330964,13,-0.44120592965609035,-2.1459577287886615,1.2033473562036334
400.0,curved_S2a20,uniform,30.0,17,21.335775762613167,1.6348349022725275,8.988993484835166,0.13483490227252748,13,0.870663756954757,4.249598555082066,-0.18209537170114695
400.0,curved_S2a20,uniform,30.0,18,19.990221005959,1.8170340620961198,21.135604139741325,0.31703406209611984,13,-3.5667129493036587,-3.4796311142106875,-9.012084414882626
400.0,curved_S2a20,uniform,30.0,19,2.931343003395733,1.6774179584455688,11.827863896371255,0.17741795844556885,13,-1.6657736286182219,-2.1326618454214796,0.4477193712820546
400.0,curved_S2a20,uniform,30.0,20,14.901119168017113,1.5507137833740863,3.3809188916057518,0.050713783374086274,13,-2.743730283063947,-6.715424318880697,-10.915068604708658
400.0,curved_S2a20,uniform,30.0,21,1.0425458563260357,1.6584952804398998,10.566352029326653,0.1584952804398998,12,-0.4788669620006656,-4.467786628863129,-1.6834249000430583
400.0,curved_S2a20,uniform,30.0,22,14.4669827454575,1.4261641805651282,-4.922387962324789,-0.07383581943487183,13,1.4951864811893427,1.4151376468303838,3.4366464652964304
400.0,curved_S2a20,uniform,30.0,23,6.401835210942721,1.516365323749178,1.0910215832785397,0.016365323749178096,14,0.7842472346179992,1.2261061589547757,-1.0777607301854433
400.0,curved_S2a20,uniform,30.0,24,21.213741799075475,1.6413847946717377,9.425652978115846,0.1413847946717377,12,2.1389298167782473,7.272607561426149,-3.1734641123495693
400.0,curved_S2a20,uniform,30.0,25,3.2658980473387986,1.6272982803320821,8.48655202213881,0.12729828033208213,14,-1.583557831491259,-3.225092716054325,-3.0804009996694415
400.0,curved_S2a20,uniform,30.0,26,10.539997326213548,1.5769120192680566,5.127467951203771,0.07691201926805658,13,1.4731465893126765,-0.573900708991117,-0.15109878375624142
400.0,curved_S2a20,uniform,30.0,27,12.980730202946498,1.4357477542269304,-4.283483051537976,-0.06425224577306965,13,-1.8654180223585926,0.23388341482378003,3.87968084452537
400.0,curved_S2a20,uniform,30.0,28,2.574748229119036,1.755941966967713,17.06279779784753,0.255941966967713,13,-4.695013163551376,-9.882908354721899,-9.308575882779962
400.0,curved_S2a20,uniform,30.0,29,4.1488642290065085,1.6076837984062056,7.178919893747038,0.10768379840620557,13,-1.5519651290736376,-2.6159576279692467,1.5820102493086639
400.0,curved_S2a20,uniform,30.0,30,15.29994071046494,1.7066284220911117,13.775228139407444,0.20662842209111165,14,-2.088660596975283,-1.9949934509391307,0.4598916250753168
400.0,curved_S2a20,uniform,50.0,1,2.4972225323232293,1.6746230846140637,11.641538974270915,0.17462308461406373,12,2.9637663591409895,3.9322695921476316,5.893244097839556
400.0,curved_S2a20,uniform,50.0,2,3.7392519638171624,1.4505708212708406,-3.295278581943961,-0.04942917872915942,13,3.8953901654900136,5.186678556736371,7.779286219145108
400.0,curved_S2a20,uniform,50.0,3,3.745507695735899,1.609556949949129,7.30379666327526,0.1095569499491289,13,0.3596146497933297,-2.9259153041351946,-2.142258279748631
400.0,curved_S2a20,uniform,50.0,4,9.751147644437744,1.6591940762895134,10.612938419300894,0.15919407628951343,13,0.8781505564985086,-7.312234262200229,-10.559468852072639
400.0,curved_S2a20,uniform,50.0,5,13.465863105596059,1.5956036090747105,6.373573938314037,0.09560360907471055,13,4.392535697822203,6.351994642853305,-1.0305587644928589
400.0,curved_S2a20,uniform,50.0,6,1.6832930775171735,1.6144497804127196,7.629985360847972,0.11444978041271958,14,2.5436251696094807,1.369938159117976,2.698571406741952
400.0,curved_S2a20,uniform,50.0,7,21.12540346511982,1.6306033614955622,8.706890766370812,0.13060336149556218,13,-0.8964170377514082,-9.570720447923549,-16.426993203915103
400.0,curved_S2a20,uniform,50.0,8,7.659301367693589,1.6216393898642145,8.109292657614303,0.12163938986421452,13,3.555748992380557,0.3806158479338595,3.194019499929605
400.0,curved_S2a20,uniform,50.0,9,4.493869925934886,1.637178750535389,9.145250035692598,0.13717875053538897,14,-1.4591531135753808,-5.209824651764899,-9.593641329946795
400.0,curved_S2a20,uniform,50.0,10,7.10031565913343,1.5936367404564062,6.242449363760416,0.09363674045640624,13,-0.40766482392392533,-3.5197393504143246,-1.7947500498093278
400.0,curved_S2a20,uniform,50.0,11,0.3613033575332518,1.6062899040809109,7.085993605394059,0.10628990408091088,14,2.3827073693690677,3.3991508773287005,5.918384315643873
400.0,curved_S2a20,uniform,50.0,12,0.7754166143999495,1.5039737664772166,0.26491776514777265,0.003973766477216589,13,5.063733067511698,5.700193413259946,7.610568001480374
400.0,curved_S2a20,uniform,50.0,13,6.225709430316279,1.6874613873811808,12.497425825412051,0.1874613873811808,14,-1.6293640026305944,-4.849362071346139,-8.388636696715789
400.0,curved_S2a20,uniform,50.0,14,10.76888613652554,1.6987947301675335,13.252982011168898,0.19879473016753346,12,0.26443592775445424,-4.504543624033573,-9.660825863974862
400.0,curved_S2a20,uniform,50.0,15,12.392492096523403,1.6231993461119503,8.213289740796686,0.12319934611195027,13,2.8324219986585204,0.3117284882252324,-0.09429046238477375
400.0,curved_S2a20,uniform,50.0,16,1.303434488834672,1.4056372263187094,-6.29085157875271,-0.09436277368129065,13,4.386933163149431,3.6258728402768257,7.906243507736786
400.0,curved_S2a20,uniform,50.0,17,20.546941102961423,1.5999032976564804,6.660219843765362,0.09990329765648043,13,4.333658281887309,6.026755689967571,-3.178998417437926
400.0,curved_S2a20,uniform,50.0,18,18.02366606203013,1.687522246106399,12.501483073759934,0.187522246106399,13,1.8715772320805364,3.114042600932594,-8.44439783590989
400.0,curved_S2a20,uniform,50.0,19,2.631273103479068,1.6534604644264956,10.230697628433044,0.15346046442649564,13,2.9079009875580755,3.537061996867537,10.797777186040207
400.0,curved_S2a20,uniform,50.0,20,14.895995891445722,1.5510764543651432,3.4050969576762125,0.05107645436514319,13,-1.076390704715519,-4.54647206734598,-4.853980315275068
400.0,curved_S2a20,uniform,50.0,21,0.02634065531731752,1.6548338784606793,10.322258564045288,0.1548338784606793,13,4.182019865490272,-0.21845617179126103,7.476026195700302
400.0,curved_S2a20,uniform,50.0,22,14.0304667822862,1.4301126297772548,-4.659158014849677,-0.06988737022274516,13,5.744132519911172,5.668912246901701,4.863323098504728
400.0,curved_S2a20,uniform,50.0,23,6.058800092392008,1.5144103847261232,0.9606923150748811,0.014410384726123215,14,5.605418031077824,4.624187744223704,4.186131324444501
400.0,curved_S2a20,uniform,50.0,24,21.272432123358666,1.6510118579849724,10.06745719899816,0.1510118579849724,12,5.3099745192037275,6.765052028048289,-0.9144565865161857
400.0,curved_S2a20,uniform,50.0,25,0.531123483747238,1.6353254666526116,9.021697776840771,0.13532546665261158,13,1.476319851272422,-0.8716503882463342,-1.778306681506127
400.0,curved_S2a20,uniform,50.0,26,7.178755498215702,1.5179812006883606,1.1987467125573747,0.01798120068836062,14,4.807119483065458,0.3974676264184809,-0.6475085293465348
400.0,curved_S2a20,uniform,50.0,27,10.314462888128654,1.4486669343481478,-3.42220437679015,-0.05133306565185225,13,2.1521530171416865,3.9282449390167264,2.630012795981202
400.0,curved_S2a20,uniform,50.0,28,0.9714477365332074,1.5423400105508853,2.8226673700590217,0.04234001055088532,13,4.005184976314362,2.1635999797990593,5.779878594950364
400.0,curved_S2a20,uniform,50.0,29,4.809713799843522,1.6562688998325077,10.417926655500514,0.1562688998325077,13,2.038088008094401,1.478384308455254,3.1453163795093904
400.0,curved_S2a20,uniform,50.0,30,10.544194708313581,1.5232056489004775,1.547043260031833,0.023205648900477494,14,2.032307978031065,0.244299817118088,1.5018438007702826
400.0,curved_S2a20,uniform,78.5,1,2.763213296217371,1.610582968314755,7.372197887650334,0.110582968314755,12,5.765947858465536,4.54184443632171,1.0317300973649333
400.0,curved_S2a20,uniform,78.5,2,4.794973508096564,1.4496983330559887,-3.3534444629340854,-0.05030166694401128,13,10.179093808106222,14.029268619949928,11.251009597679435
400.0,curved_S2a20,uniform,78.5,3,3.678364141420105,1.6095569499491345,7.30379666327563,0.10955694994913445,13,5.35539142397271,0.9322756088104673,6.302576624007034
400.0,curved_S2a20,uniform,78.5,4,8.948653706455268,1.6373262883272361,9.155085888482411,0.13732628832723615,13,4.043527545134819,1.7470887750863364,5.157883660033834
400.0,curved_S2a20,uniform,78.5,5,13.463121655532573,1.5778277701704806,5.188518011365373,0.07782777017048059,13,6.131547068449172,5.471387332989359,-1.5798982047746368
400.0,curved_S2a20,uniform,78.5,6,1.7809261540512773,1.619480772946234,7.965384863082263,0.11948077294623394,14,8.298518559148132,5.634453871397762,5.0530128956897205
400.0,curved_S2a20,uniform,78.5,7,21.543735546092247,1.6552117772047508,10.34745181365005,0.15521177720475077,13,4.704958316580818,-2.5806738523125707,-6.905891692503117
400.0,curved_S2a20,uniform,78.5,8,7.561383548874329,1.6367072456887382,9.113816379249212,0.13670724568873815,13,5.985364243387653,2.940956269235236,1.7050645153977957
400.0,curved_S2a20,uniform,78.5,9,4.408005153668985,1.6334095803116662,8.893972020777746,0.13340958031166616,14,1.729850925489276,-0.7261386627443104,-3.1664332126877692
400.0,curved_S2a20,uniform,78.5,10,3.948877622181061,1.5728995199243192,4.859967994954614,0.0728995199243192,13,8.213549095851363,4.907749202729624,4.828901978330627
400.0,curved_S2a20,uniform,78.5,11,0.7964888753418204,1.6152029938286314,7.6801995885754275,0.11520299382863142,14,7.3215113165412316,8.12596656062476,8.533350890750809
400.0,curved_S2a20,uniform,78.5,12,0.4610290817419828,1.4887685724752922,-0.7487618349805232,-0.011231427524707849,13,10.883461806759538,10.007510879382565,12.720027503265209
400.0,curved_S2a20,uniform,78.5,13,6.261456464374879,1.6936430259834676,12.909535065564507,0.1936430259834676,14,3.560758496770093,0.13080235906110316,3.5513298426236632
400.0,curved_S2a20,uniform,78.5,14,11.489312050386397,1.7011893854092537,13.412625693950245,0.20118938540925368,12,5.581200584538048,0.6005124835635919,-2.645960206317886
400.0,curved_S2a20,uniform,78.5,15,12.629860704025738,1.6231993461119494,8.213289740796625,0.12319934611194938,13,8.74233159325426,5.951335489184752,8.907627036031851
400.0,curved_S2a20,uniform,78.5,16,1.4398025945793071,1.4106463163306435,-5.956912244623766,-0.08935368366935648,13,8.40094999731622,11.391641037203746,17.322164867659993
400.0,curved_S2a20,uniform,78.5,17,20.485960804748977,1.6193360554640024,7.955737030933492,0.11933605546400239,13,7.832755736625118,5.732388832167562,-4.834550390939443
400.0,curved_S2a20,uniform,78.5,18,18.03648846708836,1.706474702851907,13.76498019012713,0.20647470285190694,13,6.579509029284148,5.149763394848868,-6.649170661316726
400.0,curved_S2a20,uniform,78.5,19,3.0874976854533185,1.643236402315369,9.549093487691263,0.14323640231536894,13,8.578698158632223,7.773081010963212,13.492715194899224
400.0,curved_S2a20,uniform,78.5,20,14.748778172242504,1.551076454365142,3.4050969576761383,0.05107645436514208,13,2.7316312938590537,-1.6879696625562592,-2.408531534950523
400.0,curved_S2a20,uniform,78.5,21,0.7578695245377497,1.6481277601978408,9.875184013189386,0.1481277601978408,13,7.379322068150245,3.9204862734222075,5.478897309129098
400.0,curved_S2a20,uniform,78.5,22,13.799179772694307,1.4335176336061786,-4.432157759588096,-0.06648236639382143,13,12.471058376494568,12.932840092723577,10.444471112454467
400.0,curved_S2a20,uniform,78.5,23,6.206243491983181,1.5117406606565453,0.7827107104363554,0.011740660656545332,14,7.670515229743243,7.281046706659426,7.177709039851997
400.0,curved_S2a20,uniform,78.5,24,21.220356026010155,1.6589337168692566,10.595581124617109,0.1589337168692566,12,9.831571976889121,4.157781027773161,-4.5836738126944825
400.0,curved_S2a20,uniform,78.5,25,1.1843968999929915,1.6138984574958815,7.59323049972543,0.11389845749588146,13,7.014493108425059,4.254613794496968,4.45724415899617
400.0,curved_S2a20,uniform,78.5,26,6.859784297608837,1.5085016756043719,0.5667783736247916,0.008501675604371872,14,9.46576546614986,8.589387679383519,9.425890161454625
400.0,curved_S2a20,uniform,78.5,27,10.427891635398172,1.4569073180556436,-2.8728454629570965,-0.04309268194435645,13,7.133592145221963,7.72164143185715,8.056166883895816
400.0,curved_S2a20,uniform,78.5,28,0.6086664481184623,1.5551516525646605,3.676776837644032,0.05515165256466048,13,8.831547612962714,8.357721996060697,8.939638769930419
400.0,curved_S2a20,uniform,78.5,29,4.997132035988495,1.6573700338787603,10.49133559191735,0.15737003387876025,13,7.74974552745362,6.178114973626176,6.971415997575591
400.0,curved_S2a20,uniform,78.5,30,10.778412265722844,1.543189182271822,2.879278818121467,0.043189182271822,14,3.9017691950819864,-0.9817052490344083,-2.3720034828905443
400.0,curved_S2a20,uniform,100.0,1,2.537428825801917,1.6105829683147543,7.372197887650289,0.11058296831475434,12,9.474647732333327,9.502258794923959,9.481218397930308
400.0,curved_S2a20,uniform,100.0,2,4.697581842077082,1.4461694450913056,-3.588703660579625,-0.05383055490869437,13,14.393278345107378,17.352475816114982,12.551267639908815
400.0,curved_S2a20,uniform,100.0,3,3.662656979824341,1.6388488507578012,9.25659005052008,0.13884885075780118,13,8.997107634175197,6.980945978763267,11.640736310069029
400.0,curved_S2a20,uniform,100.0,4,9.104552784618845,1.6393197869815561,9.287985798770409,0.13931978698155612,13,11.428834648406642,6.072912973997957,9.2842117053097
400.0,curved_S2a20,uniform,100.0,5,13.50361012416324,1.5956036090747092,6.373573938313948,0.09560360907470922,13,9.453794871115715,5.147323903908884,2.3346092970910766
400.0,curved_S2a20,uniform,100.0,6,1.6458083429978694,1.6212035773338158,8.080238488921054,0.12120357733381582,14,13.010108694143543,9.83717144935999,10.789764853385448
400.0,curved_S2a20,uniform,100.0,7,21.594849227161422,1.6552117772047543,10.347451813650288,0.15521177720475432,13,6.215368393467077,-1.884828754041194,-2.4876690656900986
400.0,curved_S2a20,uniform,100.0,8,7.560353290065698,1.6367072456887386,9.11381637924924,0.1367072456887386,13,9.21911362834982,4.972415881605352,3.559430555157668
400.0,curved_S2a20,uniform,100.0,9,4.572132069372591,1.633563114653914,8.904207643594269,0.13356311465391402,14,5.986537035522126,4.926342436988406,3.9676874019294446
400.0,curved_S2a20,uniform,100.0,10,4.135946311502886,1.5750802976715155,5.005353178101032,0.07508029767151547,13,11.952187024491298,8.521746870858093,5.120481445370623
400.0,curved_S2a20,uniform,100.0,11,0.5830763275639478,1.6145364490886922,7.635763272579481,0.1145364490886922,14,10.619388620449268,9.826430482732789,8.271552822842345
400.0,curved_S2a20,uniform,100.0,12,0.4198576934239047,1.4901230428673644,-0.6584638088423727,-0.009876957132635589,13,15.149225366715484,14.249002530601233,14.673414799546586
400.0,curved_S2a20,uniform,100.0,13,6.063527907610526,1.7067401551908286,13.782677012721903,0.20674015519082856,14,9.224164664525189,4.881655230825963,8.201275738308382
400.0,curved_S2a20,uniform,100.0,14,11.40161721463569,1.693779309086738,12.918620605782527,0.1937793090867379,12,10.877812437784803,5.758716519999158,7.70287114752243
400.0,curved_S2a20,uniform,100.0,15,12.711794992360124,1.6231993461119485,8.213289740796565,0.1231993461119485,13,13.2104110430531,10.163087316205221,15.063407780445445
400.0,curved_S2a20,uniform,100.0,16,1.45944423203133,1.4144296723049132,-5.7046885130057845,-0.08557032769508677,13,13.163170833710836,16.527834381354232,19.087421433114734
400.0,curved_S2a20,uniform,100.0,17,20.52175826356315,1.6193360554640053,7.955737030933685,0.11933605546400528,13,10.68700872414811,4.991905084243207,-0.6936654190276106
400.0,curved_S2a20,uniform,100.0,18,18.088616265151636,1.7081839630647508,13.878930870983389,0.20818396306475084,13,9.276892432965138,6.314263652807467,-4.333698154140389
400.0,curved_S2a20,uniform,100.0,19,3.1684964987080537,1.6338449196421017,8.922994642806776,0.13384491964210166,13,11.660044031536147,8.567727308233216,8.41545738354767
400.0,curved_S2a20,uniform,100.0,20,14.832689859828163,1.5510764543651427,3.4050969576761827,0.05107645436514274,13,6.470707230058289,3.480447978558416,0.4483722806831456
400.0,curved_S2a20,uniform,100.0,21,0.6626672676378476,1.6498949127746132,9.992994184974213,0.1498949127746132,13,11.950205942713641,7.816197086205805,7.187202064423297
400.0,curved_S2a20,uniform,100.0,22,13.750787757206183,1.4335176336061772,-4.4321577595881845,-0.06648236639382277,13,15.659514149653601,15.625488611882846,11.264548578757417
400.0,curved_S2a20,uniform,100.0,23,6.170590557954342,1.516721015246322,1.114734349754798,0.01672101524632197,14,12.31475345792715,13.009623949834843,13.088096696129163
400.0,curved_S2a20,uniform,100.0,24,21.358566515583103,1.672829262151935,11.521950810128995,0.17282926215193495,12,11.891703279446867,5.140803515529585,1.1832131198078262
400.0,curved_S2a20,uniform,100.0,25,1.1190802902136732,1.6190355952340663,7.93570634893775,0.11903559523406626,13,10.261032072517352,6.556680071072609,4.412267059278894
400.0,curved_S2a20,uniform,100.0,26,6.920384366945471,1.5209579683551948,1.397197890346321,0.02095796835519481,14,14.900915965463941,14.790827004695723,17.195235635432685
400.0,curved_S2a20,uniform,100.0,27,10.50466185956433,1.4502656948852046,-3.3156203409863583,-0.049734305114795374,13,9.478857560815175,8.020921997876664,8.500990609240144
400.0,curved_S2a20,uniform,100.0,28,0.5560090538525755,1.5615768143770636,4.105120958470909,0.06157681437706364,13,12.331437121213412,12.87909184792825,13.67472638966993
400.0,curved_S2a20,uniform,100.0,29,4.879956709284517,1.6538530041390531,10.256866942603542,0.15385300413905312,13,10.728118786487181,8.055216154842348,6.541080286899583
400.0,curved_S2a20,uniform,100.0,30,10.781185768605456,1.55337618913128,3.558412608752004,0.05337618913128006,14,8.272592997249946,3.67129196846624,1.9294448417843104
400.0,curved_S2a20,jitter,11.0,1,3.7760379667078854,1.761994861678077,17.4663241118718,0.26199486167807695,13,-11.768831781938115,-18.960873538913443,-26.25191929392606
400.0,curved_S2a20,jitter,11.0,2,8.146963650321165,1.7618690329092437,17.45793552728291,0.2618690329092437,12,-11.216426871838124,-18.89364810988294,-25.154552540049455
400.0,curved_S2a20,jitter,11.0,3,3.7887224997481486,1.663835144210963,10.922342947397528,0.1638351442109629,14,-6.885606613585831,-12.757459366970798,-19.77462735047655
400.0,curved_S2a20,jitter,11.0,4,13.125414117376096,1.6195526603578325,7.970177357188835,0.11955266035783252,13,-6.676200603128173,-10.65347804786383,-16.526916049275872
400.0,curved_S2a20,jitter,11.0,5,6.312295336944465,1.5311370007638585,2.0758000509239,0.031137000763858502,12,-4.729264956667891,-3.2329629264402415,-5.3923665887442285
400.0,curved_S2a20,jitter,11.0,6,7.64988322648081,2.1105314459656355,40.70209639770903,0.6105314459656355,13,-9.823605170425825,-13.73253401360661,-18.23010327826288
400.0,curved_S2a20,jitter,11.0,7,25.204672132336054,1.687928867537172,12.528591169144798,0.18792886753717197,13,-9.704187246934701,-16.219412909554826,-30.606160363961102
400.0,curved_S2a20,jitter,11.0,8,4.780039495409786,1.7131482817240824,14.20988544827216,0.2131482817240824,13,-8.068727676355278,-11.4031350211438,-11.54044264303819
400.0,curved_S2a20,jitter,11.0,9,11.271190338384647,1.9006011789302197,26.706745262014646,0.40060117893021974,14,-8.277673491870509,-15.611993048753906,-18.28300743759881
400.0,curved_S2a20,jitter,11.0,10,10.280462892999145,1.7022389710284762,13.48259806856508,0.2022389710284762,13,-12.052017217173995,-17.186335873811366,-21.383447168577092
400.0,curved_S2a20,jitter,11.0,11,5.349920611898127,1.9129029335123051,27.526862234153676,0.4129029335123051,14,-8.767469309451348,-15.287366033411779,-16.2859597923594
400.0,curved_S2a20,jitter,11.0,12,0.9411005563408346,1.6990691650764607,13.271277671764045,0.19906916507646066,13,-6.96996797178256,-8.195711346222536,-10.565281468736408
400.0,curved_S2a20,jitter,11.0,13,1.6520513957932483,2.056325597449188,37.0883731632792,0.5563255974491881,14,-7.650212296209202,-13.654833319303105,-20.773247877889972
400.0,curved_S2a20,jitter,11.0,14,17.58008717728926,1.8046784998805359,20.311899992035723,0.30467849988053586,12,-10.263750292894077,-16.275850558440926,-21.911981839428332
400.0,curved_S2a20,jitter,11.0,15,21.618648156395334,1.686934168028059,12.462277868537264,0.18693416802805896,14,-4.8930141674379355,-7.528498374693638,-12.900136099882321
400.0,curved_S2a20,jitter,11.0,16,12.83041274494802,1.7248248552081877,14.988323680545848,0.22482485520818773,14,-7.717694119501723,-13.520831409694855,-14.68345351233016
400.0,curved_S2a20,jitter,11.0,17,23.819999592883033,1.575085290716664,5.005686047777594,0.07508529071666392,13,-4.010410240957817,-2.315606853361353,-3.7165360038046207
400.0,curved_S2a20,jitter,11.0,18,18.3896499337047,2.0630863705692173,37.53909137128115,0.5630863705692173,13,-11.226125034109305,-14.61768150706016,-16.001769537174802
400.0,curved_S2a20,jitter,11.0,19,7.014925376541467,1.7401175489107772,16.007836594051813,0.2401175489107772,13,-7.523893792493616,-11.946477315402035,-15.313844584924462
400.0,curved_S2a20,jitter,11.0,20,19.814111465624134,1.6443232156016339,9.62154770677559,0.14432321560163386,13,-6.499501145400906,-12.130349950244085,-23.533835777597837
400.0,curved_S2a20,jitter,11.0,21,4.845268671239985,1.7050210949545965,13.668072996973102,0.20502109495459653,13,-3.441190552096287,-6.388221505808711,-5.9027391827032885
400.0,curved_S2a20,jitter,11.0,22,12.938480189290717,1.4007608197437935,-6.6159453504137655,-0.09923918025620648,13,-0.1337594959975945,1.874789971772498,4.668402116528996
400.0,curved_S2a20,jitter,11.0,23,3.257887265052644,1.612903225806451,7.5268817204300715,0.11290322580645107,13,-5.488601542430668,-4.044809265717585,-9.22198511892299
400.0,curved_S2a20,jitter,11.0,24,24.480050394363538,1.7227464866867583,14.849765779117222,0.22274648668675834,12,-3.662136247338293,1.1961239564513115,-3.4071335440541324
400.0,curved_S2a20,jitter,11.0,25,0.6504713795679249,2.1315496830454377,42.10331220302918,0.6315496830454377,13,-10.283429057044037,-17.367879482783586,-21.563957509069375
400.0,curved_S2a20,jitter,11.0,26,8.169167638868334,1.6996271451967289,13.308476346448591,0.19962714519672886,14,-8.218657145230846,-13.374377558322301,-18.086173040661514
400.0,curved_S2a20,jitter,11.0,27,14.683061226011674,1.7243319149348073,14.955460995653821,0.2243319149348073,14,-5.567195147793608,-4.477860473454849,-3.0174190655464175
400.0,curved_S2a20,jitter,11.0,28,48.58810581167468,1.681148522618957,12.07656817459714,0.1811485226189571,11,-11.985244748441042,-17.311259820227143,-14.798854519521965
400.0,curved_S2a20,jitter,11.0,29,3.541067553904751,1.6731065132389327,11.540434215928846,0.17310651323893267,13,-7.699018703777847,-13.684090229468149,-18.513982804500813
400.0,curved_S2a20,jitter,11.0,30,15.462622979506335,2.806082875237684,87.07219168251227,1.306082875237684,12,-18.354487344853023,-28.478298371402154,-39.51367692198789
400.0,curved_S2a20,jitter,30.0,1,4.467292520596516,2.215882348592859,47.72548990619061,0.7158823485928592,14,-9.580105030645214,-16.7625610478441,-24.007676324000983
400.0,curved_S2a20,jitter,30.0,2,11.533526111246568,2.461366954204596,64.0911302803064,0.9613669542045962,12,-13.111232499629345,-23.739271169949333,-34.1108995994791
400.0,curved_S2a20,jitter,30.0,3,10.41934557182808,1.8228429737942253,21.522864919615024,0.32284297379422533,13,-4.80948546401859,-10.68691309557285,-18.21841646692221
400.0,curved_S2a20,jitter,30.0,4,9.028981408896762,1.484707396252935,-1.019506916471006,-0.015292603747065092,13,-3.246792403501003,-8.811732846225967,-10.086026646737228
400.0,curved_S2a20,jitter,30.0,5,2.322734373938702,1.6609471671921459,10.729811146143058,0.16094716719214586,11,-3.2639244504697253,-0.8928566159087261,-9.499710304785006
400.0,curved_S2a20,jitter,30.0,6,1.0534712603720866,2.850813096812813,90.05420645418752,1.350813096812813,12,-14.204843753580974,-21.733960822537956,-30.016156758591702
400.0,curved_S2a20,jitter,30.0,7,34.16364353373387,1.603049978859897,6.869998590659805,0.10304997885989708,13,-8.39054852520954,-18.971438688365893,-28.199914534687732
400.0,curved_S2a20,jitter,30.0,8,5.6553327409831065,1.4057344412218218,-6.284370585211881,-0.09426555877817822,13,-2.665278168604676,-4.835115785151371,-2.7741710473683985
400.0,curved_S2a20,jitter,30.0,9,60.233228814805805,2.3092505527393943,53.95003684929295,0.8092505527393943,13,-5.7795150303004785,-17.528106168957354,-37.967025460215915
400.0,curved_S2a20,jitter,30.0,10,8.269754763541291,1.6730399724419966,11.535998162799777,0.17303997244199665,13,-7.2473106922319195,-16.621906382884028,-24.508806811344016
400.0,curved_S2a20,jitter,30.0,11,23.97840983754511,2.579646476144008,71.97643174293388,1.079646476144008,14,-3.778862799499734,-2.04448840813796,-0.9238638885638085
400.0,curved_S2a20,jitter,30.0,12,24.86905386973441,1.6510298156514096,10.06865437676064,0.1510298156514096,13,-11.037897853069229,-16.517937520862485,-22.96590144719745
400.0,curved_S2a20,jitter,30.0,13,4.925796632288896,2.354827063576315,56.988470905087674,0.8548270635763151,14,-7.735779673157957,-13.706446120493794,-20.50100609366057
400.0,curved_S2a20,jitter,30.0,14,10.62593984077108,1.6650332057264416,11.00221371509611,0.16503320572644165,13,-7.3609017971830975,-14.836414879488698,-21.95035909702813
400.0,curved_S2a20,jitter,30.0,15,24.2134753840254,1.7952969068819709,19.68646045879806,0.29529690688197086,14,-4.847240757110768,-13.109052430343004,-22.866273258690406
400.0,curved_S2a20,jitter,30.0,16,9.33938830648697,2.352778360072339,56.85189067148926,0.8527783600723389,13,-11.151278055340363,-19.987773435715823,-25.590840673531066
400.0,curved_S2a20,jitter,30.0,17,10.290874117321065,1.8062786995975735,20.418579973171568,0.3062786995975735,13,-3.635654800135737,-4.026399367296247,-16.09956282589392
400.0,curved_S2a20,jitter,30.0,18,12.523824170327964,1.9641855032959685,30.945700219731236,0.4641855032959685,13,-9.828407756340978,-11.484159253285245,-23.328279104426947
400.0,curved_S2a20,jitter,30.0,19,52.78478671362333,2.3293351888401874,55.28901258934583,0.8293351888401874,14,-7.874981452480408,-13.359424265412903,-15.865802896179677
400.0,curved_S2a20,jitter,30.0,20,19.437801116609283,2.078826874815157,38.58845832101047,0.578826874815157,13,-11.498661145136676,-20.110081621968984,-30.180674671515067
400.0,curved_S2a20,jitter,30.0,21,20.517415817391143,2.4338146166063925,62.2543077737595,0.9338146166063925,10,-11.53722064637709,-22.063370680299506,-26.98008149327395
400.0,curved_S2a20,jitter,30.0,22,13.911785730471973,1.7098528222033198,13.990188146887986,0.2098528222033198,11,-4.35925519261518,-8.785022210184335,-15.29573965886567
400.0,curved_S2a20,jitter,30.0,23,56.41120839064155,2.2252223757667036,48.348158384446904,0.7252223757667036,12,-1.974420410755325,-4.533371908974845,-9.122571407208406
400.0,curved_S2a20,jitter,30.0,24,20.690028482480276,1.8598146135767464,23.987640905116425,0.3598146135767464,12,-4.065999231538618,-3.578290412516383,-16.733187636738528
400.0,curved_S2a20,jitter,30.0,25,0.5452144115933861,1.9860987367542575,32.406582450283835,0.4860987367542575,14,-6.718236773194603,-11.027076104273918,-14.177402349698019
400.0,curved_S2a20,jitter,30.0,26,11.3534097927815,1.6443232156016347,9.621547706775651,0.14432321560163475,13,-1.4329707127228204,-3.356553675718986,-2.7719981502499724
400.0,curved_S2a20,jitter,30.0,27,11.877521356598699,1.5240308006046006,1.6020533736400406,0.02403080060460061,14,5.195146287279226,12.659980887010393,21.174692401265084
400.0,curved_S2a20,jitter,30.0,28,15.046589406692954,1.6316768597692237,8.778457317948247,0.13167685976922372,10,-6.973906872950684,-19.97153779042878,-26.303313684278013
400.0,curved_S2a20,jitter,30.0,29,4.516335008955185,2.1910043664958474,46.06695776638983,0.6910043664958474,12,-11.506939379433472,-21.466792994115774,-30.42297304064072
400.0,curved_S2a20,jitter,30.0,30,31.723304208096895,2.8284271247461934,88.5618083164129,1.3284271247461934,13,-18.157522538828278,-30.3806560343669,-44.4737303286562
400.0,curved_S2a20,jitter,78.5,1,75.83241567068339,1.9338378061219523,28.922520408130154,0.43383780612195233,14,-4.448682387192622,-7.63593021486858,-14.245161318142468
400.0,curved_S2a20,jitter,78.5,2,169.19845731289828,3.367175148507344,124.47834323382293,1.8671751485073438,13,-21.70517427861238,-33.68374711621469,-67.4601414350376
400.0,curved_S2a20,jitter,78.5,3,0.04253018698218239,2.0263419896361214,35.08946597574143,0.5263419896361214,9,-11.118191970479913,-25.177098227127875,-33.059756131804015
400.0,curved_S2a20,jitter,78.5,4,5.559939309962847,1.6812981521051622,12.08654347367748,0.1812981521051622,10,1.5067096185771527,-5.885227493354475,-7.183561136351002
400.0,curved_S2a20,jitter,78.5,5,23.48163298133044,1.6677995078598615,11.186633857324102,0.16779950785986153,13,-0.8830792248521407,-4.588238455261583,-12.912617347994074
400.0,curved_S2a20,jitter,78.5,6,13.174584787845143,4.2998477942903435,186.65651961935623,2.7998477942903435,12,,,
400.0,curved_S2a20,jitter,78.5,7,37.03546001401695,2.054442568697214,36.96283791314761,0.5544425686972141,8,-5.375112013655098,-16.89907794057358,-22.52043439761217
400.0,curved_S2a20,jitter,78.5,8,29.180227545384945,2.064629084507255,37.64193896715034,0.564629084507255,9,-14.729095475780117,-29.22299674831197,-43.71075806382698
400.0,curved_S2a20,jitter,78.5,9,81.42391375474425,2.6261286571944447,75.07524381296298,1.1261286571944447,11,-8.398578435795674,-16.796791284320427,-29.542247863398853
400.0,curved_S2a20,jitter,78.5,10,0.6068007711425637,3.400434183481846,126.69561223212307,1.900434183481846,12,-17.702883335665064,-29.981728487831404,-41.25717546341644
400.0,curved_S2a20,jitter,78.5,11,131.02308784664103,3.4677126745859854,131.18084497239903,1.9677126745859854,12,-10.491006622258435,-19.652975330310724,-30.85940558022075
400.0,curved_S2a20,jitter,78.5,12,50.475024297639536,3.0862352012861214,105.74901341907477,1.5862352012861214,10,-22.04501037704401,-37.267017075114424,-56.37905068006598
400.0,curved_S2a20,jitter,78.5,13,164.06104282655187,1.8886758459928883,25.911723066192554,0.3886758459928883,14,-7.356100329074496,-15.64965727957021,-23.811209249410545
400.0,curved_S2a20,jitter,78.5,14,21.83171227652323,2.5427161214477483,69.51440809651656,1.0427161214477483,10,-10.515295247814015,-19.230772916779976,-20.521010939447493
400.0,curved_S2a20,jitter,78.5,15,50.340696123308994,1.5421158465515785,2.807723103438568,0.04211584655157852,13,0.9972288589717856,-8.154350126212394,-2.5712829636226444
400.0,curved_S2a20,jitter,78.5,16,143.44517191647165,2.167461119345902,44.49740795639346,0.6674611193459019,12,-19.383901280130342,-26.241071974211696,-35.53375807856687
400.0,curved_S2a20,jitter,78.5,17,51.79781460625638,2.0810764446485837,38.73842964323891,0.5810764446485837,13,-1.772321396258804,-8.77833273264747,-20.183185822807992
400.0,curved_S2a20,jitter,78.5,18,125.10231425620441,3.7038216789315634,146.9214452621042,2.2038216789315634,11,-12.694894504552607,-22.567276763934007,-45.096472171783375
400.0,curved_S2a20,jitter,78.5,19,139.79113042390472,2.380277794628904,58.68518630859359,0.880277794628904,11,-13.51605799186941,-24.484061793232293,-27.359866578960933
400.0,curved_S2a20,jitter,78.5,20,15.55001048767736,2.896422231817464,93.09481545449762,1.3964222318174642,11,-12.623944922478383,-23.825507059210775,-33.36995643674148
400.0,curved_S2a20,jitter,78.5,21,66.53399790126227,2.4779852148975197,65.19901432650131,0.9779852148975197,11,-8.464250768394423,-17.510535281334054,-20.68228709750176
400.0,curved_S2a20,jitter,78.5,22,26.85708302491309,2.8532009581332565,90.21339720888376,1.3532009581332565,10,-9.806992970944535,-18.675646275862096,-34.41094506170868
400.0,curved_S2a20,jitter,78.5,23,172.15948899037716,2.516881537140479,67.79210247603193,1.016881537140479,10,-18.358945968958505,,
400.0,curved_S2a20,jitter,78.5,24,3.6038878688019644,3.0102220083806883,100.68146722537922,1.5102220083806883,11,-12.380950380325112,-28.40948596415698,-53.066925801959314
400.0,curved_S2a20,jitter,78.5,25,48.8697557952796,2.4709849764039094,64.73233176026062,0.9709849764039094,14,-16.669982874268598,-31.083818084398953,-44.28622089809008
400.0,curved_S2a20,jitter,78.5,26,105.14999110937532,3.1459895398689675,109.7326359912645,1.6459895398689675,12,-6.829572957052824,-12.193444410547922,-18.472041683878345
400.0,curved_S2a20,jitter,78.5,27,7.752123617362922,2.596325552317177,73.08837015447848,1.096325552317177,12,-10.831382825177807,-22.12903212314519,-30.49495715564041
400.0,curved_S2a20,jitter,78.5,28,47.08554722975179,3.246137365805989,116.40915772039928,1.746137365805989,9,-8.207878950980707,-19.565958628189478,-26.782786853482673
400.0,curved_S2a20,jitter,78.5,29,53.4701782333368,2.5641025641025634,70.9401709401709,1.0641025641025634,12,-9.461286608572932,-19.497740020355828,-31.822212371082234
400.0,curved_S2a20,jitter,78.5,30,127.60847891880374,2.496534994869765,66.43566632465098,0.9965349948697648,11,-18.56537523675196,-30.695754838313643,-41.33755471573294
