t_max,front,mode,tau_s,seed,med,v_true_bar,speed_err_nominal_pct,speed_err_realized_pct
120.0,straight_S1,uniform,0.0,1,1.498558331075938,1.5,-0.09611126160412967,-0.09611126160412967
120.0,straight_S1,uniform,0.0,2,1.498558331075938,1.5,-0.09611126160412967,-0.09611126160412967
120.0,straight_S1,uniform,0.0,3,1.498558331075938,1.5,-0.09611126160412967,-0.09611126160412967
120.0,straight_S1,uniform,0.0,4,1.498558331075938,1.5,-0.09611126160412967,-0.09611126160412967
120.0,straight_S1,uniform,0.0,5,1.498558331075938,1.5,-0.09611126160412967,-0.09611126160412967
120.0,straight_S1,uniform,0.0,6,1.498558331075938,1.5,-0.09611126160412967,-0.09611126160412967
120.0,straight_S1,uniform,0.0,7,1.498558331075938,1.5,-0.09611126160412967,-0.09611126160412967
120.0,straight_S1,uniform,0.0,8,1.498558331075938,1.5,-0.09611126160412967,-0.09611126160412967
120.0,straight_S1,uniform,0.0,9,1.498558331075938,1.5,-0.09611126160412967,-0.09611126160412967
120.0,straight_S1,uniform,0.0,10,1.498558331075938,1.5,-0.09611126160412967,-0.09611126160412967
120.0,straight_S1,uniform,0.0,11,1.498558331075938,1.5,-0.09611126160412967,-0.09611126160412967
120.0,straight_S1,uniform,0.0,12,1.498558331075938,1.5,-0.09611126160412967,-0.09611126160412967
120.0,straight_S1,uniform,0.0,13,1.498558331075938,1.5,-0.09611126160412967,-0.09611126160412967
120.0,straight_S1,uniform,0.0,14,1.498558331075938,1.5,-0.09611126160412967,-0.09611126160412967
120.0,straight_S1,uniform,0.0,15,1.498558331075938,1.5,-0.09611126160412967,-0.09611126160412967
120.0,straight_S1,uniform,0.0,16,1.498558331075938,1.5,-0.09611126160412967,-0.09611126160412967
120.0,straight_S1,uniform,0.0,17,1.498558331075938,1.5,-0.09611126160412967,-0.09611126160412967
120.0,straight_S1,uniform,0.0,18,1.498558331075938,1.5,-0.09611126160412967,-0.09611126160412967
120.0,straight_S1,uniform,0.0,19,1.498558331075938,1.5,-0.09611126160412967,-0.09611126160412967
120.0,straight_S1,uniform,0.0,20,1.498558331075938,1.5,-0.09611126160412967,-0.09611126160412967
120.0,straight_S1,uniform,0.0,21,1.498558331075938,1.5,-0.09611126160412967,-0.09611126160412967
120.0,straight_S1,uniform,0.0,22,1.498558331075938,1.5,-0.09611126160412967,-0.09611126160412967
120.0,straight_S1,uniform,0.0,23,1.498558331075938,1.5,-0.09611126160412967,-0.09611126160412967
120.0,straight_S1,uniform,0.0,24,1.498558331075938,1.5,-0.09611126160412967,-0.09611126160412967
120.0,straight_S1,uniform,0.0,25,1.498558331075938,1.5,-0.09611126160412967,-0.09611126160412967
120.0,straight_S1,uniform,0.0,26,1.498558331075938,1.5,-0.09611126160412967,-0.09611126160412967
120.0,straight_S1,uniform,0.0,27,1.498558331075938,1.5,-0.09611126160412967,-0.09611126160412967
120.0,straight_S1,uniform,0.0,28,1.498558331075938,1.5,-0.09611126160412967,-0.09611126160412967
120.0,straight_S1,uniform,0.0,29,1.498558331075938,1.5,-0.09611126160412967,-0.09611126160412967
120.0,straight_S1,uniform,0.0,30,1.498558331075938,1.5,-0.09611126160412967,-0.09611126160412967
120.0,straight_S1,uniform,2.0,1,1.5150742253044898,1.5,1.004948353632651,1.004948353632651
120.0,straight_S1,uniform,2.0,2,1.5150742253044898,1.5,1.004948353632651,1.004948353632651
120.0,straight_S1,uniform,2.0,3,1.5150742253044898,1.5,1.004948353632651,1.004948353632651
120.0,straight_S1,uniform,2.0,4,1.5150742253044898,1.5,1.004948353632651,1.004948353632651
120.0,straight_S1,uniform,2.0,5,1.5150742253044898,1.5,1.004948353632651,1.004948353632651
120.0,straight_S1,uniform,2.0,6,1.5150742253044898,1.5,1.004948353632651,1.004948353632651
120.0,straight_S1,uniform,2.0,7,1.5150742253044898,1.5,1.004948353632651,1.004948353632651
120.0,straight_S1,uniform,2.0,8,1.5150742253044898,1.5,1.004948353632651,1.004948353632651
120.0,straight_S1,uniform,2.0,9,1.5150742253044898,1.5,1.004948353632651,1.004948353632651
120.0,straight_S1,uniform,2.0,10,1.5150742253044898,1.5,1.004948353632651,1.004948353632651
120.0,straight_S1,uniform,2.0,11,1.5150742253044898,1.5,1.004948353632651,1.004948353632651
120.0,straight_S1,uniform,2.0,12,1.5150742253044898,1.5,1.004948353632651,1.004948353632651
120.0,straight_S1,uniform,2.0,13,1.5150742253044898,1.5,1.004948353632651,1.004948353632651
120.0,straight_S1,uniform,2.0,14,1.5150742253044898,1.5,1.004948353632651,1.004948353632651
120.0,straight_S1,uniform,2.0,15,1.5150742253044898,1.5,1.004948353632651,1.004948353632651
120.0,straight_S1,uniform,2.0,16,1.5150742253044898,1.5,1.004948353632651,1.004948353632651
120.0,straight_S1,uniform,2.0,17,1.5150742253044898,1.5,1.004948353632651,1.004948353632651
120.0,straight_S1,uniform,2.0,18,1.5150742253044898,1.5,1.004948353632651,1.004948353632651
120.0,straight_S1,uniform,2.0,19,1.5150742253044898,1.5,1.004948353632651,1.004948353632651
120.0,straight_S1,uniform,2.0,20,1.5150742253044898,1.5,1.004948353632651,1.004948353632651
120.0,straight_S1,uniform,2.0,21,1.5150742253044898,1.5,1.004948353632651,1.004948353632651
120.0,straight_S1,uniform,2.0,22,1.5150742253044898,1.5,1.004948353632651,1.004948353632651
120.0,straight_S1,uniform,2.0,23,1.5150742253044898,1.5,1.004948353632651,1.004948353632651
120.0,straight_S1,uniform,2.0,24,1.5150742253044898,1.5,1.004948353632651,1.004948353632651
120.0,straight_S1,uniform,2.0,25,1.5150742253044898,1.5,1.004948353632651,1.004948353632651
120.0,straight_S1,uniform,2.0,26,1.5150742253044898,1.5,1.004948353632651,1.004948353632651
120.0,straight_S1,uniform,2.0,27,1.5150742253044898,1.5,1.004948353632651,1.004948353632651
120.0,straight_S1,uniform,2.0,28,1.5150742253044898,1.5,1.004948353632651,1.004948353632651
120.0,straight_S1,uniform,2.0,29,1.5150742253044898,1.5,1.004948353632651,1.004948353632651
120.0,straight_S1,uniform,2.0,30,1.5150742253044898,1.5,1.004948353632651,1.004948353632651
120.0,straight_S1,uniform,5.0,1,1.5325523015172795,1.5,2.1701534344853,2.1701534344853
120.0,straight_S1,uniform,5.0,2,1.5325523015172795,1.5,2.1701534344853,2.1701534344853
120.0,straight_S1,uniform,5.0,3,1.5325523015172795,1.5,2.1701534344853,2.1701534344853
120.0,straight_S1,uniform,5.0,4,1.5325523015172795,1.5,2.1701534344853,2.1701534344853
120.0,straight_S1,uniform,5.0,5,1.5325523015172795,1.5,2.1701534344853,2.1701534344853
120.0,straight_S1,uniform,5.0,6,1.5325523015172795,1.5,2.1701534344853,2.1701534344853
120.0,straight_S1,uniform,5.0,7,1.5325523015172795,1.5,2.1701534344853,2.1701534344853
120.0,straight_S1,uniform,5.0,8,1.5325523015172795,1.5,2.1701534344853,2.1701534344853
120.0,straight_S1,uniform,5.0,9,1.5325523015172795,1.5,2.1701534344853,2.1701534344853
120.0,straight_S1,uniform,5.0,10,1.5325523015172795,1.5,2.1701534344853,2.1701534344853
120.0,straight_S1,uniform,5.0,11,1.5325523015172795,1.5,2.1701534344853,2.1701534344853
120.0,straight_S1,uniform,5.0,12,1.5325523015172795,1.5,2.1701534344853,2.1701534344853
120.0,straight_S1,uniform,5.0,13,1.5325523015172795,1.5,2.1701534344853,2.1701534344853
120.0,straight_S1,uniform,5.0,14,1.5325523015172795,1.5,2.1701534344853,2.1701534344853
120.0,straight_S1,uniform,5.0,15,1.5325523015172795,1.5,2.1701534344853,2.1701534344853
120.0,straight_S1,uniform,5.0,16,1.5325523015172795,1.5,2.1701534344853,2.1701534344853
120.0,straight_S1,uniform,5.0,17,1.5325523015172795,1.5,2.1701534344853,2.1701534344853
120.0,straight_S1,uniform,5.0,18,1.5325523015172795,1.5,2.1701534344853,2.1701534344853
120.0,straight_S1,uniform,5.0,19,1.5325523015172795,1.5,2.1701534344853,2.1701534344853
120.0,straight_S1,uniform,5.0,20,1.5325523015172795,1.5,2.1701534344853,2.1701534344853
120.0,straight_S1,uniform,5.0,21,1.5325523015172795,1.5,2.1701534344853,2.1701534344853
120.0,straight_S1,uniform,5.0,22,1.5325523015172795,1.5,2.1701534344853,2.1701534344853
120.0,straight_S1,uniform,5.0,23,1.5325523015172795,1.5,2.1701534344853,2.1701534344853
120.0,straight_S1,uniform,5.0,24,1.5325523015172795,1.5,2.1701534344853,2.1701534344853
120.0,straight_S1,uniform,5.0,25,1.5325523015172795,1.5,2.1701534344853,2.1701534344853
120.0,straight_S1,uniform,5.0,26,1.5325523015172795,1.5,2.1701534344853,2.1701534344853
120.0,straight_S1,uniform,5.0,27,1.5325523015172795,1.5,2.1701534344853,2.1701534344853
120.0,straight_S1,uniform,5.0,28,1.5325523015172795,1.5,2.1701534344853,2.1701534344853
120.0,straight_S1,uniform,5.0,29,1.5325523015172795,1.5,2.1701534344853,2.1701534344853
120.0,straight_S1,uniform,5.0,30,1.5325523015172795,1.5,2.1701534344853,2.1701534344853
120.0,straight_S1,uniform,10.0,1,1.5182917289142586,1.5,1.2194485942839042,1.2194485942839042
120.0,straight_S1,uniform,10.0,2,1.5182917289142586,1.5,1.2194485942839042,1.2194485942839042
120.0,straight_S1,uniform,10.0,3,1.5182917289142586,1.5,1.2194485942839042,1.2194485942839042
120.0,straight_S1,uniform,10.0,4,1.5182917289142586,1.5,1.2194485942839042,1.2194485942839042
120.0,straight_S1,uniform,10.0,5,1.5182917289142586,1.5,1.2194485942839042,1.2194485942839042
120.0,straight_S1,uniform,10.0,6,1.5182917289142586,1.5,1.2194485942839042,1.2194485942839042
120.0,straight_S1,uniform,10.0,7,1.5182917289142586,1.5,1.2194485942839042,1.2194485942839042
120.0,straight_S1,uniform,10.0,8,1.5182917289142586,1.5,1.2194485942839042,1.2194485942839042
120.0,straight_S1,uniform,10.0,9,1.5182917289142586,1.5,1.2194485942839042,1.2194485942839042
120.0,straight_S1,uniform,10.0,10,1.5182917289142586,1.5,1.2194485942839042,1.2194485942839042
120.0,straight_S1,uniform,10.0,11,1.5182917289142586,1.5,1.2194485942839042,1.2194485942839042
120.0,straight_S1,uniform,10.0,12,1.5182917289142586,1.5,1.2194485942839042,1.2194485942839042
120.0,straight_S1,uniform,10.0,13,1.5182917289142586,1.5,1.2194485942839042,1.2194485942839042
120.0,straight_S1,uniform,10.0,14,1.5182917289142586,1.5,1.2194485942839042,1.2194485942839042
120.0,straight_S1,uniform,10.0,15,1.5182917289142586,1.5,1.2194485942839042,1.2194485942839042
120.0,straight_S1,uniform,10.0,16,1.5182917289142586,1.5,1.2194485942839042,1.2194485942839042
120.0,straight_S1,uniform,10.0,17,1.5182917289142586,1.5,1.2194485942839042,1.2194485942839042
120.0,straight_S1,uniform,10.0,18,1.5182917289142586,1.5,1.2194485942839042,1.2194485942839042
120.0,straight_S1,uniform,10.0,19,1.5182917289142586,1.5,1.2194485942839042,1.2194485942839042
120.0,straight_S1,uniform,10.0,20,1.5182917289142586,1.5,1.2194485942839042,1.2194485942839042
120.0,straight_S1,uniform,10.0,21,1.5182917289142586,1.5,1.2194485942839042,1.2194485942839042
120.0,straight_S1,uniform,10.0,22,1.5182917289142586,1.5,1.2194485942839042,1.2194485942839042
120.0,straight_S1,uniform,10.0,23,1.5182917289142586,1.5,1.2194485942839042,1.2194485942839042
120.0,straight_S1,uniform,10.0,24,1.5182917289142586,1.5,1.2194485942839042,1.2194485942839042
120.0,straight_S1,uniform,10.0,25,1.5182917289142586,1.5,1.2194485942839042,1.2194485942839042
120.0,straight_S1,uniform,10.0,26,1.5182917289142586,1.5,1.2194485942839042,1.2194485942839042
120.0,straight_S1,uniform,10.0,27,1.5182917289142586,1.5,1.2194485942839042,1.2194485942839042
120.0,straight_S1,uniform,10.0,28,1.5182917289142586,1.5,1.2194485942839042,1.2194485942839042
120.0,straight_S1,uniform,10.0,29,1.5182917289142586,1.5,1.2194485942839042,1.2194485942839042
120.0,straight_S1,uniform,10.0,30,1.5182917289142586,1.5,1.2194485942839042,1.2194485942839042
120.0,straight_S1,uniform,11.0,1,1.5182917289142566,1.5,1.219448594283771,1.219448594283771
120.0,straight_S1,uniform,11.0,2,1.5182917289142566,1.5,1.219448594283771,1.219448594283771
120.0,straight_S1,uniform,11.0,3,1.5182917289142566,1.5,1.219448594283771,1.219448594283771
120.0,straight_S1,uniform,11.0,4,1.5182917289142566,1.5,1.219448594283771,1.219448594283771
120.0,straight_S1,uniform,11.0,5,1.5182917289142566,1.5,1.219448594283771,1.219448594283771
120.0,straight_S1,uniform,11.0,6,1.5182917289142566,1.5,1.219448594283771,1.219448594283771
120.0,straight_S1,uniform,11.0,7,1.5182917289142566,1.5,1.219448594283771,1.219448594283771
120.0,straight_S1,uniform,11.0,8,1.5182917289142566,1.5,1.219448594283771,1.219448594283771
120.0,straight_S1,uniform,11.0,9,1.5182917289142566,1.5,1.219448594283771,1.219448594283771
120.0,straight_S1,uniform,11.0,10,1.5182917289142566,1.5,1.219448594283771,1.219448594283771
120.0,straight_S1,uniform,11.0,11,1.5182917289142566,1.5,1.219448594283771,1.219448594283771
120.0,straight_S1,uniform,11.0,12,1.5182917289142566,1.5,1.219448594283771,1.219448594283771
120.0,straight_S1,uniform,11.0,13,1.5182917289142566,1.5,1.219448594283771,1.219448594283771
120.0,straight_S1,uniform,11.0,14,1.5182917289142566,1.5,1.219448594283771,1.219448594283771
120.0,straight_S1,uniform,11.0,15,1.5182917289142566,1.5,1.219448594283771,1.219448594283771
120.0,straight_S1,uniform,11.0,16,1.5182917289142566,1.5,1.219448594283771,1.219448594283771
120.0,straight_S1,uniform,11.0,17,1.5182917289142566,1.5,1.219448594283771,1.219448594283771
120.0,straight_S1,uniform,11.0,18,1.5182917289142566,1.5,1.219448594283771,1.219448594283771
120.0,straight_S1,uniform,11.0,19,1.5182917289142566,1.5,1.219448594283771,1.219448594283771
120.0,straight_S1,uniform,11.0,20,1.5182917289142566,1.5,1.219448594283771,1.219448594283771
120.0,straight_S1,uniform,11.0,21,1.5182917289142566,1.5,1.219448594283771,1.219448594283771
120.0,straight_S1,uniform,11.0,22,1.5182917289142566,1.5,1.219448594283771,1.219448594283771
120.0,straight_S1,uniform,11.0,23,1.5182917289142566,1.5,1.219448594283771,1.219448594283771
120.0,straight_S1,uniform,11.0,24,1.5182917289142566,1.5,1.219448594283771,1.219448594283771
120.0,straight_S1,uniform,11.0,25,1.5182917289142566,1.5,1.219448594283771,1.219448594283771
120.0,straight_S1,uniform,11.0,26,1.5182917289142566,1.5,1.219448594283771,1.219448594283771
120.0,straight_S1,uniform,11.0,27,1.5182917289142566,1.5,1.219448594283771,1.219448594283771
120.0,straight_S1,uniform,11.0,28,1.5182917289142566,1.5,1.219448594283771,1.219448594283771
120.0,straight_S1,uniform,11.0,29,1.5182917289142566,1.5,1.219448594283771,1.219448594283771
120.0,straight_S1,uniform,11.0,30,1.5182917289142566,1.5,1.219448594283771,1.219448594283771
120.0,straight_S1,uniform,20.0,1,1.5342007428954665,1.5,2.280049526364432,2.280049526364432
120.0,straight_S1,uniform,20.0,2,1.5342007428954665,1.5,2.280049526364432,2.280049526364432
120.0,straight_S1,uniform,20.0,3,1.5342007428954665,1.5,2.280049526364432,2.280049526364432
120.0,straight_S1,uniform,20.0,4,1.5342007428954665,1.5,2.280049526364432,2.280049526364432
120.0,straight_S1,uniform,20.0,5,1.5342007428954665,1.5,2.280049526364432,2.280049526364432
120.0,straight_S1,uniform,20.0,6,1.5342007428954665,1.5,2.280049526364432,2.280049526364432
120.0,straight_S1,uniform,20.0,7,1.5342007428954665,1.5,2.280049526364432,2.280049526364432
120.0,straight_S1,uniform,20.0,8,1.5342007428954665,1.5,2.280049526364432,2.280049526364432
120.0,straight_S1,uniform,20.0,9,1.5342007428954665,1.5,2.280049526364432,2.280049526364432
120.0,straight_S1,uniform,20.0,10,1.5342007428954665,1.5,2.280049526364432,2.280049526364432
120.0,straight_S1,uniform,20.0,11,1.5342007428954665,1.5,2.280049526364432,2.280049526364432
120.0,straight_S1,uniform,20.0,12,1.5342007428954665,1.5,2.280049526364432,2.280049526364432
120.0,straight_S1,uniform,20.0,13,1.5342007428954665,1.5,2.280049526364432,2.280049526364432
120.0,straight_S1,uniform,20.0,14,1.5342007428954665,1.5,2.280049526364432,2.280049526364432
120.0,straight_S1,uniform,20.0,15,1.5342007428954665,1.5,2.280049526364432,2.280049526364432
120.0,straight_S1,uniform,20.0,16,1.5342007428954665,1.5,2.280049526364432,2.280049526364432
120.0,straight_S1,uniform,20.0,17,1.5342007428954665,1.5,2.280049526364432,2.280049526364432
120.0,straight_S1,uniform,20.0,18,1.5342007428954665,1.5,2.280049526364432,2.280049526364432
120.0,straight_S1,uniform,20.0,19,1.5342007428954665,1.5,2.280049526364432,2.280049526364432
120.0,straight_S1,uniform,20.0,20,1.5342007428954665,1.5,2.280049526364432,2.280049526364432
120.0,straight_S1,uniform,20.0,21,1.5342007428954665,1.5,2.280049526364432,2.280049526364432
120.0,straight_S1,uniform,20.0,22,1.5342007428954665,1.5,2.280049526364432,2.280049526364432
120.0,straight_S1,uniform,20.0,23,1.5342007428954665,1.5,2.280049526364432,2.280049526364432
120.0,straight_S1,uniform,20.0,24,1.5342007428954665,1.5,2.280049526364432,2.280049526364432
120.0,straight_S1,uniform,20.0,25,1.5342007428954665,1.5,2.280049526364432,2.280049526364432
120.0,straight_S1,uniform,20.0,26,1.5342007428954665,1.5,2.280049526364432,2.280049526364432
120.0,straight_S1,uniform,20.0,27,1.5342007428954665,1.5,2.280049526364432,2.280049526364432
120.0,straight_S1,uniform,20.0,28,1.5342007428954665,1.5,2.280049526364432,2.280049526364432
120.0,straight_S1,uniform,20.0,29,1.5342007428954665,1.5,2.280049526364432,2.280049526364432
120.0,straight_S1,uniform,20.0,30,1.5342007428954665,1.5,2.280049526364432,2.280049526364432
120.0,straight_S1,uniform,30.0,1,1.5325523015172788,1.5,2.1701534344852558,2.1701534344852558
120.0,straight_S1,uniform,30.0,2,1.5325523015172788,1.5,2.1701534344852558,2.1701534344852558
120.0,straight_S1,uniform,30.0,3,1.5325523015172788,1.5,2.1701534344852558,2.1701534344852558
120.0,straight_S1,uniform,30.0,4,1.5325523015172788,1.5,2.1701534344852558,2.1701534344852558
120.0,straight_S1,uniform,30.0,5,1.5325523015172788,1.5,2.1701534344852558,2.1701534344852558
120.0,straight_S1,uniform,30.0,6,1.5325523015172788,1.5,2.1701534344852558,2.1701534344852558
120.0,straight_S1,uniform,30.0,7,1.5325523015172788,1.5,2.1701534344852558,2.1701534344852558
120.0,straight_S1,uniform,30.0,8,1.5325523015172788,1.5,2.1701534344852558,2.1701534344852558
120.0,straight_S1,uniform,30.0,9,1.5325523015172788,1.5,2.1701534344852558,2.1701534344852558
120.0,straight_S1,uniform,30.0,10,1.5325523015172788,1.5,2.1701534344852558,2.1701534344852558
120.0,straight_S1,uniform,30.0,11,1.5325523015172788,1.5,2.1701534344852558,2.1701534344852558
120.0,straight_S1,uniform,30.0,12,1.5325523015172788,1.5,2.1701534344852558,2.1701534344852558
120.0,straight_S1,uniform,30.0,13,1.5325523015172788,1.5,2.1701534344852558,2.1701534344852558
120.0,straight_S1,uniform,30.0,14,1.5325523015172788,1.5,2.1701534344852558,2.1701534344852558
120.0,straight_S1,uniform,30.0,15,1.5325523015172788,1.5,2.1701534344852558,2.1701534344852558
120.0,straight_S1,uniform,30.0,16,1.5325523015172788,1.5,2.1701534344852558,2.1701534344852558
120.0,straight_S1,uniform,30.0,17,1.5325523015172788,1.5,2.1701534344852558,2.1701534344852558
120.0,straight_S1,uniform,30.0,18,1.5325523015172788,1.5,2.1701534344852558,2.1701534344852558
120.0,straight_S1,uniform,30.0,19,1.5325523015172788,1.5,2.1701534344852558,2.1701534344852558
120.0,straight_S1,uniform,30.0,20,1.5325523015172788,1.5,2.1701534344852558,2.1701534344852558
120.0,straight_S1,uniform,30.0,21,1.5325523015172788,1.5,2.1701534344852558,2.1701534344852558
120.0,straight_S1,uniform,30.0,22,1.5325523015172788,1.5,2.1701534344852558,2.1701534344852558
120.0,straight_S1,uniform,30.0,23,1.5325523015172788,1.5,2.1701534344852558,2.1701534344852558
120.0,straight_S1,uniform,30.0,24,1.5325523015172788,1.5,2.1701534344852558,2.1701534344852558
120.0,straight_S1,uniform,30.0,25,1.5325523015172788,1.5,2.1701534344852558,2.1701534344852558
120.0,straight_S1,uniform,30.0,26,1.5325523015172788,1.5,2.1701534344852558,2.1701534344852558
120.0,straight_S1,uniform,30.0,27,1.5325523015172788,1.5,2.1701534344852558,2.1701534344852558
120.0,straight_S1,uniform,30.0,28,1.5325523015172788,1.5,2.1701534344852558,2.1701534344852558
120.0,straight_S1,uniform,30.0,29,1.5325523015172788,1.5,2.1701534344852558,2.1701534344852558
120.0,straight_S1,uniform,30.0,30,1.5325523015172788,1.5,2.1701534344852558,2.1701534344852558
120.0,straight_S1,uniform,50.0,1,1.5397740947573622,1.5,2.6516063171574773,2.6516063171574773
120.0,straight_S1,uniform,50.0,2,1.5397740947573622,1.5,2.6516063171574773,2.6516063171574773
120.0,straight_S1,uniform,50.0,3,1.5397740947573622,1.5,2.6516063171574773,2.6516063171574773
120.0,straight_S1,uniform,50.0,4,1.5397740947573622,1.5,2.6516063171574773,2.6516063171574773
120.0,straight_S1,uniform,50.0,5,1.5397740947573622,1.5,2.6516063171574773,2.6516063171574773
120.0,straight_S1,uniform,50.0,6,1.5397740947573622,1.5,2.6516063171574773,2.6516063171574773
120.0,straight_S1,uniform,50.0,7,1.5397740947573622,1.5,2.6516063171574773,2.6516063171574773
120.0,straight_S1,uniform,50.0,8,1.5397740947573622,1.5,2.6516063171574773,2.6516063171574773
120.0,straight_S1,uniform,50.0,9,1.5397740947573622,1.5,2.6516063171574773,2.6516063171574773
120.0,straight_S1,uniform,50.0,10,1.5397740947573622,1.5,2.6516063171574773,2.6516063171574773
120.0,straight_S1,uniform,50.0,11,1.5397740947573622,1.5,2.6516063171574773,2.6516063171574773
120.0,straight_S1,uniform,50.0,12,1.5397740947573622,1.5,2.6516063171574773,2.6516063171574773
120.0,straight_S1,uniform,50.0,13,1.5397740947573622,1.5,2.6516063171574773,2.6516063171574773
120.0,straight_S1,uniform,50.0,14,1.5397740947573622,1.5,2.6516063171574773,2.6516063171574773
120.0,straight_S1,uniform,50.0,15,1.5397740947573622,1.5,2.6516063171574773,2.6516063171574773
120.0,straight_S1,uniform,50.0,16,1.5397740947573622,1.5,2.6516063171574773,2.6516063171574773
120.0,straight_S1,uniform,50.0,17,1.5397740947573622,1.5,2.6516063171574773,2.6516063171574773
120.0,straight_S1,uniform,50.0,18,1.5397740947573622,1.5,2.6516063171574773,2.6516063171574773
120.0,straight_S1,uniform,50.0,19,1.5397740947573622,1.5,2.6516063171574773,2.6516063171574773
120.0,straight_S1,uniform,50.0,20,1.5397740947573622,1.5,2.6516063171574773,2.6516063171574773
120.0,straight_S1,uniform,50.0,21,1.5397740947573622,1.5,2.6516063171574773,2.6516063171574773
120.0,straight_S1,uniform,50.0,22,1.5397740947573622,1.5,2.6516063171574773,2.6516063171574773
120.0,straight_S1,uniform,50.0,23,1.5397740947573622,1.5,2.6516063171574773,2.6516063171574773
120.0,straight_S1,uniform,50.0,24,1.5397740947573622,1.5,2.6516063171574773,2.6516063171574773
120.0,straight_S1,uniform,50.0,25,1.5397740947573622,1.5,2.6516063171574773,2.6516063171574773
120.0,straight_S1,uniform,50.0,26,1.5397740947573622,1.5,2.6516063171574773,2.6516063171574773
120.0,straight_S1,uniform,50.0,27,1.5397740947573622,1.5,2.6516063171574773,2.6516063171574773
120.0,straight_S1,uniform,50.0,28,1.5397740947573622,1.5,2.6516063171574773,2.6516063171574773
120.0,straight_S1,uniform,50.0,29,1.5397740947573622,1.5,2.6516063171574773,2.6516063171574773
120.0,straight_S1,uniform,50.0,30,1.5397740947573622,1.5,2.6516063171574773,2.6516063171574773
120.0,straight_S1,uniform,78.5,1,1.5470578098827115,1.5,3.137187325514098,3.137187325514098
120.0,straight_S1,uniform,78.5,2,1.5470578098827115,1.5,3.137187325514098,3.137187325514098
120.0,straight_S1,uniform,78.5,3,1.5470578098827115,1.5,3.137187325514098,3.137187325514098
120.0,straight_S1,uniform,78.5,4,1.5470578098827115,1.5,3.137187325514098,3.137187325514098
120.0,straight_S1,uniform,78.5,5,1.5470578098827115,1.5,3.137187325514098,3.137187325514098
120.0,straight_S1,uniform,78.5,6,1.5470578098827115,1.5,3.137187325514098,3.137187325514098
120.0,straight_S1,uniform,78.5,7,1.5470578098827115,1.5,3.137187325514098,3.137187325514098
120.0,straight_S1,uniform,78.5,8,1.5470578098827115,1.5,3.137187325514098,3.137187325514098
120.0,straight_S1,uniform,78.5,9,1.5470578098827115,1.5,3.137187325514098,3.137187325514098
120.0,straight_S1,uniform,78.5,10,1.5470578098827115,1.5,3.137187325514098,3.137187325514098
120.0,straight_S1,uniform,78.5,11,1.5470578098827115,1.5,3.137187325514098,3.137187325514098
120.0,straight_S1,uniform,78.5,12,1.5470578098827115,1.5,3.137187325514098,3.137187325514098
120.0,straight_S1,uniform,78.5,13,1.5470578098827115,1.5,3.137187325514098,3.137187325514098
120.0,straight_S1,uniform,78.5,14,1.5470578098827115,1.5,3.137187325514098,3.137187325514098
120.0,straight_S1,uniform,78.5,15,1.5470578098827115,1.5,3.137187325514098,3.137187325514098
120.0,straight_S1,uniform,78.5,16,1.5470578098827115,1.5,3.137187325514098,3.137187325514098
120.0,straight_S1,uniform,78.5,17,1.5470578098827115,1.5,3.137187325514098,3.137187325514098
120.0,straight_S1,uniform,78.5,18,1.5470578098827115,1.5,3.137187325514098,3.137187325514098
120.0,straight_S1,uniform,78.5,19,1.5470578098827115,1.5,3.137187325514098,3.137187325514098
120.0,straight_S1,uniform,78.5,20,1.5470578098827115,1.5,3.137187325514098,3.137187325514098
120.0,straight_S1,uniform,78.5,21,1.5470578098827115,1.5,3.137187325514098,3.137187325514098
120.0,straight_S1,uniform,78.5,22,1.5470578098827115,1.5,3.137187325514098,3.137187325514098
120.0,straight_S1,uniform,78.5,23,1.5470578098827115,1.5,3.137187325514098,3.137187325514098
120.0,straight_S1,uniform,78.5,24,1.5470578098827115,1.5,3.137187325514098,3.137187325514098
120.0,straight_S1,uniform,78.5,25,1.5470578098827115,1.5,3.137187325514098,3.137187325514098
120.0,straight_S1,uniform,78.5,26,1.5470578098827115,1.5,3.137187325514098,3.137187325514098
120.0,straight_S1,uniform,78.5,27,1.5470578098827115,1.5,3.137187325514098,3.137187325514098
120.0,straight_S1,uniform,78.5,28,1.5470578098827115,1.5,3.137187325514098,3.137187325514098
120.0,straight_S1,uniform,78.5,29,1.5470578098827115,1.5,3.137187325514098,3.137187325514098
120.0,straight_S1,uniform,78.5,30,1.5470578098827115,1.5,3.137187325514098,3.137187325514098
120.0,straight_S1,uniform,100.0,1,1.5504341823651038,1.5,3.3622788243402515,3.3622788243402515
120.0,straight_S1,uniform,100.0,2,1.5504341823651038,1.5,3.3622788243402515,3.3622788243402515
120.0,straight_S1,uniform,100.0,3,1.5504341823651038,1.5,3.3622788243402515,3.3622788243402515
120.0,straight_S1,uniform,100.0,4,1.5504341823651038,1.5,3.3622788243402515,3.3622788243402515
120.0,straight_S1,uniform,100.0,5,1.5504341823651038,1.5,3.3622788243402515,3.3622788243402515
120.0,straight_S1,uniform,100.0,6,1.5504341823651038,1.5,3.3622788243402515,3.3622788243402515
120.0,straight_S1,uniform,100.0,7,1.5504341823651038,1.5,3.3622788243402515,3.3622788243402515
120.0,straight_S1,uniform,100.0,8,1.5504341823651038,1.5,3.3622788243402515,3.3622788243402515
120.0,straight_S1,uniform,100.0,9,1.5504341823651038,1.5,3.3622788243402515,3.3622788243402515
120.0,straight_S1,uniform,100.0,10,1.5504341823651038,1.5,3.3622788243402515,3.3622788243402515
120.0,straight_S1,uniform,100.0,11,1.5504341823651038,1.5,3.3622788243402515,3.3622788243402515
120.0,straight_S1,uniform,100.0,12,1.5504341823651038,1.5,3.3622788243402515,3.3622788243402515
120.0,straight_S1,uniform,100.0,13,1.5504341823651038,1.5,3.3622788243402515,3.3622788243402515
120.0,straight_S1,uniform,100.0,14,1.5504341823651038,1.5,3.3622788243402515,3.3622788243402515
120.0,straight_S1,uniform,100.0,15,1.5504341823651038,1.5,3.3622788243402515,3.3622788243402515
120.0,straight_S1,uniform,100.0,16,1.5504341823651038,1.5,3.3622788243402515,3.3622788243402515
120.0,straight_S1,uniform,100.0,17,1.5504341823651038,1.5,3.3622788243402515,3.3622788243402515
120.0,straight_S1,uniform,100.0,18,1.5504341823651038,1.5,3.3622788243402515,3.3622788243402515
120.0,straight_S1,uniform,100.0,19,1.5504341823651038,1.5,3.3622788243402515,3.3622788243402515
120.0,straight_S1,uniform,100.0,20,1.5504341823651038,1.5,3.3622788243402515,3.3622788243402515
120.0,straight_S1,uniform,100.0,21,1.5504341823651038,1.5,3.3622788243402515,3.3622788243402515
120.0,straight_S1,uniform,100.0,22,1.5504341823651038,1.5,3.3622788243402515,3.3622788243402515
120.0,straight_S1,uniform,100.0,23,1.5504341823651038,1.5,3.3622788243402515,3.3622788243402515
120.0,straight_S1,uniform,100.0,24,1.5504341823651038,1.5,3.3622788243402515,3.3622788243402515
120.0,straight_S1,uniform,100.0,25,1.5504341823651038,1.5,3.3622788243402515,3.3622788243402515
120.0,straight_S1,uniform,100.0,26,1.5504341823651038,1.5,3.3622788243402515,3.3622788243402515
120.0,straight_S1,uniform,100.0,27,1.5504341823651038,1.5,3.3622788243402515,3.3622788243402515
120.0,straight_S1,uniform,100.0,28,1.5504341823651038,1.5,3.3622788243402515,3.3622788243402515
120.0,straight_S1,uniform,100.0,29,1.5504341823651038,1.5,3.3622788243402515,3.3622788243402515
120.0,straight_S1,uniform,100.0,30,1.5504341823651038,1.5,3.3622788243402515,3.3622788243402515
120.0,straight_S1,jitter,11.0,1,1.692375375203254,1.5,12.825025013550265,12.825025013550265
120.0,straight_S1,jitter,11.0,2,1.7721794797636086,1.5,18.145298650907236,18.145298650907236
120.0,straight_S1,jitter,11.0,3,1.7408129958373222,1.5,16.054199722488146,16.054199722488146
120.0,straight_S1,jitter,11.0,4,1.4964129083767916,1.5,-0.23913944154722402,-0.23913944154722402
120.0,straight_S1,jitter,11.0,5,1.5431441900744978,1.5,2.8762793382998515,2.8762793382998515
120.0,straight_S1,jitter,11.0,6,1.5855755647151484,1.5,5.7050376476765585,5.7050376476765585
120.0,straight_S1,jitter,11.0,7,1.5030773283349572,1.5,0.20515522233048125,0.20515522233048125
120.0,straight_S1,jitter,11.0,8,1.4285742387877178,1.5,-4.761717414152145,-4.761717414152145
120.0,straight_S1,jitter,11.0,9,1.741304307502876,1.5,16.086953833525065,16.086953833525065
120.0,straight_S1,jitter,11.0,10,1.705343975079389,1.5,13.689598338625938,13.689598338625938
120.0,straight_S1,jitter,11.0,11,1.7282316758481675,1.5,15.2154450565445,15.2154450565445
120.0,straight_S1,jitter,11.0,12,1.6609177889464202,1.5,10.727852596428011,10.727852596428011
120.0,straight_S1,jitter,11.0,13,1.6299573247982408,1.5,8.663821653216058,8.663821653216058
120.0,straight_S1,jitter,11.0,14,1.6985788839624976,1.5,13.238592264166504,13.238592264166504
120.0,straight_S1,jitter,11.0,15,1.724778960324037,1.5,14.985264021602474,14.985264021602474
120.0,straight_S1,jitter,11.0,16,1.6824522148559156,1.5,12.16348099039437,12.16348099039437
120.0,straight_S1,jitter,11.0,17,1.5907495435531185,1.5,6.0499695702078995,6.0499695702078995
120.0,straight_S1,jitter,11.0,18,1.7021691510560415,1.5,13.4779434037361,13.4779434037361
120.0,straight_S1,jitter,11.0,19,1.6461270369483045,1.5,9.741802463220301,9.741802463220301
120.0,straight_S1,jitter,11.0,20,1.7909761546007448,1.5,19.39841030671632,19.39841030671632
120.0,straight_S1,jitter,11.0,21,1.5967108742040308,1.5,6.447391613602053,6.447391613602053
120.0,straight_S1,jitter,11.0,22,1.5910222997674994,1.5,6.0681533178332945,6.0681533178332945
120.0,straight_S1,jitter,11.0,23,1.7596037311837023,1.5,17.306915412246816,17.306915412246816
120.0,straight_S1,jitter,11.0,24,1.5484386998156152,1.5,3.229246654374348,3.229246654374348
120.0,straight_S1,jitter,11.0,25,1.7670772362259806,1.5,17.80514908173204,17.80514908173204
120.0,straight_S1,jitter,11.0,26,1.6124325588991841,1.5,7.495503926612275,7.495503926612275
120.0,straight_S1,jitter,11.0,27,1.5959707205005522,1.5,6.398048033370148,6.398048033370148
120.0,straight_S1,jitter,11.0,28,1.4612884328928413,1.5,-2.580771140477249,-2.580771140477249
120.0,straight_S1,jitter,11.0,29,1.6652537775687652,1.5,11.01691850458435,11.01691850458435
120.0,straight_S1,jitter,11.0,30,2.014148736276901,1.5,34.27658241846005,34.27658241846005
120.0,straight_S1,jitter,30.0,1,3.3317160196070743,1.5,122.11440130713828,122.11440130713828
120.0,straight_S1,jitter,30.0,2,2.0760810704485606,1.5,38.405404696570706,38.405404696570706
120.0,straight_S1,jitter,30.0,3,1.9620312309000587,1.5,30.802082060003915,30.802082060003915
120.0,straight_S1,jitter,30.0,4,1.4139308044851664,1.5,-5.737946367655574,-5.737946367655574
120.0,straight_S1,jitter,30.0,5,1.58468860414665,1.5,5.645906943109994,5.645906943109994
120.0,straight_S1,jitter,30.0,6,2.190539771691621,1.5,46.0359847794414,46.0359847794414
120.0,straight_S1,jitter,30.0,7,1.614593399097583,1.5,7.639559939838862,7.639559939838862
120.0,straight_S1,jitter,30.0,8,1.5783222848782528,1.5,5.2214856585501845,5.2214856585501845
120.0,straight_S1,jitter,30.0,9,2.2097926150471787,1.5,47.31950766981192,47.31950766981192
120.0,straight_S1,jitter,30.0,10,1.8902247021401646,1.5,26.01498014267764,26.01498014267764
120.0,straight_S1,jitter,30.0,11,2.0807859883061686,1.5,38.7190658870779,38.7190658870779
120.0,straight_S1,jitter,30.0,12,2.070819551659737,1.5,38.054636777315814,38.054636777315814
120.0,straight_S1,jitter,30.0,13,1.7400369970976497,1.5,16.002466473176646,16.002466473176646
120.0,straight_S1,jitter,30.0,14,1.7788138420548891,1.5,18.58758947032594,18.58758947032594
120.0,straight_S1,jitter,30.0,15,1.96634432715737,1.5,31.08962181049133,31.08962181049133
120.0,straight_S1,jitter,30.0,16,1.9838909301436007,1.5,32.259395342906714,32.259395342906714
120.0,straight_S1,jitter,30.0,17,1.8178540748278023,1.5,21.19027165518682,21.19027165518682
120.0,straight_S1,jitter,30.0,18,1.8447484430416192,1.5,22.98322953610795,22.98322953610795
120.0,straight_S1,jitter,30.0,19,2.6295251689184425,1.5,75.30167792789616,75.30167792789616
120.0,straight_S1,jitter,30.0,20,1.7730384976049778,1.5,18.20256650699852,18.20256650699852
120.0,straight_S1,jitter,30.0,21,2.108913924364483,1.5,40.594261624298866,40.594261624298866
120.0,straight_S1,jitter,30.0,22,1.6840318179861005,1.5,12.268787865740032,12.268787865740032
120.0,straight_S1,jitter,30.0,23,2.6893019862108662,1.5,79.2867990807244,79.2867990807244
120.0,straight_S1,jitter,30.0,24,2.1049807119688997,1.5,40.332047464593316,40.332047464593316
120.0,straight_S1,jitter,30.0,25,1.8998920835811668,1.5,26.659472238744453,26.659472238744453
120.0,straight_S1,jitter,30.0,26,1.7610383325423449,1.5,17.40255550282299,17.40255550282299
120.0,straight_S1,jitter,30.0,27,1.7150310539137195,1.5,14.335403594247964,14.335403594247964
120.0,straight_S1,jitter,30.0,28,1.3268198004088232,1.5,-11.545346639411786,-11.545346639411786
120.0,straight_S1,jitter,30.0,29,2.0575957460157293,1.5,37.173049734381955,37.173049734381955
120.0,straight_S1,jitter,30.0,30,3.241948146899476,1.5,116.12987645996506,116.12987645996506
120.0,straight_S1,jitter,78.5,1,1.4871930307696473,1.5,-0.8537979486901826,-0.8537979486901826
120.0,straight_S1,jitter,78.5,2,2.3596458909150386,1.5,57.30972606100258,57.30972606100258
120.0,straight_S1,jitter,78.5,3,2.171518394620251,1.5,44.7678929746834,44.7678929746834
120.0,straight_S1,jitter,78.5,4,1.840467146727429,1.5,22.697809781828596,22.697809781828596
120.0,straight_S1,jitter,78.5,5,1.7860525060024155,1.5,19.0701670668277,19.0701670668277
120.0,straight_S1,jitter,78.5,6,3.6058317399511526,1.5,140.38878266341018,140.38878266341018
120.0,straight_S1,jitter,78.5,7,1.4177180822827482,1.5,-5.48546118115012,-5.48546118115012
120.0,straight_S1,jitter,78.5,8,2.203564874576261,1.5,46.904324971750725,46.904324971750725
120.0,straight_S1,jitter,78.5,9,2.5080245827742194,1.5,67.20163885161462,67.20163885161462
120.0,straight_S1,jitter,78.5,10,3.1186060767046255,1.5,107.90707178030836,107.90707178030836
120.0,straight_S1,jitter,78.5,11,3.6939905580647805,1.5,146.2660372043187,146.2660372043187
120.0,straight_S1,jitter,78.5,12,4.075282348172417,1.5,171.68548987816112,171.68548987816112
120.0,straight_S1,jitter,78.5,13,1.9853789368843182,1.5,32.35859579228788,32.35859579228788
120.0,straight_S1,jitter,78.5,14,2.566710161681715,1.5,71.11401077878101,71.11401077878101
120.0,straight_S1,jitter,78.5,15,1.8016596425258666,1.5,20.110642835057778,20.110642835057778
120.0,straight_S1,jitter,78.5,16,2.5176035085469026,1.5,67.84023390312684,67.84023390312684
120.0,straight_S1,jitter,78.5,17,2.231320316112375,1.5,48.754687740825005,48.754687740825005
120.0,straight_S1,jitter,78.5,18,3.261050172447941,1.5,117.40334482986272,117.40334482986272
120.0,straight_S1,jitter,78.5,19,2.885549284123801,1.5,92.36995227492008,92.36995227492008
120.0,straight_S1,jitter,78.5,20,2.2396593653234476,1.5,49.310624354896504,49.310624354896504
120.0,straight_S1,jitter,78.5,21,2.708268547005562,1.5,80.55123646703747,80.55123646703747
120.0,straight_S1,jitter,78.5,22,2.3056978548523235,1.5,53.713190323488234,53.713190323488234
120.0,straight_S1,jitter,78.5,23,4.545744754684004,1.5,203.04965031226695,203.04965031226695
120.0,straight_S1,jitter,78.5,24,2.478223688134438,1.5,65.21491254229588,65.21491254229588
120.0,straight_S1,jitter,78.5,25,2.7079573271931796,1.5,80.5304884795453,80.5304884795453
120.0,straight_S1,jitter,78.5,26,3.93187440140508,1.5,162.124960093672,162.124960093672
120.0,straight_S1,jitter,78.5,27,2.2050714790287085,1.5,47.00476526858057,47.00476526858057
120.0,straight_S1,jitter,78.5,28,1.847455913912746,1.5,23.16372759418307,23.16372759418307
120.0,straight_S1,jitter,78.5,29,2.385445475083697,1.5,59.029698338913136,59.029698338913136
120.0,straight_S1,jitter,78.5,30,2.39998580394968,1.5,59.999053596645346,59.999053596645346
120.0,curved_S2a10,uniform,0.0,1,1.5730486023486592,1.5,4.869906823243944,4.869906823243944
120.0,curved_S2a10,uniform,0.0,2,1.7872644238793707,1.5,19.150961591958048,19.150961591958048
120.0,curved_S2a10,uniform,0.0,3,1.7019929505496652,1.5,13.46619670331101,13.46619670331101
120.0,curved_S2a10,uniform,0.0,4,1.836588675201514,1.5,22.43924501343426,22.43924501343426
120.0,curved_S2a10,uniform,0.0,5,1.4961449127887536,1.5,-0.25700581408309253,-0.25700581408309253
120.0,curved_S2a10,uniform,0.0,6,2.007239114759251,1.5,33.815940983950085,33.815940983950085
120.0,curved_S2a10,uniform,0.0,7,1.7052909956967146,1.5,13.686066379780973,13.686066379780973
120.0,curved_S2a10,uniform,0.0,8,1.6133229794181922,1.5,7.55486529454615,7.55486529454615
120.0,curved_S2a10,uniform,0.0,9,2.032117967666794,1.5,35.474531177786275,35.474531177786275
120.0,curved_S2a10,uniform,0.0,10,1.6737850579550113,1.5,11.585670530334086,11.585670530334086
120.0,curved_S2a10,uniform,0.0,11,1.8004141428847737,1.5,20.02760952565158,20.02760952565158
120.0,curved_S2a10,uniform,0.0,12,1.6885368523711626,1.5,12.569123491410839,12.569123491410839
120.0,curved_S2a10,uniform,0.0,13,1.7515376370422149,1.5,16.769175802814328,16.769175802814328
120.0,curved_S2a10,uniform,0.0,14,1.8191425925494111,1.5,21.276172836627406,21.276172836627406
120.0,curved_S2a10,uniform,0.0,15,1.6950574632130286,1.5,13.003830880868575,13.003830880868575
120.0,curved_S2a10,uniform,0.0,16,1.6782879963576594,1.5,11.885866423843956,11.885866423843956
120.0,curved_S2a10,uniform,0.0,17,1.6686958293742775,1.5,11.246388624951836,11.246388624951836
120.0,curved_S2a10,uniform,0.0,18,1.7709963544809333,1.5,18.06642363206222,18.06642363206222
120.0,curved_S2a10,uniform,0.0,19,1.6939422832878555,1.5,12.929485552523698,12.929485552523698
120.0,curved_S2a10,uniform,0.0,20,1.723336102585618,1.5,14.889073505707865,14.889073505707865
120.0,curved_S2a10,uniform,0.0,21,1.5458886689523659,1.5,3.0592445968243913,3.0592445968243913
120.0,curved_S2a10,uniform,0.0,22,1.6891993645518177,1.5,12.613290970121183,12.613290970121183
120.0,curved_S2a10,uniform,0.0,23,1.9996001199600146,1.5,33.30667466400097,33.30667466400097
120.0,curved_S2a10,uniform,0.0,24,1.6681243380812987,1.5,11.208289205419913,11.208289205419913
120.0,curved_S2a10,uniform,0.0,25,1.8914292613671937,1.5,26.095284091146247,26.095284091146247
120.0,curved_S2a10,uniform,0.0,26,1.8724919188088143,1.5,24.832794587254284,24.832794587254284
120.0,curved_S2a10,uniform,0.0,27,1.7656041863582683,1.5,17.706945757217888,17.706945757217888
120.0,curved_S2a10,uniform,0.0,28,1.7219461834405898,1.5,14.796412229372654,14.796412229372654
120.0,curved_S2a10,uniform,0.0,29,1.5880742281477191,1.5,5.871615209847944,5.871615209847944
120.0,curved_S2a10,uniform,0.0,30,1.881879598595209,1.5,25.45863990634727,25.45863990634727
120.0,curved_S2a10,uniform,2.0,1,1.4857448768761172,1.5,-0.9503415415921849,-0.9503415415921849
120.0,curved_S2a10,uniform,2.0,2,1.7514483732399566,1.5,16.763224882663774,16.763224882663774
120.0,curved_S2a10,uniform,2.0,3,1.6813584138041564,1.5,12.090560920277094,12.090560920277094
120.0,curved_S2a10,uniform,2.0,4,1.7849357911576529,1.5,18.99571941051019,18.99571941051019
120.0,curved_S2a10,uniform,2.0,5,1.5339299776947417,1.5,2.261998512982781,2.261998512982781
120.0,curved_S2a10,uniform,2.0,6,1.8906853747782282,1.5,26.04569165188188,26.04569165188188
120.0,curved_S2a10,uniform,2.0,7,1.7157601321618905,1.5,14.3840088107927,14.3840088107927
120.0,curved_S2a10,uniform,2.0,8,1.6564602657114706,1.5,10.43068438076471,10.43068438076471
120.0,curved_S2a10,uniform,2.0,9,1.992225682076745,1.5,32.815045471783,32.815045471783
120.0,curved_S2a10,uniform,2.0,10,1.6735376271029054,1.5,11.569175140193694,11.569175140193694
120.0,curved_S2a10,uniform,2.0,11,1.8211259272830704,1.5,21.408395152204697,21.408395152204697
120.0,curved_S2a10,uniform,2.0,12,1.6710491178919895,1.5,11.403274526132634,11.403274526132634
120.0,curved_S2a10,uniform,2.0,13,1.7671651148322345,1.5,17.8110076554823,17.8110076554823
120.0,curved_S2a10,uniform,2.0,14,1.7922589247633196,1.5,19.483928317554643,19.483928317554643
120.0,curved_S2a10,uniform,2.0,15,1.7192013722345272,1.5,14.613424815635145,14.613424815635145
120.0,curved_S2a10,uniform,2.0,16,1.6667586999883932,1.5,11.117246665892882,11.117246665892882
120.0,curved_S2a10,uniform,2.0,17,1.6431887054655407,1.5,9.545913697702717,9.545913697702717
120.0,curved_S2a10,uniform,2.0,18,1.7548715459544442,1.5,16.991436396962946,16.991436396962946
120.0,curved_S2a10,uniform,2.0,19,1.6518211042472357,1.5,10.121406949815714,10.121406949815714
120.0,curved_S2a10,uniform,2.0,20,1.705171742356517,1.5,13.678116157101128,13.678116157101128
120.0,curved_S2a10,uniform,2.0,21,1.5689290811054728,1.5,4.595272073698187,4.595272073698187
120.0,curved_S2a10,uniform,2.0,22,1.6651327785690786,1.5,11.008851904605239,11.008851904605239
120.0,curved_S2a10,uniform,2.0,23,1.910479274124119,1.5,27.365284941607932,27.365284941607932
120.0,curved_S2a10,uniform,2.0,24,1.62242593794636,1.5,8.161729196423995,8.161729196423995
120.0,curved_S2a10,uniform,2.0,25,1.8314895444498054,1.5,22.09930296332036,22.09930296332036
120.0,curved_S2a10,uniform,2.0,26,1.7634766062239113,1.5,17.56510708159409,17.56510708159409
120.0,curved_S2a10,uniform,2.0,27,1.7550882067082705,1.5,17.005880447218033,17.005880447218033
120.0,curved_S2a10,uniform,2.0,28,1.683930671896457,1.5,12.262044793097138,12.262044793097138
120.0,curved_S2a10,uniform,2.0,29,1.5618222727939677,1.5,4.121484852931179,4.121484852931179
120.0,curved_S2a10,uniform,2.0,30,1.874279582414831,1.5,24.951972160988735,24.951972160988735
120.0,curved_S2a10,uniform,5.0,1,1.5827905750047713,1.5,5.5193716669847515,5.5193716669847515
120.0,curved_S2a10,uniform,5.0,2,1.58786389141029,1.5,5.857592760686003,5.857592760686003
120.0,curved_S2a10,uniform,5.0,3,1.6946718543287687,1.5,12.978123621917911,12.978123621917911
120.0,curved_S2a10,uniform,5.0,4,1.6915944758070964,1.5,12.772965053806429,12.772965053806429
120.0,curved_S2a10,uniform,5.0,5,1.6680799849917805,1.5,11.205332332785362,11.205332332785362
120.0,curved_S2a10,uniform,5.0,6,1.6660846001923508,1.5,11.072306679490056,11.072306679490056
120.0,curved_S2a10,uniform,5.0,7,1.7175227035719605,1.5,14.50151357146403,14.50151357146403
120.0,curved_S2a10,uniform,5.0,8,1.7826825641192838,1.5,18.84550427461892,18.84550427461892
120.0,curved_S2a10,uniform,5.0,9,1.8472179235675001,1.5,23.147861571166676,23.147861571166676
120.0,curved_S2a10,uniform,5.0,10,1.6881394379731982,1.5,12.542629198213215,12.542629198213215
120.0,curved_S2a10,uniform,5.0,11,1.7394631698608114,1.5,15.964211324054093,15.964211324054093
120.0,curved_S2a10,uniform,5.0,12,1.497078867724333,1.5,-0.19474215171113585,-0.19474215171113585
120.0,curved_S2a10,uniform,5.0,13,1.7515156581302214,1.5,16.767710542014758,16.767710542014758
120.0,curved_S2a10,uniform,5.0,14,1.7008378842981708,1.5,13.389192286544723,13.389192286544723
120.0,curved_S2a10,uniform,5.0,15,1.6196675198282398,1.5,7.977834655215983,7.977834655215983
120.0,curved_S2a10,uniform,5.0,16,1.5741183771361065,1.5,4.941225142407099,4.941225142407099
120.0,curved_S2a10,uniform,5.0,17,1.5073336844560756,1.5,0.4889122970717086,0.4889122970717086
120.0,curved_S2a10,uniform,5.0,18,1.6784702839809251,1.5,11.898018932061676,11.898018932061676
120.0,curved_S2a10,uniform,5.0,19,1.7069276460995506,1.5,13.795176406636708,13.795176406636708
120.0,curved_S2a10,uniform,5.0,20,1.6733781574851732,1.5,11.558543832344876,11.558543832344876
120.0,curved_S2a10,uniform,5.0,21,1.5777404870559704,1.5,5.1826991370646915,5.1826991370646915
120.0,curved_S2a10,uniform,5.0,22,1.5957446808510634,1.5,6.382978723404224,6.382978723404224
120.0,curved_S2a10,uniform,5.0,23,1.7028783557657985,1.5,13.5252237177199,13.5252237177199
120.0,curved_S2a10,uniform,5.0,24,1.6132180102922522,1.5,7.547867352816813,7.547867352816813
120.0,curved_S2a10,uniform,5.0,25,1.7267004260769818,1.5,15.113361738465455,15.113361738465455
120.0,curved_S2a10,uniform,5.0,26,1.6500238453602751,1.5,10.001589690685009,10.001589690685009
120.0,curved_S2a10,uniform,5.0,27,1.7330620554679488,1.5,15.537470364529918,15.537470364529918
120.0,curved_S2a10,uniform,5.0,28,1.6272267243071392,1.5,8.481781620475948,8.481781620475948
120.0,curved_S2a10,uniform,5.0,29,1.5514653129369262,1.5,3.4310208624617498,3.4310208624617498
120.0,curved_S2a10,uniform,5.0,30,1.9760376304381082,1.5,31.735842029207213,31.735842029207213
120.0,curved_S2a10,uniform,10.0,1,1.6994371546483502,1.5,13.295810309890014,13.295810309890014
120.0,curved_S2a10,uniform,10.0,2,1.6188097705954418,1.5,7.9206513730294565,7.9206513730294565
120.0,curved_S2a10,uniform,10.0,3,1.6643566632465163,1.5,10.95711088310109,10.95711088310109
120.0,curved_S2a10,uniform,10.0,4,1.6196588709793418,1.5,7.977258065289454,7.977258065289454
120.0,curved_S2a10,uniform,10.0,5,1.5742820215256235,1.5,4.952134768374897,4.952134768374897
120.0,curved_S2a10,uniform,10.0,6,1.7698422034789856,1.5,17.989480231932372,17.989480231932372
120.0,curved_S2a10,uniform,10.0,7,1.7359407264006028,1.5,15.729381760040187,15.729381760040187
120.0,curved_S2a10,uniform,10.0,8,1.709244389741819,1.5,13.949625982787936,13.949625982787936
120.0,curved_S2a10,uniform,10.0,9,1.7210418468226494,1.5,14.736123121509959,14.736123121509959
120.0,curved_S2a10,uniform,10.0,10,1.6590641676562619,1.5,10.604277843750792,10.604277843750792
120.0,curved_S2a10,uniform,10.0,11,1.7033864072122356,1.5,13.559093814149037,13.559093814149037
120.0,curved_S2a10,uniform,10.0,12,1.593860795854307,1.5,6.25738639028713,6.25738639028713
120.0,curved_S2a10,uniform,10.0,13,1.706265935885336,1.5,13.751062392355736,13.751062392355736
120.0,curved_S2a10,uniform,10.0,14,1.651229308271323,1.5,10.081953884754864,10.081953884754864
120.0,curved_S2a10,uniform,10.0,15,1.5018549978519398,1.5,0.12366652346265106,0.12366652346265106
120.0,curved_S2a10,uniform,10.0,16,1.6074943528202832,1.5,7.16629018801888,7.16629018801888
120.0,curved_S2a10,uniform,10.0,17,1.54042249570261,1.5,2.6948330468406683,2.6948330468406683
120.0,curved_S2a10,uniform,10.0,18,1.607699842703697,1.5,7.179989513579803,7.179989513579803
120.0,curved_S2a10,uniform,10.0,19,1.637560440173363,1.5,9.170696011557533,9.170696011557533
120.0,curved_S2a10,uniform,10.0,20,1.6347802875221806,1.5,8.98535250147871,8.98535250147871
120.0,curved_S2a10,uniform,10.0,21,1.6078130898586858,1.5,7.187539323912384,7.187539323912384
120.0,curved_S2a10,uniform,10.0,22,1.4867839876857796,1.5,-0.8810674876146951,-0.8810674876146951
120.0,curved_S2a10,uniform,10.0,23,1.6247697700748462,1.5,8.317984671656415,8.317984671656415
120.0,curved_S2a10,uniform,10.0,24,1.6314319638024988,1.5,8.762130920166584,8.762130920166584
120.0,curved_S2a10,uniform,10.0,25,1.642339917727031,1.5,9.489327848468736,9.489327848468736
120.0,curved_S2a10,uniform,10.0,26,1.6376014417305647,1.5,9.173429448704312,9.173429448704312
120.0,curved_S2a10,uniform,10.0,27,1.6510439674972721,1.5,10.069597833151473,10.069597833151473
120.0,curved_S2a10,uniform,10.0,28,1.5198691752918436,1.5,1.3246116861229082,1.3246116861229082
120.0,curved_S2a10,uniform,10.0,29,1.5605486292817408,1.5,4.036575285449384,4.036575285449384
120.0,curved_S2a10,uniform,10.0,30,1.6795717073885474,1.5,11.971447159236497,11.971447159236497
120.0,curved_S2a10,uniform,11.0,1,1.689075666035075,1.5,12.605044402338331,12.605044402338331
120.0,curved_S2a10,uniform,11.0,2,1.6188097705954412,1.5,7.920651373029412,7.920651373029412
120.0,curved_S2a10,uniform,11.0,3,1.6521817835690213,1.5,10.145452237934755,10.145452237934755
120.0,curved_S2a10,uniform,11.0,4,1.5954625747060842,1.5,6.364171647072281,6.364171647072281
120.0,curved_S2a10,uniform,11.0,5,1.5560090627487597,1.5,3.7339375165839814,3.7339375165839814
120.0,curved_S2a10,uniform,11.0,6,1.7426257801887124,1.5,16.175052012580828,16.175052012580828
120.0,curved_S2a10,uniform,11.0,7,1.7233825188820522,1.5,14.892167925470146,14.892167925470146
120.0,curved_S2a10,uniform,11.0,8,1.6946718543287678,1.5,12.97812362191785,12.97812362191785
120.0,curved_S2a10,uniform,11.0,9,1.70125657986379,1.5,13.417105324252665,13.417105324252665
120.0,curved_S2a10,uniform,11.0,10,1.663780661615406,1.5,10.918710774360402,10.918710774360402
120.0,curved_S2a10,uniform,11.0,11,1.7006164450688863,1.5,13.374429671259088,13.374429671259088
120.0,curved_S2a10,uniform,11.0,12,1.605320501322972,1.5,7.021366754864807,7.021366754864807
120.0,curved_S2a10,uniform,11.0,13,1.7129448631309647,1.5,14.196324208730982,14.196324208730982
120.0,curved_S2a10,uniform,11.0,14,1.6357092202259893,1.5,9.047281348399288,9.047281348399288
120.0,curved_S2a10,uniform,11.0,15,1.5094924778015661,1.5,0.6328318534377431,0.6328318534377431
120.0,curved_S2a10,uniform,11.0,16,1.5759612020247977,1.5,5.064080134986515,5.064080134986515
120.0,curved_S2a10,uniform,11.0,17,1.5485946642674306,1.5,3.2396442844953763,3.2396442844953763
120.0,curved_S2a10,uniform,11.0,18,1.5713376253237645,1.5,4.755841688250969,4.755841688250969
120.0,curved_S2a10,uniform,11.0,19,1.6176232704209343,1.5,7.841551361395623,7.841551361395623
120.0,curved_S2a10,uniform,11.0,20,1.6250200307523057,1.5,8.334668716820381,8.334668716820381
120.0,curved_S2a10,uniform,11.0,21,1.613322979418193,1.5,7.554865294546194,7.554865294546194
120.0,curved_S2a10,uniform,11.0,22,1.4982592847847358,1.5,-0.11604768101761327,-0.11604768101761327
120.0,curved_S2a10,uniform,11.0,23,1.594797396961055,1.5,6.319826464070329,6.319826464070329
120.0,curved_S2a10,uniform,11.0,24,1.6200007750085568,1.5,8.000051667237118,8.000051667237118
120.0,curved_S2a10,uniform,11.0,25,1.6228159135171452,1.5,8.187727567809677,8.187727567809677
120.0,curved_S2a10,uniform,11.0,26,1.6235665705518068,1.5,8.23777137012045,8.23777137012045
120.0,curved_S2a10,uniform,11.0,27,1.6083810981163904,1.5,7.225406541092694,7.225406541092694
120.0,curved_S2a10,uniform,11.0,28,1.4846210376062543,1.5,-1.0252641595830467,-1.0252641595830467
120.0,curved_S2a10,uniform,11.0,29,1.5433070730056053,1.5,2.8871382003736885,2.8871382003736885
120.0,curved_S2a10,uniform,11.0,30,1.6931219669797382,1.5,12.87479779864921,12.87479779864921
120.0,curved_S2a10,uniform,20.0,1,1.6577242376514179,1.5,10.51494917676119,10.51494917676119
120.0,curved_S2a10,uniform,20.0,2,1.6429048287687156,1.5,9.526988584581037,9.526988584581037
120.0,curved_S2a10,uniform,20.0,3,1.6166928483211838,1.5,7.7795232214122505,7.7795232214122505
120.0,curved_S2a10,uniform,20.0,4,1.573291938818879,1.5,4.886129254591939,4.886129254591939
120.0,curved_S2a10,uniform,20.0,5,1.571466967717551,1.5,4.7644645145034,4.7644645145034
120.0,curved_S2a10,uniform,20.0,6,1.613817659684182,1.5,7.587843978945467,7.587843978945467
120.0,curved_S2a10,uniform,20.0,7,1.6972318593054148,1.5,13.148790620360984,13.148790620360984
120.0,curved_S2a10,uniform,20.0,8,1.7068723898073979,1.5,13.791492653826523,13.791492653826523
120.0,curved_S2a10,uniform,20.0,9,1.7360169287196854,1.5,15.734461914645692,15.734461914645692
120.0,curved_S2a10,uniform,20.0,10,1.62616406088977,1.5,8.410937392651336,8.410937392651336
120.0,curved_S2a10,uniform,20.0,11,1.704490429270497,1.5,13.6326952846998,13.6326952846998
120.0,curved_S2a10,uniform,20.0,12,1.6343606647988078,1.5,8.957377653253856,8.957377653253856
120.0,curved_S2a10,uniform,20.0,13,1.6796459410779945,1.5,11.976396071866297,11.976396071866297
120.0,curved_S2a10,uniform,20.0,14,1.62307781940549,1.5,8.205187960366,8.205187960366
120.0,curved_S2a10,uniform,20.0,15,1.5455655172105935,1.5,3.0377011473729025,3.0377011473729025
120.0,curved_S2a10,uniform,20.0,16,1.5974970853193036,1.5,6.499805687953571,6.499805687953571
120.0,curved_S2a10,uniform,20.0,17,1.56615796063435,1.5,4.4105307089566725,4.4105307089566725
120.0,curved_S2a10,uniform,20.0,18,1.5192551398743463,1.5,1.28367599162309,1.28367599162309
120.0,curved_S2a10,uniform,20.0,19,1.58208517808341,1.5,5.472345205560666,5.472345205560666
120.0,curved_S2a10,uniform,20.0,20,1.5629664495659923,1.5,4.197763304399485,4.197763304399485
120.0,curved_S2a10,uniform,20.0,21,1.5857043022808717,1.5,5.713620152058111,5.713620152058111
120.0,curved_S2a10,uniform,20.0,22,1.5367398589418615,1.5,2.4493239294574325,2.4493239294574325
120.0,curved_S2a10,uniform,20.0,23,1.4946614484805125,1.5,-0.3559034346324985,-0.3559034346324985
120.0,curved_S2a10,uniform,20.0,24,1.6214002782842314,1.5,8.093351885615425,8.093351885615425
120.0,curved_S2a10,uniform,20.0,25,1.5672849327974316,1.5,4.485662186495443,4.485662186495443
120.0,curved_S2a10,uniform,20.0,26,1.6204964242072075,1.5,8.033094947147168,8.033094947147168
120.0,curved_S2a10,uniform,20.0,27,1.6571833631867077,1.5,10.478890879113845,10.478890879113845
120.0,curved_S2a10,uniform,20.0,28,1.6296676869501379,1.5,8.644512463342524,8.644512463342524
120.0,curved_S2a10,uniform,20.0,29,1.553987012141625,1.5,3.599134142775003,3.599134142775003
120.0,curved_S2a10,uniform,20.0,30,1.558082768782403,1.5,3.8721845854935357,3.8721845854935357
120.0,curved_S2a10,uniform,30.0,1,1.661544288161736,1.5,10.769619210782395,10.769619210782395
120.0,curved_S2a10,uniform,30.0,2,1.6497202801306434,1.5,9.98135200870956,9.98135200870956
120.0,curved_S2a10,uniform,30.0,3,1.6383661039918829,1.5,9.22440693279219,9.22440693279219
120.0,curved_S2a10,uniform,30.0,4,1.576656112351859,1.5,5.110407490123933,5.110407490123933
120.0,curved_S2a10,uniform,30.0,5,1.5854961235142817,1.5,5.69974156761878,5.69974156761878
120.0,curved_S2a10,uniform,30.0,6,1.6323687048904376,1.5,8.824580326029174,8.824580326029174
120.0,curved_S2a10,uniform,30.0,7,1.719766768173174,1.5,14.651117878211606,14.651117878211606
120.0,curved_S2a10,uniform,30.0,8,1.6439775309262483,1.5,9.598502061749887,9.598502061749887
120.0,curved_S2a10,uniform,30.0,9,1.7472006548229708,1.5,16.48004365486472,16.48004365486472
120.0,curved_S2a10,uniform,30.0,10,1.6321229282941283,1.5,8.808195219608555,8.808195219608555
120.0,curved_S2a10,uniform,30.0,11,1.7047226033378482,1.5,13.648173555856546,13.648173555856546
120.0,curved_S2a10,uniform,30.0,12,1.6214837599076388,1.5,8.09891732717592,8.09891732717592
120.0,curved_S2a10,uniform,30.0,13,1.7123187258766563,1.5,14.154581725110424,14.154581725110424
120.0,curved_S2a10,uniform,30.0,14,1.6357495757167608,1.5,9.049971714450722,9.049971714450722
120.0,curved_S2a10,uniform,30.0,15,1.5479709241160127,1.5,3.198061607734178,3.198061607734178
120.0,curved_S2a10,uniform,30.0,16,1.5943580470834358,1.5,6.290536472229051,6.290536472229051
120.0,curved_S2a10,uniform,30.0,17,1.580484820293709,1.5,5.3656546862472645,5.3656546862472645
120.0,curved_S2a10,uniform,30.0,18,1.53637203881799,1.5,2.424802587866,2.424802587866
120.0,curved_S2a10,uniform,30.0,19,1.6000530230800603,1.5,6.670201538670684,6.670201538670684
120.0,curved_S2a10,uniform,30.0,20,1.5982506952229707,1.5,6.550046348198046,6.550046348198046
120.0,curved_S2a10,uniform,30.0,21,1.6015690249603396,1.5,6.771268330689306,6.771268330689306
120.0,curved_S2a10,uniform,30.0,22,1.529830922868175,1.5,1.9887281912116677,1.9887281912116677
120.0,curved_S2a10,uniform,30.0,23,1.5129918600920673,1.5,0.8661240061378214,0.8661240061378214
120.0,curved_S2a10,uniform,30.0,24,1.62777144725519,1.5,8.518096483679338,8.518096483679338
120.0,curved_S2a10,uniform,30.0,25,1.5597103307315847,1.5,3.980688715438981,3.980688715438981
120.0,curved_S2a10,uniform,30.0,26,1.6368894734893085,1.5,9.125964899287231,9.125964899287231
120.0,curved_S2a10,uniform,30.0,27,1.6598902600939867,1.5,10.659350672932444,10.659350672932444
120.0,curved_S2a10,uniform,30.0,28,1.5804522705921817,1.5,5.363484706145449,5.363484706145449
120.0,curved_S2a10,uniform,30.0,29,1.5582071485515967,1.5,3.8804765701064468,3.8804765701064468
120.0,curved_S2a10,uniform,30.0,30,1.614522363486165,1.5,7.634824232410997,7.634824232410997
120.0,curved_S2a10,uniform,50.0,1,1.652027839781141,1.5,10.135189318742732,10.135189318742732
120.0,curved_S2a10,uniform,50.0,2,1.6423123531499972,1.5,9.487490209999816,9.487490209999816
120.0,curved_S2a10,uniform,50.0,3,1.6625206658953138,1.5,10.834711059687585,10.834711059687585
120.0,curved_S2a10,uniform,50.0,4,1.5740713750513988,1.5,4.938091670093256,4.938091670093256
120.0,curved_S2a10,uniform,50.0,5,1.5854961235142817,1.5,5.69974156761878,5.69974156761878
120.0,curved_S2a10,uniform,50.0,6,1.6424861821298402,1.5,9.499078808656014,9.499078808656014
120.0,curved_S2a10,uniform,50.0,7,1.724394023691063,1.5,14.959601579404206,14.959601579404206
120.0,curved_S2a10,uniform,50.0,8,1.6466915756551253,1.5,9.779438377008349,9.779438377008349
120.0,curved_S2a10,uniform,50.0,9,1.7376527625625748,1.5,15.843517504171656,15.843517504171656
120.0,curved_S2a10,uniform,50.0,10,1.6525576171844636,1.5,10.170507812297574,10.170507812297574
120.0,curved_S2a10,uniform,50.0,11,1.7209417725036893,1.5,14.729451500245952,14.729451500245952
120.0,curved_S2a10,uniform,50.0,12,1.623155511027264,1.5,8.210367401817598,8.210367401817598
120.0,curved_S2a10,uniform,50.0,13,1.7201427670711904,1.5,14.676184471412693,14.676184471412693
120.0,curved_S2a10,uniform,50.0,14,1.6429899613513967,1.5,9.532664090093117,9.532664090093117
120.0,curved_S2a10,uniform,50.0,15,1.5505269517101017,1.5,3.3684634473401123,3.3684634473401123
120.0,curved_S2a10,uniform,50.0,16,1.5931324696929148,1.5,6.208831312860985,6.208831312860985
120.0,curved_S2a10,uniform,50.0,17,1.59554154934486,1.5,6.369436622990661,6.369436622990661
120.0,curved_S2a10,uniform,50.0,18,1.55323701836621,1.5,3.549134557747339,3.549134557747339
120.0,curved_S2a10,uniform,50.0,19,1.6093086704691035,1.5,7.287244697940236,7.287244697940236
120.0,curved_S2a10,uniform,50.0,20,1.5982506952229705,1.5,6.550046348198031,6.550046348198031
120.0,curved_S2a10,uniform,50.0,21,1.6015690249603372,1.5,6.771268330689144,6.771268330689144
120.0,curved_S2a10,uniform,50.0,22,1.5368457191489977,1.5,2.4563812765998465,2.4563812765998465
120.0,curved_S2a10,uniform,50.0,23,1.512991860092068,1.5,0.8661240061378658,0.8661240061378658
120.0,curved_S2a10,uniform,50.0,24,1.6426800742355894,1.5,9.512004949039293,9.512004949039293
120.0,curved_S2a10,uniform,50.0,25,1.5870170465817575,1.5,5.80113643878383,5.80113643878383
120.0,curved_S2a10,uniform,50.0,26,1.610988648585453,1.5,7.399243239030199,7.399243239030199
120.0,curved_S2a10,uniform,50.0,27,1.6567998511175563,1.5,10.45332340783709,10.45332340783709
120.0,curved_S2a10,uniform,50.0,28,1.5643632789896293,1.5,4.290885265975289,4.290885265975289
120.0,curved_S2a10,uniform,50.0,29,1.5582071485515967,1.5,3.8804765701064468,3.8804765701064468
120.0,curved_S2a10,uniform,50.0,30,1.6272555692905761,1.5,8.483704619371741,8.483704619371741
120.0,curved_S2a10,uniform,78.5,1,1.6551487970940957,1.5,10.343253139606379,10.343253139606379
120.0,curved_S2a10,uniform,78.5,2,1.637804455201049,1.5,9.186963680069926,9.186963680069926
120.0,curved_S2a10,uniform,78.5,3,1.6625206658953144,1.5,10.83471105968763,10.83471105968763
120.0,curved_S2a10,uniform,78.5,4,1.5883335100256384,1.5,5.888900668375893,5.888900668375893
120.0,curved_S2a10,uniform,78.5,5,1.6024324156332301,1.5,6.828827708882009,6.828827708882009
120.0,curved_S2a10,uniform,78.5,6,1.6404470344110675,1.5,9.363135627404501,9.363135627404501
120.0,curved_S2a10,uniform,78.5,7,1.71273704510559,1.5,14.182469673706008,14.182469673706008
120.0,curved_S2a10,uniform,78.5,8,1.6630232985072555,1.5,10.8682199004837,10.8682199004837
120.0,curved_S2a10,uniform,78.5,9,1.7376527625625728,1.5,15.843517504171523,15.843517504171523
120.0,curved_S2a10,uniform,78.5,10,1.6623112425120912,1.5,10.820749500806077,10.820749500806077
120.0,curved_S2a10,uniform,78.5,11,1.729241271566799,1.5,15.282751437786604,15.282751437786604
120.0,curved_S2a10,uniform,78.5,12,1.6153849881658107,1.5,7.692332544387377,7.692332544387377
120.0,curved_S2a10,uniform,78.5,13,1.7341040462427733,1.5,15.606936416184883,15.606936416184883
120.0,curved_S2a10,uniform,78.5,14,1.654002954452018,1.5,10.266863630134537,10.266863630134537
120.0,curved_S2a10,uniform,78.5,15,1.5567987146964395,1.5,3.7865809797626326,3.7865809797626326
120.0,curved_S2a10,uniform,78.5,16,1.5931324696929159,1.5,6.20883131286106,6.20883131286106
120.0,curved_S2a10,uniform,78.5,17,1.5955415493448617,1.5,6.36943662299078,6.36943662299078
120.0,curved_S2a10,uniform,78.5,18,1.5970968027080885,1.5,6.473120180539234,6.473120180539234
120.0,curved_S2a10,uniform,78.5,19,1.6174911278507365,1.5,7.832741856715764,7.832741856715764
120.0,curved_S2a10,uniform,78.5,20,1.5982506952229685,1.5,6.550046348197898,6.550046348197898
120.0,curved_S2a10,uniform,78.5,21,1.6186165510583193,1.5,7.907770070554617,7.907770070554617
120.0,curved_S2a10,uniform,78.5,22,1.5368457191490001,1.5,2.45638127660001,2.45638127660001
120.0,curved_S2a10,uniform,78.5,23,1.5282272454048438,1.5,1.8818163603229188,1.8818163603229188
120.0,curved_S2a10,uniform,78.5,24,1.6401839395204307,1.5,9.345595968028714,9.345595968028714
120.0,curved_S2a10,uniform,78.5,25,1.5870170465817577,1.5,5.801136438783846,5.801136438783846
120.0,curved_S2a10,uniform,78.5,26,1.6296167139562079,1.5,8.641114263747191,8.641114263747191
120.0,curved_S2a10,uniform,78.5,27,1.6611737670973779,1.5,10.744917806491856,10.744917806491856
120.0,curved_S2a10,uniform,78.5,28,1.5685998379377373,1.5,4.5733225291824855,4.5733225291824855
120.0,curved_S2a10,uniform,78.5,29,1.5582071485515945,1.5,3.8804765701062984,3.8804765701062984
120.0,curved_S2a10,uniform,78.5,30,1.6401171443385878,1.5,9.341142955905852,9.341142955905852
120.0,curved_S2a10,uniform,100.0,1,1.6513635819628072,1.5,10.090905464187145,10.090905464187145
120.0,curved_S2a10,uniform,100.0,2,1.637253136471439,1.5,9.15020909809594,9.15020909809594
120.0,curved_S2a10,uniform,100.0,3,1.662520665895315,1.5,10.834711059687674,10.834711059687674
120.0,curved_S2a10,uniform,100.0,4,1.5740713750513997,1.5,4.938091670093314,4.938091670093314
120.0,curved_S2a10,uniform,100.0,5,1.6024324156332295,1.5,6.828827708881964,6.828827708881964
120.0,curved_S2a10,uniform,100.0,6,1.6511809795867871,1.5,10.078731972452475,10.078731972452475
120.0,curved_S2a10,uniform,100.0,7,1.6960118531290573,1.5,13.067456875270489,13.067456875270489
120.0,curved_S2a10,uniform,100.0,8,1.662770903614244,1.5,10.85139357428293,10.85139357428293
120.0,curved_S2a10,uniform,100.0,9,1.7376527625625793,1.5,15.843517504171952,15.843517504171952
120.0,curved_S2a10,uniform,100.0,10,1.6643464179938514,1.5,10.956427866256762,10.956427866256762
120.0,curved_S2a10,uniform,100.0,11,1.7209417725036926,1.5,14.729451500246174,14.729451500246174
120.0,curved_S2a10,uniform,100.0,12,1.6219603848833497,1.5,8.130692325556648,8.130692325556648
120.0,curved_S2a10,uniform,100.0,13,1.6904883693606405,1.5,12.699224624042701,12.699224624042701
120.0,curved_S2a10,uniform,100.0,14,1.6605587131391633,1.5,10.70391420927755,10.70391420927755
120.0,curved_S2a10,uniform,100.0,15,1.5630937356021355,1.5,4.206249040142366,4.206249040142366
120.0,curved_S2a10,uniform,100.0,16,1.5931324696929121,1.5,6.2088313128608075,6.2088313128608075
120.0,curved_S2a10,uniform,100.0,17,1.5947703564901916,1.5,6.318023766012774,6.318023766012774
120.0,curved_S2a10,uniform,100.0,18,1.5934393014576769,1.5,6.229286763845124,6.229286763845124
120.0,curved_S2a10,uniform,100.0,19,1.6174911278507358,1.5,7.832741856715719,7.832741856715719
120.0,curved_S2a10,uniform,100.0,20,1.5982506952229707,1.5,6.550046348198046,6.550046348198046
120.0,curved_S2a10,uniform,100.0,21,1.618616551058318,1.5,7.907770070554528,7.907770070554528
120.0,curved_S2a10,uniform,100.0,22,1.5368457191489993,1.5,2.4563812765999504,2.4563812765999504
120.0,curved_S2a10,uniform,100.0,23,1.5445952293003868,1.5,2.9730152866924557,2.9730152866924557
120.0,curved_S2a10,uniform,100.0,24,1.6424536888379129,1.5,9.49691258919419,9.49691258919419
120.0,curved_S2a10,uniform,100.0,25,1.587017046581758,1.5,5.80113643878386,5.80113643878386
120.0,curved_S2a10,uniform,100.0,26,1.610988648585454,1.5,7.399243239030273,7.399243239030273
120.0,curved_S2a10,uniform,100.0,27,1.6611737670973805,1.5,10.744917806492033,10.744917806492033
120.0,curved_S2a10,uniform,100.0,28,1.5791282251064298,1.5,5.275215007095321,5.275215007095321
120.0,curved_S2a10,uniform,100.0,29,1.5582071485515947,1.5,3.8804765701063135,3.8804765701063135
120.0,curved_S2a10,uniform,100.0,30,1.640117144338588,1.5,9.341142955905868,9.341142955905868
120.0,curved_S2a10,jitter,11.0,1,2.2577630448856345,1.5,50.51753632570897,50.51753632570897
120.0,curved_S2a10,jitter,11.0,2,1.802739358983874,1.5,20.18262393225827,20.18262393225827
120.0,curved_S2a10,jitter,11.0,3,1.8252518102232176,1.5,21.683454014881175,21.683454014881175
120.0,curved_S2a10,jitter,11.0,4,1.5688694383822326,1.5,4.591295892148839,4.591295892148839
120.0,curved_S2a10,jitter,11.0,5,1.4478695343002799,1.5,-3.475364379981342,-3.475364379981342
120.0,curved_S2a10,jitter,11.0,6,1.9846670336046854,1.5,32.31113557364569,32.31113557364569
120.0,curved_S2a10,jitter,11.0,7,1.6692962206712465,1.5,11.286414711416432,11.286414711416432
120.0,curved_S2a10,jitter,11.0,8,1.520536588374665,1.5,1.36910589164434,1.36910589164434
120.0,curved_S2a10,jitter,11.0,9,1.7482090031876647,1.5,16.54726687917765,16.54726687917765
120.0,curved_S2a10,jitter,11.0,10,1.6361457798025851,1.5,9.076385320172342,9.076385320172342
120.0,curved_S2a10,jitter,11.0,11,1.827975664047901,1.5,21.865044269860068,21.865044269860068
120.0,curved_S2a10,jitter,11.0,12,1.591913036871568,1.5,6.127535791437863,6.127535791437863
120.0,curved_S2a10,jitter,11.0,13,1.847450288400756,1.5,23.1633525600504,23.1633525600504
120.0,curved_S2a10,jitter,11.0,14,1.6789776661022044,1.5,11.93184440681363,11.93184440681363
120.0,curved_S2a10,jitter,11.0,15,1.6973905861781922,1.5,13.159372411879477,13.159372411879477
120.0,curved_S2a10,jitter,11.0,16,1.6882717160470202,1.5,12.551447736468013,12.551447736468013
120.0,curved_S2a10,jitter,11.0,17,1.6276907041662707,1.5,8.512713611084715,8.512713611084715
120.0,curved_S2a10,jitter,11.0,18,1.64355300760069,1.5,9.570200506712661,9.570200506712661
120.0,curved_S2a10,jitter,11.0,19,1.6607731391962073,1.5,10.718209279747153,10.718209279747153
120.0,curved_S2a10,jitter,11.0,20,1.7447995235832525,1.5,16.3199682388835,16.3199682388835
120.0,curved_S2a10,jitter,11.0,21,1.6199473972741911,1.5,7.996493151612742,7.996493151612742
120.0,curved_S2a10,jitter,11.0,22,1.5021044203152762,1.5,0.14029468768508302,0.14029468768508302
120.0,curved_S2a10,jitter,11.0,23,1.6774179584455668,1.5,11.827863896371122,11.827863896371122
120.0,curved_S2a10,jitter,11.0,24,1.6458195785425778,1.5,9.721305236171851,9.721305236171851
120.0,curved_S2a10,jitter,11.0,25,1.7247247968687955,1.5,14.98165312458637,14.98165312458637
120.0,curved_S2a10,jitter,11.0,26,1.5968612023865099,1.5,6.45741349243399,6.45741349243399
120.0,curved_S2a10,jitter,11.0,27,1.502876039836417,1.5,0.19173598909446216,0.19173598909446216
120.0,curved_S2a10,jitter,11.0,28,1.3448630726946558,1.5,-10.34246182035628,-10.34246182035628
120.0,curved_S2a10,jitter,11.0,29,1.6357881114230435,1.5,9.052540761536232,9.052540761536232
120.0,curved_S2a10,jitter,11.0,30,1.784884933030069,1.5,18.992328868671258,18.992328868671258
120.0,curved_S2a10,jitter,30.0,1,2.6759691071835743,1.5,78.39794047890494,78.39794047890494
120.0,curved_S2a10,jitter,30.0,2,2.032071437850954,1.5,35.47142919006359,35.47142919006359
120.0,curved_S2a10,jitter,30.0,3,1.9641568763896096,1.5,30.943791759307302,30.943791759307302
120.0,curved_S2a10,jitter,30.0,4,1.4592321716377494,1.5,-2.717855224150038,-2.717855224150038
120.0,curved_S2a10,jitter,30.0,5,1.5581115942988557,1.5,3.8741062865903806,3.8741062865903806
120.0,curved_S2a10,jitter,30.0,6,2.6235623239827763,1.5,74.90415493218508,74.90415493218508
120.0,curved_S2a10,jitter,30.0,7,1.4931918980781715,1.5,-0.4538734614552305,-0.4538734614552305
120.0,curved_S2a10,jitter,30.0,8,1.3438869548337178,1.5,-10.407536344418816,-10.407536344418816
120.0,curved_S2a10,jitter,30.0,9,2.2361099619993436,1.5,49.07399746662291,49.07399746662291
120.0,curved_S2a10,jitter,30.0,10,1.6966327907602254,1.5,13.108852717348363,13.108852717348363
120.0,curved_S2a10,jitter,30.0,11,2.2761854362942513,1.5,51.745695752950084,51.745695752950084
120.0,curved_S2a10,jitter,30.0,12,1.8479610415327086,1.5,23.19740276884724,23.19740276884724
120.0,curved_S2a10,jitter,30.0,13,1.9650279579254648,1.5,31.001863861697654,31.001863861697654
120.0,curved_S2a10,jitter,30.0,14,1.7887489130100154,1.5,19.249927534001024,19.249927534001024
120.0,curved_S2a10,jitter,30.0,15,1.7901106234443422,1.5,19.340708229622816,19.340708229622816
120.0,curved_S2a10,jitter,30.0,16,2.251315997416404,1.5,50.08773316109361,50.08773316109361
120.0,curved_S2a10,jitter,30.0,17,1.6640280789332815,1.5,10.935205262218767,10.935205262218767
120.0,curved_S2a10,jitter,30.0,18,3.0199141331387898,1.5,101.32760887591931,101.32760887591931
120.0,curved_S2a10,jitter,30.0,19,2.470952536669548,1.5,64.7301691113032,64.7301691113032
120.0,curved_S2a10,jitter,30.0,20,1.894904818952784,1.5,26.326987930185595,26.326987930185595
120.0,curved_S2a10,jitter,30.0,21,2.135796710533012,1.5,42.38644736886747,42.38644736886747
120.0,curved_S2a10,jitter,30.0,22,1.7166907660746034,1.5,14.446051071640223,14.446051071640223
120.0,curved_S2a10,jitter,30.0,23,2.202200484932261,1.5,46.81336566215073,46.81336566215073
120.0,curved_S2a10,jitter,30.0,24,1.8225972157988732,1.5,21.506481053258216,21.506481053258216
120.0,curved_S2a10,jitter,30.0,25,1.9175584227459193,1.5,27.837228183061285,27.837228183061285
120.0,curved_S2a10,jitter,30.0,26,1.8465892117615503,1.5,23.105947450770024,23.105947450770024
120.0,curved_S2a10,jitter,30.0,27,1.544618436410238,1.5,2.9745624273491993,2.9745624273491993
120.0,curved_S2a10,jitter,30.0,28,1.4157433917906959,1.5,-5.617107213953609,-5.617107213953609
120.0,curved_S2a10,jitter,30.0,29,1.8679356335414083,1.5,24.52904223609389,24.52904223609389
120.0,curved_S2a10,jitter,30.0,30,2.6687431636348236,1.5,77.91621090898823,77.91621090898823
120.0,curved_S2a10,jitter,78.5,1,1.8058674014923386,1.5,20.391160099489237,20.391160099489237
120.0,curved_S2a10,jitter,78.5,2,2.965909994776409,1.5,97.72733298509394,97.72733298509394
120.0,curved_S2a10,jitter,78.5,3,2.123893805309735,1.5,41.59292035398234,41.59292035398234
120.0,curved_S2a10,jitter,78.5,4,1.9010594248311823,1.5,26.737294988745486,26.737294988745486
120.0,curved_S2a10,jitter,78.5,5,1.5128523790391541,1.5,0.8568252692769432,0.8568252692769432
120.0,curved_S2a10,jitter,78.5,6,3.8261688707447368,1.5,155.07792471631578,155.07792471631578
120.0,curved_S2a10,jitter,78.5,7,1.9506857866021772,1.5,30.045719106811813,30.045719106811813
120.0,curved_S2a10,jitter,78.5,8,1.7846207312110012,1.5,18.974715414066743,18.974715414066743
120.0,curved_S2a10,jitter,78.5,9,1.993627805755075,1.5,32.908520383671664,32.908520383671664
120.0,curved_S2a10,jitter,78.5,10,4.163546010900243,1.5,177.56973406001617,177.56973406001617
120.0,curved_S2a10,jitter,78.5,11,3.8608717958450542,1.5,157.39145305633696,157.39145305633696
120.0,curved_S2a10,jitter,78.5,12,3.55923515413913,1.5,137.28234360927533,137.28234360927533
120.0,curved_S2a10,jitter,78.5,13,2.2806416597817014,1.5,52.0427773187801,52.0427773187801
120.0,curved_S2a10,jitter,78.5,14,2.4755000712682005,1.5,65.0333380845467,65.0333380845467
120.0,curved_S2a10,jitter,78.5,15,1.7067232246187278,1.5,13.78154830791519,13.78154830791519
120.0,curved_S2a10,jitter,78.5,16,2.450880811870036,1.5,63.39205412466905,63.39205412466905
120.0,curved_S2a10,jitter,78.5,17,2.1452116007007227,1.5,43.01410671338151,43.01410671338151
120.0,curved_S2a10,jitter,78.5,18,3.9352156168954675,1.5,162.34770779303116,162.34770779303116
120.0,curved_S2a10,jitter,78.5,19,2.7853100187767588,1.5,85.68733458511724,85.68733458511724
120.0,curved_S2a10,jitter,78.5,20,2.6027980659135372,1.5,73.51987106090249,73.51987106090249
120.0,curved_S2a10,jitter,78.5,21,2.6103645852358373,1.5,74.02430568238914,74.02430568238914
120.0,curved_S2a10,jitter,78.5,22,2.636408878223085,1.5,75.76059188153899,75.76059188153899
120.0,curved_S2a10,jitter,78.5,23,3.5627041654988356,1.5,137.5136110332557,137.5136110332557
120.0,curved_S2a10,jitter,78.5,24,2.826661013350295,1.5,88.44406755668635,88.44406755668635
120.0,curved_S2a10,jitter,78.5,25,2.6061318901662682,1.5,73.74212601108455,73.74212601108455
120.0,curved_S2a10,jitter,78.5,26,3.147089391341397,1.5,109.8059594227598,109.8059594227598
120.0,curved_S2a10,jitter,78.5,27,2.3431453430948865,1.5,56.2096895396591,56.2096895396591
120.0,curved_S2a10,jitter,78.5,28,2.676199017587643,1.5,78.4132678391762,78.4132678391762
120.0,curved_S2a10,jitter,78.5,29,2.64581745732786,1.5,76.38783048852402,76.38783048852402
120.0,curved_S2a10,jitter,78.5,30,2.5451022293085037,1.5,69.67348195390025,69.67348195390025
120.0,curved_S2a20,uniform,0.0,1,1.7731554549956874,1.5,18.21036366637916,18.21036366637916
120.0,curved_S2a20,uniform,0.0,2,1.7259345769283259,1.5,15.062305128555057,15.062305128555057
120.0,curved_S2a20,uniform,0.0,3,1.6473869680659763,1.5,9.825797871065085,9.825797871065085
120.0,curved_S2a20,uniform,0.0,4,2.0432314978450634,1.5,36.21543318967089,36.21543318967089
120.0,curved_S2a20,uniform,0.0,5,1.4724203476646212,1.5,-1.8386434890252563,-1.8386434890252563
120.0,curved_S2a20,uniform,0.0,6,2.483413075934393,1.5,65.56087172895954,65.56087172895954
120.0,curved_S2a20,uniform,0.0,7,1.7672147846090087,1.5,17.814318973933915,17.814318973933915
120.0,curved_S2a20,uniform,0.0,8,2.023813025789783,1.5,34.92086838598552,34.92086838598552
120.0,curved_S2a20,uniform,0.0,9,2.0490232540136724,1.5,36.60155026757816,36.60155026757816
120.0,curved_S2a20,uniform,0.0,10,1.91738975807691,1.5,27.825983871793998,27.825983871793998
120.0,curved_S2a20,uniform,0.0,11,2.02868555155394,1.5,35.24570343692935,35.24570343692935
120.0,curved_S2a20,uniform,0.0,12,2.083030986291018,1.5,38.86873241940121,38.86873241940121
120.0,curved_S2a20,uniform,0.0,13,1.964447075744891,1.5,30.96313838299274,30.96313838299274
120.0,curved_S2a20,uniform,0.0,14,1.9883252485676997,1.5,32.555016571179976,32.555016571179976
120.0,curved_S2a20,uniform,0.0,15,1.9400111356958767,1.5,29.334075713058443,29.334075713058443
120.0,curved_S2a20,uniform,0.0,16,1.567397263415236,1.5,4.493150894349066,4.493150894349066
120.0,curved_S2a20,uniform,0.0,17,1.9427621366930943,1.5,29.51747577953962,29.51747577953962
120.0,curved_S2a20,uniform,0.0,18,2.2576153282544804,1.5,50.50768855029869,50.50768855029869
120.0,curved_S2a20,uniform,0.0,19,2.4964917734334353,1.5,66.43278489556236,66.43278489556236
120.0,curved_S2a20,uniform,0.0,20,2.1035158095583566,1.5,40.23438730389044,40.23438730389044
120.0,curved_S2a20,uniform,0.0,21,1.5566692783734086,1.5,3.777951891560575,3.777951891560575
120.0,curved_S2a20,uniform,0.0,22,1.6008715938653197,1.5,6.7247729243546495,6.7247729243546495
120.0,curved_S2a20,uniform,0.0,23,2.2570481990381186,1.5,50.46987993587457,50.46987993587457
120.0,curved_S2a20,uniform,0.0,24,1.8773757234538409,1.5,25.158381563589387,25.158381563589387
120.0,curved_S2a20,uniform,0.0,25,1.9330394477645456,1.5,28.86929651763637,28.86929651763637
120.0,curved_S2a20,uniform,0.0,26,2.0141487362769026,1.5,34.27658241846017,34.27658241846017
120.0,curved_S2a20,uniform,0.0,27,1.739122016310809,1.5,15.941467754053932,15.941467754053932
120.0,curved_S2a20,uniform,0.0,28,2.3755876810040224,1.5,58.372512066934824,58.372512066934824
120.0,curved_S2a20,uniform,0.0,29,1.7282366933844546,1.5,15.215779558963641,15.215779558963641
120.0,curved_S2a20,uniform,0.0,30,2.0531558876605587,1.5,36.87705917737058,36.87705917737058
120.0,curved_S2a20,uniform,2.0,1,1.7106043396378512,1.5,14.04028930919008,14.04028930919008
120.0,curved_S2a20,uniform,2.0,2,1.6061475137555852,1.5,7.076500917039012,7.076500917039012
120.0,curved_S2a20,uniform,2.0,3,1.6038835181816,1.5,6.925567878773335,6.925567878773335
120.0,curved_S2a20,uniform,2.0,4,1.980288830148843,1.5,32.019255343256205,32.019255343256205
120.0,curved_S2a20,uniform,2.0,5,1.5912336355761014,1.5,6.0822423717400955,6.0822423717400955
120.0,curved_S2a20,uniform,2.0,6,2.3497725239912493,1.5,56.65150159941662,56.65150159941662
120.0,curved_S2a20,uniform,2.0,7,1.7863710674428288,1.5,19.091404496188588,19.091404496188588
120.0,curved_S2a20,uniform,2.0,8,1.7333339496299585,1.5,15.55559664199723,15.55559664199723
120.0,curved_S2a20,uniform,2.0,9,1.9273583612292493,1.5,28.490557415283284,28.490557415283284
120.0,curved_S2a20,uniform,2.0,10,1.8964169186536532,1.5,26.42779457691022,26.42779457691022
120.0,curved_S2a20,uniform,2.0,11,1.9541175110895148,1.5,30.274500739300986,30.274500739300986
120.0,curved_S2a20,uniform,2.0,12,1.769188537895805,1.5,17.945902526387002,17.945902526387002
120.0,curved_S2a20,uniform,2.0,13,1.8306300648455316,1.5,22.04200432303544,22.04200432303544
120.0,curved_S2a20,uniform,2.0,14,1.9405415984250742,1.5,29.369439895004952,29.369439895004952
120.0,curved_S2a20,uniform,2.0,15,1.8548199537890058,1.5,23.65466358593372,23.65466358593372
120.0,curved_S2a20,uniform,2.0,16,1.6091611365143637,1.5,7.277409100957577,7.277409100957577
120.0,curved_S2a20,uniform,2.0,17,1.9000285006412652,1.5,26.66856670941768,26.66856670941768
120.0,curved_S2a20,uniform,2.0,18,1.8955931504966428,1.5,26.37287669977619,26.37287669977619
120.0,curved_S2a20,uniform,2.0,19,2.3775851718273704,1.5,58.50567812182469,58.50567812182469
120.0,curved_S2a20,uniform,2.0,20,1.7659528775967757,1.5,17.730191839785046,17.730191839785046
120.0,curved_S2a20,uniform,2.0,21,1.5731498397797288,1.5,4.876655985315251,4.876655985315251
120.0,curved_S2a20,uniform,2.0,22,1.494305219476652,1.5,-0.3796520348898694,-0.3796520348898694
120.0,curved_S2a20,uniform,2.0,23,1.946687670061551,1.5,29.779178004103397,29.779178004103397
120.0,curved_S2a20,uniform,2.0,24,1.851631382273799,1.5,23.442092151586603,23.442092151586603
120.0,curved_S2a20,uniform,2.0,25,2.0754811155332034,1.5,38.36540770221355,38.36540770221355
120.0,curved_S2a20,uniform,2.0,26,1.9366038379908614,1.5,29.106922532724095,29.106922532724095
120.0,curved_S2a20,uniform,2.0,27,1.8892143827353076,1.5,25.94762551568717,25.94762551568717
120.0,curved_S2a20,uniform,2.0,28,2.2023016754717863,1.5,46.820111698119085,46.820111698119085
120.0,curved_S2a20,uniform,2.0,29,1.6696272112640327,1.5,11.308480750935512,11.308480750935512
120.0,curved_S2a20,uniform,2.0,30,2.1192815158147824,1.5,41.28543438765216,41.28543438765216
120.0,curved_S2a20,uniform,5.0,1,1.5331637368587216,1.5,2.210915790581443,2.210915790581443
120.0,curved_S2a20,uniform,5.0,2,1.7833085086948448,1.5,18.887233912989654,18.887233912989654
120.0,curved_S2a20,uniform,5.0,3,1.6628841244792114,1.5,10.858941631947427,10.858941631947427
120.0,curved_S2a20,uniform,5.0,4,1.756118103812238,1.5,17.0745402541492,17.0745402541492
120.0,curved_S2a20,uniform,5.0,5,1.6811807272297261,1.5,12.078715148648406,12.078715148648406
120.0,curved_S2a20,uniform,5.0,6,2.361547259250723,1.5,57.4364839500482,57.4364839500482
120.0,curved_S2a20,uniform,5.0,7,1.7276723869778143,1.5,15.178159131854288,15.178159131854288
120.0,curved_S2a20,uniform,5.0,8,1.963806719085849,1.5,30.9204479390566,30.9204479390566
120.0,curved_S2a20,uniform,5.0,9,1.9180868046761894,1.5,27.872453645079293,27.872453645079293
120.0,curved_S2a20,uniform,5.0,10,1.8184764051630375,1.5,21.231760344202502,21.231760344202502
120.0,curved_S2a20,uniform,5.0,11,1.7810460543383515,1.5,18.736403622556765,18.736403622556765
120.0,curved_S2a20,uniform,5.0,12,1.4089402789721535,1.5,-6.070648068523102,-6.070648068523102
120.0,curved_S2a20,uniform,5.0,13,1.761584729804187,1.5,17.43898198694579,17.43898198694579
120.0,curved_S2a20,uniform,5.0,14,1.775363561022438,1.5,18.357570734829206,18.357570734829206
120.0,curved_S2a20,uniform,5.0,15,1.574332824085157,1.5,4.955521605677138,4.955521605677138
120.0,curved_S2a20,uniform,5.0,16,1.9542185660964886,1.5,30.281237739765903,30.281237739765903
120.0,curved_S2a20,uniform,5.0,17,1.6422775872426336,1.5,9.485172482842241,9.485172482842241
120.0,curved_S2a20,uniform,5.0,18,1.8449751852506344,1.5,22.99834568337563,22.99834568337563
120.0,curved_S2a20,uniform,5.0,19,2.3094994464224734,1.5,53.96662976149823,53.96662976149823
120.0,curved_S2a20,uniform,5.0,20,1.6426585272773262,1.5,9.51056848515508,9.51056848515508
120.0,curved_S2a20,uniform,5.0,21,1.6419940661725674,1.5,9.466271078171157,9.466271078171157
120.0,curved_S2a20,uniform,5.0,22,1.5409932697970175,1.5,2.732884653134497,2.732884653134497
120.0,curved_S2a20,uniform,5.0,23,2.004208584614033,1.5,33.613905640935535,33.613905640935535
120.0,curved_S2a20,uniform,5.0,24,1.812645644078576,1.5,20.84304293857174,20.84304293857174
120.0,curved_S2a20,uniform,5.0,25,1.8178813667514957,1.5,21.192091116766377,21.192091116766377
120.0,curved_S2a20,uniform,5.0,26,1.7810349930061586,1.5,18.735666200410574,18.735666200410574
120.0,curved_S2a20,uniform,5.0,27,1.8904950726846508,1.5,26.033004845643386,26.033004845643386
120.0,curved_S2a20,uniform,5.0,28,1.8372797222648547,1.5,22.485314817656977,22.485314817656977
120.0,curved_S2a20,uniform,5.0,29,1.609556949949125,1.5,7.303796663274993,7.303796663274993
120.0,curved_S2a20,uniform,5.0,30,2.065260702695966,1.5,37.68404684639775,37.68404684639775
120.0,curved_S2a20,uniform,10.0,1,1.6466058025529762,1.5,9.773720170198413,9.773720170198413
120.0,curved_S2a20,uniform,10.0,2,1.7594583802617196,1.5,17.29722535078131,17.29722535078131
120.0,curved_S2a20,uniform,10.0,3,1.6552117772047352,1.5,10.347451813649016,10.347451813649016
120.0,curved_S2a20,uniform,10.0,4,1.6793090728662607,1.5,11.95393819108405,11.95393819108405
120.0,curved_S2a20,uniform,10.0,5,1.5281628066409505,1.5,1.8775204427300334,1.8775204427300334
120.0,curved_S2a20,uniform,10.0,6,1.7364453788268517,1.5,15.763025255123445,15.763025255123445
120.0,curved_S2a20,uniform,10.0,7,1.655211777204737,1.5,10.347451813649133,10.347451813649133
120.0,curved_S2a20,uniform,10.0,8,1.892954340080376,1.5,26.19695600535841,26.19695600535841
120.0,curved_S2a20,uniform,10.0,9,1.8213591849601165,1.5,21.423945664007768,21.423945664007768
120.0,curved_S2a20,uniform,10.0,10,1.7987499434080807,1.5,19.916662893872047,19.916662893872047
120.0,curved_S2a20,uniform,10.0,11,1.7229272245671117,1.5,14.861814971140777,14.861814971140777
120.0,curved_S2a20,uniform,10.0,12,1.7664675218775,1.5,17.764501458499993,17.764501458499993
120.0,curved_S2a20,uniform,10.0,13,1.8286260238861105,1.5,21.908401592407365,21.908401592407365
120.0,curved_S2a20,uniform,10.0,14,1.693269970717485,1.5,12.884664714498998,12.884664714498998
120.0,curved_S2a20,uniform,10.0,15,1.496643556774196,1.5,-0.2237628817202649,-0.2237628817202649
120.0,curved_S2a20,uniform,10.0,16,1.8240547193032204,1.5,21.603647953548023,21.603647953548023
120.0,curved_S2a20,uniform,10.0,17,1.5041420939904662,1.5,0.2761395993644111,0.2761395993644111
120.0,curved_S2a20,uniform,10.0,18,1.910947419812692,1.5,27.39649465417946,27.39649465417946
120.0,curved_S2a20,uniform,10.0,19,1.8973705736613145,1.5,26.491371577420963,26.491371577420963
120.0,curved_S2a20,uniform,10.0,20,1.6721917043569643,1.5,11.479446957130952,11.479446957130952
120.0,curved_S2a20,uniform,10.0,21,1.652221873635174,1.5,10.148124909011596,10.148124909011596
120.0,curved_S2a20,uniform,10.0,22,1.4528487282070186,1.5,-3.143418119532093,-3.143418119532093
120.0,curved_S2a20,uniform,10.0,23,1.5857880115062528,1.5,5.719200767083521,5.719200767083521
120.0,curved_S2a20,uniform,10.0,24,1.7189543699260703,1.5,14.596957995071355,14.596957995071355
120.0,curved_S2a20,uniform,10.0,25,2.0845204197440372,1.5,38.968027982935816,38.968027982935816
120.0,curved_S2a20,uniform,10.0,26,1.6850036556846124,1.5,12.333577045640826,12.333577045640826
120.0,curved_S2a20,uniform,10.0,27,1.9128324896747526,1.5,27.522165978316842,27.522165978316842
120.0,curved_S2a20,uniform,10.0,28,1.6868153314616507,1.5,12.454355430776715,12.454355430776715
120.0,curved_S2a20,uniform,10.0,29,1.5669054638457045,1.5,4.4603642563803,4.4603642563803
120.0,curved_S2a20,uniform,10.0,30,2.0336578411301978,1.5,35.57718940867985,35.57718940867985
120.0,curved_S2a20,uniform,11.0,1,1.6908715616222656,1.5,12.724770774817706,12.724770774817706
120.0,curved_S2a20,uniform,11.0,2,1.773708233041162,1.5,18.247215536077466,18.247215536077466
120.0,curved_S2a20,uniform,11.0,3,1.6518211042472393,1.5,10.121406949815952,10.121406949815952
120.0,curved_S2a20,uniform,11.0,4,1.6698004832854147,1.5,11.320032219027649,11.320032219027649
120.0,curved_S2a20,uniform,11.0,5,1.534923485012058,1.5,2.3282323341372075,2.3282323341372075
120.0,curved_S2a20,uniform,11.0,6,1.8266554145039695,1.5,21.777027633597967,21.777027633597967
120.0,curved_S2a20,uniform,11.0,7,1.6835429435398162,1.5,12.236196235987745,12.236196235987745
120.0,curved_S2a20,uniform,11.0,8,1.8832306370568763,1.5,25.548709137125087,25.548709137125087
120.0,curved_S2a20,uniform,11.0,9,1.8126458501993836,1.5,20.843056679958906,20.843056679958906
120.0,curved_S2a20,uniform,11.0,10,1.799539376871735,1.5,19.969291791448995,19.969291791448995
120.0,curved_S2a20,uniform,11.0,11,1.6982274794603422,1.5,13.21516529735615,13.21516529735615
120.0,curved_S2a20,uniform,11.0,12,1.8305204515028004,1.5,22.034696766853358,22.034696766853358
120.0,curved_S2a20,uniform,11.0,13,1.809850939883036,1.5,20.656729325535736,20.656729325535736
120.0,curved_S2a20,uniform,11.0,14,1.690690652743294,1.5,12.712710182886275,12.712710182886275
120.0,curved_S2a20,uniform,11.0,15,1.5123664197360185,1.5,0.8244279824012324,0.8244279824012324
120.0,curved_S2a20,uniform,11.0,16,1.6727033573874226,1.5,11.513557159161508,11.513557159161508
120.0,curved_S2a20,uniform,11.0,17,1.5203082281291767,1.5,1.3538818752784434,1.3538818752784434
120.0,curved_S2a20,uniform,11.0,18,1.9010857159064904,1.5,26.73904772709936,26.73904772709936
120.0,curved_S2a20,uniform,11.0,19,1.8785302091066578,1.5,25.235347273777187,25.235347273777187
120.0,curved_S2a20,uniform,11.0,20,1.662745363976213,1.5,10.84969093174754,10.84969093174754
120.0,curved_S2a20,uniform,11.0,21,1.636116885275022,1.5,9.074459018334807,9.074459018334807
120.0,curved_S2a20,uniform,11.0,22,1.457869534300157,1.5,-2.808697713322861,-2.808697713322861
120.0,curved_S2a20,uniform,11.0,23,1.5789651297145622,1.5,5.26434198097081,5.26434198097081
120.0,curved_S2a20,uniform,11.0,24,1.7037701949326312,1.5,13.584679662175411,13.584679662175411
120.0,curved_S2a20,uniform,11.0,25,2.0744231630695085,1.5,38.29487753796723,38.29487753796723
120.0,curved_S2a20,uniform,11.0,26,1.6354299087833195,1.5,9.028660585554633,9.028660585554633
120.0,curved_S2a20,uniform,11.0,27,1.909853399981655,1.5,27.323559998776997,27.323559998776997
120.0,curved_S2a20,uniform,11.0,28,1.7528508797830284,1.5,16.856725318868563,16.856725318868563
120.0,curved_S2a20,uniform,11.0,29,1.5944989013258606,1.5,6.299926755057372,6.299926755057372
120.0,curved_S2a20,uniform,11.0,30,2.190411867438052,1.5,46.02745782920348,46.02745782920348
120.0,curved_S2a20,uniform,20.0,1,1.7241379310344827,1.5,14.942528735632177,14.942528735632177
120.0,curved_S2a20,uniform,20.0,2,1.6108697362771518,1.5,7.39131575181012,7.39131575181012
120.0,curved_S2a20,uniform,20.0,3,1.6462159944159822,1.5,9.74773296106548,9.74773296106548
120.0,curved_S2a20,uniform,20.0,4,1.6724372392072093,1.5,11.495815947147287,11.495815947147287
120.0,curved_S2a20,uniform,20.0,5,1.6009850867777484,1.5,6.7323391185165615,6.7323391185165615
120.0,curved_S2a20,uniform,20.0,6,1.7626790518415858,1.5,17.511936789439055,17.511936789439055
120.0,curved_S2a20,uniform,20.0,7,1.6370312213248337,1.5,9.135414754988913,9.135414754988913
120.0,curved_S2a20,uniform,20.0,8,1.8524784151340958,1.5,23.498561008939724,23.498561008939724
120.0,curved_S2a20,uniform,20.0,9,1.8219668748379565,1.5,21.464458322530433,21.464458322530433
120.0,curved_S2a20,uniform,20.0,10,1.6889150591664197,1.5,12.594337277761314,12.594337277761314
120.0,curved_S2a20,uniform,20.0,11,1.7632476570392361,1.5,17.54984380261574,17.54984380261574
120.0,curved_S2a20,uniform,20.0,12,1.5657138101577235,1.5,4.380920677181566,4.380920677181566
120.0,curved_S2a20,uniform,20.0,13,1.6647668215703202,1.5,10.98445477135468,10.98445477135468
120.0,curved_S2a20,uniform,20.0,14,1.6841117149727032,1.5,12.274114331513546,12.274114331513546
120.0,curved_S2a20,uniform,20.0,15,1.646652382893348,1.5,9.776825526223194,9.776825526223194
120.0,curved_S2a20,uniform,20.0,16,1.5539074810160405,1.5,3.5938320677360323,3.5938320677360323
120.0,curved_S2a20,uniform,20.0,17,1.5882077480197234,1.5,5.880516534648228,5.880516534648228
120.0,curved_S2a20,uniform,20.0,18,1.8641121769435498,1.5,24.274145129569987,24.274145129569987
120.0,curved_S2a20,uniform,20.0,19,1.6924185438937474,1.5,12.827902926249823,12.827902926249823
120.0,curved_S2a20,uniform,20.0,20,1.5503306648098325,1.5,3.3553776539888336,3.3553776539888336
120.0,curved_S2a20,uniform,20.0,21,1.6356953817748734,1.5,9.04635878499156,9.04635878499156
120.0,curved_S2a20,uniform,20.0,22,1.4316058507073353,1.5,-4.5596099528443155,-4.5596099528443155
120.0,curved_S2a20,uniform,20.0,23,1.5255964724542221,1.5,1.7064314969481427,1.7064314969481427
120.0,curved_S2a20,uniform,20.0,24,1.6385509974220953,1.5,9.23673316147302,9.23673316147302
120.0,curved_S2a20,uniform,20.0,25,1.659327194747025,1.5,10.621812983134998,10.621812983134998
120.0,curved_S2a20,uniform,20.0,26,1.5889037089179068,1.5,5.926913927860452,5.926913927860452
120.0,curved_S2a20,uniform,20.0,27,1.6347954133287423,1.5,8.986360888582823,8.986360888582823
120.0,curved_S2a20,uniform,20.0,28,1.8044787139430483,1.5,20.29858092953655,20.29858092953655
120.0,curved_S2a20,uniform,20.0,29,1.64563763922353,1.5,9.709175948235327,9.709175948235327
120.0,curved_S2a20,uniform,20.0,30,2.0292219452182905,1.5,35.2814630145527,35.2814630145527
120.0,curved_S2a20,uniform,30.0,1,1.8320066230510301,1.5,22.133774870068677,22.133774870068677
120.0,curved_S2a20,uniform,30.0,2,1.4461694450913058,1.5,-3.58870366057961,-3.58870366057961
120.0,curved_S2a20,uniform,30.0,3,1.6447833142817294,1.5,9.652220952115293,9.652220952115293
120.0,curved_S2a20,uniform,30.0,4,1.6841690078368303,1.5,12.277933855788687,12.277933855788687
120.0,curved_S2a20,uniform,30.0,5,1.5868241148566289,1.5,5.7882743237752585,5.7882743237752585
120.0,curved_S2a20,uniform,30.0,6,1.6357552564609723,1.5,9.050350430731486,9.050350430731486
120.0,curved_S2a20,uniform,30.0,7,1.630603361495561,1.5,8.706890766370739,8.706890766370739
120.0,curved_S2a20,uniform,30.0,8,1.6202596491854573,1.5,8.017309945697153,8.017309945697153
120.0,curved_S2a20,uniform,30.0,9,1.7831573790537314,1.5,18.877158603582092,18.877158603582092
120.0,curved_S2a20,uniform,30.0,10,1.8057395947977104,1.5,20.382639653180693,20.382639653180693
120.0,curved_S2a20,uniform,30.0,11,1.6612634851755965,1.5,10.750899011706434,10.750899011706434
120.0,curved_S2a20,uniform,30.0,12,1.5446063955659781,1.5,2.9737597043985415,2.9737597043985415
120.0,curved_S2a20,uniform,30.0,13,1.6742057166984585,1.5,11.6137144465639,11.6137144465639
120.0,curved_S2a20,uniform,30.0,14,1.6878284954492526,1.5,12.521899696616842,12.521899696616842
120.0,curved_S2a20,uniform,30.0,15,1.6156281251460218,1.5,7.708541676401455,7.708541676401455
120.0,curved_S2a20,uniform,30.0,16,1.522383745891331,1.5,1.492249726088731,1.492249726088731
120.0,curved_S2a20,uniform,30.0,17,1.6348349022725275,1.5,8.988993484835166,8.988993484835166
120.0,curved_S2a20,uniform,30.0,18,1.8170340620961198,1.5,21.135604139741325,21.135604139741325
120.0,curved_S2a20,uniform,30.0,19,1.6774179584455688,1.5,11.827863896371255,11.827863896371255
120.0,curved_S2a20,uniform,30.0,20,1.5507137833740863,1.5,3.3809188916057518,3.3809188916057518
120.0,curved_S2a20,uniform,30.0,21,1.6584952804398998,1.5,10.566352029326653,10.566352029326653
120.0,curved_S2a20,uniform,30.0,22,1.4261641805651282,1.5,-4.922387962324789,-4.922387962324789
120.0,curved_S2a20,uniform,30.0,23,1.516365323749178,1.5,1.0910215832785397,1.0910215832785397
120.0,curved_S2a20,uniform,30.0,24,1.6413847946717377,1.5,9.425652978115846,9.425652978115846
120.0,curved_S2a20,uniform,30.0,25,1.6272982803320821,1.5,8.48655202213881,8.48655202213881
120.0,curved_S2a20,uniform,30.0,26,1.5769120192680566,1.5,5.127467951203771,5.127467951203771
120.0,curved_S2a20,uniform,30.0,27,1.4357477542269304,1.5,-4.283483051537976,-4.283483051537976
120.0,curved_S2a20,uniform,30.0,28,1.755941966967713,1.5,17.06279779784753,17.06279779784753
120.0,curved_S2a20,uniform,30.0,29,1.6076837984062056,1.5,7.178919893747038,7.178919893747038
120.0,curved_S2a20,uniform,30.0,30,1.7066284220911117,1.5,13.775228139407444,13.775228139407444
120.0,curved_S2a20,uniform,50.0,1,1.6746230846140637,1.5,11.641538974270915,11.641538974270915
120.0,curved_S2a20,uniform,50.0,2,1.4505708212708406,1.5,-3.295278581943961,-3.295278581943961
120.0,curved_S2a20,uniform,50.0,3,1.609556949949129,1.5,7.30379666327526,7.30379666327526
120.0,curved_S2a20,uniform,50.0,4,1.6591940762895134,1.5,10.612938419300894,10.612938419300894
120.0,curved_S2a20,uniform,50.0,5,1.5956036090747105,1.5,6.373573938314037,6.373573938314037
120.0,curved_S2a20,uniform,50.0,6,1.6144497804127196,1.5,7.629985360847972,7.629985360847972
120.0,curved_S2a20,uniform,50.0,7,1.6306033614955622,1.5,8.706890766370812,8.706890766370812
120.0,curved_S2a20,uniform,50.0,8,1.6216393898642145,1.5,8.109292657614303,8.109292657614303
120.0,curved_S2a20,uniform,50.0,9,1.637178750535389,1.5,9.145250035692598,9.145250035692598
120.0,curved_S2a20,uniform,50.0,10,1.5936367404564062,1.5,6.242449363760416,6.242449363760416
120.0,curved_S2a20,uniform,50.0,11,1.6062899040809109,1.5,7.085993605394059,7.085993605394059
120.0,curved_S2a20,uniform,50.0,12,1.5039737664772166,1.5,0.26491776514777265,0.26491776514777265
120.0,curved_S2a20,uniform,50.0,13,1.6874613873811808,1.5,12.497425825412051,12.497425825412051
120.0,curved_S2a20,uniform,50.0,14,1.6987947301675335,1.5,13.252982011168898,13.252982011168898
120.0,curved_S2a20,uniform,50.0,15,1.6231993461119503,1.5,8.213289740796686,8.213289740796686
120.0,curved_S2a20,uniform,50.0,16,1.4056372263187094,1.5,-6.29085157875271,-6.29085157875271
120.0,curved_S2a20,uniform,50.0,17,1.5999032976564804,1.5,6.660219843765362,6.660219843765362
120.0,curved_S2a20,uniform,50.0,18,1.687522246106399,1.5,12.501483073759934,12.501483073759934
120.0,curved_S2a20,uniform,50.0,19,1.6534604644264956,1.5,10.230697628433044,10.230697628433044
120.0,curved_S2a20,uniform,50.0,20,1.5510764543651432,1.5,3.4050969576762125,3.4050969576762125
120.0,curved_S2a20,uniform,50.0,21,1.6548338784606793,1.5,10.322258564045288,10.322258564045288
120.0,curved_S2a20,uniform,50.0,22,1.4301126297772548,1.5,-4.659158014849677,-4.659158014849677
120.0,curved_S2a20,uniform,50.0,23,1.5144103847261232,1.5,0.9606923150748811,0.9606923150748811
120.0,curved_S2a20,uniform,50.0,24,1.6510118579849724,1.5,10.06745719899816,10.06745719899816
120.0,curved_S2a20,uniform,50.0,25,1.6353254666526116,1.5,9.021697776840771,9.021697776840771
120.0,curved_S2a20,uniform,50.0,26,1.5179812006883606,1.5,1.1987467125573747,1.1987467125573747
120.0,curved_S2a20,uniform,50.0,27,1.4486669343481478,1.5,-3.42220437679015,-3.42220437679015
120.0,curved_S2a20,uniform,50.0,28,1.5423400105508853,1.5,2.8226673700590217,2.8226673700590217
120.0,curved_S2a20,uniform,50.0,29,1.6562688998325077,1.5,10.417926655500514,10.417926655500514
120.0,curved_S2a20,uniform,50.0,30,1.5232056489004775,1.5,1.547043260031833,1.547043260031833
120.0,curved_S2a20,uniform,78.5,1,1.610582968314755,1.5,7.372197887650334,7.372197887650334
120.0,curved_S2a20,uniform,78.5,2,1.4496983330559887,1.5,-3.3534444629340854,-3.3534444629340854
120.0,curved_S2a20,uniform,78.5,3,1.6095569499491345,1.5,7.30379666327563,7.30379666327563
120.0,curved_S2a20,uniform,78.5,4,1.6373262883272361,1.5,9.155085888482411,9.155085888482411
120.0,curved_S2a20,uniform,78.5,5,1.5778277701704806,1.5,5.188518011365373,5.188518011365373
120.0,curved_S2a20,uniform,78.5,6,1.619480772946234,1.5,7.965384863082263,7.965384863082263
120.0,curved_S2a20,uniform,78.5,7,1.6552117772047508,1.5,10.34745181365005,10.34745181365005
120.0,curved_S2a20,uniform,78.5,8,1.6367072456887382,1.5,9.113816379249212,9.113816379249212
120.0,curved_S2a20,uniform,78.5,9,1.6334095803116662,1.5,8.893972020777746,8.893972020777746
120.0,curved_S2a20,uniform,78.5,10,1.5728995199243192,1.5,4.859967994954614,4.859967994954614
120.0,curved_S2a20,uniform,78.5,11,1.6152029938286314,1.5,7.6801995885754275,7.6801995885754275
120.0,curved_S2a20,uniform,78.5,12,1.4887685724752922,1.5,-0.7487618349805232,-0.7487618349805232
120.0,curved_S2a20,uniform,78.5,13,1.6936430259834676,1.5,12.909535065564507,12.909535065564507
120.0,curved_S2a20,uniform,78.5,14,1.7011893854092537,1.5,13.412625693950245,13.412625693950245
120.0,curved_S2a20,uniform,78.5,15,1.6231993461119494,1.5,8.213289740796625,8.213289740796625
120.0,curved_S2a20,uniform,78.5,16,1.4106463163306435,1.5,-5.956912244623766,-5.956912244623766
120.0,curved_S2a20,uniform,78.5,17,1.6193360554640024,1.5,7.955737030933492,7.955737030933492
120.0,curved_S2a20,uniform,78.5,18,1.706474702851907,1.5,13.76498019012713,13.76498019012713
120.0,curved_S2a20,uniform,78.5,19,1.643236402315369,1.5,9.549093487691263,9.549093487691263
120.0,curved_S2a20,uniform,78.5,20,1.551076454365142,1.5,3.4050969576761383,3.4050969576761383
120.0,curved_S2a20,uniform,78.5,21,1.6481277601978408,1.5,9.875184013189386,9.875184013189386
120.0,curved_S2a20,uniform,78.5,22,1.4335176336061786,1.5,-4.432157759588096,-4.432157759588096
120.0,curved_S2a20,uniform,78.5,23,1.5117406606565453,1.5,0.7827107104363554,0.7827107104363554
120.0,curved_S2a20,uniform,78.5,24,1.6589337168692566,1.5,10.595581124617109,10.595581124617109
120.0,curved_S2a20,uniform,78.5,25,1.6138984574958815,1.5,7.59323049972543,7.59323049972543
120.0,curved_S2a20,uniform,78.5,26,1.5085016756043719,1.5,0.5667783736247916,0.5667783736247916
120.0,curved_S2a20,uniform,78.5,27,1.4569073180556436,1.5,-2.8728454629570965,-2.8728454629570965
120.0,curved_S2a20,uniform,78.5,28,1.5551516525646605,1.5,3.676776837644032,3.676776837644032
120.0,curved_S2a20,uniform,78.5,29,1.6573700338787603,1.5,10.49133559191735,10.49133559191735
120.0,curved_S2a20,uniform,78.5,30,1.543189182271822,1.5,2.879278818121467,2.879278818121467
120.0,curved_S2a20,uniform,100.0,1,1.6105829683147543,1.5,7.372197887650289,7.372197887650289
120.0,curved_S2a20,uniform,100.0,2,1.4461694450913056,1.5,-3.588703660579625,-3.588703660579625
120.0,curved_S2a20,uniform,100.0,3,1.6388488507578012,1.5,9.25659005052008,9.25659005052008
120.0,curved_S2a20,uniform,100.0,4,1.6393197869815561,1.5,9.287985798770409,9.287985798770409
120.0,curved_S2a20,uniform,100.0,5,1.5956036090747092,1.5,6.373573938313948,6.373573938313948
120.0,curved_S2a20,uniform,100.0,6,1.6212035773338158,1.5,8.080238488921054,8.080238488921054
120.0,curved_S2a20,uniform,100.0,7,1.6552117772047543,1.5,10.347451813650288,10.347451813650288
120.0,curved_S2a20,uniform,100.0,8,1.6367072456887386,1.5,9.11381637924924,9.11381637924924
120.0,curved_S2a20,uniform,100.0,9,1.633563114653914,1.5,8.904207643594269,8.904207643594269
120.0,curved_S2a20,uniform,100.0,10,1.5750802976715155,1.5,5.005353178101032,5.005353178101032
120.0,curved_S2a20,uniform,100.0,11,1.6145364490886922,1.5,7.635763272579481,7.635763272579481
120.0,curved_S2a20,uniform,100.0,12,1.4901230428673644,1.5,-0.6584638088423727,-0.6584638088423727
120.0,curved_S2a20,uniform,100.0,13,1.7067401551908286,1.5,13.782677012721903,13.782677012721903
120.0,curved_S2a20,uniform,100.0,14,1.693779309086738,1.5,12.918620605782527,12.918620605782527
120.0,curved_S2a20,uniform,100.0,15,1.6231993461119485,1.5,8.213289740796565,8.213289740796565
120.0,curved_S2a20,uniform,100.0,16,1.4144296723049132,1.5,-5.7046885130057845,-5.7046885130057845
120.0,curved_S2a20,uniform,100.0,17,1.6193360554640053,1.5,7.955737030933685,7.955737030933685
120.0,curved_S2a20,uniform,100.0,18,1.7081839630647508,1.5,13.878930870983389,13.878930870983389
120.0,curved_S2a20,uniform,100.0,19,1.6338449196421017,1.5,8.922994642806776,8.922994642806776
120.0,curved_S2a20,uniform,100.0,20,1.5510764543651427,1.5,3.4050969576761827,3.4050969576761827
120.0,curved_S2a20,uniform,100.0,21,1.6498949127746132,1.5,9.992994184974213,9.992994184974213
120.0,curved_S2a20,uniform,100.0,22,1.4335176336061772,1.5,-4.4321577595881845,-4.4321577595881845
120.0,curved_S2a20,uniform,100.0,23,1.516721015246322,1.5,1.114734349754798,1.114734349754798
120.0,curved_S2a20,uniform,100.0,24,1.672829262151935,1.5,11.521950810128995,11.521950810128995
120.0,curved_S2a20,uniform,100.0,25,1.6190355952340663,1.5,7.93570634893775,7.93570634893775
120.0,curved_S2a20,uniform,100.0,26,1.5209579683551948,1.5,1.397197890346321,1.397197890346321
120.0,curved_S2a20,uniform,100.0,27,1.4502656948852046,1.5,-3.3156203409863583,-3.3156203409863583
120.0,curved_S2a20,uniform,100.0,28,1.5615768143770636,1.5,4.105120958470909,4.105120958470909
120.0,curved_S2a20,uniform,100.0,29,1.6538530041390531,1.5,10.256866942603542,10.256866942603542
120.0,curved_S2a20,uniform,100.0,30,1.55337618913128,1.5,3.558412608752004,3.558412608752004
120.0,curved_S2a20,jitter,11.0,1,1.761994861678077,1.5,17.4663241118718,17.4663241118718
120.0,curved_S2a20,jitter,11.0,2,1.7618690329092437,1.5,17.45793552728291,17.45793552728291
120.0,curved_S2a20,jitter,11.0,3,1.663835144210963,1.5,10.922342947397528,10.922342947397528
120.0,curved_S2a20,jitter,11.0,4,1.6195526603578325,1.5,7.970177357188835,7.970177357188835
120.0,curved_S2a20,jitter,11.0,5,1.5311370007638585,1.5,2.0758000509239,2.0758000509239
120.0,curved_S2a20,jitter,11.0,6,2.1105314459656355,1.5,40.70209639770903,40.70209639770903
120.0,curved_S2a20,jitter,11.0,7,1.687928867537172,1.5,12.528591169144798,12.528591169144798
120.0,curved_S2a20,jitter,11.0,8,1.7131482817240824,1.5,14.20988544827216,14.20988544827216
120.0,curved_S2a20,jitter,11.0,9,1.9006011789302197,1.5,26.706745262014646,26.706745262014646
120.0,curved_S2a20,jitter,11.0,10,1.7022389710284762,1.5,13.48259806856508,13.48259806856508
120.0,curved_S2a20,jitter,11.0,11,1.9129029335123051,1.5,27.526862234153676,27.526862234153676
120.0,curved_S2a20,jitter,11.0,12,1.6990691650764607,1.5,13.271277671764045,13.271277671764045
120.0,curved_S2a20,jitter,11.0,13,2.056325597449188,1.5,37.0883731632792,37.0883731632792
120.0,curved_S2a20,jitter,11.0,14,1.8046784998805359,1.5,20.311899992035723,20.311899992035723
120.0,curved_S2a20,jitter,11.0,15,1.686934168028059,1.5,12.462277868537264,12.462277868537264
120.0,curved_S2a20,jitter,11.0,16,1.7248248552081877,1.5,14.988323680545848,14.988323680545848
120.0,curved_S2a20,jitter,11.0,17,1.575085290716664,1.5,5.005686047777594,5.005686047777594
120.0,curved_S2a20,jitter,11.0,18,2.0630863705692173,1.5,37.53909137128115,37.53909137128115
120.0,curved_S2a20,jitter,11.0,19,1.7401175489107772,1.5,16.007836594051813,16.007836594051813
120.0,curved_S2a20,jitter,11.0,20,1.6443232156016339,1.5,9.62154770677559,9.62154770677559
120.0,curved_S2a20,jitter,11.0,21,1.7050210949545965,1.5,13.668072996973102,13.668072996973102
120.0,curved_S2a20,jitter,11.0,22,1.4007608197437935,1.5,-6.6159453504137655,-6.6159453504137655
120.0,curved_S2a20,jitter,11.0,23,1.612903225806451,1.5,7.5268817204300715,7.5268817204300715
120.0,curved_S2a20,jitter,11.0,24,1.7227464866867583,1.5,14.849765779117222,14.849765779117222
120.0,curved_S2a20,jitter,11.0,25,2.1315496830454377,1.5,42.10331220302918,42.10331220302918
120.0,curved_S2a20,jitter,11.0,26,1.6996271451967289,1.5,13.308476346448591,13.308476346448591
120.0,curved_S2a20,jitter,11.0,27,1.7243319149348073,1.5,14.955460995653821,14.955460995653821
120.0,curved_S2a20,jitter,11.0,28,1.681148522618957,1.5,12.07656817459714,12.07656817459714
120.0,curved_S2a20,jitter,11.0,29,1.6731065132389327,1.5,11.540434215928846,11.540434215928846
120.0,curved_S2a20,jitter,11.0,30,2.806082875237684,1.5,87.07219168251227,87.07219168251227
120.0,curved_S2a20,jitter,30.0,1,2.215882348592859,1.5,47.72548990619061,47.72548990619061
120.0,curved_S2a20,jitter,30.0,2,2.461366954204596,1.5,64.0911302803064,64.0911302803064
120.0,curved_S2a20,jitter,30.0,3,1.8228429737942253,1.5,21.522864919615024,21.522864919615024
120.0,curved_S2a20,jitter,30.0,4,1.484707396252935,1.5,-1.019506916471006,-1.019506916471006
120.0,curved_S2a20,jitter,30.0,5,1.6609471671921459,1.5,10.729811146143058,10.729811146143058
120.0,curved_S2a20,jitter,30.0,6,2.850813096812813,1.5,90.05420645418752,90.05420645418752
120.0,curved_S2a20,jitter,30.0,7,1.603049978859897,1.5,6.869998590659805,6.869998590659805
120.0,curved_S2a20,jitter,30.0,8,1.4057344412218218,1.5,-6.284370585211881,-6.284370585211881
120.0,curved_S2a20,jitter,30.0,9,2.3092505527393943,1.5,53.95003684929295,53.95003684929295
120.0,curved_S2a20,jitter,30.0,10,1.6730399724419966,1.5,11.535998162799777,11.535998162799777
120.0,curved_S2a20,jitter,30.0,11,2.579646476144008,1.5,71.97643174293388,71.97643174293388
120.0,curved_S2a20,jitter,30.0,12,1.6510298156514096,1.5,10.06865437676064,10.06865437676064
120.0,curved_S2a20,jitter,30.0,13,2.354827063576315,1.5,56.988470905087674,56.988470905087674
120.0,curved_S2a20,jitter,30.0,14,1.6650332057264416,1.5,11.00221371509611,11.00221371509611
120.0,curved_S2a20,jitter,30.0,15,1.7952969068819709,1.5,19.68646045879806,19.68646045879806
120.0,curved_S2a20,jitter,30.0,16,2.352778360072339,1.5,56.85189067148926,56.85189067148926
120.0,curved_S2a20,jitter,30.0,17,1.8062786995975735,1.5,20.418579973171568,20.418579973171568
120.0,curved_S2a20,jitter,30.0,18,1.9641855032959685,1.5,30.945700219731236,30.945700219731236
120.0,curved_S2a20,jitter,30.0,19,2.3293351888401874,1.5,55.28901258934583,55.28901258934583
120.0,curved_S2a20,jitter,30.0,20,2.078826874815157,1.5,38.58845832101047,38.58845832101047
120.0,curved_S2a20,jitter,30.0,21,2.4338146166063925,1.5,62.2543077737595,62.2543077737595
120.0,curved_S2a20,jitter,30.0,22,1.7098528222033198,1.5,13.990188146887986,13.990188146887986
120.0,curved_S2a20,jitter,30.0,23,2.2252223757667036,1.5,48.348158384446904,48.348158384446904
120.0,curved_S2a20,jitter,30.0,24,1.8598146135767464,1.5,23.987640905116425,23.987640905116425
120.0,curved_S2a20,jitter,30.0,25,1.9860987367542575,1.5,32.406582450283835,32.406582450283835
120.0,curved_S2a20,jitter,30.0,26,1.6443232156016347,1.5,9.621547706775651,9.621547706775651
120.0,curved_S2a20,jitter,30.0,27,1.5240308006046006,1.5,1.6020533736400406,1.6020533736400406
120.0,curved_S2a20,jitter,30.0,28,1.6316768597692237,1.5,8.778457317948247,8.778457317948247
120.0,curved_S2a20,jitter,30.0,29,2.1910043664958474,1.5,46.06695776638983,46.06695776638983
120.0,curved_S2a20,jitter,30.0,30,2.8284271247461934,1.5,88.5618083164129,88.5618083164129
120.0,curved_S2a20,jitter,78.5,1,1.9338378061219523,1.5,28.922520408130154,28.922520408130154
120.0,curved_S2a20,jitter,78.5,2,3.367175148507344,1.5,124.47834323382293,124.47834323382293
120.0,curved_S2a20,jitter,78.5,3,2.0263419896361214,1.5,35.08946597574143,35.08946597574143
120.0,curved_S2a20,jitter,78.5,4,1.6812981521051622,1.5,12.08654347367748,12.08654347367748
120.0,curved_S2a20,jitter,78.5,5,1.6677995078598615,1.5,11.186633857324102,11.186633857324102
120.0,curved_S2a20,jitter,78.5,6,4.2998477942903435,1.5,186.65651961935623,186.65651961935623
120.0,curved_S2a20,jitter,78.5,7,2.054442568697214,1.5,36.96283791314761,36.96283791314761
120.0,curved_S2a20,jitter,78.5,8,2.064629084507255,1.5,37.64193896715034,37.64193896715034
120.0,curved_S2a20,jitter,78.5,9,2.6261286571944447,1.5,75.07524381296298,75.07524381296298
120.0,curved_S2a20,jitter,78.5,10,3.400434183481846,1.5,126.69561223212307,126.69561223212307
120.0,curved_S2a20,jitter,78.5,11,3.4677126745859854,1.5,131.18084497239903,131.18084497239903
120.0,curved_S2a20,jitter,78.5,12,3.0862352012861214,1.5,105.74901341907477,105.74901341907477
120.0,curved_S2a20,jitter,78.5,13,1.8886758459928883,1.5,25.911723066192554,25.911723066192554
120.0,curved_S2a20,jitter,78.5,14,2.5427161214477483,1.5,69.51440809651656,69.51440809651656
120.0,curved_S2a20,jitter,78.5,15,1.5421158465515785,1.5,2.807723103438568,2.807723103438568
120.0,curved_S2a20,jitter,78.5,16,2.167461119345902,1.5,44.49740795639346,44.49740795639346
120.0,curved_S2a20,jitter,78.5,17,2.0810764446485837,1.5,38.73842964323891,38.73842964323891
120.0,curved_S2a20,jitter,78.5,18,3.7038216789315634,1.5,146.9214452621042,146.9214452621042
120.0,curved_S2a20,jitter,78.5,19,2.380277794628904,1.5,58.68518630859359,58.68518630859359
120.0,curved_S2a20,jitter,78.5,20,2.896422231817464,1.5,93.09481545449762,93.09481545449762
120.0,curved_S2a20,jitter,78.5,21,2.4779852148975197,1.5,65.19901432650131,65.19901432650131
120.0,curved_S2a20,jitter,78.5,22,2.8532009581332565,1.5,90.21339720888376,90.21339720888376
120.0,curved_S2a20,jitter,78.5,23,2.516881537140479,1.5,67.79210247603193,67.79210247603193
120.0,curved_S2a20,jitter,78.5,24,3.0102220083806883,1.5,100.68146722537922,100.68146722537922
120.0,curved_S2a20,jitter,78.5,25,2.4709849764039094,1.5,64.73233176026062,64.73233176026062
120.0,curved_S2a20,jitter,78.5,26,3.1459895398689675,1.5,109.7326359912645,109.7326359912645
120.0,curved_S2a20,jitter,78.5,27,2.596325552317177,1.5,73.08837015447848,73.08837015447848
120.0,curved_S2a20,jitter,78.5,28,3.246137365805989,1.5,116.40915772039928,116.40915772039928
120.0,curved_S2a20,jitter,78.5,29,2.5641025641025634,1.5,70.9401709401709,70.9401709401709
120.0,curved_S2a20,jitter,78.5,30,2.496534994869765,1.5,66.43566632465098,66.43566632465098
400.0,straight_S1,uniform,0.0,1,1.498558331075938,1.5,-0.09611126160412967,-0.09611126160412967
400.0,straight_S1,uniform,0.0,2,1.498558331075938,1.5,-0.09611126160412967,-0.09611126160412967
400.0,straight_S1,uniform,0.0,3,1.498558331075938,1.5,-0.09611126160412967,-0.09611126160412967
400.0,straight_S1,uniform,0.0,4,1.498558331075938,1.5,-0.09611126160412967,-0.09611126160412967
400.0,straight_S1,uniform,0.0,5,1.498558331075938,1.5,-0.09611126160412967,-0.09611126160412967
400.0,straight_S1,uniform,0.0,6,1.498558331075938,1.5,-0.09611126160412967,-0.09611126160412967
400.0,straight_S1,uniform,0.0,7,1.498558331075938,1.5,-0.09611126160412967,-0.09611126160412967
400.0,straight_S1,uniform,0.0,8,1.498558331075938,1.5,-0.09611126160412967,-0.09611126160412967
400.0,straight_S1,uniform,0.0,9,1.498558331075938,1.5,-0.09611126160412967,-0.09611126160412967
400.0,straight_S1,uniform,0.0,10,1.498558331075938,1.5,-0.09611126160412967,-0.09611126160412967
400.0,straight_S1,uniform,0.0,11,1.498558331075938,1.5,-0.09611126160412967,-0.09611126160412967
400.0,straight_S1,uniform,0.0,12,1.498558331075938,1.5,-0.09611126160412967,-0.09611126160412967
400.0,straight_S1,uniform,0.0,13,1.498558331075938,1.5,-0.09611126160412967,-0.09611126160412967
400.0,straight_S1,uniform,0.0,14,1.498558331075938,1.5,-0.09611126160412967,-0.09611126160412967
400.0,straight_S1,uniform,0.0,15,1.498558331075938,1.5,-0.09611126160412967,-0.09611126160412967
400.0,straight_S1,uniform,0.0,16,1.498558331075938,1.5,-0.09611126160412967,-0.09611126160412967
400.0,straight_S1,uniform,0.0,17,1.498558331075938,1.5,-0.09611126160412967,-0.09611126160412967
400.0,straight_S1,uniform,0.0,18,1.498558331075938,1.5,-0.09611126160412967,-0.09611126160412967
400.0,straight_S1,uniform,0.0,19,1.498558331075938,1.5,-0.09611126160412967,-0.09611126160412967
400.0,straight_S1,uniform,0.0,20,1.498558331075938,1.5,-0.09611126160412967,-0.09611126160412967
400.0,straight_S1,uniform,0.0,21,1.498558331075938,1.5,-0.09611126160412967,-0.09611126160412967
400.0,straight_S1,uniform,0.0,22,1.498558331075938,1.5,-0.09611126160412967,-0.09611126160412967
400.0,straight_S1,uniform,0.0,23,1.498558331075938,1.5,-0.09611126160412967,-0.09611126160412967
400.0,straight_S1,uniform,0.0,24,1.498558331075938,1.5,-0.09611126160412967,-0.09611126160412967
400.0,straight_S1,uniform,0.0,25,1.498558331075938,1.5,-0.09611126160412967,-0.09611126160412967
400.0,straight_S1,uniform,0.0,26,1.498558331075938,1.5,-0.09611126160412967,-0.09611126160412967
400.0,straight_S1,uniform,0.0,27,1.498558331075938,1.5,-0.09611126160412967,-0.09611126160412967
400.0,straight_S1,uniform,0.0,28,1.498558331075938,1.5,-0.09611126160412967,-0.09611126160412967
400.0,straight_S1,uniform,0.0,29,1.498558331075938,1.5,-0.09611126160412967,-0.09611126160412967
400.0,straight_S1,uniform,0.0,30,1.498558331075938,1.5,-0.09611126160412967,-0.09611126160412967
400.0,straight_S1,uniform,2.0,1,1.5150742253044898,1.5,1.004948353632651,1.004948353632651
400.0,straight_S1,uniform,2.0,2,1.5150742253044898,1.5,1.004948353632651,1.004948353632651
400.0,straight_S1,uniform,2.0,3,1.5150742253044898,1.5,1.004948353632651,1.004948353632651
400.0,straight_S1,uniform,2.0,4,1.5150742253044898,1.5,1.004948353632651,1.004948353632651
400.0,straight_S1,uniform,2.0,5,1.5150742253044898,1.5,1.004948353632651,1.004948353632651
400.0,straight_S1,uniform,2.0,6,1.5150742253044898,1.5,1.004948353632651,1.004948353632651
400.0,straight_S1,uniform,2.0,7,1.5150742253044898,1.5,1.004948353632651,1.004948353632651
400.0,straight_S1,uniform,2.0,8,1.5150742253044898,1.5,1.004948353632651,1.004948353632651
400.0,straight_S1,uniform,2.0,9,1.5150742253044898,1.5,1.004948353632651,1.004948353632651
400.0,straight_S1,uniform,2.0,10,1.5150742253044898,1.5,1.004948353632651,1.004948353632651
400.0,straight_S1,uniform,2.0,11,1.5150742253044898,1.5,1.004948353632651,1.004948353632651
400.0,straight_S1,uniform,2.0,12,1.5150742253044898,1.5,1.004948353632651,1.004948353632651
400.0,straight_S1,uniform,2.0,13,1.5150742253044898,1.5,1.004948353632651,1.004948353632651
400.0,straight_S1,uniform,2.0,14,1.5150742253044898,1.5,1.004948353632651,1.004948353632651
400.0,straight_S1,uniform,2.0,15,1.5150742253044898,1.5,1.004948353632651,1.004948353632651
400.0,straight_S1,uniform,2.0,16,1.5150742253044898,1.5,1.004948353632651,1.004948353632651
400.0,straight_S1,uniform,2.0,17,1.5150742253044898,1.5,1.004948353632651,1.004948353632651
400.0,straight_S1,uniform,2.0,18,1.5150742253044898,1.5,1.004948353632651,1.004948353632651
400.0,straight_S1,uniform,2.0,19,1.5150742253044898,1.5,1.004948353632651,1.004948353632651
400.0,straight_S1,uniform,2.0,20,1.5150742253044898,1.5,1.004948353632651,1.004948353632651
400.0,straight_S1,uniform,2.0,21,1.5150742253044898,1.5,1.004948353632651,1.004948353632651
400.0,straight_S1,uniform,2.0,22,1.5150742253044898,1.5,1.004948353632651,1.004948353632651
400.0,straight_S1,uniform,2.0,23,1.5150742253044898,1.5,1.004948353632651,1.004948353632651
400.0,straight_S1,uniform,2.0,24,1.5150742253044898,1.5,1.004948353632651,1.004948353632651
400.0,straight_S1,uniform,2.0,25,1.5150742253044898,1.5,1.004948353632651,1.004948353632651
400.0,straight_S1,uniform,2.0,26,1.5150742253044898,1.5,1.004948353632651,1.004948353632651
400.0,straight_S1,uniform,2.0,27,1.5150742253044898,1.5,1.004948353632651,1.004948353632651
400.0,straight_S1,uniform,2.0,28,1.5150742253044898,1.5,1.004948353632651,1.004948353632651
400.0,straight_S1,uniform,2.0,29,1.5150742253044898,1.5,1.004948353632651,1.004948353632651
400.0,straight_S1,uniform,2.0,30,1.5150742253044898,1.5,1.004948353632651,1.004948353632651
400.0,straight_S1,uniform,5.0,1,1.5325523015172795,1.5,2.1701534344853,2.1701534344853
400.0,straight_S1,uniform,5.0,2,1.5325523015172795,1.5,2.1701534344853,2.1701534344853
400.0,straight_S1,uniform,5.0,3,1.5325523015172795,1.5,2.1701534344853,2.1701534344853
400.0,straight_S1,uniform,5.0,4,1.5325523015172795,1.5,2.1701534344853,2.1701534344853
400.0,straight_S1,uniform,5.0,5,1.5325523015172795,1.5,2.1701534344853,2.1701534344853
400.0,straight_S1,uniform,5.0,6,1.5325523015172795,1.5,2.1701534344853,2.1701534344853
400.0,straight_S1,uniform,5.0,7,1.5325523015172795,1.5,2.1701534344853,2.1701534344853
400.0,straight_S1,uniform,5.0,8,1.5325523015172795,1.5,2.1701534344853,2.1701534344853
400.0,straight_S1,uniform,5.0,9,1.5325523015172795,1.5,2.1701534344853,2.1701534344853
400.0,straight_S1,uniform,5.0,10,1.5325523015172795,1.5,2.1701534344853,2.1701534344853
400.0,straight_S1,uniform,5.0,11,1.5325523015172795,1.5,2.1701534344853,2.1701534344853
400.0,straight_S1,uniform,5.0,12,1.5325523015172795,1.5,2.1701534344853,2.1701534344853
400.0,straight_S1,uniform,5.0,13,1.5325523015172795,1.5,2.1701534344853,2.1701534344853
400.0,straight_S1,uniform,5.0,14,1.5325523015172795,1.5,2.1701534344853,2.1701534344853
400.0,straight_S1,uniform,5.0,15,1.5325523015172795,1.5,2.1701534344853,2.1701534344853
400.0,straight_S1,uniform,5.0,16,1.5325523015172795,1.5,2.1701534344853,2.1701534344853
400.0,straight_S1,uniform,5.0,17,1.5325523015172795,1.5,2.1701534344853,2.1701534344853
400.0,straight_S1,uniform,5.0,18,1.5325523015172795,1.5,2.1701534344853,2.1701534344853
400.0,straight_S1,uniform,5.0,19,1.5325523015172795,1.5,2.1701534344853,2.1701534344853
400.0,straight_S1,uniform,5.0,20,1.5325523015172795,1.5,2.1701534344853,2.1701534344853
400.0,straight_S1,uniform,5.0,21,1.5325523015172795,1.5,2.1701534344853,2.1701534344853
400.0,straight_S1,uniform,5.0,22,1.5325523015172795,1.5,2.1701534344853,2.1701534344853
400.0,straight_S1,uniform,5.0,23,1.5325523015172795,1.5,2.1701534344853,2.1701534344853
400.0,straight_S1,uniform,5.0,24,1.5325523015172795,1.5,2.1701534344853,2.1701534344853
400.0,straight_S1,uniform,5.0,25,1.5325523015172795,1.5,2.1701534344853,2.1701534344853
400.0,straight_S1,uniform,5.0,26,1.5325523015172795,1.5,2.1701534344853,2.1701534344853
400.0,straight_S1,uniform,5.0,27,1.5325523015172795,1.5,2.1701534344853,2.1701534344853
400.0,straight_S1,uniform,5.0,28,1.5325523015172795,1.5,2.1701534344853,2.1701534344853
400.0,straight_S1,uniform,5.0,29,1.5325523015172795,1.5,2.1701534344853,2.1701534344853
400.0,straight_S1,uniform,5.0,30,1.5325523015172795,1.5,2.1701534344853,2.1701534344853
400.0,straight_S1,uniform,10.0,1,1.5182917289142586,1.5,1.2194485942839042,1.2194485942839042
400.0,straight_S1,uniform,10.0,2,1.5182917289142586,1.5,1.2194485942839042,1.2194485942839042
400.0,straight_S1,uniform,10.0,3,1.5182917289142586,1.5,1.2194485942839042,1.2194485942839042
400.0,straight_S1,uniform,10.0,4,1.5182917289142586,1.5,1.2194485942839042,1.2194485942839042
400.0,straight_S1,uniform,10.0,5,1.5182917289142586,1.5,1.2194485942839042,1.2194485942839042
400.0,straight_S1,uniform,10.0,6,1.5182917289142586,1.5,1.2194485942839042,1.2194485942839042
400.0,straight_S1,uniform,10.0,7,1.5182917289142586,1.5,1.2194485942839042,1.2194485942839042
400.0,straight_S1,uniform,10.0,8,1.5182917289142586,1.5,1.2194485942839042,1.2194485942839042
400.0,straight_S1,uniform,10.0,9,1.5182917289142586,1.5,1.2194485942839042,1.2194485942839042
400.0,straight_S1,uniform,10.0,10,1.5182917289142586,1.5,1.2194485942839042,1.2194485942839042
400.0,straight_S1,uniform,10.0,11,1.5182917289142586,1.5,1.2194485942839042,1.2194485942839042
400.0,straight_S1,uniform,10.0,12,1.5182917289142586,1.5,1.2194485942839042,1.2194485942839042
400.0,straight_S1,uniform,10.0,13,1.5182917289142586,1.5,1.2194485942839042,1.2194485942839042
400.0,straight_S1,uniform,10.0,14,1.5182917289142586,1.5,1.2194485942839042,1.2194485942839042
400.0,straight_S1,uniform,10.0,15,1.5182917289142586,1.5,1.2194485942839042,1.2194485942839042
400.0,straight_S1,uniform,10.0,16,1.5182917289142586,1.5,1.2194485942839042,1.2194485942839042
400.0,straight_S1,uniform,10.0,17,1.5182917289142586,1.5,1.2194485942839042,1.2194485942839042
400.0,straight_S1,uniform,10.0,18,1.5182917289142586,1.5,1.2194485942839042,1.2194485942839042
400.0,straight_S1,uniform,10.0,19,1.5182917289142586,1.5,1.2194485942839042,1.2194485942839042
400.0,straight_S1,uniform,10.0,20,1.5182917289142586,1.5,1.2194485942839042,1.2194485942839042
400.0,straight_S1,uniform,10.0,21,1.5182917289142586,1.5,1.2194485942839042,1.2194485942839042
400.0,straight_S1,uniform,10.0,22,1.5182917289142586,1.5,1.2194485942839042,1.2194485942839042
400.0,straight_S1,uniform,10.0,23,1.5182917289142586,1.5,1.2194485942839042,1.2194485942839042
400.0,straight_S1,uniform,10.0,24,1.5182917289142586,1.5,1.2194485942839042,1.2194485942839042
400.0,straight_S1,uniform,10.0,25,1.5182917289142586,1.5,1.2194485942839042,1.2194485942839042
400.0,straight_S1,uniform,10.0,26,1.5182917289142586,1.5,1.2194485942839042,1.2194485942839042
400.0,straight_S1,uniform,10.0,27,1.5182917289142586,1.5,1.2194485942839042,1.2194485942839042
400.0,straight_S1,uniform,10.0,28,1.5182917289142586,1.5,1.2194485942839042,1.2194485942839042
400.0,straight_S1,uniform,10.0,29,1.5182917289142586,1.5,1.2194485942839042,1.2194485942839042
400.0,straight_S1,uniform,10.0,30,1.5182917289142586,1.5,1.2194485942839042,1.2194485942839042
400.0,straight_S1,uniform,11.0,1,1.5182917289142566,1.5,1.219448594283771,1.219448594283771
400.0,straight_S1,uniform,11.0,2,1.5182917289142566,1.5,1.219448594283771,1.219448594283771
400.0,straight_S1,uniform,11.0,3,1.5182917289142566,1.5,1.219448594283771,1.219448594283771
400.0,straight_S1,uniform,11.0,4,1.5182917289142566,1.5,1.219448594283771,1.219448594283771
400.0,straight_S1,uniform,11.0,5,1.5182917289142566,1.5,1.219448594283771,1.219448594283771
400.0,straight_S1,uniform,11.0,6,1.5182917289142566,1.5,1.219448594283771,1.219448594283771
400.0,straight_S1,uniform,11.0,7,1.5182917289142566,1.5,1.219448594283771,1.219448594283771
400.0,straight_S1,uniform,11.0,8,1.5182917289142566,1.5,1.219448594283771,1.219448594283771
400.0,straight_S1,uniform,11.0,9,1.5182917289142566,1.5,1.219448594283771,1.219448594283771
400.0,straight_S1,uniform,11.0,10,1.5182917289142566,1.5,1.219448594283771,1.219448594283771
400.0,straight_S1,uniform,11.0,11,1.5182917289142566,1.5,1.219448594283771,1.219448594283771
400.0,straight_S1,uniform,11.0,12,1.5182917289142566,1.5,1.219448594283771,1.219448594283771
400.0,straight_S1,uniform,11.0,13,1.5182917289142566,1.5,1.219448594283771,1.219448594283771
400.0,straight_S1,uniform,11.0,14,1.5182917289142566,1.5,1.219448594283771,1.219448594283771
400.0,straight_S1,uniform,11.0,15,1.5182917289142566,1.5,1.219448594283771,1.219448594283771
400.0,straight_S1,uniform,11.0,16,1.5182917289142566,1.5,1.219448594283771,1.219448594283771
400.0,straight_S1,uniform,11.0,17,1.5182917289142566,1.5,1.219448594283771,1.219448594283771
400.0,straight_S1,uniform,11.0,18,1.5182917289142566,1.5,1.219448594283771,1.219448594283771
400.0,straight_S1,uniform,11.0,19,1.5182917289142566,1.5,1.219448594283771,1.219448594283771
400.0,straight_S1,uniform,11.0,20,1.5182917289142566,1.5,1.219448594283771,1.219448594283771
400.0,straight_S1,uniform,11.0,21,1.5182917289142566,1.5,1.219448594283771,1.219448594283771
400.0,straight_S1,uniform,11.0,22,1.5182917289142566,1.5,1.219448594283771,1.219448594283771
400.0,straight_S1,uniform,11.0,23,1.5182917289142566,1.5,1.219448594283771,1.219448594283771
400.0,straight_S1,uniform,11.0,24,1.5182917289142566,1.5,1.219448594283771,1.219448594283771
400.0,straight_S1,uniform,11.0,25,1.5182917289142566,1.5,1.219448594283771,1.219448594283771
400.0,straight_S1,uniform,11.0,26,1.5182917289142566,1.5,1.219448594283771,1.219448594283771
400.0,straight_S1,uniform,11.0,27,1.5182917289142566,1.5,1.219448594283771,1.219448594283771
400.0,straight_S1,uniform,11.0,28,1.5182917289142566,1.5,1.219448594283771,1.219448594283771
400.0,straight_S1,uniform,11.0,29,1.5182917289142566,1.5,1.219448594283771,1.219448594283771
400.0,straight_S1,uniform,11.0,30,1.5182917289142566,1.5,1.219448594283771,1.219448594283771
400.0,straight_S1,uniform,20.0,1,1.5342007428954665,1.5,2.280049526364432,2.280049526364432
400.0,straight_S1,uniform,20.0,2,1.5342007428954665,1.5,2.280049526364432,2.280049526364432
400.0,straight_S1,uniform,20.0,3,1.5342007428954665,1.5,2.280049526364432,2.280049526364432
400.0,straight_S1,uniform,20.0,4,1.5342007428954665,1.5,2.280049526364432,2.280049526364432
400.0,straight_S1,uniform,20.0,5,1.5342007428954665,1.5,2.280049526364432,2.280049526364432
400.0,straight_S1,uniform,20.0,6,1.5342007428954665,1.5,2.280049526364432,2.280049526364432
400.0,straight_S1,uniform,20.0,7,1.5342007428954665,1.5,2.280049526364432,2.280049526364432
400.0,straight_S1,uniform,20.0,8,1.5342007428954665,1.5,2.280049526364432,2.280049526364432
400.0,straight_S1,uniform,20.0,9,1.5342007428954665,1.5,2.280049526364432,2.280049526364432
400.0,straight_S1,uniform,20.0,10,1.5342007428954665,1.5,2.280049526364432,2.280049526364432
400.0,straight_S1,uniform,20.0,11,1.5342007428954665,1.5,2.280049526364432,2.280049526364432
400.0,straight_S1,uniform,20.0,12,1.5342007428954665,1.5,2.280049526364432,2.280049526364432
400.0,straight_S1,uniform,20.0,13,1.5342007428954665,1.5,2.280049526364432,2.280049526364432
400.0,straight_S1,uniform,20.0,14,1.5342007428954665,1.5,2.280049526364432,2.280049526364432
400.0,straight_S1,uniform,20.0,15,1.5342007428954665,1.5,2.280049526364432,2.280049526364432
400.0,straight_S1,uniform,20.0,16,1.5342007428954665,1.5,2.280049526364432,2.280049526364432
400.0,straight_S1,uniform,20.0,17,1.5342007428954665,1.5,2.280049526364432,2.280049526364432
400.0,straight_S1,uniform,20.0,18,1.5342007428954665,1.5,2.280049526364432,2.280049526364432
400.0,straight_S1,uniform,20.0,19,1.5342007428954665,1.5,2.280049526364432,2.280049526364432
400.0,straight_S1,uniform,20.0,20,1.5342007428954665,1.5,2.280049526364432,2.280049526364432
400.0,straight_S1,uniform,20.0,21,1.5342007428954665,1.5,2.280049526364432,2.280049526364432
400.0,straight_S1,uniform,20.0,22,1.5342007428954665,1.5,2.280049526364432,2.280049526364432
400.0,straight_S1,uniform,20.0,23,1.5342007428954665,1.5,2.280049526364432,2.280049526364432
400.0,straight_S1,uniform,20.0,24,1.5342007428954665,1.5,2.280049526364432,2.280049526364432
400.0,straight_S1,uniform,20.0,25,1.5342007428954665,1.5,2.280049526364432,2.280049526364432
400.0,straight_S1,uniform,20.0,26,1.5342007428954665,1.5,2.280049526364432,2.280049526364432
400.0,straight_S1,uniform,20.0,27,1.5342007428954665,1.5,2.280049526364432,2.280049526364432
400.0,straight_S1,uniform,20.0,28,1.5342007428954665,1.5,2.280049526364432,2.280049526364432
400.0,straight_S1,uniform,20.0,29,1.5342007428954665,1.5,2.280049526364432,2.280049526364432
400.0,straight_S1,uniform,20.0,30,1.5342007428954665,1.5,2.280049526364432,2.280049526364432
400.0,straight_S1,uniform,30.0,1,1.5325523015172788,1.5,2.1701534344852558,2.1701534344852558
400.0,straight_S1,uniform,30.0,2,1.5325523015172788,1.5,2.1701534344852558,2.1701534344852558
400.0,straight_S1,uniform,30.0,3,1.5325523015172788,1.5,2.1701534344852558,2.1701534344852558
400.0,straight_S1,uniform,30.0,4,1.5325523015172788,1.5,2.1701534344852558,2.1701534344852558
400.0,straight_S1,uniform,30.0,5,1.5325523015172788,1.5,2.1701534344852558,2.1701534344852558
400.0,straight_S1,uniform,30.0,6,1.5325523015172788,1.5,2.1701534344852558,2.1701534344852558
400.0,straight_S1,uniform,30.0,7,1.5325523015172788,1.5,2.1701534344852558,2.1701534344852558
400.0,straight_S1,uniform,30.0,8,1.5325523015172788,1.5,2.1701534344852558,2.1701534344852558
400.0,straight_S1,uniform,30.0,9,1.5325523015172788,1.5,2.1701534344852558,2.1701534344852558
400.0,straight_S1,uniform,30.0,10,1.5325523015172788,1.5,2.1701534344852558,2.1701534344852558
400.0,straight_S1,uniform,30.0,11,1.5325523015172788,1.5,2.1701534344852558,2.1701534344852558
400.0,straight_S1,uniform,30.0,12,1.5325523015172788,1.5,2.1701534344852558,2.1701534344852558
400.0,straight_S1,uniform,30.0,13,1.5325523015172788,1.5,2.1701534344852558,2.1701534344852558
400.0,straight_S1,uniform,30.0,14,1.5325523015172788,1.5,2.1701534344852558,2.1701534344852558
400.0,straight_S1,uniform,30.0,15,1.5325523015172788,1.5,2.1701534344852558,2.1701534344852558
400.0,straight_S1,uniform,30.0,16,1.5325523015172788,1.5,2.1701534344852558,2.1701534344852558
400.0,straight_S1,uniform,30.0,17,1.5325523015172788,1.5,2.1701534344852558,2.1701534344852558
400.0,straight_S1,uniform,30.0,18,1.5325523015172788,1.5,2.1701534344852558,2.1701534344852558
400.0,straight_S1,uniform,30.0,19,1.5325523015172788,1.5,2.1701534344852558,2.1701534344852558
400.0,straight_S1,uniform,30.0,20,1.5325523015172788,1.5,2.1701534344852558,2.1701534344852558
400.0,straight_S1,uniform,30.0,21,1.5325523015172788,1.5,2.1701534344852558,2.1701534344852558
400.0,straight_S1,uniform,30.0,22,1.5325523015172788,1.5,2.1701534344852558,2.1701534344852558
400.0,straight_S1,uniform,30.0,23,1.5325523015172788,1.5,2.1701534344852558,2.1701534344852558
400.0,straight_S1,uniform,30.0,24,1.5325523015172788,1.5,2.1701534344852558,2.1701534344852558
400.0,straight_S1,uniform,30.0,25,1.5325523015172788,1.5,2.1701534344852558,2.1701534344852558
400.0,straight_S1,uniform,30.0,26,1.5325523015172788,1.5,2.1701534344852558,2.1701534344852558
400.0,straight_S1,uniform,30.0,27,1.5325523015172788,1.5,2.1701534344852558,2.1701534344852558
400.0,straight_S1,uniform,30.0,28,1.5325523015172788,1.5,2.1701534344852558,2.1701534344852558
400.0,straight_S1,uniform,30.0,29,1.5325523015172788,1.5,2.1701534344852558,2.1701534344852558
400.0,straight_S1,uniform,30.0,30,1.5325523015172788,1.5,2.1701534344852558,2.1701534344852558
400.0,straight_S1,uniform,50.0,1,1.5397740947573622,1.5,2.6516063171574773,2.6516063171574773
400.0,straight_S1,uniform,50.0,2,1.5397740947573622,1.5,2.6516063171574773,2.6516063171574773
400.0,straight_S1,uniform,50.0,3,1.5397740947573622,1.5,2.6516063171574773,2.6516063171574773
400.0,straight_S1,uniform,50.0,4,1.5397740947573622,1.5,2.6516063171574773,2.6516063171574773
400.0,straight_S1,uniform,50.0,5,1.5397740947573622,1.5,2.6516063171574773,2.6516063171574773
400.0,straight_S1,uniform,50.0,6,1.5397740947573622,1.5,2.6516063171574773,2.6516063171574773
400.0,straight_S1,uniform,50.0,7,1.5397740947573622,1.5,2.6516063171574773,2.6516063171574773
400.0,straight_S1,uniform,50.0,8,1.5397740947573622,1.5,2.6516063171574773,2.6516063171574773
400.0,straight_S1,uniform,50.0,9,1.5397740947573622,1.5,2.6516063171574773,2.6516063171574773
400.0,straight_S1,uniform,50.0,10,1.5397740947573622,1.5,2.6516063171574773,2.6516063171574773
400.0,straight_S1,uniform,50.0,11,1.5397740947573622,1.5,2.6516063171574773,2.6516063171574773
400.0,straight_S1,uniform,50.0,12,1.5397740947573622,1.5,2.6516063171574773,2.6516063171574773
400.0,straight_S1,uniform,50.0,13,1.5397740947573622,1.5,2.6516063171574773,2.6516063171574773
400.0,straight_S1,uniform,50.0,14,1.5397740947573622,1.5,2.6516063171574773,2.6516063171574773
400.0,straight_S1,uniform,50.0,15,1.5397740947573622,1.5,2.6516063171574773,2.6516063171574773
400.0,straight_S1,uniform,50.0,16,1.5397740947573622,1.5,2.6516063171574773,2.6516063171574773
400.0,straight_S1,uniform,50.0,17,1.5397740947573622,1.5,2.6516063171574773,2.6516063171574773
400.0,straight_S1,uniform,50.0,18,1.5397740947573622,1.5,2.6516063171574773,2.6516063171574773
400.0,straight_S1,uniform,50.0,19,1.5397740947573622,1.5,2.6516063171574773,2.6516063171574773
400.0,straight_S1,uniform,50.0,20,1.5397740947573622,1.5,2.6516063171574773,2.6516063171574773
400.0,straight_S1,uniform,50.0,21,1.5397740947573622,1.5,2.6516063171574773,2.6516063171574773
400.0,straight_S1,uniform,50.0,22,1.5397740947573622,1.5,2.6516063171574773,2.6516063171574773
400.0,straight_S1,uniform,50.0,23,1.5397740947573622,1.5,2.6516063171574773,2.6516063171574773
400.0,straight_S1,uniform,50.0,24,1.5397740947573622,1.5,2.6516063171574773,2.6516063171574773
400.0,straight_S1,uniform,50.0,25,1.5397740947573622,1.5,2.6516063171574773,2.6516063171574773
400.0,straight_S1,uniform,50.0,26,1.5397740947573622,1.5,2.6516063171574773,2.6516063171574773
400.0,straight_S1,uniform,50.0,27,1.5397740947573622,1.5,2.6516063171574773,2.6516063171574773
400.0,straight_S1,uniform,50.0,28,1.5397740947573622,1.5,2.6516063171574773,2.6516063171574773
400.0,straight_S1,uniform,50.0,29,1.5397740947573622,1.5,2.6516063171574773,2.6516063171574773
400.0,straight_S1,uniform,50.0,30,1.5397740947573622,1.5,2.6516063171574773,2.6516063171574773
400.0,straight_S1,uniform,78.5,1,1.5470578098827115,1.5,3.137187325514098,3.137187325514098
400.0,straight_S1,uniform,78.5,2,1.5470578098827115,1.5,3.137187325514098,3.137187325514098
400.0,straight_S1,uniform,78.5,3,1.5470578098827115,1.5,3.137187325514098,3.137187325514098
400.0,straight_S1,uniform,78.5,4,1.5470578098827115,1.5,3.137187325514098,3.137187325514098
400.0,straight_S1,uniform,78.5,5,1.5470578098827115,1.5,3.137187325514098,3.137187325514098
400.0,straight_S1,uniform,78.5,6,1.5470578098827115,1.5,3.137187325514098,3.137187325514098
400.0,straight_S1,uniform,78.5,7,1.5470578098827115,1.5,3.137187325514098,3.137187325514098
400.0,straight_S1,uniform,78.5,8,1.5470578098827115,1.5,3.137187325514098,3.137187325514098
400.0,straight_S1,uniform,78.5,9,1.5470578098827115,1.5,3.137187325514098,3.137187325514098
400.0,straight_S1,uniform,78.5,10,1.5470578098827115,1.5,3.137187325514098,3.137187325514098
400.0,straight_S1,uniform,78.5,11,1.5470578098827115,1.5,3.137187325514098,3.137187325514098
400.0,straight_S1,uniform,78.5,12,1.5470578098827115,1.5,3.137187325514098,3.137187325514098
400.0,straight_S1,uniform,78.5,13,1.5470578098827115,1.5,3.137187325514098,3.137187325514098
400.0,straight_S1,uniform,78.5,14,1.5470578098827115,1.5,3.137187325514098,3.137187325514098
400.0,straight_S1,uniform,78.5,15,1.5470578098827115,1.5,3.137187325514098,3.137187325514098
400.0,straight_S1,uniform,78.5,16,1.5470578098827115,1.5,3.137187325514098,3.137187325514098
400.0,straight_S1,uniform,78.5,17,1.5470578098827115,1.5,3.137187325514098,3.137187325514098
400.0,straight_S1,uniform,78.5,18,1.5470578098827115,1.5,3.137187325514098,3.137187325514098
400.0,straight_S1,uniform,78.5,19,1.5470578098827115,1.5,3.137187325514098,3.137187325514098
400.0,straight_S1,uniform,78.5,20,1.5470578098827115,1.5,3.137187325514098,3.137187325514098
400.0,straight_S1,uniform,78.5,21,1.5470578098827115,1.5,3.137187325514098,3.137187325514098
400.0,straight_S1,uniform,78.5,22,1.5470578098827115,1.5,3.137187325514098,3.137187325514098
400.0,straight_S1,uniform,78.5,23,1.5470578098827115,1.5,3.137187325514098,3.137187325514098
400.0,straight_S1,uniform,78.5,24,1.5470578098827115,1.5,3.137187325514098,3.137187325514098
400.0,straight_S1,uniform,78.5,25,1.5470578098827115,1.5,3.137187325514098,3.137187325514098
400.0,straight_S1,uniform,78.5,26,1.5470578098827115,1.5,3.137187325514098,3.137187325514098
400.0,straight_S1,uniform,78.5,27,1.5470578098827115,1.5,3.137187325514098,3.137187325514098
400.0,straight_S1,uniform,78.5,28,1.5470578098827115,1.5,3.137187325514098,3.137187325514098
400.0,straight_S1,uniform,78.5,29,1.5470578098827115,1.5,3.137187325514098,3.137187325514098
400.0,straight_S1,uniform,78.5,30,1.5470578098827115,1.5,3.137187325514098,3.137187325514098
400.0,straight_S1,uniform,100.0,1,1.5504341823651038,1.5,3.3622788243402515,3.3622788243402515
400.0,straight_S1,uniform,100.0,2,1.5504341823651038,1.5,3.3622788243402515,3.3622788243402515
400.0,straight_S1,uniform,100.0,3,1.5504341823651038,1.5,3.3622788243402515,3.3622788243402515
400.0,straight_S1,uniform,100.0,4,1.5504341823651038,1.5,3.3622788243402515,3.3622788243402515
400.0,straight_S1,uniform,100.0,5,1.5504341823651038,1.5,3.3622788243402515,3.3622788243402515
400.0,straight_S1,uniform,100.0,6,1.5504341823651038,1.5,3.3622788243402515,3.3622788243402515
400.0,straight_S1,uniform,100.0,7,1.5504341823651038,1.5,3.3622788243402515,3.3622788243402515
400.0,straight_S1,uniform,100.0,8,1.5504341823651038,1.5,3.3622788243402515,3.3622788243402515
400.0,straight_S1,uniform,100.0,9,1.5504341823651038,1.5,3.3622788243402515,3.3622788243402515
400.0,straight_S1,uniform,100.0,10,1.5504341823651038,1.5,3.3622788243402515,3.3622788243402515
400.0,straight_S1,uniform,100.0,11,1.5504341823651038,1.5,3.3622788243402515,3.3622788243402515
400.0,straight_S1,uniform,100.0,12,1.5504341823651038,1.5,3.3622788243402515,3.3622788243402515
400.0,straight_S1,uniform,100.0,13,1.5504341823651038,1.5,3.3622788243402515,3.3622788243402515
400.0,straight_S1,uniform,100.0,14,1.5504341823651038,1.5,3.3622788243402515,3.3622788243402515
400.0,straight_S1,uniform,100.0,15,1.5504341823651038,1.5,3.3622788243402515,3.3622788243402515
400.0,straight_S1,uniform,100.0,16,1.5504341823651038,1.5,3.3622788243402515,3.3622788243402515
400.0,straight_S1,uniform,100.0,17,1.5504341823651038,1.5,3.3622788243402515,3.3622788243402515
400.0,straight_S1,uniform,100.0,18,1.5504341823651038,1.5,3.3622788243402515,3.3622788243402515
400.0,straight_S1,uniform,100.0,19,1.5504341823651038,1.5,3.3622788243402515,3.3622788243402515
400.0,straight_S1,uniform,100.0,20,1.5504341823651038,1.5,3.3622788243402515,3.3622788243402515
400.0,straight_S1,uniform,100.0,21,1.5504341823651038,1.5,3.3622788243402515,3.3622788243402515
400.0,straight_S1,uniform,100.0,22,1.5504341823651038,1.5,3.3622788243402515,3.3622788243402515
400.0,straight_S1,uniform,100.0,23,1.5504341823651038,1.5,3.3622788243402515,3.3622788243402515
400.0,straight_S1,uniform,100.0,24,1.5504341823651038,1.5,3.3622788243402515,3.3622788243402515
400.0,straight_S1,uniform,100.0,25,1.5504341823651038,1.5,3.3622788243402515,3.3622788243402515
400.0,straight_S1,uniform,100.0,26,1.5504341823651038,1.5,3.3622788243402515,3.3622788243402515
400.0,straight_S1,uniform,100.0,27,1.5504341823651038,1.5,3.3622788243402515,3.3622788243402515
400.0,straight_S1,uniform,100.0,28,1.5504341823651038,1.5,3.3622788243402515,3.3622788243402515
400.0,straight_S1,uniform,100.0,29,1.5504341823651038,1.5,3.3622788243402515,3.3622788243402515
400.0,straight_S1,uniform,100.0,30,1.5504341823651038,1.5,3.3622788243402515,3.3622788243402515
400.0,straight_S1,jitter,11.0,1,1.692375375203254,1.5,12.825025013550265,12.825025013550265
400.0,straight_S1,jitter,11.0,2,1.7721794797636086,1.5,18.145298650907236,18.145298650907236
400.0,straight_S1,jitter,11.0,3,1.7408129958373222,1.5,16.054199722488146,16.054199722488146
400.0,straight_S1,jitter,11.0,4,1.4964129083767916,1.5,-0.23913944154722402,-0.23913944154722402
400.0,straight_S1,jitter,11.0,5,1.5431441900744978,1.5,2.8762793382998515,2.8762793382998515
400.0,straight_S1,jitter,11.0,6,1.5855755647151484,1.5,5.7050376476765585,5.7050376476765585
400.0,straight_S1,jitter,11.0,7,1.5030773283349572,1.5,0.20515522233048125,0.20515522233048125
400.0,straight_S1,jitter,11.0,8,1.4285742387877178,1.5,-4.761717414152145,-4.761717414152145
400.0,straight_S1,jitter,11.0,9,1.741304307502876,1.5,16.086953833525065,16.086953833525065
400.0,straight_S1,jitter,11.0,10,1.705343975079389,1.5,13.689598338625938,13.689598338625938
400.0,straight_S1,jitter,11.0,11,1.7282316758481675,1.5,15.2154450565445,15.2154450565445
400.0,straight_S1,jitter,11.0,12,1.6609177889464202,1.5,10.727852596428011,10.727852596428011
400.0,straight_S1,jitter,11.0,13,1.6299573247982408,1.5,8.663821653216058,8.663821653216058
400.0,straight_S1,jitter,11.0,14,1.6985788839624976,1.5,13.238592264166504,13.238592264166504
400.0,straight_S1,jitter,11.0,15,1.724778960324037,1.5,14.985264021602474,14.985264021602474
400.0,straight_S1,jitter,11.0,16,1.6824522148559156,1.5,12.16348099039437,12.16348099039437
400.0,straight_S1,jitter,11.0,17,1.5907495435531185,1.5,6.0499695702078995,6.0499695702078995
400.0,straight_S1,jitter,11.0,18,1.7021691510560415,1.5,13.4779434037361,13.4779434037361
400.0,straight_S1,jitter,11.0,19,1.6461270369483045,1.5,9.741802463220301,9.741802463220301
400.0,straight_S1,jitter,11.0,20,1.7909761546007448,1.5,19.39841030671632,19.39841030671632
400.0,straight_S1,jitter,11.0,21,1.5967108742040308,1.5,6.447391613602053,6.447391613602053
400.0,straight_S1,jitter,11.0,22,1.5910222997674994,1.5,6.0681533178332945,6.0681533178332945
400.0,straight_S1,jitter,11.0,23,1.7596037311837023,1.5,17.306915412246816,17.306915412246816
400.0,straight_S1,jitter,11.0,24,1.5484386998156152,1.5,3.229246654374348,3.229246654374348
400.0,straight_S1,jitter,11.0,25,1.7670772362259806,1.5,17.80514908173204,17.80514908173204
400.0,straight_S1,jitter,11.0,26,1.6124325588991841,1.5,7.495503926612275,7.495503926612275
400.0,straight_S1,jitter,11.0,27,1.5959707205005522,1.5,6.398048033370148,6.398048033370148
400.0,straight_S1,jitter,11.0,28,1.4612884328928413,1.5,-2.580771140477249,-2.580771140477249
400.0,straight_S1,jitter,11.0,29,1.6652537775687652,1.5,11.01691850458435,11.01691850458435
400.0,straight_S1,jitter,11.0,30,2.014148736276901,1.5,34.27658241846005,34.27658241846005
400.0,straight_S1,jitter,30.0,1,3.3317160196070743,1.5,122.11440130713828,122.11440130713828
400.0,straight_S1,jitter,30.0,2,2.0760810704485606,1.5,38.405404696570706,38.405404696570706
400.0,straight_S1,jitter,30.0,3,1.9620312309000587,1.5,30.802082060003915,30.802082060003915
400.0,straight_S1,jitter,30.0,4,1.4139308044851664,1.5,-5.737946367655574,-5.737946367655574
400.0,straight_S1,jitter,30.0,5,1.58468860414665,1.5,5.645906943109994,5.645906943109994
400.0,straight_S1,jitter,30.0,6,2.190539771691621,1.5,46.0359847794414,46.0359847794414
400.0,straight_S1,jitter,30.0,7,1.614593399097583,1.5,7.639559939838862,7.639559939838862
400.0,straight_S1,jitter,30.0,8,1.5783222848782528,1.5,5.2214856585501845,5.2214856585501845
400.0,straight_S1,jitter,30.0,9,2.2097926150471787,1.5,47.31950766981192,47.31950766981192
400.0,straight_S1,jitter,30.0,10,1.8902247021401646,1.5,26.01498014267764,26.01498014267764
400.0,straight_S1,jitter,30.0,11,2.0807859883061686,1.5,38.7190658870779,38.7190658870779
400.0,straight_S1,jitter,30.0,12,2.070819551659737,1.5,38.054636777315814,38.054636777315814
400.0,straight_S1,jitter,30.0,13,1.7400369970976497,1.5,16.002466473176646,16.002466473176646
400.0,straight_S1,jitter,30.0,14,1.7788138420548891,1.5,18.58758947032594,18.58758947032594
400.0,straight_S1,jitter,30.0,15,1.96634432715737,1.5,31.08962181049133,31.08962181049133
400.0,straight_S1,jitter,30.0,16,1.9838909301436007,1.5,32.259395342906714,32.259395342906714
400.0,straight_S1,jitter,30.0,17,1.8178540748278023,1.5,21.19027165518682,21.19027165518682
400.0,straight_S1,jitter,30.0,18,1.8447484430416192,1.5,22.98322953610795,22.98322953610795
400.0,straight_S1,jitter,30.0,19,2.6295251689184425,1.5,75.30167792789616,75.30167792789616
400.0,straight_S1,jitter,30.0,20,1.7730384976049778,1.5,18.20256650699852,18.20256650699852
400.0,straight_S1,jitter,30.0,21,2.108913924364483,1.5,40.594261624298866,40.594261624298866
400.0,straight_S1,jitter,30.0,22,1.6840318179861005,1.5,12.268787865740032,12.268787865740032
400.0,straight_S1,jitter,30.0,23,2.6893019862108662,1.5,79.2867990807244,79.2867990807244
400.0,straight_S1,jitter,30.0,24,2.1049807119688997,1.5,40.332047464593316,40.332047464593316
400.0,straight_S1,jitter,30.0,25,1.8998920835811668,1.5,26.659472238744453,26.659472238744453
400.0,straight_S1,jitter,30.0,26,1.7610383325423449,1.5,17.40255550282299,17.40255550282299
400.0,straight_S1,jitter,30.0,27,1.7150310539137195,1.5,14.335403594247964,14.335403594247964
400.0,straight_S1,jitter,30.0,28,1.3268198004088232,1.5,-11.545346639411786,-11.545346639411786
400.0,straight_S1,jitter,30.0,29,2.0575957460157293,1.5,37.173049734381955,37.173049734381955
400.0,straight_S1,jitter,30.0,30,3.241948146899476,1.5,116.12987645996506,116.12987645996506
400.0,straight_S1,jitter,78.5,1,1.4871930307696473,1.5,-0.8537979486901826,-0.8537979486901826
400.0,straight_S1,jitter,78.5,2,2.3596458909150386,1.5,57.30972606100258,57.30972606100258
400.0,straight_S1,jitter,78.5,3,2.171518394620251,1.5,44.7678929746834,44.7678929746834
400.0,straight_S1,jitter,78.5,4,1.840467146727429,1.5,22.697809781828596,22.697809781828596
400.0,straight_S1,jitter,78.5,5,1.7860525060024155,1.5,19.0701670668277,19.0701670668277
400.0,straight_S1,jitter,78.5,6,3.6058317399511526,1.5,140.38878266341018,140.38878266341018
400.0,straight_S1,jitter,78.5,7,1.4177180822827482,1.5,-5.48546118115012,-5.48546118115012
400.0,straight_S1,jitter,78.5,8,2.203564874576261,1.5,46.904324971750725,46.904324971750725
400.0,straight_S1,jitter,78.5,9,2.5080245827742194,1.5,67.20163885161462,67.20163885161462
400.0,straight_S1,jitter,78.5,10,3.1186060767046255,1.5,107.90707178030836,107.90707178030836
400.0,straight_S1,jitter,78.5,11,3.6939905580647805,1.5,146.2660372043187,146.2660372043187
400.0,straight_S1,jitter,78.5,12,4.075282348172417,1.5,171.68548987816112,171.68548987816112
400.0,straight_S1,jitter,78.5,13,1.9853789368843182,1.5,32.35859579228788,32.35859579228788
400.0,straight_S1,jitter,78.5,14,2.566710161681715,1.5,71.11401077878101,71.11401077878101
400.0,straight_S1,jitter,78.5,15,1.8016596425258666,1.5,20.110642835057778,20.110642835057778
400.0,straight_S1,jitter,78.5,16,2.5176035085469026,1.5,67.84023390312684,67.84023390312684
400.0,straight_S1,jitter,78.5,17,2.231320316112375,1.5,48.754687740825005,48.754687740825005
400.0,straight_S1,jitter,78.5,18,3.261050172447941,1.5,117.40334482986272,117.40334482986272
400.0,straight_S1,jitter,78.5,19,2.885549284123801,1.5,92.36995227492008,92.36995227492008
400.0,straight_S1,jitter,78.5,20,2.2396593653234476,1.5,49.310624354896504,49.310624354896504
400.0,straight_S1,jitter,78.5,21,2.708268547005562,1.5,80.55123646703747,80.55123646703747
400.0,straight_S1,jitter,78.5,22,2.3056978548523235,1.5,53.713190323488234,53.713190323488234
400.0,straight_S1,jitter,78.5,23,4.545744754684004,1.5,203.04965031226695,203.04965031226695
400.0,straight_S1,jitter,78.5,24,2.478223688134438,1.5,65.21491254229588,65.21491254229588
400.0,straight_S1,jitter,78.5,25,2.7079573271931796,1.5,80.5304884795453,80.5304884795453
400.0,straight_S1,jitter,78.5,26,3.93187440140508,1.5,162.124960093672,162.124960093672
400.0,straight_S1,jitter,78.5,27,2.2050714790287085,1.5,47.00476526858057,47.00476526858057
400.0,straight_S1,jitter,78.5,28,1.847455913912746,1.5,23.16372759418307,23.16372759418307
400.0,straight_S1,jitter,78.5,29,2.385445475083697,1.5,59.029698338913136,59.029698338913136
400.0,straight_S1,jitter,78.5,30,2.39998580394968,1.5,59.999053596645346,59.999053596645346
400.0,curved_S2a10,uniform,0.0,1,1.5730486023486592,1.5,4.869906823243944,4.869906823243944
400.0,curved_S2a10,uniform,0.0,2,1.7872644238793707,1.5,19.150961591958048,19.150961591958048
400.0,curved_S2a10,uniform,0.0,3,1.7019929505496652,1.5,13.46619670331101,13.46619670331101
400.0,curved_S2a10,uniform,0.0,4,1.836588675201514,1.5,22.43924501343426,22.43924501343426
400.0,curved_S2a10,uniform,0.0,5,1.4961449127887536,1.5,-0.25700581408309253,-0.25700581408309253
400.0,curved_S2a10,uniform,0.0,6,2.007239114759251,1.5,33.815940983950085,33.815940983950085
400.0,curved_S2a10,uniform,0.0,7,1.7052909956967146,1.5,13.686066379780973,13.686066379780973
400.0,curved_S2a10,uniform,0.0,8,1.6133229794181922,1.5,7.55486529454615,7.55486529454615
400.0,curved_S2a10,uniform,0.0,9,2.032117967666794,1.5,35.474531177786275,35.474531177786275
400.0,curved_S2a10,uniform,0.0,10,1.6737850579550113,1.5,11.585670530334086,11.585670530334086
400.0,curved_S2a10,uniform,0.0,11,1.8004141428847737,1.5,20.02760952565158,20.02760952565158
400.0,curved_S2a10,uniform,0.0,12,1.6885368523711626,1.5,12.569123491410839,12.569123491410839
400.0,curved_S2a10,uniform,0.0,13,1.7515376370422149,1.5,16.769175802814328,16.769175802814328
400.0,curved_S2a10,uniform,0.0,14,1.8191425925494111,1.5,21.276172836627406,21.276172836627406
400.0,curved_S2a10,uniform,0.0,15,1.6950574632130286,1.5,13.003830880868575,13.003830880868575
400.0,curved_S2a10,uniform,0.0,16,1.6782879963576594,1.5,11.885866423843956,11.885866423843956
400.0,curved_S2a10,uniform,0.0,17,1.6686958293742775,1.5,11.246388624951836,11.246388624951836
400.0,curved_S2a10,uniform,0.0,18,1.7709963544809333,1.5,18.06642363206222,18.06642363206222
400.0,curved_S2a10,uniform,0.0,19,1.6939422832878555,1.5,12.929485552523698,12.929485552523698
400.0,curved_S2a10,uniform,0.0,20,1.723336102585618,1.5,14.889073505707865,14.889073505707865
400.0,curved_S2a10,uniform,0.0,21,1.5458886689523659,1.5,3.0592445968243913,3.0592445968243913
400.0,curved_S2a10,uniform,0.0,22,1.6891993645518177,1.5,12.613290970121183,12.613290970121183
400.0,curved_S2a10,uniform,0.0,23,1.9996001199600146,1.5,33.30667466400097,33.30667466400097
400.0,curved_S2a10,uniform,0.0,24,1.6681243380812987,1.5,11.208289205419913,11.208289205419913
400.0,curved_S2a10,uniform,0.0,25,1.8914292613671937,1.5,26.095284091146247,26.095284091146247
400.0,curved_S2a10,uniform,0.0,26,1.8724919188088143,1.5,24.832794587254284,24.832794587254284
400.0,curved_S2a10,uniform,0.0,27,1.7656041863582683,1.5,17.706945757217888,17.706945757217888
400.0,curved_S2a10,uniform,0.0,28,1.7219461834405898,1.5,14.796412229372654,14.796412229372654
400.0,curved_S2a10,uniform,0.0,29,1.5880742281477191,1.5,5.871615209847944,5.871615209847944
400.0,curved_S2a10,uniform,0.0,30,1.881879598595209,1.5,25.45863990634727,25.45863990634727
400.0,curved_S2a10,uniform,2.0,1,1.4857448768761172,1.5,-0.9503415415921849,-0.9503415415921849
400.0,curved_S2a10,uniform,2.0,2,1.7514483732399566,1.5,16.763224882663774,16.763224882663774
400.0,curved_S2a10,uniform,2.0,3,1.6813584138041564,1.5,12.090560920277094,12.090560920277094
400.0,curved_S2a10,uniform,2.0,4,1.7849357911576529,1.5,18.99571941051019,18.99571941051019
400.0,curved_S2a10,uniform,2.0,5,1.5339299776947417,1.5,2.261998512982781,2.261998512982781
400.0,curved_S2a10,uniform,2.0,6,1.8906853747782282,1.5,26.04569165188188,26.04569165188188
400.0,curved_S2a10,uniform,2.0,7,1.7157601321618905,1.5,14.3840088107927,14.3840088107927
400.0,curved_S2a10,uniform,2.0,8,1.6564602657114706,1.5,10.43068438076471,10.43068438076471
400.0,curved_S2a10,uniform,2.0,9,1.992225682076745,1.5,32.815045471783,32.815045471783
400.0,curved_S2a10,uniform,2.0,10,1.6735376271029054,1.5,11.569175140193694,11.569175140193694
400.0,curved_S2a10,uniform,2.0,11,1.8211259272830704,1.5,21.408395152204697,21.408395152204697
400.0,curved_S2a10,uniform,2.0,12,1.6710491178919895,1.5,11.403274526132634,11.403274526132634
400.0,curved_S2a10,uniform,2.0,13,1.7671651148322345,1.5,17.8110076554823,17.8110076554823
400.0,curved_S2a10,uniform,2.0,14,1.7922589247633196,1.5,19.483928317554643,19.483928317554643
400.0,curved_S2a10,uniform,2.0,15,1.7192013722345272,1.5,14.613424815635145,14.613424815635145
400.0,curved_S2a10,uniform,2.0,16,1.6667586999883932,1.5,11.117246665892882,11.117246665892882
400.0,curved_S2a10,uniform,2.0,17,1.6431887054655407,1.5,9.545913697702717,9.545913697702717
400.0,curved_S2a10,uniform,2.0,18,1.7548715459544442,1.5,16.991436396962946,16.991436396962946
400.0,curved_S2a10,uniform,2.0,19,1.6518211042472357,1.5,10.121406949815714,10.121406949815714
400.0,curved_S2a10,uniform,2.0,20,1.705171742356517,1.5,13.678116157101128,13.678116157101128
400.0,curved_S2a10,uniform,2.0,21,1.5689290811054728,1.5,4.595272073698187,4.595272073698187
400.0,curved_S2a10,uniform,2.0,22,1.6651327785690786,1.5,11.008851904605239,11.008851904605239
400.0,curved_S2a10,uniform,2.0,23,1.910479274124119,1.5,27.365284941607932,27.365284941607932
400.0,curved_S2a10,uniform,2.0,24,1.62242593794636,1.5,8.161729196423995,8.161729196423995
400.0,curved_S2a10,uniform,2.0,25,1.8314895444498054,1.5,22.09930296332036,22.09930296332036
400.0,curved_S2a10,uniform,2.0,26,1.7634766062239113,1.5,17.56510708159409,17.56510708159409
400.0,curved_S2a10,uniform,2.0,27,1.7550882067082705,1.5,17.005880447218033,17.005880447218033
400.0,curved_S2a10,uniform,2.0,28,1.683930671896457,1.5,12.262044793097138,12.262044793097138
400.0,curved_S2a10,uniform,2.0,29,1.5618222727939677,1.5,4.121484852931179,4.121484852931179
400.0,curved_S2a10,uniform,2.0,30,1.874279582414831,1.5,24.951972160988735,24.951972160988735
400.0,curved_S2a10,uniform,5.0,1,1.5827905750047713,1.5,5.5193716669847515,5.5193716669847515
400.0,curved_S2a10,uniform,5.0,2,1.58786389141029,1.5,5.857592760686003,5.857592760686003
400.0,curved_S2a10,uniform,5.0,3,1.6946718543287687,1.5,12.978123621917911,12.978123621917911
400.0,curved_S2a10,uniform,5.0,4,1.6915944758070964,1.5,12.772965053806429,12.772965053806429
400.0,curved_S2a10,uniform,5.0,5,1.6680799849917805,1.5,11.205332332785362,11.205332332785362
400.0,curved_S2a10,uniform,5.0,6,1.6660846001923508,1.5,11.072306679490056,11.072306679490056
400.0,curved_S2a10,uniform,5.0,7,1.7175227035719605,1.5,14.50151357146403,14.50151357146403
400.0,curved_S2a10,uniform,5.0,8,1.7826825641192838,1.5,18.84550427461892,18.84550427461892
400.0,curved_S2a10,uniform,5.0,9,1.8472179235675001,1.5,23.147861571166676,23.147861571166676
400.0,curved_S2a10,uniform,5.0,10,1.6881394379731982,1.5,12.542629198213215,12.542629198213215
400.0,curved_S2a10,uniform,5.0,11,1.7394631698608114,1.5,15.964211324054093,15.964211324054093
400.0,curved_S2a10,uniform,5.0,12,1.497078867724333,1.5,-0.19474215171113585,-0.19474215171113585
400.0,curved_S2a10,uniform,5.0,13,1.7515156581302214,1.5,16.767710542014758,16.767710542014758
400.0,curved_S2a10,uniform,5.0,14,1.7008378842981708,1.5,13.389192286544723,13.389192286544723
400.0,curved_S2a10,uniform,5.0,15,1.6196675198282398,1.5,7.977834655215983,7.977834655215983
400.0,curved_S2a10,uniform,5.0,16,1.5741183771361065,1.5,4.941225142407099,4.941225142407099
400.0,curved_S2a10,uniform,5.0,17,1.5073336844560756,1.5,0.4889122970717086,0.4889122970717086
400.0,curved_S2a10,uniform,5.0,18,1.6784702839809251,1.5,11.898018932061676,11.898018932061676
400.0,curved_S2a10,uniform,5.0,19,1.7069276460995506,1.5,13.795176406636708,13.795176406636708
400.0,curved_S2a10,uniform,5.0,20,1.6733781574851732,1.5,11.558543832344876,11.558543832344876
400.0,curved_S2a10,uniform,5.0,21,1.5777404870559704,1.5,5.1826991370646915,5.1826991370646915
400.0,curved_S2a10,uniform,5.0,22,1.5957446808510634,1.5,6.382978723404224,6.382978723404224
400.0,curved_S2a10,uniform,5.0,23,1.7028783557657985,1.5,13.5252237177199,13.5252237177199
400.0,curved_S2a10,uniform,5.0,24,1.6132180102922522,1.5,7.547867352816813,7.547867352816813
400.0,curved_S2a10,uniform,5.0,25,1.7267004260769818,1.5,15.113361738465455,15.113361738465455
400.0,curved_S2a10,uniform,5.0,26,1.6500238453602751,1.5,10.001589690685009,10.001589690685009
400.0,curved_S2a10,uniform,5.0,27,1.7330620554679488,1.5,15.537470364529918,15.537470364529918
400.0,curved_S2a10,uniform,5.0,28,1.6272267243071392,1.5,8.481781620475948,8.481781620475948
400.0,curved_S2a10,uniform,5.0,29,1.5514653129369262,1.5,3.4310208624617498,3.4310208624617498
400.0,curved_S2a10,uniform,5.0,30,1.9760376304381082,1.5,31.735842029207213,31.735842029207213
400.0,curved_S2a10,uniform,10.0,1,1.6994371546483502,1.5,13.295810309890014,13.295810309890014
400.0,curved_S2a10,uniform,10.0,2,1.6188097705954418,1.5,7.9206513730294565,7.9206513730294565
400.0,curved_S2a10,uniform,10.0,3,1.6643566632465163,1.5,10.95711088310109,10.95711088310109
400.0,curved_S2a10,uniform,10.0,4,1.6196588709793418,1.5,7.977258065289454,7.977258065289454
400.0,curved_S2a10,uniform,10.0,5,1.5742820215256235,1.5,4.952134768374897,4.952134768374897
400.0,curved_S2a10,uniform,10.0,6,1.7698422034789856,1.5,17.989480231932372,17.989480231932372
400.0,curved_S2a10,uniform,10.0,7,1.7359407264006028,1.5,15.729381760040187,15.729381760040187
400.0,curved_S2a10,uniform,10.0,8,1.709244389741819,1.5,13.949625982787936,13.949625982787936
400.0,curved_S2a10,uniform,10.0,9,1.7210418468226494,1.5,14.736123121509959,14.736123121509959
400.0,curved_S2a10,uniform,10.0,10,1.6590641676562619,1.5,10.604277843750792,10.604277843750792
400.0,curved_S2a10,uniform,10.0,11,1.7033864072122356,1.5,13.559093814149037,13.559093814149037
400.0,curved_S2a10,uniform,10.0,12,1.593860795854307,1.5,6.25738639028713,6.25738639028713
400.0,curved_S2a10,uniform,10.0,13,1.706265935885336,1.5,13.751062392355736,13.751062392355736
400.0,curved_S2a10,uniform,10.0,14,1.651229308271323,1.5,10.081953884754864,10.081953884754864
400.0,curved_S2a10,uniform,10.0,15,1.5018549978519398,1.5,0.12366652346265106,0.12366652346265106
400.0,curved_S2a10,uniform,10.0,16,1.6074943528202832,1.5,7.16629018801888,7.16629018801888
400.0,curved_S2a10,uniform,10.0,17,1.54042249570261,1.5,2.6948330468406683,2.6948330468406683
400.0,curved_S2a10,uniform,10.0,18,1.607699842703697,1.5,7.179989513579803,7.179989513579803
400.0,curved_S2a10,uniform,10.0,19,1.637560440173363,1.5,9.170696011557533,9.170696011557533
400.0,curved_S2a10,uniform,10.0,20,1.6347802875221806,1.5,8.98535250147871,8.98535250147871
400.0,curved_S2a10,uniform,10.0,21,1.6078130898586858,1.5,7.187539323912384,7.187539323912384
400.0,curved_S2a10,uniform,10.0,22,1.4867839876857796,1.5,-0.8810674876146951,-0.8810674876146951
400.0,curved_S2a10,uniform,10.0,23,1.6247697700748462,1.5,8.317984671656415,8.317984671656415
400.0,curved_S2a10,uniform,10.0,24,1.6314319638024988,1.5,8.762130920166584,8.762130920166584
400.0,curved_S2a10,uniform,10.0,25,1.642339917727031,1.5,9.489327848468736,9.489327848468736
400.0,curved_S2a10,uniform,10.0,26,1.6376014417305647,1.5,9.173429448704312,9.173429448704312
400.0,curved_S2a10,uniform,10.0,27,1.6510439674972721,1.5,10.069597833151473,10.069597833151473
400.0,curved_S2a10,uniform,10.0,28,1.5198691752918436,1.5,1.3246116861229082,1.3246116861229082
400.0,curved_S2a10,uniform,10.0,29,1.5605486292817408,1.5,4.036575285449384,4.036575285449384
400.0,curved_S2a10,uniform,10.0,30,1.6795717073885474,1.5,11.971447159236497,11.971447159236497
400.0,curved_S2a10,uniform,11.0,1,1.689075666035075,1.5,12.605044402338331,12.605044402338331
400.0,curved_S2a10,uniform,11.0,2,1.6188097705954412,1.5,7.920651373029412,7.920651373029412
400.0,curved_S2a10,uniform,11.0,3,1.6521817835690213,1.5,10.145452237934755,10.145452237934755
400.0,curved_S2a10,uniform,11.0,4,1.5954625747060842,1.5,6.364171647072281,6.364171647072281
400.0,curved_S2a10,uniform,11.0,5,1.5560090627487597,1.5,3.7339375165839814,3.7339375165839814
400.0,curved_S2a10,uniform,11.0,6,1.7426257801887124,1.5,16.175052012580828,16.175052012580828
400.0,curved_S2a10,uniform,11.0,7,1.7233825188820522,1.5,14.892167925470146,14.892167925470146
400.0,curved_S2a10,uniform,11.0,8,1.6946718543287678,1.5,12.97812362191785,12.97812362191785
400.0,curved_S2a10,uniform,11.0,9,1.70125657986379,1.5,13.417105324252665,13.417105324252665
400.0,curved_S2a10,uniform,11.0,10,1.663780661615406,1.5,10.918710774360402,10.918710774360402
400.0,curved_S2a10,uniform,11.0,11,1.7006164450688863,1.5,13.374429671259088,13.374429671259088
400.0,curved_S2a10,uniform,11.0,12,1.605320501322972,1.5,7.021366754864807,7.021366754864807
400.0,curved_S2a10,uniform,11.0,13,1.7129448631309647,1.5,14.196324208730982,14.196324208730982
400.0,curved_S2a10,uniform,11.0,14,1.6357092202259893,1.5,9.047281348399288,9.047281348399288
400.0,curved_S2a10,uniform,11.0,15,1.5094924778015661,1.5,0.6328318534377431,0.6328318534377431
400.0,curved_S2a10,uniform,11.0,16,1.5759612020247977,1.5,5.064080134986515,5.064080134986515
400.0,curved_S2a10,uniform,11.0,17,1.5485946642674306,1.5,3.2396442844953763,3.2396442844953763
400.0,curved_S2a10,uniform,11.0,18,1.5713376253237645,1.5,4.755841688250969,4.755841688250969
400.0,curved_S2a10,uniform,11.0,19,1.6176232704209343,1.5,7.841551361395623,7.841551361395623
400.0,curved_S2a10,uniform,11.0,20,1.6250200307523057,1.5,8.334668716820381,8.334668716820381
400.0,curved_S2a10,uniform,11.0,21,1.613322979418193,1.5,7.554865294546194,7.554865294546194
400.0,curved_S2a10,uniform,11.0,22,1.4982592847847358,1.5,-0.11604768101761327,-0.11604768101761327
400.0,curved_S2a10,uniform,11.0,23,1.594797396961055,1.5,6.319826464070329,6.319826464070329
400.0,curved_S2a10,uniform,11.0,24,1.6200007750085568,1.5,8.000051667237118,8.000051667237118
400.0,curved_S2a10,uniform,11.0,25,1.6228159135171452,1.5,8.187727567809677,8.187727567809677
400.0,curved_S2a10,uniform,11.0,26,1.6235665705518068,1.5,8.23777137012045,8.23777137012045
400.0,curved_S2a10,uniform,11.0,27,1.6083810981163904,1.5,7.225406541092694,7.225406541092694
400.0,curved_S2a10,uniform,11.0,28,1.4846210376062543,1.5,-1.0252641595830467,-1.0252641595830467
400.0,curved_S2a10,uniform,11.0,29,1.5433070730056053,1.5,2.8871382003736885,2.8871382003736885
400.0,curved_S2a10,uniform,11.0,30,1.6931219669797382,1.5,12.87479779864921,12.87479779864921
400.0,curved_S2a10,uniform,20.0,1,1.6577242376514179,1.5,10.51494917676119,10.51494917676119
400.0,curved_S2a10,uniform,20.0,2,1.6429048287687156,1.5,9.526988584581037,9.526988584581037
400.0,curved_S2a10,uniform,20.0,3,1.6166928483211838,1.5,7.7795232214122505,7.7795232214122505
400.0,curved_S2a10,uniform,20.0,4,1.573291938818879,1.5,4.886129254591939,4.886129254591939
400.0,curved_S2a10,uniform,20.0,5,1.571466967717551,1.5,4.7644645145034,4.7644645145034
400.0,curved_S2a10,uniform,20.0,6,1.613817659684182,1.5,7.587843978945467,7.587843978945467
400.0,curved_S2a10,uniform,20.0,7,1.6972318593054148,1.5,13.148790620360984,13.148790620360984
400.0,curved_S2a10,uniform,20.0,8,1.7068723898073979,1.5,13.791492653826523,13.791492653826523
400.0,curved_S2a10,uniform,20.0,9,1.7360169287196854,1.5,15.734461914645692,15.734461914645692
400.0,curved_S2a10,uniform,20.0,10,1.62616406088977,1.5,8.410937392651336,8.410937392651336
400.0,curved_S2a10,uniform,20.0,11,1.704490429270497,1.5,13.6326952846998,13.6326952846998
400.0,curved_S2a10,uniform,20.0,12,1.6343606647988078,1.5,8.957377653253856,8.957377653253856
400.0,curved_S2a10,uniform,20.0,13,1.6796459410779945,1.5,11.976396071866297,11.976396071866297
400.0,curved_S2a10,uniform,20.0,14,1.62307781940549,1.5,8.205187960366,8.205187960366
400.0,curved_S2a10,uniform,20.0,15,1.5455655172105935,1.5,3.0377011473729025,3.0377011473729025
400.0,curved_S2a10,uniform,20.0,16,1.5974970853193036,1.5,6.499805687953571,6.499805687953571
400.0,curved_S2a10,uniform,20.0,17,1.56615796063435,1.5,4.4105307089566725,4.4105307089566725
400.0,curved_S2a10,uniform,20.0,18,1.5192551398743463,1.5,1.28367599162309,1.28367599162309
400.0,curved_S2a10,uniform,20.0,19,1.58208517808341,1.5,5.472345205560666,5.472345205560666
400.0,curved_S2a10,uniform,20.0,20,1.5629664495659923,1.5,4.197763304399485,4.197763304399485
400.0,curved_S2a10,uniform,20.0,21,1.5857043022808717,1.5,5.713620152058111,5.713620152058111
400.0,curved_S2a10,uniform,20.0,22,1.5367398589418615,1.5,2.4493239294574325,2.4493239294574325
400.0,curved_S2a10,uniform,20.0,23,1.4946614484805125,1.5,-0.3559034346324985,-0.3559034346324985
400.0,curved_S2a10,uniform,20.0,24,1.6214002782842314,1.5,8.093351885615425,8.093351885615425
400.0,curved_S2a10,uniform,20.0,25,1.5672849327974316,1.5,4.485662186495443,4.485662186495443
400.0,curved_S2a10,uniform,20.0,26,1.6204964242072075,1.5,8.033094947147168,8.033094947147168
400.0,curved_S2a10,uniform,20.0,27,1.6571833631867077,1.5,10.478890879113845,10.478890879113845
400.0,curved_S2a10,uniform,20.0,28,1.6296676869501379,1.5,8.644512463342524,8.644512463342524
400.0,curved_S2a10,uniform,20.0,29,1.553987012141625,1.5,3.599134142775003,3.599134142775003
400.0,curved_S2a10,uniform,20.0,30,1.558082768782403,1.5,3.8721845854935357,3.8721845854935357
400.0,curved_S2a10,uniform,30.0,1,1.661544288161736,1.5,10.769619210782395,10.769619210782395
400.0,curved_S2a10,uniform,30.0,2,1.6497202801306434,1.5,9.98135200870956,9.98135200870956
400.0,curved_S2a10,uniform,30.0,3,1.6383661039918829,1.5,9.22440693279219,9.22440693279219
400.0,curved_S2a10,uniform,30.0,4,1.576656112351859,1.5,5.110407490123933,5.110407490123933
400.0,curved_S2a10,uniform,30.0,5,1.5854961235142817,1.5,5.69974156761878,5.69974156761878
400.0,curved_S2a10,uniform,30.0,6,1.6323687048904376,1.5,8.824580326029174,8.824580326029174
400.0,curved_S2a10,uniform,30.0,7,1.719766768173174,1.5,14.651117878211606,14.651117878211606
400.0,curved_S2a10,uniform,30.0,8,1.6439775309262483,1.5,9.598502061749887,9.598502061749887
400.0,curved_S2a10,uniform,30.0,9,1.7472006548229708,1.5,16.48004365486472,16.48004365486472
400.0,curved_S2a10,uniform,30.0,10,1.6321229282941283,1.5,8.808195219608555,8.808195219608555
400.0,curved_S2a10,uniform,30.0,11,1.7047226033378482,1.5,13.648173555856546,13.648173555856546
400.0,curved_S2a10,uniform,30.0,12,1.6214837599076388,1.5,8.09891732717592,8.09891732717592
400.0,curved_S2a10,uniform,30.0,13,1.7123187258766563,1.5,14.154581725110424,14.154581725110424
400.0,curved_S2a10,uniform,30.0,14,1.6357495757167608,1.5,9.049971714450722,9.049971714450722
400.0,curved_S2a10,uniform,30.0,15,1.5479709241160127,1.5,3.198061607734178,3.198061607734178
400.0,curved_S2a10,uniform,30.0,16,1.5943580470834358,1.5,6.290536472229051,6.290536472229051
400.0,curved_S2a10,uniform,30.0,17,1.580484820293709,1.5,5.3656546862472645,5.3656546862472645
400.0,curved_S2a10,uniform,30.0,18,1.53637203881799,1.5,2.424802587866,2.424802587866
400.0,curved_S2a10,uniform,30.0,19,1.6000530230800603,1.5,6.670201538670684,6.670201538670684
400.0,curved_S2a10,uniform,30.0,20,1.5982506952229707,1.5,6.550046348198046,6.550046348198046
400.0,curved_S2a10,uniform,30.0,21,1.6015690249603396,1.5,6.771268330689306,6.771268330689306
400.0,curved_S2a10,uniform,30.0,22,1.529830922868175,1.5,1.9887281912116677,1.9887281912116677
400.0,curved_S2a10,uniform,30.0,23,1.5129918600920673,1.5,0.8661240061378214,0.8661240061378214
400.0,curved_S2a10,uniform,30.0,24,1.62777144725519,1.5,8.518096483679338,8.518096483679338
400.0,curved_S2a10,uniform,30.0,25,1.5597103307315847,1.5,3.980688715438981,3.980688715438981
400.0,curved_S2a10,uniform,30.0,26,1.6368894734893085,1.5,9.125964899287231,9.125964899287231
400.0,curved_S2a10,uniform,30.0,27,1.6598902600939867,1.5,10.659350672932444,10.659350672932444
400.0,curved_S2a10,uniform,30.0,28,1.5804522705921817,1.5,5.363484706145449,5.363484706145449
400.0,curved_S2a10,uniform,30.0,29,1.5582071485515967,1.5,3.8804765701064468,3.8804765701064468
400.0,curved_S2a10,uniform,30.0,30,1.614522363486165,1.5,7.634824232410997,7.634824232410997
400.0,curved_S2a10,uniform,50.0,1,1.652027839781141,1.5,10.135189318742732,10.135189318742732
400.0,curved_S2a10,uniform,50.0,2,1.6423123531499972,1.5,9.487490209999816,9.487490209999816
400.0,curved_S2a10,uniform,50.0,3,1.6625206658953138,1.5,10.834711059687585,10.834711059687585
400.0,curved_S2a10,uniform,50.0,4,1.5740713750513988,1.5,4.938091670093256,4.938091670093256
400.0,curved_S2a10,uniform,50.0,5,1.5854961235142817,1.5,5.69974156761878,5.69974156761878
400.0,curved_S2a10,uniform,50.0,6,1.6424861821298402,1.5,9.499078808656014,9.499078808656014
400.0,curved_S2a10,uniform,50.0,7,1.724394023691063,1.5,14.959601579404206,14.959601579404206
400.0,curved_S2a10,uniform,50.0,8,1.6466915756551253,1.5,9.779438377008349,9.779438377008349
400.0,curved_S2a10,uniform,50.0,9,1.7376527625625748,1.5,15.843517504171656,15.843517504171656
400.0,curved_S2a10,uniform,50.0,10,1.6525576171844636,1.5,10.170507812297574,10.170507812297574
400.0,curved_S2a10,uniform,50.0,11,1.7209417725036893,1.5,14.729451500245952,14.729451500245952
400.0,curved_S2a10,uniform,50.0,12,1.623155511027264,1.5,8.210367401817598,8.210367401817598
400.0,curved_S2a10,uniform,50.0,13,1.7201427670711904,1.5,14.676184471412693,14.676184471412693
400.0,curved_S2a10,uniform,50.0,14,1.6429899613513967,1.5,9.532664090093117,9.532664090093117
400.0,curved_S2a10,uniform,50.0,15,1.5505269517101017,1.5,3.3684634473401123,3.3684634473401123
400.0,curved_S2a10,uniform,50.0,16,1.5931324696929148,1.5,6.208831312860985,6.208831312860985
400.0,curved_S2a10,uniform,50.0,17,1.59554154934486,1.5,6.369436622990661,6.369436622990661
400.0,curved_S2a10,uniform,50.0,18,1.55323701836621,1.5,3.549134557747339,3.549134557747339
400.0,curved_S2a10,uniform,50.0,19,1.6093086704691035,1.5,7.287244697940236,7.287244697940236
400.0,curved_S2a10,uniform,50.0,20,1.5982506952229705,1.5,6.550046348198031,6.550046348198031
400.0,curved_S2a10,uniform,50.0,21,1.6015690249603372,1.5,6.771268330689144,6.771268330689144
400.0,curved_S2a10,uniform,50.0,22,1.5368457191489977,1.5,2.4563812765998465,2.4563812765998465
400.0,curved_S2a10,uniform,50.0,23,1.512991860092068,1.5,0.8661240061378658,0.8661240061378658
400.0,curved_S2a10,uniform,50.0,24,1.6426800742355894,1.5,9.512004949039293,9.512004949039293
400.0,curved_S2a10,uniform,50.0,25,1.5870170465817575,1.5,5.80113643878383,5.80113643878383
400.0,curved_S2a10,uniform,50.0,26,1.610988648585453,1.5,7.399243239030199,7.399243239030199
400.0,curved_S2a10,uniform,50.0,27,1.6567998511175563,1.5,10.45332340783709,10.45332340783709
400.0,curved_S2a10,uniform,50.0,28,1.5643632789896293,1.5,4.290885265975289,4.290885265975289
400.0,curved_S2a10,uniform,50.0,29,1.5582071485515967,1.5,3.8804765701064468,3.8804765701064468
400.0,curved_S2a10,uniform,50.0,30,1.6272555692905761,1.5,8.483704619371741,8.483704619371741
400.0,curved_S2a10,uniform,78.5,1,1.6551487970940957,1.5,10.343253139606379,10.343253139606379
400.0,curved_S2a10,uniform,78.5,2,1.637804455201049,1.5,9.186963680069926,9.186963680069926
400.0,curved_S2a10,uniform,78.5,3,1.6625206658953144,1.5,10.83471105968763,10.83471105968763
400.0,curved_S2a10,uniform,78.5,4,1.5883335100256384,1.5,5.888900668375893,5.888900668375893
400.0,curved_S2a10,uniform,78.5,5,1.6024324156332301,1.5,6.828827708882009,6.828827708882009
400.0,curved_S2a10,uniform,78.5,6,1.6404470344110675,1.5,9.363135627404501,9.363135627404501
400.0,curved_S2a10,uniform,78.5,7,1.71273704510559,1.5,14.182469673706008,14.182469673706008
400.0,curved_S2a10,uniform,78.5,8,1.6630232985072555,1.5,10.8682199004837,10.8682199004837
400.0,curved_S2a10,uniform,78.5,9,1.7376527625625728,1.5,15.843517504171523,15.843517504171523
400.0,curved_S2a10,uniform,78.5,10,1.6623112425120912,1.5,10.820749500806077,10.820749500806077
400.0,curved_S2a10,uniform,78.5,11,1.729241271566799,1.5,15.282751437786604,15.282751437786604
400.0,curved_S2a10,uniform,78.5,12,1.6153849881658107,1.5,7.692332544387377,7.692332544387377
400.0,curved_S2a10,uniform,78.5,13,1.7341040462427733,1.5,15.606936416184883,15.606936416184883
400.0,curved_S2a10,uniform,78.5,14,1.654002954452018,1.5,10.266863630134537,10.266863630134537
400.0,curved_S2a10,uniform,78.5,15,1.5567987146964395,1.5,3.7865809797626326,3.7865809797626326
400.0,curved_S2a10,uniform,78.5,16,1.5931324696929159,1.5,6.20883131286106,6.20883131286106
400.0,curved_S2a10,uniform,78.5,17,1.5955415493448617,1.5,6.36943662299078,6.36943662299078
400.0,curved_S2a10,uniform,78.5,18,1.5970968027080885,1.5,6.473120180539234,6.473120180539234
400.0,curved_S2a10,uniform,78.5,19,1.6174911278507365,1.5,7.832741856715764,7.832741856715764
400.0,curved_S2a10,uniform,78.5,20,1.5982506952229685,1.5,6.550046348197898,6.550046348197898
400.0,curved_S2a10,uniform,78.5,21,1.6186165510583193,1.5,7.907770070554617,7.907770070554617
400.0,curved_S2a10,uniform,78.5,22,1.5368457191490001,1.5,2.45638127660001,2.45638127660001
400.0,curved_S2a10,uniform,78.5,23,1.5282272454048438,1.5,1.8818163603229188,1.8818163603229188
400.0,curved_S2a10,uniform,78.5,24,1.6401839395204307,1.5,9.345595968028714,9.345595968028714
400.0,curved_S2a10,uniform,78.5,25,1.5870170465817577,1.5,5.801136438783846,5.801136438783846
400.0,curved_S2a10,uniform,78.5,26,1.6296167139562079,1.5,8.641114263747191,8.641114263747191
400.0,curved_S2a10,uniform,78.5,27,1.6611737670973779,1.5,10.744917806491856,10.744917806491856
400.0,curved_S2a10,uniform,78.5,28,1.5685998379377373,1.5,4.5733225291824855,4.5733225291824855
400.0,curved_S2a10,uniform,78.5,29,1.5582071485515945,1.5,3.8804765701062984,3.8804765701062984
400.0,curved_S2a10,uniform,78.5,30,1.6401171443385878,1.5,9.341142955905852,9.341142955905852
400.0,curved_S2a10,uniform,100.0,1,1.6513635819628072,1.5,10.090905464187145,10.090905464187145
400.0,curved_S2a10,uniform,100.0,2,1.637253136471439,1.5,9.15020909809594,9.15020909809594
400.0,curved_S2a10,uniform,100.0,3,1.662520665895315,1.5,10.834711059687674,10.834711059687674
400.0,curved_S2a10,uniform,100.0,4,1.5740713750513997,1.5,4.938091670093314,4.938091670093314
400.0,curved_S2a10,uniform,100.0,5,1.6024324156332295,1.5,6.828827708881964,6.828827708881964
400.0,curved_S2a10,uniform,100.0,6,1.6511809795867871,1.5,10.078731972452475,10.078731972452475
400.0,curved_S2a10,uniform,100.0,7,1.6960118531290573,1.5,13.067456875270489,13.067456875270489
400.0,curved_S2a10,uniform,100.0,8,1.662770903614244,1.5,10.85139357428293,10.85139357428293
400.0,curved_S2a10,uniform,100.0,9,1.7376527625625793,1.5,15.843517504171952,15.843517504171952
400.0,curved_S2a10,uniform,100.0,10,1.6643464179938514,1.5,10.956427866256762,10.956427866256762
400.0,curved_S2a10,uniform,100.0,11,1.7209417725036926,1.5,14.729451500246174,14.729451500246174
400.0,curved_S2a10,uniform,100.0,12,1.6219603848833497,1.5,8.130692325556648,8.130692325556648
400.0,curved_S2a10,uniform,100.0,13,1.6904883693606405,1.5,12.699224624042701,12.699224624042701
400.0,curved_S2a10,uniform,100.0,14,1.6605587131391633,1.5,10.70391420927755,10.70391420927755
400.0,curved_S2a10,uniform,100.0,15,1.5630937356021355,1.5,4.206249040142366,4.206249040142366
400.0,curved_S2a10,uniform,100.0,16,1.5931324696929121,1.5,6.2088313128608075,6.2088313128608075
400.0,curved_S2a10,uniform,100.0,17,1.5947703564901916,1.5,6.318023766012774,6.318023766012774
400.0,curved_S2a10,uniform,100.0,18,1.5934393014576769,1.5,6.229286763845124,6.229286763845124
400.0,curved_S2a10,uniform,100.0,19,1.6174911278507358,1.5,7.832741856715719,7.832741856715719
400.0,curved_S2a10,uniform,100.0,20,1.5982506952229707,1.5,6.550046348198046,6.550046348198046
400.0,curved_S2a10,uniform,100.0,21,1.618616551058318,1.5,7.907770070554528,7.907770070554528
400.0,curved_S2a10,uniform,100.0,22,1.5368457191489993,1.5,2.4563812765999504,2.4563812765999504
400.0,curved_S2a10,uniform,100.0,23,1.5445952293003868,1.5,2.9730152866924557,2.9730152866924557
400.0,curved_S2a10,uniform,100.0,24,1.6424536888379129,1.5,9.49691258919419,9.49691258919419
400.0,curved_S2a10,uniform,100.0,25,1.587017046581758,1.5,5.80113643878386,5.80113643878386
400.0,curved_S2a10,uniform,100.0,26,1.610988648585454,1.5,7.399243239030273,7.399243239030273
400.0,curved_S2a10,uniform,100.0,27,1.6611737670973805,1.5,10.744917806492033,10.744917806492033
400.0,curved_S2a10,uniform,100.0,28,1.5791282251064298,1.5,5.275215007095321,5.275215007095321
400.0,curved_S2a10,uniform,100.0,29,1.5582071485515947,1.5,3.8804765701063135,3.8804765701063135
400.0,curved_S2a10,uniform,100.0,30,1.640117144338588,1.5,9.341142955905868,9.341142955905868
400.0,curved_S2a10,jitter,11.0,1,2.2577630448856345,1.5,50.51753632570897,50.51753632570897
400.0,curved_S2a10,jitter,11.0,2,1.802739358983874,1.5,20.18262393225827,20.18262393225827
400.0,curved_S2a10,jitter,11.0,3,1.8252518102232176,1.5,21.683454014881175,21.683454014881175
400.0,curved_S2a10,jitter,11.0,4,1.5688694383822326,1.5,4.591295892148839,4.591295892148839
400.0,curved_S2a10,jitter,11.0,5,1.4478695343002799,1.5,-3.475364379981342,-3.475364379981342
400.0,curved_S2a10,jitter,11.0,6,1.9846670336046854,1.5,32.31113557364569,32.31113557364569
400.0,curved_S2a10,jitter,11.0,7,1.6692962206712465,1.5,11.286414711416432,11.286414711416432
400.0,curved_S2a10,jitter,11.0,8,1.520536588374665,1.5,1.36910589164434,1.36910589164434
400.0,curved_S2a10,jitter,11.0,9,1.7482090031876647,1.5,16.54726687917765,16.54726687917765
400.0,curved_S2a10,jitter,11.0,10,1.6361457798025851,1.5,9.076385320172342,9.076385320172342
400.0,curved_S2a10,jitter,11.0,11,1.827975664047901,1.5,21.865044269860068,21.865044269860068
400.0,curved_S2a10,jitter,11.0,12,1.591913036871568,1.5,6.127535791437863,6.127535791437863
400.0,curved_S2a10,jitter,11.0,13,1.847450288400756,1.5,23.1633525600504,23.1633525600504
400.0,curved_S2a10,jitter,11.0,14,1.6789776661022044,1.5,11.93184440681363,11.93184440681363
400.0,curved_S2a10,jitter,11.0,15,1.6973905861781922,1.5,13.159372411879477,13.159372411879477
400.0,curved_S2a10,jitter,11.0,16,1.6882717160470202,1.5,12.551447736468013,12.551447736468013
400.0,curved_S2a10,jitter,11.0,17,1.6276907041662707,1.5,8.512713611084715,8.512713611084715
400.0,curved_S2a10,jitter,11.0,18,1.64355300760069,1.5,9.570200506712661,9.570200506712661
400.0,curved_S2a10,jitter,11.0,19,1.6607731391962073,1.5,10.718209279747153,10.718209279747153
400.0,curved_S2a10,jitter,11.0,20,1.7447995235832525,1.5,16.3199682388835,16.3199682388835
400.0,curved_S2a10,jitter,11.0,21,1.6199473972741911,1.5,7.996493151612742,7.996493151612742
400.0,curved_S2a10,jitter,11.0,22,1.5021044203152762,1.5,0.14029468768508302,0.14029468768508302
400.0,curved_S2a10,jitter,11.0,23,1.6774179584455668,1.5,11.827863896371122,11.827863896371122
400.0,curved_S2a10,jitter,11.0,24,1.6458195785425778,1.5,9.721305236171851,9.721305236171851
400.0,curved_S2a10,jitter,11.0,25,1.7247247968687955,1.5,14.98165312458637,14.98165312458637
400.0,curved_S2a10,jitter,11.0,26,1.5968612023865099,1.5,6.45741349243399,6.45741349243399
400.0,curved_S2a10,jitter,11.0,27,1.502876039836417,1.5,0.19173598909446216,0.19173598909446216
400.0,curved_S2a10,jitter,11.0,28,1.3448630726946558,1.5,-10.34246182035628,-10.34246182035628
400.0,curved_S2a10,jitter,11.0,29,1.6357881114230435,1.5,9.052540761536232,9.052540761536232
400.0,curved_S2a10,jitter,11.0,30,1.784884933030069,1.5,18.992328868671258,18.992328868671258
400.0,curved_S2a10,jitter,30.0,1,2.6759691071835743,1.5,78.39794047890494,78.39794047890494
400.0,curved_S2a10,jitter,30.0,2,2.032071437850954,1.5,35.47142919006359,35.47142919006359
400.0,curved_S2a10,jitter,30.0,3,1.9641568763896096,1.5,30.943791759307302,30.943791759307302
400.0,curved_S2a10,jitter,30.0,4,1.4592321716377494,1.5,-2.717855224150038,-2.717855224150038
400.0,curved_S2a10,jitter,30.0,5,1.5581115942988557,1.5,3.8741062865903806,3.8741062865903806
400.0,curved_S2a10,jitter,30.0,6,2.6235623239827763,1.5,74.90415493218508,74.90415493218508
400.0,curved_S2a10,jitter,30.0,7,1.4931918980781715,1.5,-0.4538734614552305,-0.4538734614552305
400.0,curved_S2a10,jitter,30.0,8,1.3438869548337178,1.5,-10.407536344418816,-10.407536344418816
400.0,curved_S2a10,jitter,30.0,9,2.2361099619993436,1.5,49.07399746662291,49.07399746662291
400.0,curved_S2a10,jitter,30.0,10,1.6966327907602254,1.5,13.108852717348363,13.108852717348363
400.0,curved_S2a10,jitter,30.0,11,2.2761854362942513,1.5,51.745695752950084,51.745695752950084
400.0,curved_S2a10,jitter,30.0,12,1.8479610415327086,1.5,23.19740276884724,23.19740276884724
400.0,curved_S2a10,jitter,30.0,13,1.9650279579254648,1.5,31.001863861697654,31.001863861697654
400.0,curved_S2a10,jitter,30.0,14,1.7887489130100154,1.5,19.249927534001024,19.249927534001024
400.0,curved_S2a10,jitter,30.0,15,1.7901106234443422,1.5,19.340708229622816,19.340708229622816
400.0,curved_S2a10,jitter,30.0,16,2.251315997416404,1.5,50.08773316109361,50.08773316109361
400.0,curved_S2a10,jitter,30.0,17,1.6640280789332815,1.5,10.935205262218767,10.935205262218767
400.0,curved_S2a10,jitter,30.0,18,3.0199141331387898,1.5,101.32760887591931,101.32760887591931
400.0,curved_S2a10,jitter,30.0,19,2.470952536669548,1.5,64.7301691113032,64.7301691113032
400.0,curved_S2a10,jitter,30.0,20,1.894904818952784,1.5,26.326987930185595,26.326987930185595
400.0,curved_S2a10,jitter,30.0,21,2.135796710533012,1.5,42.38644736886747,42.38644736886747
400.0,curved_S2a10,jitter,30.0,22,1.7166907660746034,1.5,14.446051071640223,14.446051071640223
400.0,curved_S2a10,jitter,30.0,23,2.202200484932261,1.5,46.81336566215073,46.81336566215073
400.0,curved_S2a10,jitter,30.0,24,1.8225972157988732,1.5,21.506481053258216,21.506481053258216
400.0,curved_S2a10,jitter,30.0,25,1.9175584227459193,1.5,27.837228183061285,27.837228183061285
400.0,curved_S2a10,jitter,30.0,26,1.8465892117615503,1.5,23.105947450770024,23.105947450770024
400.0,curved_S2a10,jitter,30.0,27,1.544618436410238,1.5,2.9745624273491993,2.9745624273491993
400.0,curved_S2a10,jitter,30.0,28,1.4157433917906959,1.5,-5.617107213953609,-5.617107213953609
400.0,curved_S2a10,jitter,30.0,29,1.8679356335414083,1.5,24.52904223609389,24.52904223609389
400.0,curved_S2a10,jitter,30.0,30,2.6687431636348236,1.5,77.91621090898823,77.91621090898823
400.0,curved_S2a10,jitter,78.5,1,1.8058674014923386,1.5,20.391160099489237,20.391160099489237
400.0,curved_S2a10,jitter,78.5,2,2.965909994776409,1.5,97.72733298509394,97.72733298509394
400.0,curved_S2a10,jitter,78.5,3,2.123893805309735,1.5,41.59292035398234,41.59292035398234
400.0,curved_S2a10,jitter,78.5,4,1.9010594248311823,1.5,26.737294988745486,26.737294988745486
400.0,curved_S2a10,jitter,78.5,5,1.5128523790391541,1.5,0.8568252692769432,0.8568252692769432
400.0,curved_S2a10,jitter,78.5,6,3.8261688707447368,1.5,155.07792471631578,155.07792471631578
400.0,curved_S2a10,jitter,78.5,7,1.9506857866021772,1.5,30.045719106811813,30.045719106811813
400.0,curved_S2a10,jitter,78.5,8,1.7846207312110012,1.5,18.974715414066743,18.974715414066743
400.0,curved_S2a10,jitter,78.5,9,1.993627805755075,1.5,32.908520383671664,32.908520383671664
400.0,curved_S2a10,jitter,78.5,10,4.163546010900243,1.5,177.56973406001617,177.56973406001617
400.0,curved_S2a10,jitter,78.5,11,3.8608717958450542,1.5,157.39145305633696,157.39145305633696
400.0,curved_S2a10,jitter,78.5,12,3.55923515413913,1.5,137.28234360927533,137.28234360927533
400.0,curved_S2a10,jitter,78.5,13,2.2806416597817014,1.5,52.0427773187801,52.0427773187801
400.0,curved_S2a10,jitter,78.5,14,2.4755000712682005,1.5,65.0333380845467,65.0333380845467
400.0,curved_S2a10,jitter,78.5,15,1.7067232246187278,1.5,13.78154830791519,13.78154830791519
400.0,curved_S2a10,jitter,78.5,16,2.450880811870036,1.5,63.39205412466905,63.39205412466905
400.0,curved_S2a10,jitter,78.5,17,2.1452116007007227,1.5,43.01410671338151,43.01410671338151
400.0,curved_S2a10,jitter,78.5,18,3.9352156168954675,1.5,162.34770779303116,162.34770779303116
400.0,curved_S2a10,jitter,78.5,19,2.7853100187767588,1.5,85.68733458511724,85.68733458511724
400.0,curved_S2a10,jitter,78.5,20,2.6027980659135372,1.5,73.51987106090249,73.51987106090249
400.0,curved_S2a10,jitter,78.5,21,2.6103645852358373,1.5,74.02430568238914,74.02430568238914
400.0,curved_S2a10,jitter,78.5,22,2.636408878223085,1.5,75.76059188153899,75.76059188153899
400.0,curved_S2a10,jitter,78.5,23,3.5627041654988356,1.5,137.5136110332557,137.5136110332557
400.0,curved_S2a10,jitter,78.5,24,2.826661013350295,1.5,88.44406755668635,88.44406755668635
400.0,curved_S2a10,jitter,78.5,25,2.6061318901662682,1.5,73.74212601108455,73.74212601108455
400.0,curved_S2a10,jitter,78.5,26,3.147089391341397,1.5,109.8059594227598,109.8059594227598
400.0,curved_S2a10,jitter,78.5,27,2.3431453430948865,1.5,56.2096895396591,56.2096895396591
400.0,curved_S2a10,jitter,78.5,28,2.676199017587643,1.5,78.4132678391762,78.4132678391762
400.0,curved_S2a10,jitter,78.5,29,2.64581745732786,1.5,76.38783048852402,76.38783048852402
400.0,curved_S2a10,jitter,78.5,30,2.5451022293085037,1.5,69.67348195390025,69.67348195390025
400.0,curved_S2a20,uniform,0.0,1,1.7731554549956874,1.5,18.21036366637916,18.21036366637916
400.0,curved_S2a20,uniform,0.0,2,1.7259345769283259,1.5,15.062305128555057,15.062305128555057
400.0,curved_S2a20,uniform,0.0,3,1.6473869680659763,1.5,9.825797871065085,9.825797871065085
400.0,curved_S2a20,uniform,0.0,4,2.0432314978450634,1.5,36.21543318967089,36.21543318967089
400.0,curved_S2a20,uniform,0.0,5,1.4724203476646212,1.5,-1.8386434890252563,-1.8386434890252563
400.0,curved_S2a20,uniform,0.0,6,2.483413075934393,1.5,65.56087172895954,65.56087172895954
400.0,curved_S2a20,uniform,0.0,7,1.7672147846090087,1.5,17.814318973933915,17.814318973933915
400.0,curved_S2a20,uniform,0.0,8,2.023813025789783,1.5,34.92086838598552,34.92086838598552
400.0,curved_S2a20,uniform,0.0,9,2.0490232540136724,1.5,36.60155026757816,36.60155026757816
400.0,curved_S2a20,uniform,0.0,10,1.91738975807691,1.5,27.825983871793998,27.825983871793998
400.0,curved_S2a20,uniform,0.0,11,2.02868555155394,1.5,35.24570343692935,35.24570343692935
400.0,curved_S2a20,uniform,0.0,12,2.083030986291018,1.5,38.86873241940121,38.86873241940121
400.0,curved_S2a20,uniform,0.0,13,1.964447075744891,1.5,30.96313838299274,30.96313838299274
400.0,curved_S2a20,uniform,0.0,14,1.9883252485676997,1.5,32.555016571179976,32.555016571179976
400.0,curved_S2a20,uniform,0.0,15,1.9400111356958767,1.5,29.334075713058443,29.334075713058443
400.0,curved_S2a20,uniform,0.0,16,1.567397263415236,1.5,4.493150894349066,4.493150894349066
400.0,curved_S2a20,uniform,0.0,17,1.9427621366930943,1.5,29.51747577953962,29.51747577953962
400.0,curved_S2a20,uniform,0.0,18,2.2576153282544804,1.5,50.50768855029869,50.50768855029869
400.0,curved_S2a20,uniform,0.0,19,2.4964917734334353,1.5,66.43278489556236,66.43278489556236
400.0,curved_S2a20,uniform,0.0,20,2.1035158095583566,1.5,40.23438730389044,40.23438730389044
400.0,curved_S2a20,uniform,0.0,21,1.5566692783734086,1.5,3.777951891560575,3.777951891560575
400.0,curved_S2a20,uniform,0.0,22,1.6008715938653197,1.5,6.7247729243546495,6.7247729243546495
400.0,curved_S2a20,uniform,0.0,23,2.2570481990381186,1.5,50.46987993587457,50.46987993587457
400.0,curved_S2a20,uniform,0.0,24,1.8773757234538409,1.5,25.158381563589387,25.158381563589387
400.0,curved_S2a20,uniform,0.0,25,1.9330394477645456,1.5,28.86929651763637,28.86929651763637
400.0,curved_S2a20,uniform,0.0,26,2.0141487362769026,1.5,34.27658241846017,34.27658241846017
400.0,curved_S2a20,uniform,0.0,27,1.739122016310809,1.5,15.941467754053932,15.941467754053932
400.0,curved_S2a20,uniform,0.0,28,2.3755876810040224,1.5,58.372512066934824,58.372512066934824
400.0,curved_S2a20,uniform,0.0,29,1.7282366933844546,1.5,15.215779558963641,15.215779558963641
400.0,curved_S2a20,uniform,0.0,30,2.0531558876605587,1.5,36.87705917737058,36.87705917737058
400.0,curved_S2a20,uniform,2.0,1,1.7106043396378512,1.5,14.04028930919008,14.04028930919008
400.0,curved_S2a20,uniform,2.0,2,1.6061475137555852,1.5,7.076500917039012,7.076500917039012
400.0,curved_S2a20,uniform,2.0,3,1.6038835181816,1.5,6.925567878773335,6.925567878773335
400.0,curved_S2a20,uniform,2.0,4,1.980288830148843,1.5,32.019255343256205,32.019255343256205
400.0,curved_S2a20,uniform,2.0,5,1.5912336355761014,1.5,6.0822423717400955,6.0822423717400955
400.0,curved_S2a20,uniform,2.0,6,2.3497725239912493,1.5,56.65150159941662,56.65150159941662
400.0,curved_S2a20,uniform,2.0,7,1.7863710674428288,1.5,19.091404496188588,19.091404496188588
400.0,curved_S2a20,uniform,2.0,8,1.7333339496299585,1.5,15.55559664199723,15.55559664199723
400.0,curved_S2a20,uniform,2.0,9,1.9273583612292493,1.5,28.490557415283284,28.490557415283284
400.0,curved_S2a20,uniform,2.0,10,1.8964169186536532,1.5,26.42779457691022,26.42779457691022
400.0,curved_S2a20,uniform,2.0,11,1.9541175110895148,1.5,30.274500739300986,30.274500739300986
400.0,curved_S2a20,uniform,2.0,12,1.769188537895805,1.5,17.945902526387002,17.945902526387002
400.0,curved_S2a20,uniform,2.0,13,1.8306300648455316,1.5,22.04200432303544,22.04200432303544
400.0,curved_S2a20,uniform,2.0,14,1.9405415984250742,1.5,29.369439895004952,29.369439895004952
400.0,curved_S2a20,uniform,2.0,15,1.8548199537890058,1.5,23.65466358593372,23.65466358593372
400.0,curved_S2a20,uniform,2.0,16,1.6091611365143637,1.5,7.277409100957577,7.277409100957577
400.0,curved_S2a20,uniform,2.0,17,1.9000285006412652,1.5,26.66856670941768,26.66856670941768
400.0,curved_S2a20,uniform,2.0,18,1.8955931504966428,1.5,26.37287669977619,26.37287669977619
400.0,curved_S2a20,uniform,2.0,19,2.3775851718273704,1.5,58.50567812182469,58.50567812182469
400.0,curved_S2a20,uniform,2.0,20,1.7659528775967757,1.5,17.730191839785046,17.730191839785046
400.0,curved_S2a20,uniform,2.0,21,1.5731498397797288,1.5,4.876655985315251,4.876655985315251
400.0,curved_S2a20,uniform,2.0,22,1.494305219476652,1.5,-0.3796520348898694,-0.3796520348898694
400.0,curved_S2a20,uniform,2.0,23,1.946687670061551,1.5,29.779178004103397,29.779178004103397
400.0,curved_S2a20,uniform,2.0,24,1.851631382273799,1.5,23.442092151586603,23.442092151586603
400.0,curved_S2a20,uniform,2.0,25,2.0754811155332034,1.5,38.36540770221355,38.36540770221355
400.0,curved_S2a20,uniform,2.0,26,1.9366038379908614,1.5,29.106922532724095,29.106922532724095
400.0,curved_S2a20,uniform,2.0,27,1.8892143827353076,1.5,25.94762551568717,25.94762551568717
400.0,curved_S2a20,uniform,2.0,28,2.2023016754717863,1.5,46.820111698119085,46.820111698119085
400.0,curved_S2a20,uniform,2.0,29,1.6696272112640327,1.5,11.308480750935512,11.308480750935512
400.0,curved_S2a20,uniform,2.0,30,2.1192815158147824,1.5,41.28543438765216,41.28543438765216
400.0,curved_S2a20,uniform,5.0,1,1.5331637368587216,1.5,2.210915790581443,2.210915790581443
400.0,curved_S2a20,uniform,5.0,2,1.7833085086948448,1.5,18.887233912989654,18.887233912989654
400.0,curved_S2a20,uniform,5.0,3,1.6628841244792114,1.5,10.858941631947427,10.858941631947427
400.0,curved_S2a20,uniform,5.0,4,1.756118103812238,1.5,17.0745402541492,17.0745402541492
400.0,curved_S2a20,uniform,5.0,5,1.6811807272297261,1.5,12.078715148648406,12.078715148648406
400.0,curved_S2a20,uniform,5.0,6,2.361547259250723,1.5,57.4364839500482,57.4364839500482
400.0,curved_S2a20,uniform,5.0,7,1.7276723869778143,1.5,15.178159131854288,15.178159131854288
400.0,curved_S2a20,uniform,5.0,8,1.963806719085849,1.5,30.9204479390566,30.9204479390566
400.0,curved_S2a20,uniform,5.0,9,1.9180868046761894,1.5,27.872453645079293,27.872453645079293
400.0,curved_S2a20,uniform,5.0,10,1.8184764051630375,1.5,21.231760344202502,21.231760344202502
400.0,curved_S2a20,uniform,5.0,11,1.7810460543383515,1.5,18.736403622556765,18.736403622556765
400.0,curved_S2a20,uniform,5.0,12,1.4089402789721535,1.5,-6.070648068523102,-6.070648068523102
400.0,curved_S2a20,uniform,5.0,13,1.761584729804187,1.5,17.43898198694579,17.43898198694579
400.0,curved_S2a20,uniform,5.0,14,1.775363561022438,1.5,18.357570734829206,18.357570734829206
400.0,curved_S2a20,uniform,5.0,15,1.574332824085157,1.5,4.955521605677138,4.955521605677138
400.0,curved_S2a20,uniform,5.0,16,1.9542185660964886,1.5,30.281237739765903,30.281237739765903
400.0,curved_S2a20,uniform,5.0,17,1.6422775872426336,1.5,9.485172482842241,9.485172482842241
400.0,curved_S2a20,uniform,5.0,18,1.8449751852506344,1.5,22.99834568337563,22.99834568337563
400.0,curved_S2a20,uniform,5.0,19,2.3094994464224734,1.5,53.96662976149823,53.96662976149823
400.0,curved_S2a20,uniform,5.0,20,1.6426585272773262,1.5,9.51056848515508,9.51056848515508
400.0,curved_S2a20,uniform,5.0,21,1.6419940661725674,1.5,9.466271078171157,9.466271078171157
400.0,curved_S2a20,uniform,5.0,22,1.5409932697970175,1.5,2.732884653134497,2.732884653134497
400.0,curved_S2a20,uniform,5.0,23,2.004208584614033,1.5,33.613905640935535,33.613905640935535
400.0,curved_S2a20,uniform,5.0,24,1.812645644078576,1.5,20.84304293857174,20.84304293857174
400.0,curved_S2a20,uniform,5.0,25,1.8178813667514957,1.5,21.192091116766377,21.192091116766377
400.0,curved_S2a20,uniform,5.0,26,1.7810349930061586,1.5,18.735666200410574,18.735666200410574
400.0,curved_S2a20,uniform,5.0,27,1.8904950726846508,1.5,26.033004845643386,26.033004845643386
400.0,curved_S2a20,uniform,5.0,28,1.8372797222648547,1.5,22.485314817656977,22.485314817656977
400.0,curved_S2a20,uniform,5.0,29,1.609556949949125,1.5,7.303796663274993,7.303796663274993
400.0,curved_S2a20,uniform,5.0,30,2.065260702695966,1.5,37.68404684639775,37.68404684639775
400.0,curved_S2a20,uniform,10.0,1,1.6466058025529762,1.5,9.773720170198413,9.773720170198413
400.0,curved_S2a20,uniform,10.0,2,1.7594583802617196,1.5,17.29722535078131,17.29722535078131
400.0,curved_S2a20,uniform,10.0,3,1.6552117772047352,1.5,10.347451813649016,10.347451813649016
400.0,curved_S2a20,uniform,10.0,4,1.6793090728662607,1.5,11.95393819108405,11.95393819108405
400.0,curved_S2a20,uniform,10.0,5,1.5281628066409505,1.5,1.8775204427300334,1.8775204427300334
400.0,curved_S2a20,uniform,10.0,6,1.7364453788268517,1.5,15.763025255123445,15.763025255123445
400.0,curved_S2a20,uniform,10.0,7,1.655211777204737,1.5,10.347451813649133,10.347451813649133
400.0,curved_S2a20,uniform,10.0,8,1.892954340080376,1.5,26.19695600535841,26.19695600535841
400.0,curved_S2a20,uniform,10.0,9,1.8213591849601165,1.5,21.423945664007768,21.423945664007768
400.0,curved_S2a20,uniform,10.0,10,1.7987499434080807,1.5,19.916662893872047,19.916662893872047
400.0,curved_S2a20,uniform,10.0,11,1.7229272245671117,1.5,14.861814971140777,14.861814971140777
400.0,curved_S2a20,uniform,10.0,12,1.7664675218775,1.5,17.764501458499993,17.764501458499993
400.0,curved_S2a20,uniform,10.0,13,1.8286260238861105,1.5,21.908401592407365,21.908401592407365
400.0,curved_S2a20,uniform,10.0,14,1.693269970717485,1.5,12.884664714498998,12.884664714498998
400.0,curved_S2a20,uniform,10.0,15,1.496643556774196,1.5,-0.2237628817202649,-0.2237628817202649
400.0,curved_S2a20,uniform,10.0,16,1.8240547193032204,1.5,21.603647953548023,21.603647953548023
400.0,curved_S2a20,uniform,10.0,17,1.5041420939904662,1.5,0.2761395993644111,0.2761395993644111
400.0,curved_S2a20,uniform,10.0,18,1.910947419812692,1.5,27.39649465417946,27.39649465417946
400.0,curved_S2a20,uniform,10.0,19,1.8973705736613145,1.5,26.491371577420963,26.491371577420963
400.0,curved_S2a20,uniform,10.0,20,1.6721917043569643,1.5,11.479446957130952,11.479446957130952
400.0,curved_S2a20,uniform,10.0,21,1.652221873635174,1.5,10.148124909011596,10.148124909011596
400.0,curved_S2a20,uniform,10.0,22,1.4528487282070186,1.5,-3.143418119532093,-3.143418119532093
400.0,curved_S2a20,uniform,10.0,23,1.5857880115062528,1.5,5.719200767083521,5.719200767083521
400.0,curved_S2a20,uniform,10.0,24,1.7189543699260703,1.5,14.596957995071355,14.596957995071355
400.0,curved_S2a20,uniform,10.0,25,2.0845204197440372,1.5,38.968027982935816,38.968027982935816
400.0,curved_S2a20,uniform,10.0,26,1.6850036556846124,1.5,12.333577045640826,12.333577045640826
400.0,curved_S2a20,uniform,10.0,27,1.9128324896747526,1.5,27.522165978316842,27.522165978316842
400.0,curved_S2a20,uniform,10.0,28,1.6868153314616507,1.5,12.454355430776715,12.454355430776715
400.0,curved_S2a20,uniform,10.0,29,1.5669054638457045,1.5,4.4603642563803,4.4603642563803
400.0,curved_S2a20,uniform,10.0,30,2.0336578411301978,1.5,35.57718940867985,35.57718940867985
400.0,curved_S2a20,uniform,11.0,1,1.6908715616222656,1.5,12.724770774817706,12.724770774817706
400.0,curved_S2a20,uniform,11.0,2,1.773708233041162,1.5,18.247215536077466,18.247215536077466
400.0,curved_S2a20,uniform,11.0,3,1.6518211042472393,1.5,10.121406949815952,10.121406949815952
400.0,curved_S2a20,uniform,11.0,4,1.6698004832854147,1.5,11.320032219027649,11.320032219027649
400.0,curved_S2a20,uniform,11.0,5,1.534923485012058,1.5,2.3282323341372075,2.3282323341372075
400.0,curved_S2a20,uniform,11.0,6,1.8266554145039695,1.5,21.777027633597967,21.777027633597967
400.0,curved_S2a20,uniform,11.0,7,1.6835429435398162,1.5,12.236196235987745,12.236196235987745
400.0,curved_S2a20,uniform,11.0,8,1.8832306370568763,1.5,25.548709137125087,25.548709137125087
400.0,curved_S2a20,uniform,11.0,9,1.8126458501993836,1.5,20.843056679958906,20.843056679958906
400.0,curved_S2a20,uniform,11.0,10,1.799539376871735,1.5,19.969291791448995,19.969291791448995
400.0,curved_S2a20,uniform,11.0,11,1.6982274794603422,1.5,13.21516529735615,13.21516529735615
400.0,curved_S2a20,uniform,11.0,12,1.8305204515028004,1.5,22.034696766853358,22.034696766853358
400.0,curved_S2a20,uniform,11.0,13,1.809850939883036,1.5,20.656729325535736,20.656729325535736
400.0,curved_S2a20,uniform,11.0,14,1.690690652743294,1.5,12.712710182886275,12.712710182886275
400.0,curved_S2a20,uniform,11.0,15,1.5123664197360185,1.5,0.8244279824012324,0.8244279824012324
400.0,curved_S2a20,uniform,11.0,16,1.6727033573874226,1.5,11.513557159161508,11.513557159161508
400.0,curved_S2a20,uniform,11.0,17,1.5203082281291767,1.5,1.3538818752784434,1.3538818752784434
400.0,curved_S2a20,uniform,11.0,18,1.9010857159064904,1.5,26.73904772709936,26.73904772709936
400.0,curved_S2a20,uniform,11.0,19,1.8785302091066578,1.5,25.235347273777187,25.235347273777187
400.0,curved_S2a20,uniform,11.0,20,1.662745363976213,1.5,10.84969093174754,10.84969093174754
400.0,curved_S2a20,uniform,11.0,21,1.636116885275022,1.5,9.074459018334807,9.074459018334807
400.0,curved_S2a20,uniform,11.0,22,1.457869534300157,1.5,-2.808697713322861,-2.808697713322861
400.0,curved_S2a20,uniform,11.0,23,1.5789651297145622,1.5,5.26434198097081,5.26434198097081
400.0,curved_S2a20,uniform,11.0,24,1.7037701949326312,1.5,13.584679662175411,13.584679662175411
400.0,curved_S2a20,uniform,11.0,25,2.0744231630695085,1.5,38.29487753796723,38.29487753796723
400.0,curved_S2a20,uniform,11.0,26,1.6354299087833195,1.5,9.028660585554633,9.028660585554633
400.0,curved_S2a20,uniform,11.0,27,1.909853399981655,1.5,27.323559998776997,27.323559998776997
400.0,curved_S2a20,uniform,11.0,28,1.7528508797830284,1.5,16.856725318868563,16.856725318868563
400.0,curved_S2a20,uniform,11.0,29,1.5944989013258606,1.5,6.299926755057372,6.299926755057372
400.0,curved_S2a20,uniform,11.0,30,2.190411867438052,1.5,46.02745782920348,46.02745782920348
400.0,curved_S2a20,uniform,20.0,1,1.7241379310344827,1.5,14.942528735632177,14.942528735632177
400.0,curved_S2a20,uniform,20.0,2,1.6108697362771518,1.5,7.39131575181012,7.39131575181012
400.0,curved_S2a20,uniform,20.0,3,1.6462159944159822,1.5,9.74773296106548,9.74773296106548
400.0,curved_S2a20,uniform,20.0,4,1.6724372392072093,1.5,11.495815947147287,11.495815947147287
400.0,curved_S2a20,uniform,20.0,5,1.6009850867777484,1.5,6.7323391185165615,6.7323391185165615
400.0,curved_S2a20,uniform,20.0,6,1.7626790518415858,1.5,17.511936789439055,17.511936789439055
400.0,curved_S2a20,uniform,20.0,7,1.6370312213248337,1.5,9.135414754988913,9.135414754988913
400.0,curved_S2a20,uniform,20.0,8,1.8524784151340958,1.5,23.498561008939724,23.498561008939724
400.0,curved_S2a20,uniform,20.0,9,1.8219668748379565,1.5,21.464458322530433,21.464458322530433
400.0,curved_S2a20,uniform,20.0,10,1.6889150591664197,1.5,12.594337277761314,12.594337277761314
400.0,curved_S2a20,uniform,20.0,11,1.7632476570392361,1.5,17.54984380261574,17.54984380261574
400.0,curved_S2a20,uniform,20.0,12,1.5657138101577235,1.5,4.380920677181566,4.380920677181566
400.0,curved_S2a20,uniform,20.0,13,1.6647668215703202,1.5,10.98445477135468,10.98445477135468
400.0,curved_S2a20,uniform,20.0,14,1.6841117149727032,1.5,12.274114331513546,12.274114331513546
400.0,curved_S2a20,uniform,20.0,15,1.646652382893348,1.5,9.776825526223194,9.776825526223194
400.0,curved_S2a20,uniform,20.0,16,1.5539074810160405,1.5,3.5938320677360323,3.5938320677360323
400.0,curved_S2a20,uniform,20.0,17,1.5882077480197234,1.5,5.880516534648228,5.880516534648228
400.0,curved_S2a20,uniform,20.0,18,1.8641121769435498,1.5,24.274145129569987,24.274145129569987
400.0,curved_S2a20,uniform,20.0,19,1.6924185438937474,1.5,12.827902926249823,12.827902926249823
400.0,curved_S2a20,uniform,20.0,20,1.5503306648098325,1.5,3.3553776539888336,3.3553776539888336
400.0,curved_S2a20,uniform,20.0,21,1.6356953817748734,1.5,9.04635878499156,9.04635878499156
400.0,curved_S2a20,uniform,20.0,22,1.4316058507073353,1.5,-4.5596099528443155,-4.5596099528443155
400.0,curved_S2a20,uniform,20.0,23,1.5255964724542221,1.5,1.7064314969481427,1.7064314969481427
400.0,curved_S2a20,uniform,20.0,24,1.6385509974220953,1.5,9.23673316147302,9.23673316147302
400.0,curved_S2a20,uniform,20.0,25,1.659327194747025,1.5,10.621812983134998,10.621812983134998
400.0,curved_S2a20,uniform,20.0,26,1.5889037089179068,1.5,5.926913927860452,5.926913927860452
400.0,curved_S2a20,uniform,20.0,27,1.6347954133287423,1.5,8.986360888582823,8.986360888582823
400.0,curved_S2a20,uniform,20.0,28,1.8044787139430483,1.5,20.29858092953655,20.29858092953655
400.0,curved_S2a20,uniform,20.0,29,1.64563763922353,1.5,9.709175948235327,9.709175948235327
400.0,curved_S2a20,uniform,20.0,30,2.0292219452182905,1.5,35.2814630145527,35.2814630145527
400.0,curved_S2a20,uniform,30.0,1,1.8320066230510301,1.5,22.133774870068677,22.133774870068677
400.0,curved_S2a20,uniform,30.0,2,1.4461694450913058,1.5,-3.58870366057961,-3.58870366057961
400.0,curved_S2a20,uniform,30.0,3,1.6447833142817294,1.5,9.652220952115293,9.652220952115293
400.0,curved_S2a20,uniform,30.0,4,1.6841690078368303,1.5,12.277933855788687,12.277933855788687
400.0,curved_S2a20,uniform,30.0,5,1.5868241148566289,1.5,5.7882743237752585,5.7882743237752585
400.0,curved_S2a20,uniform,30.0,6,1.6357552564609723,1.5,9.050350430731486,9.050350430731486
400.0,curved_S2a20,uniform,30.0,7,1.630603361495561,1.5,8.706890766370739,8.706890766370739
400.0,curved_S2a20,uniform,30.0,8,1.6202596491854573,1.5,8.017309945697153,8.017309945697153
400.0,curved_S2a20,uniform,30.0,9,1.7831573790537314,1.5,18.877158603582092,18.877158603582092
400.0,curved_S2a20,uniform,30.0,10,1.8057395947977104,1.5,20.382639653180693,20.382639653180693
400.0,curved_S2a20,uniform,30.0,11,1.6612634851755965,1.5,10.750899011706434,10.750899011706434
400.0,curved_S2a20,uniform,30.0,12,1.5446063955659781,1.5,2.9737597043985415,2.9737597043985415
400.0,curved_S2a20,uniform,30.0,13,1.6742057166984585,1.5,11.6137144465639,11.6137144465639
400.0,curved_S2a20,uniform,30.0,14,1.6878284954492526,1.5,12.521899696616842,12.521899696616842
400.0,curved_S2a20,uniform,30.0,15,1.6156281251460218,1.5,7.708541676401455,7.708541676401455
400.0,curved_S2a20,uniform,30.0,16,1.522383745891331,1.5,1.492249726088731,1.492249726088731
400.0,curved_S2a20,uniform,30.0,17,1.6348349022725275,1.5,8.988993484835166,8.988993484835166
400.0,curved_S2a20,uniform,30.0,18,1.8170340620961198,1.5,21.135604139741325,21.135604139741325
400.0,curved_S2a20,uniform,30.0,19,1.6774179584455688,1.5,11.827863896371255,11.827863896371255
400.0,curved_S2a20,uniform,30.0,20,1.5507137833740863,1.5,3.3809188916057518,3.3809188916057518
400.0,curved_S2a20,uniform,30.0,21,1.6584952804398998,1.5,10.566352029326653,10.566352029326653
400.0,curved_S2a20,uniform,30.0,22,1.4261641805651282,1.5,-4.922387962324789,-4.922387962324789
400.0,curved_S2a20,uniform,30.0,23,1.516365323749178,1.5,1.0910215832785397,1.0910215832785397
400.0,curved_S2a20,uniform,30.0,24,1.6413847946717377,1.5,9.425652978115846,9.425652978115846
400.0,curved_S2a20,uniform,30.0,25,1.6272982803320821,1.5,8.48655202213881,8.48655202213881
400.0,curved_S2a20,uniform,30.0,26,1.5769120192680566,1.5,5.127467951203771,5.127467951203771
400.0,curved_S2a20,uniform,30.0,27,1.4357477542269304,1.5,-4.283483051537976,-4.283483051537976
400.0,curved_S2a20,uniform,30.0,28,1.755941966967713,1.5,17.06279779784753,17.06279779784753
400.0,curved_S2a20,uniform,30.0,29,1.6076837984062056,1.5,7.178919893747038,7.178919893747038
400.0,curved_S2a20,uniform,30.0,30,1.7066284220911117,1.5,13.775228139407444,13.775228139407444
400.0,curved_S2a20,uniform,50.0,1,1.6746230846140637,1.5,11.641538974270915,11.641538974270915
400.0,curved_S2a20,uniform,50.0,2,1.4505708212708406,1.5,-3.295278581943961,-3.295278581943961
400.0,curved_S2a20,uniform,50.0,3,1.609556949949129,1.5,7.30379666327526,7.30379666327526
400.0,curved_S2a20,uniform,50.0,4,1.6591940762895134,1.5,10.612938419300894,10.612938419300894
400.0,curved_S2a20,uniform,50.0,5,1.5956036090747105,1.5,6.373573938314037,6.373573938314037
400.0,curved_S2a20,uniform,50.0,6,1.6144497804127196,1.5,7.629985360847972,7.629985360847972
400.0,curved_S2a20,uniform,50.0,7,1.6306033614955622,1.5,8.706890766370812,8.706890766370812
400.0,curved_S2a20,uniform,50.0,8,1.6216393898642145,1.5,8.109292657614303,8.109292657614303
400.0,curved_S2a20,uniform,50.0,9,1.637178750535389,1.5,9.145250035692598,9.145250035692598
400.0,curved_S2a20,uniform,50.0,10,1.5936367404564062,1.5,6.242449363760416,6.242449363760416
400.0,curved_S2a20,uniform,50.0,11,1.6062899040809109,1.5,7.085993605394059,7.085993605394059
400.0,curved_S2a20,uniform,50.0,12,1.5039737664772166,1.5,0.26491776514777265,0.26491776514777265
400.0,curved_S2a20,uniform,50.0,13,1.6874613873811808,1.5,12.497425825412051,12.497425825412051
400.0,curved_S2a20,uniform,50.0,14,1.6987947301675335,1.5,13.252982011168898,13.252982011168898
400.0,curved_S2a20,uniform,50.0,15,1.6231993461119503,1.5,8.213289740796686,8.213289740796686
400.0,curved_S2a20,uniform,50.0,16,1.4056372263187094,1.5,-6.29085157875271,-6.29085157875271
400.0,curved_S2a20,uniform,50.0,17,1.5999032976564804,1.5,6.660219843765362,6.660219843765362
400.0,curved_S2a20,uniform,50.0,18,1.687522246106399,1.5,12.501483073759934,12.501483073759934
400.0,curved_S2a20,uniform,50.0,19,1.6534604644264956,1.5,10.230697628433044,10.230697628433044
400.0,curved_S2a20,uniform,50.0,20,1.5510764543651432,1.5,3.4050969576762125,3.4050969576762125
400.0,curved_S2a20,uniform,50.0,21,1.6548338784606793,1.5,10.322258564045288,10.322258564045288
400.0,curved_S2a20,uniform,50.0,22,1.4301126297772548,1.5,-4.659158014849677,-4.659158014849677
400.0,curved_S2a20,uniform,50.0,23,1.5144103847261232,1.5,0.9606923150748811,0.9606923150748811
400.0,curved_S2a20,uniform,50.0,24,1.6510118579849724,1.5,10.06745719899816,10.06745719899816
400.0,curved_S2a20,uniform,50.0,25,1.6353254666526116,1.5,9.021697776840771,9.021697776840771
400.0,curved_S2a20,uniform,50.0,26,1.5179812006883606,1.5,1.1987467125573747,1.1987467125573747
400.0,curved_S2a20,uniform,50.0,27,1.4486669343481478,1.5,-3.42220437679015,-3.42220437679015
400.0,curved_S2a20,uniform,50.0,28,1.5423400105508853,1.5,2.8226673700590217,2.8226673700590217
400.0,curved_S2a20,uniform,50.0,29,1.6562688998325077,1.5,10.417926655500514,10.417926655500514
400.0,curved_S2a20,uniform,50.0,30,1.5232056489004775,1.5,1.547043260031833,1.547043260031833
400.0,curved_S2a20,uniform,78.5,1,1.610582968314755,1.5,7.372197887650334,7.372197887650334
400.0,curved_S2a20,uniform,78.5,2,1.4496983330559887,1.5,-3.3534444629340854,-3.3534444629340854
400.0,curved_S2a20,uniform,78.5,3,1.6095569499491345,1.5,7.30379666327563,7.30379666327563
400.0,curved_S2a20,uniform,78.5,4,1.6373262883272361,1.5,9.155085888482411,9.155085888482411
400.0,curved_S2a20,uniform,78.5,5,1.5778277701704806,1.5,5.188518011365373,5.188518011365373
400.0,curved_S2a20,uniform,78.5,6,1.619480772946234,1.5,7.965384863082263,7.965384863082263
400.0,curved_S2a20,uniform,78.5,7,1.6552117772047508,1.5,10.34745181365005,10.34745181365005
400.0,curved_S2a20,uniform,78.5,8,1.6367072456887382,1.5,9.113816379249212,9.113816379249212
400.0,curved_S2a20,uniform,78.5,9,1.6334095803116662,1.5,8.893972020777746,8.893972020777746
400.0,curved_S2a20,uniform,78.5,10,1.5728995199243192,1.5,4.859967994954614,4.859967994954614
400.0,curved_S2a20,uniform,78.5,11,1.6152029938286314,1.5,7.6801995885754275,7.6801995885754275
400.0,curved_S2a20,uniform,78.5,12,1.4887685724752922,1.5,-0.7487618349805232,-0.7487618349805232
400.0,curved_S2a20,uniform,78.5,13,1.6936430259834676,1.5,12.909535065564507,12.909535065564507
400.0,curved_S2a20,uniform,78.5,14,1.7011893854092537,1.5,13.412625693950245,13.412625693950245
400.0,curved_S2a20,uniform,78.5,15,1.6231993461119494,1.5,8.213289740796625,8.213289740796625
400.0,curved_S2a20,uniform,78.5,16,1.4106463163306435,1.5,-5.956912244623766,-5.956912244623766
400.0,curved_S2a20,uniform,78.5,17,1.6193360554640024,1.5,7.955737030933492,7.955737030933492
400.0,curved_S2a20,uniform,78.5,18,1.706474702851907,1.5,13.76498019012713,13.76498019012713
400.0,curved_S2a20,uniform,78.5,19,1.643236402315369,1.5,9.549093487691263,9.549093487691263
400.0,curved_S2a20,uniform,78.5,20,1.551076454365142,1.5,3.4050969576761383,3.4050969576761383
400.0,curved_S2a20,uniform,78.5,21,1.6481277601978408,1.5,9.875184013189386,9.875184013189386
400.0,curved_S2a20,uniform,78.5,22,1.4335176336061786,1.5,-4.432157759588096,-4.432157759588096
400.0,curved_S2a20,uniform,78.5,23,1.5117406606565453,1.5,0.7827107104363554,0.7827107104363554
400.0,curved_S2a20,uniform,78.5,24,1.6589337168692566,1.5,10.595581124617109,10.595581124617109
400.0,curved_S2a20,uniform,78.5,25,1.6138984574958815,1.5,7.59323049972543,7.59323049972543
400.0,curved_S2a20,uniform,78.5,26,1.5085016756043719,1.5,0.5667783736247916,0.5667783736247916
400.0,curved_S2a20,uniform,78.5,27,1.4569073180556436,1.5,-2.8728454629570965,-2.8728454629570965
400.0,curved_S2a20,uniform,78.5,28,1.5551516525646605,1.5,3.676776837644032,3.676776837644032
400.0,curved_S2a20,uniform,78.5,29,1.6573700338787603,1.5,10.49133559191735,10.49133559191735
400.0,curved_S2a20,uniform,78.5,30,1.543189182271822,1.5,2.879278818121467,2.879278818121467
400.0,curved_S2a20,uniform,100.0,1,1.6105829683147543,1.5,7.372197887650289,7.372197887650289
400.0,curved_S2a20,uniform,100.0,2,1.4461694450913056,1.5,-3.588703660579625,-3.588703660579625
400.0,curved_S2a20,uniform,100.0,3,1.6388488507578012,1.5,9.25659005052008,9.25659005052008
400.0,curved_S2a20,uniform,100.0,4,1.6393197869815561,1.5,9.287985798770409,9.287985798770409
400.0,curved_S2a20,uniform,100.0,5,1.5956036090747092,1.5,6.373573938313948,6.373573938313948
400.0,curved_S2a20,uniform,100.0,6,1.6212035773338158,1.5,8.080238488921054,8.080238488921054
400.0,curved_S2a20,uniform,100.0,7,1.6552117772047543,1.5,10.347451813650288,10.347451813650288
400.0,curved_S2a20,uniform,100.0,8,1.6367072456887386,1.5,9.11381637924924,9.11381637924924
400.0,curved_S2a20,uniform,100.0,9,1.633563114653914,1.5,8.904207643594269,8.904207643594269
400.0,curved_S2a20,uniform,100.0,10,1.5750802976715155,1.5,5.005353178101032,5.005353178101032
400.0,curved_S2a20,uniform,100.0,11,1.6145364490886922,1.5,7.635763272579481,7.635763272579481
400.0,curved_S2a20,uniform,100.0,12,1.4901230428673644,1.5,-0.6584638088423727,-0.6584638088423727
400.0,curved_S2a20,uniform,100.0,13,1.7067401551908286,1.5,13.782677012721903,13.782677012721903
400.0,curved_S2a20,uniform,100.0,14,1.693779309086738,1.5,12.918620605782527,12.918620605782527
400.0,curved_S2a20,uniform,100.0,15,1.6231993461119485,1.5,8.213289740796565,8.213289740796565
400.0,curved_S2a20,uniform,100.0,16,1.4144296723049132,1.5,-5.7046885130057845,-5.7046885130057845
400.0,curved_S2a20,uniform,100.0,17,1.6193360554640053,1.5,7.955737030933685,7.955737030933685
400.0,curved_S2a20,uniform,100.0,18,1.7081839630647508,1.5,13.878930870983389,13.878930870983389
400.0,curved_S2a20,uniform,100.0,19,1.6338449196421017,1.5,8.922994642806776,8.922994642806776
400.0,curved_S2a20,uniform,100.0,20,1.5510764543651427,1.5,3.4050969576761827,3.4050969576761827
400.0,curved_S2a20,uniform,100.0,21,1.6498949127746132,1.5,9.992994184974213,9.992994184974213
400.0,curved_S2a20,uniform,100.0,22,1.4335176336061772,1.5,-4.4321577595881845,-4.4321577595881845
400.0,curved_S2a20,uniform,100.0,23,1.516721015246322,1.5,1.114734349754798,1.114734349754798
400.0,curved_S2a20,uniform,100.0,24,1.672829262151935,1.5,11.521950810128995,11.521950810128995
400.0,curved_S2a20,uniform,100.0,25,1.6190355952340663,1.5,7.93570634893775,7.93570634893775
400.0,curved_S2a20,uniform,100.0,26,1.5209579683551948,1.5,1.397197890346321,1.397197890346321
400.0,curved_S2a20,uniform,100.0,27,1.4502656948852046,1.5,-3.3156203409863583,-3.3156203409863583
400.0,curved_S2a20,uniform,100.0,28,1.5615768143770636,1.5,4.105120958470909,4.105120958470909
400.0,curved_S2a20,uniform,100.0,29,1.6538530041390531,1.5,10.256866942603542,10.256866942603542
400.0,curved_S2a20,uniform,100.0,30,1.55337618913128,1.5,3.558412608752004,3.558412608752004
400.0,curved_S2a20,jitter,11.0,1,1.761994861678077,1.5,17.4663241118718,17.4663241118718
400.0,curved_S2a20,jitter,11.0,2,1.7618690329092437,1.5,17.45793552728291,17.45793552728291
400.0,curved_S2a20,jitter,11.0,3,1.663835144210963,1.5,10.922342947397528,10.922342947397528
400.0,curved_S2a20,jitter,11.0,4,1.6195526603578325,1.5,7.970177357188835,7.970177357188835
400.0,curved_S2a20,jitter,11.0,5,1.5311370007638585,1.5,2.0758000509239,2.0758000509239
400.0,curved_S2a20,jitter,11.0,6,2.1105314459656355,1.5,40.70209639770903,40.70209639770903
400.0,curved_S2a20,jitter,11.0,7,1.687928867537172,1.5,12.528591169144798,12.528591169144798
400.0,curved_S2a20,jitter,11.0,8,1.7131482817240824,1.5,14.20988544827216,14.20988544827216
400.0,curved_S2a20,jitter,11.0,9,1.9006011789302197,1.5,26.706745262014646,26.706745262014646
400.0,curved_S2a20,jitter,11.0,10,1.7022389710284762,1.5,13.48259806856508,13.48259806856508
400.0,curved_S2a20,jitter,11.0,11,1.9129029335123051,1.5,27.526862234153676,27.526862234153676
400.0,curved_S2a20,jitter,11.0,12,1.6990691650764607,1.5,13.271277671764045,13.271277671764045
400.0,curved_S2a20,jitter,11.0,13,2.056325597449188,1.5,37.0883731632792,37.0883731632792
400.0,curved_S2a20,jitter,11.0,14,1.8046784998805359,1.5,20.311899992035723,20.311899992035723
400.0,curved_S2a20,jitter,11.0,15,1.686934168028059,1.5,12.462277868537264,12.462277868537264
400.0,curved_S2a20,jitter,11.0,16,1.7248248552081877,1.5,14.988323680545848,14.988323680545848
400.0,curved_S2a20,jitter,11.0,17,1.575085290716664,1.5,5.005686047777594,5.005686047777594
400.0,curved_S2a20,jitter,11.0,18,2.0630863705692173,1.5,37.53909137128115,37.53909137128115
400.0,curved_S2a20,jitter,11.0,19,1.7401175489107772,1.5,16.007836594051813,16.007836594051813
400.0,curved_S2a20,jitter,11.0,20,1.6443232156016339,1.5,9.62154770677559,9.62154770677559
400.0,curved_S2a20,jitter,11.0,21,1.7050210949545965,1.5,13.668072996973102,13.668072996973102
400.0,curved_S2a20,jitter,11.0,22,1.4007608197437935,1.5,-6.6159453504137655,-6.6159453504137655
400.0,curved_S2a20,jitter,11.0,23,1.612903225806451,1.5,7.5268817204300715,7.5268817204300715
400.0,curved_S2a20,jitter,11.0,24,1.7227464866867583,1.5,14.849765779117222,14.849765779117222
400.0,curved_S2a20,jitter,11.0,25,2.1315496830454377,1.5,42.10331220302918,42.10331220302918
400.0,curved_S2a20,jitter,11.0,26,1.6996271451967289,1.5,13.308476346448591,13.308476346448591
400.0,curved_S2a20,jitter,11.0,27,1.7243319149348073,1.5,14.955460995653821,14.955460995653821
400.0,curved_S2a20,jitter,11.0,28,1.681148522618957,1.5,12.07656817459714,12.07656817459714
400.0,curved_S2a20,jitter,11.0,29,1.6731065132389327,1.5,11.540434215928846,11.540434215928846
400.0,curved_S2a20,jitter,11.0,30,2.806082875237684,1.5,87.07219168251227,87.07219168251227
400.0,curved_S2a20,jitter,30.0,1,2.215882348592859,1.5,47.72548990619061,47.72548990619061
400.0,curved_S2a20,jitter,30.0,2,2.461366954204596,1.5,64.0911302803064,64.0911302803064
400.0,curved_S2a20,jitter,30.0,3,1.8228429737942253,1.5,21.522864919615024,21.522864919615024
400.0,curved_S2a20,jitter,30.0,4,1.484707396252935,1.5,-1.019506916471006,-1.019506916471006
400.0,curved_S2a20,jitter,30.0,5,1.6609471671921459,1.5,10.729811146143058,10.729811146143058
400.0,curved_S2a20,jitter,30.0,6,2.850813096812813,1.5,90.05420645418752,90.05420645418752
400.0,curved_S2a20,jitter,30.0,7,1.603049978859897,1.5,6.869998590659805,6.869998590659805
400.0,curved_S2a20,jitter,30.0,8,1.4057344412218218,1.5,-6.284370585211881,-6.284370585211881
400.0,curved_S2a20,jitter,30.0,9,2.3092505527393943,1.5,53.95003684929295,53.95003684929295
400.0,curved_S2a20,jitter,30.0,10,1.6730399724419966,1.5,11.535998162799777,11.535998162799777
400.0,curved_S2a20,jitter,30.0,11,2.579646476144008,1.5,71.97643174293388,71.97643174293388
400.0,curved_S2a20,jitter,30.0,12,1.6510298156514096,1.5,10.06865437676064,10.06865437676064
400.0,curved_S2a20,jitter,30.0,13,2.354827063576315,1.5,56.988470905087674,56.988470905087674
400.0,curved_S2a20,jitter,30.0,14,1.6650332057264416,1.5,11.00221371509611,11.00221371509611
400.0,curved_S2a20,jitter,30.0,15,1.7952969068819709,1.5,19.68646045879806,19.68646045879806
400.0,curved_S2a20,jitter,30.0,16,2.352778360072339,1.5,56.85189067148926,56.85189067148926
400.0,curved_S2a20,jitter,30.0,17,1.8062786995975735,1.5,20.418579973171568,20.418579973171568
400.0,curved_S2a20,jitter,30.0,18,1.9641855032959685,1.5,30.945700219731236,30.945700219731236
400.0,curved_S2a20,jitter,30.0,19,2.3293351888401874,1.5,55.28901258934583,55.28901258934583
400.0,curved_S2a20,jitter,30.0,20,2.078826874815157,1.5,38.58845832101047,38.58845832101047
400.0,curved_S2a20,jitter,30.0,21,2.4338146166063925,1.5,62.2543077737595,62.2543077737595
400.0,curved_S2a20,jitter,30.0,22,1.7098528222033198,1.5,13.990188146887986,13.990188146887986
400.0,curved_S2a20,jitter,30.0,23,2.2252223757667036,1.5,48.348158384446904,48.348158384446904
400.0,curved_S2a20,jitter,30.0,24,1.8598146135767464,1.5,23.987640905116425,23.987640905116425
400.0,curved_S2a20,jitter,30.0,25,1.9860987367542575,1.5,32.406582450283835,32.406582450283835
400.0,curved_S2a20,jitter,30.0,26,1.6443232156016347,1.5,9.621547706775651,9.621547706775651
400.0,curved_S2a20,jitter,30.0,27,1.5240308006046006,1.5,1.6020533736400406,1.6020533736400406
400.0,curved_S2a20,jitter,30.0,28,1.6316768597692237,1.5,8.778457317948247,8.778457317948247
400.0,curved_S2a20,jitter,30.0,29,2.1910043664958474,1.5,46.06695776638983,46.06695776638983
400.0,curved_S2a20,jitter,30.0,30,2.8284271247461934,1.5,88.5618083164129,88.5618083164129
400.0,curved_S2a20,jitter,78.5,1,1.9338378061219523,1.5,28.922520408130154,28.922520408130154
400.0,curved_S2a20,jitter,78.5,2,3.367175148507344,1.5,124.47834323382293,124.47834323382293
400.0,curved_S2a20,jitter,78.5,3,2.0263419896361214,1.5,35.08946597574143,35.08946597574143
400.0,curved_S2a20,jitter,78.5,4,1.6812981521051622,1.5,12.08654347367748,12.08654347367748
400.0,curved_S2a20,jitter,78.5,5,1.6677995078598615,1.5,11.186633857324102,11.186633857324102
400.0,curved_S2a20,jitter,78.5,6,4.2998477942903435,1.5,186.65651961935623,186.65651961935623
400.0,curved_S2a20,jitter,78.5,7,2.054442568697214,1.5,36.96283791314761,36.96283791314761
400.0,curved_S2a20,jitter,78.5,8,2.064629084507255,1.5,37.64193896715034,37.64193896715034
400.0,curved_S2a20,jitter,78.5,9,2.6261286571944447,1.5,75.07524381296298,75.07524381296298
400.0,curved_S2a20,jitter,78.5,10,3.400434183481846,1.5,126.69561223212307,126.69561223212307
400.0,curved_S2a20,jitter,78.5,11,3.4677126745859854,1.5,131.18084497239903,131.18084497239903
400.0,curved_S2a20,jitter,78.5,12,3.0862352012861214,1.5,105.74901341907477,105.74901341907477
400.0,curved_S2a20,jitter,78.5,13,1.8886758459928883,1.5,25.911723066192554,25.911723066192554
400.0,curved_S2a20,jitter,78.5,14,2.5427161214477483,1.5,69.51440809651656,69.51440809651656
400.0,curved_S2a20,jitter,78.5,15,1.5421158465515785,1.5,2.807723103438568,2.807723103438568
400.0,curved_S2a20,jitter,78.5,16,2.167461119345902,1.5,44.49740795639346,44.49740795639346
400.0,curved_S2a20,jitter,78.5,17,2.0810764446485837,1.5,38.73842964323891,38.73842964323891
400.0,curved_S2a20,jitter,78.5,18,3.7038216789315634,1.5,146.9214452621042,146.9214452621042
400.0,curved_S2a20,jitter,78.5,19,2.380277794628904,1.5,58.68518630859359,58.68518630859359
400.0,curved_S2a20,jitter,78.5,20,2.896422231817464,1.5,93.09481545449762,93.09481545449762
400.0,curved_S2a20,jitter,78.5,21,2.4779852148975197,1.5,65.19901432650131,65.19901432650131
400.0,curved_S2a20,jitter,78.5,22,2.8532009581332565,1.5,90.21339720888376,90.21339720888376
400.0,curved_S2a20,jitter,78.5,23,2.516881537140479,1.5,67.79210247603193,67.79210247603193
400.0,curved_S2a20,jitter,78.5,24,3.0102220083806883,1.5,100.68146722537922,100.68146722537922
400.0,curved_S2a20,jitter,78.5,25,2.4709849764039094,1.5,64.73233176026062,64.73233176026062
400.0,curved_S2a20,jitter,78.5,26,3.1459895398689675,1.5,109.7326359912645,109.7326359912645
400.0,curved_S2a20,jitter,78.5,27,2.596325552317177,1.5,73.08837015447848,73.08837015447848
400.0,curved_S2a20,jitter,78.5,28,3.246137365805989,1.5,116.40915772039928,116.40915772039928
400.0,curved_S2a20,jitter,78.5,29,2.5641025641025634,1.5,70.9401709401709,70.9401709401709
400.0,curved_S2a20,jitter,78.5,30,2.496534994869765,1.5,66.43566632465098,66.43566632465098
