t_max,front,mode,tau_s,seed,dir_err,speed_err,n_nonsink,n_died,n_missed,n_confirmed,coverage
120.0,straight_S1,uniform,0.0,1,2.115247425243427,-0.09611126160412967,15,15,0,13,13
120.0,straight_S1,uniform,0.0,2,2.115247425243427,-0.09611126160412967,15,15,0,13,13
120.0,straight_S1,uniform,0.0,3,2.115247425243427,-0.09611126160412967,15,15,0,13,13
120.0,straight_S1,uniform,0.0,4,2.115247425243427,-0.09611126160412967,15,15,0,13,13
120.0,straight_S1,uniform,0.0,5,2.115247425243427,-0.09611126160412967,15,15,0,13,13
120.0,straight_S1,uniform,0.0,6,2.115247425243427,-0.09611126160412967,15,15,0,13,13
120.0,straight_S1,uniform,0.0,7,2.115247425243427,-0.09611126160412967,15,15,0,13,13
120.0,straight_S1,uniform,0.0,8,2.115247425243427,-0.09611126160412967,15,15,0,13,13
120.0,straight_S1,uniform,0.0,9,2.115247425243427,-0.09611126160412967,15,15,0,13,13
120.0,straight_S1,uniform,0.0,10,2.115247425243427,-0.09611126160412967,15,15,0,13,13
120.0,straight_S1,uniform,0.0,11,2.115247425243427,-0.09611126160412967,15,15,0,13,13
120.0,straight_S1,uniform,0.0,12,2.115247425243427,-0.09611126160412967,15,15,0,13,13
120.0,straight_S1,uniform,0.0,13,2.115247425243427,-0.09611126160412967,15,15,0,13,13
120.0,straight_S1,uniform,0.0,14,2.115247425243427,-0.09611126160412967,15,15,0,13,13
120.0,straight_S1,uniform,0.0,15,2.115247425243427,-0.09611126160412967,15,15,0,13,13
120.0,straight_S1,uniform,0.0,16,2.115247425243427,-0.09611126160412967,15,15,0,13,13
120.0,straight_S1,uniform,0.0,17,2.115247425243427,-0.09611126160412967,15,15,0,13,13
120.0,straight_S1,uniform,0.0,18,2.115247425243427,-0.09611126160412967,15,15,0,13,13
120.0,straight_S1,uniform,0.0,19,2.115247425243427,-0.09611126160412967,15,15,0,13,13
120.0,straight_S1,uniform,0.0,20,2.115247425243427,-0.09611126160412967,15,15,0,13,13
120.0,straight_S1,uniform,0.0,21,2.115247425243427,-0.09611126160412967,15,15,0,13,13
120.0,straight_S1,uniform,0.0,22,2.115247425243427,-0.09611126160412967,15,15,0,13,13
120.0,straight_S1,uniform,0.0,23,2.115247425243427,-0.09611126160412967,15,15,0,13,13
120.0,straight_S1,uniform,0.0,24,2.115247425243427,-0.09611126160412967,15,15,0,13,13
120.0,straight_S1,uniform,0.0,25,2.115247425243427,-0.09611126160412967,15,15,0,13,13
120.0,straight_S1,uniform,0.0,26,2.115247425243427,-0.09611126160412967,15,15,0,13,13
120.0,straight_S1,uniform,0.0,27,2.115247425243427,-0.09611126160412967,15,15,0,13,13
120.0,straight_S1,uniform,0.0,28,2.115247425243427,-0.09611126160412967,15,15,0,13,13
120.0,straight_S1,uniform,0.0,29,2.115247425243427,-0.09611126160412967,15,15,0,13,13
120.0,straight_S1,uniform,0.0,30,2.115247425243427,-0.09611126160412967,15,15,0,13,13
120.0,straight_S1,uniform,2.0,1,0.7234369133717049,1.004948353632651,15,15,0,13,13
120.0,straight_S1,uniform,2.0,2,0.7234369133717049,1.004948353632651,15,15,0,13,13
120.0,straight_S1,uniform,2.0,3,0.7234369133717049,1.004948353632651,15,15,0,13,13
120.0,straight_S1,uniform,2.0,4,0.7234369133717049,1.004948353632651,15,15,0,13,13
120.0,straight_S1,uniform,2.0,5,0.7234369133717049,1.004948353632651,15,15,0,13,13
120.0,straight_S1,uniform,2.0,6,0.7234369133717049,1.004948353632651,15,15,0,13,13
120.0,straight_S1,uniform,2.0,7,0.7234369133717049,1.004948353632651,15,15,0,13,13
120.0,straight_S1,uniform,2.0,8,0.7234369133717049,1.004948353632651,15,15,0,13,13
120.0,straight_S1,uniform,2.0,9,0.7234369133717049,1.004948353632651,15,15,0,13,13
120.0,straight_S1,uniform,2.0,10,0.7234369133717049,1.004948353632651,15,15,0,13,13
120.0,straight_S1,uniform,2.0,11,0.7234369133717049,1.004948353632651,15,15,0,13,13
120.0,straight_S1,uniform,2.0,12,0.7234369133717049,1.004948353632651,15,15,0,13,13
120.0,straight_S1,uniform,2.0,13,0.7234369133717049,1.004948353632651,15,15,0,13,13
120.0,straight_S1,uniform,2.0,14,0.7234369133717049,1.004948353632651,15,15,0,13,13
120.0,straight_S1,uniform,2.0,15,0.7234369133717049,1.004948353632651,15,15,0,13,13
120.0,straight_S1,uniform,2.0,16,0.7234369133717049,1.004948353632651,15,15,0,13,13
120.0,straight_S1,uniform,2.0,17,0.7234369133717049,1.004948353632651,15,15,0,13,13
120.0,straight_S1,uniform,2.0,18,0.7234369133717049,1.004948353632651,15,15,0,13,13
120.0,straight_S1,uniform,2.0,19,0.7234369133717049,1.004948353632651,15,15,0,13,13
120.0,straight_S1,uniform,2.0,20,0.7234369133717049,1.004948353632651,15,15,0,13,13
120.0,straight_S1,uniform,2.0,21,0.7234369133717049,1.004948353632651,15,15,0,13,13
120.0,straight_S1,uniform,2.0,22,0.7234369133717049,1.004948353632651,15,15,0,13,13
120.0,straight_S1,uniform,2.0,23,0.7234369133717049,1.004948353632651,15,15,0,13,13
120.0,straight_S1,uniform,2.0,24,0.7234369133717049,1.004948353632651,15,15,0,13,13
120.0,straight_S1,uniform,2.0,25,0.7234369133717049,1.004948353632651,15,15,0,13,13
120.0,straight_S1,uniform,2.0,26,0.7234369133717049,1.004948353632651,15,15,0,13,13
120.0,straight_S1,uniform,2.0,27,0.7234369133717049,1.004948353632651,15,15,0,13,13
120.0,straight_S1,uniform,2.0,28,0.7234369133717049,1.004948353632651,15,15,0,13,13
120.0,straight_S1,uniform,2.0,29,0.7234369133717049,1.004948353632651,15,15,0,13,13
120.0,straight_S1,uniform,2.0,30,0.7234369133717049,1.004948353632651,15,15,0,13,13
120.0,straight_S1,uniform,5.0,1,0.41645922725015944,2.1701534344853,15,15,0,13,13
120.0,straight_S1,uniform,5.0,2,0.41645922725015944,2.1701534344853,15,15,0,13,13
120.0,straight_S1,uniform,5.0,3,0.41645922725015944,2.1701534344853,15,15,0,13,13
120.0,straight_S1,uniform,5.0,4,0.41645922725015944,2.1701534344853,15,15,0,13,13
120.0,straight_S1,uniform,5.0,5,0.41645922725015944,2.1701534344853,15,15,0,13,13
120.0,straight_S1,uniform,5.0,6,0.41645922725015944,2.1701534344853,15,15,0,13,13
120.0,straight_S1,uniform,5.0,7,0.41645922725015944,2.1701534344853,15,15,0,13,13
120.0,straight_S1,uniform,5.0,8,0.41645922725015944,2.1701534344853,15,15,0,13,13
120.0,straight_S1,uniform,5.0,9,0.41645922725015944,2.1701534344853,15,15,0,13,13
120.0,straight_S1,uniform,5.0,10,0.41645922725015944,2.1701534344853,15,15,0,13,13
120.0,straight_S1,uniform,5.0,11,0.41645922725015944,2.1701534344853,15,15,0,13,13
120.0,straight_S1,uniform,5.0,12,0.41645922725015944,2.1701534344853,15,15,0,13,13
120.0,straight_S1,uniform,5.0,13,0.41645922725015944,2.1701534344853,15,15,0,13,13
120.0,straight_S1,uniform,5.0,14,0.41645922725015944,2.1701534344853,15,15,0,13,13
120.0,straight_S1,uniform,5.0,15,0.41645922725015944,2.1701534344853,15,15,0,13,13
120.0,straight_S1,uniform,5.0,16,0.41645922725015944,2.1701534344853,15,15,0,13,13
120.0,straight_S1,uniform,5.0,17,0.41645922725015944,2.1701534344853,15,15,0,13,13
120.0,straight_S1,uniform,5.0,18,0.41645922725015944,2.1701534344853,15,15,0,13,13
120.0,straight_S1,uniform,5.0,19,0.41645922725015944,2.1701534344853,15,15,0,13,13
120.0,straight_S1,uniform,5.0,20,0.41645922725015944,2.1701534344853,15,15,0,13,13
120.0,straight_S1,uniform,5.0,21,0.41645922725015944,2.1701534344853,15,15,0,13,13
120.0,straight_S1,uniform,5.0,22,0.41645922725015944,2.1701534344853,15,15,0,13,13
120.0,straight_S1,uniform,5.0,23,0.41645922725015944,2.1701534344853,15,15,0,13,13
120.0,straight_S1,uniform,5.0,24,0.41645922725015944,2.1701534344853,15,15,0,13,13
120.0,straight_S1,uniform,5.0,25,0.41645922725015944,2.1701534344853,15,15,0,13,13
120.0,straight_S1,uniform,5.0,26,0.41645922725015944,2.1701534344853,15,15,0,13,13
120.0,straight_S1,uniform,5.0,27,0.41645922725015944,2.1701534344853,15,15,0,13,13
120.0,straight_S1,uniform,5.0,28,0.41645922725015944,2.1701534344853,15,15,0,13,13
120.0,straight_S1,uniform,5.0,29,0.41645922725015944,2.1701534344853,15,15,0,13,13
120.0,straight_S1,uniform,5.0,30,0.41645922725015944,2.1701534344853,15,15,0,13,13
120.0,straight_S1,uniform,10.0,1,0.23507880857104993,1.2194485942839042,15,15,0,13,13
120.0,straight_S1,uniform,10.0,2,0.23507880857104993,1.2194485942839042,15,15,0,13,13
120.0,straight_S1,uniform,10.0,3,0.23507880857104993,1.2194485942839042,15,15,0,13,13
120.0,straight_S1,uniform,10.0,4,0.23507880857104993,1.2194485942839042,15,15,0,13,13
120.0,straight_S1,uniform,10.0,5,0.23507880857104993,1.2194485942839042,15,15,0,13,13
120.0,straight_S1,uniform,10.0,6,0.23507880857104993,1.2194485942839042,15,15,0,13,13
120.0,straight_S1,uniform,10.0,7,0.23507880857104993,1.2194485942839042,15,15,0,13,13
120.0,straight_S1,uniform,10.0,8,0.23507880857104993,1.2194485942839042,15,15,0,13,13
120.0,straight_S1,uniform,10.0,9,0.23507880857104993,1.2194485942839042,15,15,0,13,13
120.0,straight_S1,uniform,10.0,10,0.23507880857104993,1.2194485942839042,15,15,0,13,13
120.0,straight_S1,uniform,10.0,11,0.23507880857104993,1.2194485942839042,15,15,0,13,13
120.0,straight_S1,uniform,10.0,12,0.23507880857104993,1.2194485942839042,15,15,0,13,13
120.0,straight_S1,uniform,10.0,13,0.23507880857104993,1.2194485942839042,15,15,0,13,13
120.0,straight_S1,uniform,10.0,14,0.23507880857104993,1.2194485942839042,15,15,0,13,13
120.0,straight_S1,uniform,10.0,15,0.23507880857104993,1.2194485942839042,15,15,0,13,13
120.0,straight_S1,uniform,10.0,16,0.23507880857104993,1.2194485942839042,15,15,0,13,13
120.0,straight_S1,uniform,10.0,17,0.23507880857104993,1.2194485942839042,15,15,0,13,13
120.0,straight_S1,uniform,10.0,18,0.23507880857104993,1.2194485942839042,15,15,0,13,13
120.0,straight_S1,uniform,10.0,19,0.23507880857104993,1.2194485942839042,15,15,0,13,13
120.0,straight_S1,uniform,10.0,20,0.23507880857104993,1.2194485942839042,15,15,0,13,13
120.0,straight_S1,uniform,10.0,21,0.23507880857104993,1.2194485942839042,15,15,0,13,13
120.0,straight_S1,uniform,10.0,22,0.23507880857104993,1.2194485942839042,15,15,0,13,13
120.0,straight_S1,uniform,10.0,23,0.23507880857104993,1.2194485942839042,15,15,0,13,13
120.0,straight_S1,uniform,10.0,24,0.23507880857104993,1.2194485942839042,15,15,0,13,13
120.0,straight_S1,uniform,10.0,25,0.23507880857104993,1.2194485942839042,15,15,0,13,13
120.0,straight_S1,uniform,10.0,26,0.23507880857104993,1.2194485942839042,15,15,0,13,13
120.0,straight_S1,uniform,10.0,27,0.23507880857104993,1.2194485942839042,15,15,0,13,13
120.0,straight_S1,uniform,10.0,28,0.23507880857104993,1.2194485942839042,15,15,0,13,13
120.0,straight_S1,uniform,10.0,29,0.23507880857104993,1.2194485942839042,15,15,0,13,13
120.0,straight_S1,uniform,10.0,30,0.23507880857104993,1.2194485942839042,15,15,0,13,13
120.0,straight_S1,uniform,11.0,1,0.38133543576908435,1.219448594283771,15,15,0,13,13
120.0,straight_S1,uniform,11.0,2,0.38133543576908435,1.219448594283771,15,15,0,13,13
120.0,straight_S1,uniform,11.0,3,0.38133543576908435,1.219448594283771,15,15,0,13,13
120.0,straight_S1,uniform,11.0,4,0.38133543576908435,1.219448594283771,15,15,0,13,13
120.0,straight_S1,uniform,11.0,5,0.38133543576908435,1.219448594283771,15,15,0,13,13
120.0,straight_S1,uniform,11.0,6,0.38133543576908435,1.219448594283771,15,15,0,13,13
120.0,straight_S1,uniform,11.0,7,0.38133543576908435,1.219448594283771,15,15,0,13,13
120.0,straight_S1,uniform,11.0,8,0.38133543576908435,1.219448594283771,15,15,0,13,13
120.0,straight_S1,uniform,11.0,9,0.38133543576908435,1.219448594283771,15,15,0,13,13
120.0,straight_S1,uniform,11.0,10,0.38133543576908435,1.219448594283771,15,15,0,13,13
120.0,straight_S1,uniform,11.0,11,0.38133543576908435,1.219448594283771,15,15,0,13,13
120.0,straight_S1,uniform,11.0,12,0.38133543576908435,1.219448594283771,15,15,0,13,13
120.0,straight_S1,uniform,11.0,13,0.38133543576908435,1.219448594283771,15,15,0,13,13
120.0,straight_S1,uniform,11.0,14,0.38133543576908435,1.219448594283771,15,15,0,13,13
120.0,straight_S1,uniform,11.0,15,0.38133543576908435,1.219448594283771,15,15,0,13,13
120.0,straight_S1,uniform,11.0,16,0.38133543576908435,1.219448594283771,15,15,0,13,13
120.0,straight_S1,uniform,11.0,17,0.38133543576908435,1.219448594283771,15,15,0,13,13
120.0,straight_S1,uniform,11.0,18,0.38133543576908435,1.219448594283771,15,15,0,13,13
120.0,straight_S1,uniform,11.0,19,0.38133543576908435,1.219448594283771,15,15,0,13,13
120.0,straight_S1,uniform,11.0,20,0.38133543576908435,1.219448594283771,15,15,0,13,13
120.0,straight_S1,uniform,11.0,21,0.38133543576908435,1.219448594283771,15,15,0,13,13
120.0,straight_S1,uniform,11.0,22,0.38133543576908435,1.219448594283771,15,15,0,13,13
120.0,straight_S1,uniform,11.0,23,0.38133543576908435,1.219448594283771,15,15,0,13,13
120.0,straight_S1,uniform,11.0,24,0.38133543576908435,1.219448594283771,15,15,0,13,13
120.0,straight_S1,uniform,11.0,25,0.38133543576908435,1.219448594283771,15,15,0,13,13
120.0,straight_S1,uniform,11.0,26,0.38133543576908435,1.219448594283771,15,15,0,13,13
120.0,straight_S1,uniform,11.0,27,0.38133543576908435,1.219448594283771,15,15,0,13,13
120.0,straight_S1,uniform,11.0,28,0.38133543576908435,1.219448594283771,15,15,0,13,13
120.0,straight_S1,uniform,11.0,29,0.38133543576908435,1.219448594283771,15,15,0,13,13
120.0,straight_S1,uniform,11.0,30,0.38133543576908435,1.219448594283771,15,15,0,13,13
120.0,straight_S1,uniform,20.0,1,0.40330608765715276,2.280049526364432,15,15,0,13,13
120.0,straight_S1,uniform,20.0,2,0.40330608765715276,2.280049526364432,15,15,0,13,13
120.0,straight_S1,uniform,20.0,3,0.40330608765715276,2.280049526364432,15,15,0,13,13
120.0,straight_S1,uniform,20.0,4,0.40330608765715276,2.280049526364432,15,15,0,13,13
120.0,straight_S1,uniform,20.0,5,0.40330608765715276,2.280049526364432,15,15,0,13,13
120.0,straight_S1,uniform,20.0,6,0.40330608765715276,2.280049526364432,15,15,0,13,13
120.0,straight_S1,uniform,20.0,7,0.40330608765715276,2.280049526364432,15,15,0,13,13
120.0,straight_S1,uniform,20.0,8,0.40330608765715276,2.280049526364432,15,15,0,13,13
120.0,straight_S1,uniform,20.0,9,0.40330608765715276,2.280049526364432,15,15,0,13,13
120.0,straight_S1,uniform,20.0,10,0.40330608765715276,2.280049526364432,15,15,0,13,13
120.0,straight_S1,uniform,20.0,11,0.40330608765715276,2.280049526364432,15,15,0,13,13
120.0,straight_S1,uniform,20.0,12,0.40330608765715276,2.280049526364432,15,15,0,13,13
120.0,straight_S1,uniform,20.0,13,0.40330608765715276,2.280049526364432,15,15,0,13,13
120.0,straight_S1,uniform,20.0,14,0.40330608765715276,2.280049526364432,15,15,0,13,13
120.0,straight_S1,uniform,20.0,15,0.40330608765715276,2.280049526364432,15,15,0,13,13
120.0,straight_S1,uniform,20.0,16,0.40330608765715276,2.280049526364432,15,15,0,13,13
120.0,straight_S1,uniform,20.0,17,0.40330608765715276,2.280049526364432,15,15,0,13,13
120.0,straight_S1,uniform,20.0,18,0.40330608765715276,2.280049526364432,15,15,0,13,13
120.0,straight_S1,uniform,20.0,19,0.40330608765715276,2.280049526364432,15,15,0,13,13
120.0,straight_S1,uniform,20.0,20,0.40330608765715276,2.280049526364432,15,15,0,13,13
120.0,straight_S1,uniform,20.0,21,0.40330608765715276,2.280049526364432,15,15,0,13,13
120.0,straight_S1,uniform,20.0,22,0.40330608765715276,2.280049526364432,15,15,0,13,13
120.0,straight_S1,uniform,20.0,23,0.40330608765715276,2.280049526364432,15,15,0,13,13
120.0,straight_S1,uniform,20.0,24,0.40330608765715276,2.280049526364432,15,15,0,13,13
120.0,straight_S1,uniform,20.0,25,0.40330608765715276,2.280049526364432,15,15,0,13,13
120.0,straight_S1,uniform,20.0,26,0.40330608765715276,2.280049526364432,15,15,0,13,13
120.0,straight_S1,uniform,20.0,27,0.40330608765715276,2.280049526364432,15,15,0,13,13
120.0,straight_S1,uniform,20.0,28,0.40330608765715276,2.280049526364432,15,15,0,13,13
120.0,straight_S1,uniform,20.0,29,0.40330608765715276,2.280049526364432,15,15,0,13,13
120.0,straight_S1,uniform,20.0,30,0.40330608765715276,2.280049526364432,15,15,0,13,13
120.0,straight_S1,uniform,30.0,1,0.1678349704068237,2.1701534344852558,15,15,0,13,13
120.0,straight_S1,uniform,30.0,2,0.1678349704068237,2.1701534344852558,15,15,0,13,13
120.0,straight_S1,uniform,30.0,3,0.1678349704068237,2.1701534344852558,15,15,0,13,13
120.0,straight_S1,uniform,30.0,4,0.1678349704068237,2.1701534344852558,15,15,0,13,13
120.0,straight_S1,uniform,30.0,5,0.1678349704068237,2.1701534344852558,15,15,0,13,13
120.0,straight_S1,uniform,30.0,6,0.1678349704068237,2.1701534344852558,15,15,0,13,13
120.0,straight_S1,uniform,30.0,7,0.1678349704068237,2.1701534344852558,15,15,0,13,13
120.0,straight_S1,uniform,30.0,8,0.1678349704068237,2.1701534344852558,15,15,0,13,13
120.0,straight_S1,uniform,30.0,9,0.1678349704068237,2.1701534344852558,15,15,0,13,13
120.0,straight_S1,uniform,30.0,10,0.1678349704068237,2.1701534344852558,15,15,0,13,13
120.0,straight_S1,uniform,30.0,11,0.1678349704068237,2.1701534344852558,15,15,0,13,13
120.0,straight_S1,uniform,30.0,12,0.1678349704068237,2.1701534344852558,15,15,0,13,13
120.0,straight_S1,uniform,30.0,13,0.1678349704068237,2.1701534344852558,15,15,0,13,13
120.0,straight_S1,uniform,30.0,14,0.1678349704068237,2.1701534344852558,15,15,0,13,13
120.0,straight_S1,uniform,30.0,15,0.1678349704068237,2.1701534344852558,15,15,0,13,13
120.0,straight_S1,uniform,30.0,16,0.1678349704068237,2.1701534344852558,15,15,0,13,13
120.0,straight_S1,uniform,30.0,17,0.1678349704068237,2.1701534344852558,15,15,0,13,13
120.0,straight_S1,uniform,30.0,18,0.1678349704068237,2.1701534344852558,15,15,0,13,13
120.0,straight_S1,uniform,30.0,19,0.1678349704068237,2.1701534344852558,15,15,0,13,13
120.0,straight_S1,uniform,30.0,20,0.1678349704068237,2.1701534344852558,15,15,0,13,13
120.0,straight_S1,uniform,30.0,21,0.1678349704068237,2.1701534344852558,15,15,0,13,13
120.0,straight_S1,uniform,30.0,22,0.1678349704068237,2.1701534344852558,15,15,0,13,13
120.0,straight_S1,uniform,30.0,23,0.1678349704068237,2.1701534344852558,15,15,0,13,13
120.0,straight_S1,uniform,30.0,24,0.1678349704068237,2.1701534344852558,15,15,0,13,13
120.0,straight_S1,uniform,30.0,25,0.1678349704068237,2.1701534344852558,15,15,0,13,13
120.0,straight_S1,uniform,30.0,26,0.1678349704068237,2.1701534344852558,15,15,0,13,13
120.0,straight_S1,uniform,30.0,27,0.1678349704068237,2.1701534344852558,15,15,0,13,13
120.0,straight_S1,uniform,30.0,28,0.1678349704068237,2.1701534344852558,15,15,0,13,13
120.0,straight_S1,uniform,30.0,29,0.1678349704068237,2.1701534344852558,15,15,0,13,13
120.0,straight_S1,uniform,30.0,30,0.1678349704068237,2.1701534344852558,15,15,0,13,13
120.0,straight_S1,uniform,50.0,1,0.313212109325939,2.6516063171574773,15,15,0,13,13
120.0,straight_S1,uniform,50.0,2,0.313212109325939,2.6516063171574773,15,15,0,13,13
120.0,straight_S1,uniform,50.0,3,0.313212109325939,2.6516063171574773,15,15,0,13,13
120.0,straight_S1,uniform,50.0,4,0.313212109325939,2.6516063171574773,15,15,0,13,13
120.0,straight_S1,uniform,50.0,5,0.313212109325939,2.6516063171574773,15,15,0,13,13
120.0,straight_S1,uniform,50.0,6,0.313212109325939,2.6516063171574773,15,15,0,13,13
120.0,straight_S1,uniform,50.0,7,0.313212109325939,2.6516063171574773,15,15,0,13,13
120.0,straight_S1,uniform,50.0,8,0.313212109325939,2.6516063171574773,15,15,0,13,13
120.0,straight_S1,uniform,50.0,9,0.313212109325939,2.6516063171574773,15,15,0,13,13
120.0,straight_S1,uniform,50.0,10,0.313212109325939,2.6516063171574773,15,15,0,13,13
120.0,straight_S1,uniform,50.0,11,0.313212109325939,2.6516063171574773,15,15,0,13,13
120.0,straight_S1,uniform,50.0,12,0.313212109325939,2.6516063171574773,15,15,0,13,13
120.0,straight_S1,uniform,50.0,13,0.313212109325939,2.6516063171574773,15,15,0,13,13
120.0,straight_S1,uniform,50.0,14,0.313212109325939,2.6516063171574773,15,15,0,13,13
120.0,straight_S1,uniform,50.0,15,0.313212109325939,2.6516063171574773,15,15,0,13,13
120.0,straight_S1,uniform,50.0,16,0.313212109325939,2.6516063171574773,15,15,0,13,13
120.0,straight_S1,uniform,50.0,17,0.313212109325939,2.6516063171574773,15,15,0,13,13
120.0,straight_S1,uniform,50.0,18,0.313212109325939,2.6516063171574773,15,15,0,13,13
120.0,straight_S1,uniform,50.0,19,0.313212109325939,2.6516063171574773,15,15,0,13,13
120.0,straight_S1,uniform,50.0,20,0.313212109325939,2.6516063171574773,15,15,0,13,13
120.0,straight_S1,uniform,50.0,21,0.313212109325939,2.6516063171574773,15,15,0,13,13
120.0,straight_S1,uniform,50.0,22,0.313212109325939,2.6516063171574773,15,15,0,13,13
120.0,straight_S1,uniform,50.0,23,0.313212109325939,2.6516063171574773,15,15,0,13,13
120.0,straight_S1,uniform,50.0,24,0.313212109325939,2.6516063171574773,15,15,0,13,13
120.0,straight_S1,uniform,50.0,25,0.313212109325939,2.6516063171574773,15,15,0,13,13
120.0,straight_S1,uniform,50.0,26,0.313212109325939,2.6516063171574773,15,15,0,13,13
120.0,straight_S1,uniform,50.0,27,0.313212109325939,2.6516063171574773,15,15,0,13,13
120.0,straight_S1,uniform,50.0,28,0.313212109325939,2.6516063171574773,15,15,0,13,13
120.0,straight_S1,uniform,50.0,29,0.313212109325939,2.6516063171574773,15,15,0,13,13
120.0,straight_S1,uniform,50.0,30,0.313212109325939,2.6516063171574773,15,15,0,13,13
120.0,straight_S1,uniform,78.5,1,0.3453143881032122,3.137187325514098,15,15,0,13,13
120.0,straight_S1,uniform,78.5,2,0.3453143881032122,3.137187325514098,15,15,0,13,13
120.0,straight_S1,uniform,78.5,3,0.3453143881032122,3.137187325514098,15,15,0,13,13
120.0,straight_S1,uniform,78.5,4,0.3453143881032122,3.137187325514098,15,15,0,13,13
120.0,straight_S1,uniform,78.5,5,0.3453143881032122,3.137187325514098,15,15,0,13,13
120.0,straight_S1,uniform,78.5,6,0.3453143881032122,3.137187325514098,15,15,0,13,13
120.0,straight_S1,uniform,78.5,7,0.3453143881032122,3.137187325514098,15,15,0,13,13
120.0,straight_S1,uniform,78.5,8,0.3453143881032122,3.137187325514098,15,15,0,13,13
120.0,straight_S1,uniform,78.5,9,0.3453143881032122,3.137187325514098,15,15,0,13,13
120.0,straight_S1,uniform,78.5,10,0.3453143881032122,3.137187325514098,15,15,0,13,13
120.0,straight_S1,uniform,78.5,11,0.3453143881032122,3.137187325514098,15,15,0,13,13
120.0,straight_S1,uniform,78.5,12,0.3453143881032122,3.137187325514098,15,15,0,13,13
120.0,straight_S1,uniform,78.5,13,0.3453143881032122,3.137187325514098,15,15,0,13,13
120.0,straight_S1,uniform,78.5,14,0.3453143881032122,3.137187325514098,15,15,0,13,13
120.0,straight_S1,uniform,78.5,15,0.3453143881032122,3.137187325514098,15,15,0,13,13
120.0,straight_S1,uniform,78.5,16,0.3453143881032122,3.137187325514098,15,15,0,13,13
120.0,straight_S1,uniform,78.5,17,0.3453143881032122,3.137187325514098,15,15,0,13,13
120.0,straight_S1,uniform,78.5,18,0.3453143881032122,3.137187325514098,15,15,0,13,13
120.0,straight_S1,uniform,78.5,19,0.3453143881032122,3.137187325514098,15,15,0,13,13
120.0,straight_S1,uniform,78.5,20,0.3453143881032122,3.137187325514098,15,15,0,13,13
120.0,straight_S1,uniform,78.5,21,0.3453143881032122,3.137187325514098,15,15,0,13,13
120.0,straight_S1,uniform,78.5,22,0.3453143881032122,3.137187325514098,15,15,0,13,13
120.0,straight_S1,uniform,78.5,23,0.3453143881032122,3.137187325514098,15,15,0,13,13
120.0,straight_S1,uniform,78.5,24,0.3453143881032122,3.137187325514098,15,15,0,13,13
120.0,straight_S1,uniform,78.5,25,0.3453143881032122,3.137187325514098,15,15,0,13,13
120.0,straight_S1,uniform,78.5,26,0.3453143881032122,3.137187325514098,15,15,0,13,13
120.0,straight_S1,uniform,78.5,27,0.3453143881032122,3.137187325514098,15,15,0,13,13
120.0,straight_S1,uniform,78.5,28,0.3453143881032122,3.137187325514098,15,15,0,13,13
120.0,straight_S1,uniform,78.5,29,0.3453143881032122,3.137187325514098,15,15,0,13,13
120.0,straight_S1,uniform,78.5,30,0.3453143881032122,3.137187325514098,15,15,0,13,13
120.0,straight_S1,uniform,100.0,1,0.5452536368941087,3.3622788243402515,15,15,0,13,13
120.0,straight_S1,uniform,100.0,2,0.5452536368941087,3.3622788243402515,15,15,0,13,13
120.0,straight_S1,uniform,100.0,3,0.5452536368941087,3.3622788243402515,15,15,0,13,13
120.0,straight_S1,uniform,100.0,4,0.5452536368941087,3.3622788243402515,15,15,0,13,13
120.0,straight_S1,uniform,100.0,5,0.5452536368941087,3.3622788243402515,15,15,0,13,13
120.0,straight_S1,uniform,100.0,6,0.5452536368941087,3.3622788243402515,15,15,0,13,13
120.0,straight_S1,uniform,100.0,7,0.5452536368941087,3.3622788243402515,15,15,0,13,13
120.0,straight_S1,uniform,100.0,8,0.5452536368941087,3.3622788243402515,15,15,0,13,13
120.0,straight_S1,uniform,100.0,9,0.5452536368941087,3.3622788243402515,15,15,0,13,13
120.0,straight_S1,uniform,100.0,10,0.5452536368941087,3.3622788243402515,15,15,0,13,13
120.0,straight_S1,uniform,100.0,11,0.5452536368941087,3.3622788243402515,15,15,0,13,13
120.0,straight_S1,uniform,100.0,12,0.5452536368941087,3.3622788243402515,15,15,0,13,13
120.0,straight_S1,uniform,100.0,13,0.5452536368941087,3.3622788243402515,15,15,0,13,13
120.0,straight_S1,uniform,100.0,14,0.5452536368941087,3.3622788243402515,15,15,0,13,13
120.0,straight_S1,uniform,100.0,15,0.5452536368941087,3.3622788243402515,15,15,0,13,13
120.0,straight_S1,uniform,100.0,16,0.5452536368941087,3.3622788243402515,15,15,0,13,13
120.0,straight_S1,uniform,100.0,17,0.5452536368941087,3.3622788243402515,15,15,0,13,13
120.0,straight_S1,uniform,100.0,18,0.5452536368941087,3.3622788243402515,15,15,0,13,13
120.0,straight_S1,uniform,100.0,19,0.5452536368941087,3.3622788243402515,15,15,0,13,13
120.0,straight_S1,uniform,100.0,20,0.5452536368941087,3.3622788243402515,15,15,0,13,13
120.0,straight_S1,uniform,100.0,21,0.5452536368941087,3.3622788243402515,15,15,0,13,13
120.0,straight_S1,uniform,100.0,22,0.5452536368941087,3.3622788243402515,15,15,0,13,13
120.0,straight_S1,uniform,100.0,23,0.5452536368941087,3.3622788243402515,15,15,0,13,13
120.0,straight_S1,uniform,100.0,24,0.5452536368941087,3.3622788243402515,15,15,0,13,13
120.0,straight_S1,uniform,100.0,25,0.5452536368941087,3.3622788243402515,15,15,0,13,13
120.0,straight_S1,uniform,100.0,26,0.5452536368941087,3.3622788243402515,15,15,0,13,13
120.0,straight_S1,uniform,100.0,27,0.5452536368941087,3.3622788243402515,15,15,0,13,13
120.0,straight_S1,uniform,100.0,28,0.5452536368941087,3.3622788243402515,15,15,0,13,13
120.0,straight_S1,uniform,100.0,29,0.5452536368941087,3.3622788243402515,15,15,0,13,13
120.0,straight_S1,uniform,100.0,30,0.5452536368941087,3.3622788243402515,15,15,0,13,13
120.0,straight_S1,jitter,11.0,1,3.787802285541057,12.825025013550265,15,15,0,14,14
120.0,straight_S1,jitter,11.0,2,4.027977477480814,18.145298650907236,15,15,0,14,14
120.0,straight_S1,jitter,11.0,3,4.643181097920151,16.054199722488146,15,15,0,13,13
120.0,straight_S1,jitter,11.0,4,1.9540868080157376,-0.23913944154722402,15,15,0,13,13
120.0,straight_S1,jitter,11.0,5,0.1895611043435765,2.8762793382998515,15,15,0,14,14
120.0,straight_S1,jitter,11.0,6,0.198355231419003,5.7050376476765585,15,15,0,12,12
120.0,straight_S1,jitter,11.0,7,0.05384261290392326,0.20515522233048125,15,15,0,14,14
120.0,straight_S1,jitter,11.0,8,0.3964606483914293,-4.761717414152145,15,15,0,14,14
120.0,straight_S1,jitter,11.0,9,2.9736077110087793,16.086953833525065,15,15,0,13,13
120.0,straight_S1,jitter,11.0,10,2.7655787112477603,13.689598338625938,15,15,0,12,12
120.0,straight_S1,jitter,11.0,11,1.1003380899677742,15.2154450565445,15,15,0,14,14
120.0,straight_S1,jitter,11.0,12,3.175846630262189,10.727852596428011,15,15,0,14,14
120.0,straight_S1,jitter,11.0,13,0.8855322073818482,8.663821653216058,15,15,0,14,14
120.0,straight_S1,jitter,11.0,14,2.6307894122280615,13.238592264166504,15,15,0,13,13
120.0,straight_S1,jitter,11.0,15,5.4150053958227655,14.985264021602474,15,15,0,14,14
120.0,straight_S1,jitter,11.0,16,0.0657130206395476,12.16348099039437,15,15,0,14,14
120.0,straight_S1,jitter,11.0,17,1.2340160269769618,6.0499695702078995,15,15,0,14,14
120.0,straight_S1,jitter,11.0,18,2.563757025594656,13.4779434037361,15,15,0,12,12
120.0,straight_S1,jitter,11.0,19,2.6419743737763075,9.741802463220301,15,15,0,14,14
120.0,straight_S1,jitter,11.0,20,2.416498008617837,19.39841030671632,15,15,0,13,13
120.0,straight_S1,jitter,11.0,21,1.8687145619969405,6.447391613602053,15,15,0,12,12
120.0,straight_S1,jitter,11.0,22,1.475493132864617,6.0681533178332945,15,15,0,12,12
120.0,straight_S1,jitter,11.0,23,2.8344645845686234,17.306915412246816,15,15,0,13,13
120.0,straight_S1,jitter,11.0,24,2.762830323473523,3.229246654374348,15,15,0,12,12
120.0,straight_S1,jitter,11.0,25,0.7881200144925127,17.80514908173204,15,15,0,14,14
120.0,straight_S1,jitter,11.0,26,1.6015752727468362,7.495503926612275,15,15,0,13,13
120.0,straight_S1,jitter,11.0,27,0.5778331483718656,6.398048033370148,15,15,0,14,14
120.0,straight_S1,jitter,11.0,28,0.37485385469721216,-2.580771140477249,15,15,0,12,12
120.0,straight_S1,jitter,11.0,29,2.1681972923642285,11.01691850458435,15,15,0,14,14
120.0,straight_S1,jitter,11.0,30,4.695356500241832,34.27658241846005,15,15,0,14,13
120.0,straight_S1,jitter,30.0,1,28.481519921982702,122.11440130713828,15,15,0,14,14
120.0,straight_S1,jitter,30.0,2,9.958428067488923,38.405404696570706,15,15,0,14,14
120.0,straight_S1,jitter,30.0,3,17.939868715857873,30.802082060003915,15,15,0,13,13
120.0,straight_S1,jitter,30.0,4,1.7655985231471023,-5.737946367655574,15,15,0,13,13
120.0,straight_S1,jitter,30.0,5,3.479955826816742,5.645906943109994,15,15,0,14,14
120.0,straight_S1,jitter,30.0,6,1.731340676719576,46.0359847794414,15,15,0,12,11
120.0,straight_S1,jitter,30.0,7,2.096259533158773,7.639559939838862,15,15,0,14,14
120.0,straight_S1,jitter,30.0,8,1.2726056638795875,5.2214856585501845,15,15,0,13,12
120.0,straight_S1,jitter,30.0,9,18.426355737791347,47.31950766981192,15,15,0,13,13
120.0,straight_S1,jitter,30.0,10,7.26823466112642,26.01498014267764,15,15,0,12,12
120.0,straight_S1,jitter,30.0,11,5.243173418357659,38.7190658870779,15,15,0,14,14
120.0,straight_S1,jitter,30.0,12,4.9889043988149195,38.054636777315814,15,15,0,14,14
120.0,straight_S1,jitter,30.0,13,1.2325962908424881,16.002466473176646,15,15,0,14,14
120.0,straight_S1,jitter,30.0,14,3.15021368287131,18.58758947032594,15,15,0,13,13
120.0,straight_S1,jitter,30.0,15,9.42122440835396,31.08962181049133,15,15,0,14,14
120.0,straight_S1,jitter,30.0,16,6.586108265693043,32.259395342906714,15,15,0,14,14
120.0,straight_S1,jitter,30.0,17,3.440150625378274,21.19027165518682,15,15,0,14,14
120.0,straight_S1,jitter,30.0,18,8.571168458138809,22.98322953610795,15,15,0,12,11
120.0,straight_S1,jitter,30.0,19,22.272784625126267,75.30167792789616,15,15,0,14,14
120.0,straight_S1,jitter,30.0,20,1.8168529255806103,18.20256650699852,15,15,0,13,13
120.0,straight_S1,jitter,30.0,21,12.37395437811436,40.594261624298866,15,15,0,11,10
120.0,straight_S1,jitter,30.0,22,4.820172409523017,12.268787865740032,15,15,0,12,11
120.0,straight_S1,jitter,30.0,23,6.538641276289429,79.2867990807244,15,15,0,12,11
120.0,straight_S1,jitter,30.0,24,6.0789512766722495,40.332047464593316,15,15,0,12,12
120.0,straight_S1,jitter,30.0,25,1.9825305408645073,26.659472238744453,15,15,0,14,14
120.0,straight_S1,jitter,30.0,26,4.73163419391559,17.40255550282299,15,15,0,13,13
120.0,straight_S1,jitter,30.0,27,3.0558568630556104,14.335403594247964,15,15,0,14,14
120.0,straight_S1,jitter,30.0,28,1.9004468580714886,-11.545346639411786,15,15,0,11,10
120.0,straight_S1,jitter,30.0,29,9.504826299752207,37.173049734381955,15,15,0,13,13
120.0,straight_S1,jitter,30.0,30,22.79882412353274,116.12987645996506,15,15,0,14,12
120.0,straight_S1,jitter,78.5,1,26.395964274832174,-0.8537979486901826,15,15,0,14,14
120.0,straight_S1,jitter,78.5,2,47.88388016775696,57.30972606100258,15,15,0,13,13
120.0,straight_S1,jitter,78.5,3,112.13361457585385,44.7678929746834,15,15,0,13,8
120.0,straight_S1,jitter,78.5,4,19.575737640658353,22.697809781828596,15,15,0,13,11
120.0,straight_S1,jitter,78.5,5,19.5287590557416,19.0701670668277,15,15,0,13,12
120.0,straight_S1,jitter,78.5,6,27.51481127291284,140.38878266341018,15,15,0,12,11
120.0,straight_S1,jitter,78.5,7,101.95190752897224,-5.48546118115012,15,15,0,14,11
120.0,straight_S1,jitter,78.5,8,100.61226184292046,46.904324971750725,15,15,0,13,9
120.0,straight_S1,jitter,78.5,9,97.61289970023482,67.20163885161462,15,15,0,13,13
120.0,straight_S1,jitter,78.5,10,8.928199823217783,107.90707178030836,15,15,0,14,12
120.0,straight_S1,jitter,78.5,11,140.85728666316962,146.2660372043187,15,15,0,13,12
120.0,straight_S1,jitter,78.5,12,40.89731006349178,171.68548987816112,15,15,0,14,10
120.0,straight_S1,jitter,78.5,13,126.58738982018586,32.35859579228788,15,15,0,14,14
120.0,straight_S1,jitter,78.5,14,41.89208469957682,71.11401077878101,15,15,0,13,11
120.0,straight_S1,jitter,78.5,15,41.56430888171754,20.110642835057778,15,15,0,13,13
120.0,straight_S1,jitter,78.5,16,163.5215368406832,67.84023390312684,15,15,0,13,10
120.0,straight_S1,jitter,78.5,17,12.524295790186592,48.754687740825005,15,15,0,14,13
120.0,straight_S1,jitter,78.5,18,91.65526685704896,117.40334482986272,15,15,0,14,13
120.0,straight_S1,jitter,78.5,19,127.24018452651185,92.36995227492008,15,15,0,14,11
120.0,straight_S1,jitter,78.5,20,14.671988488427571,49.310624354896504,15,15,0,10,6
120.0,straight_S1,jitter,78.5,21,50.691595569694115,80.55123646703747,15,15,0,12,10
120.0,straight_S1,jitter,78.5,22,10.746928420401856,53.713190323488234,15,15,0,14,13
120.0,straight_S1,jitter,78.5,23,80.40438576693025,203.04965031226695,15,15,0,13,10
120.0,straight_S1,jitter,78.5,24,32.279047888652286,65.21491254229588,15,15,0,13,12
120.0,straight_S1,jitter,78.5,25,157.26745141600694,80.5304884795453,15,15,0,14,14
120.0,straight_S1,jitter,78.5,26,66.723263324127,162.124960093672,15,15,0,13,12
120.0,straight_S1,jitter,78.5,27,37.626737331805636,47.00476526858057,15,15,0,14,12
120.0,straight_S1,jitter,78.5,28,90.53429514193023,23.16372759418307,15,15,0,11,6
120.0,straight_S1,jitter,78.5,29,13.596110306582617,59.029698338913136,15,15,0,14,11
120.0,straight_S1,jitter,78.5,30,127.85558588584797,59.999053596645346,15,15,0,14,10
120.0,curved_S2a10,uniform,0.0,1,2.18453208669142,4.869906823243944,15,15,0,13,13
120.0,curved_S2a10,uniform,0.0,2,3.9187933532769277,19.150961591958048,15,15,0,14,13
120.0,curved_S2a10,uniform,0.0,3,3.065734443299425,13.46619670331101,15,15,0,13,13
120.0,curved_S2a10,uniform,0.0,4,5.195779624391109,22.43924501343426,15,15,0,14,13
120.0,curved_S2a10,uniform,0.0,5,3.71053520856944,-0.25700581408309253,15,15,0,13,13
120.0,curved_S2a10,uniform,0.0,6,2.0593224335266958,33.815940983950085,15,15,0,13,13
120.0,curved_S2a10,uniform,0.0,7,13.408549122086368,13.686066379780973,15,15,0,14,14
120.0,curved_S2a10,uniform,0.0,8,1.015996841201195,7.55486529454615,15,15,0,13,13
120.0,curved_S2a10,uniform,0.0,9,4.6941672124932445,35.474531177786275,15,15,0,13,12
120.0,curved_S2a10,uniform,0.0,10,9.858425890886643,11.585670530334086,15,15,0,13,13
120.0,curved_S2a10,uniform,0.0,11,0.14475542739128808,20.02760952565158,15,15,0,13,13
120.0,curved_S2a10,uniform,0.0,12,5.832178903731222,12.569123491410839,15,15,0,13,12
120.0,curved_S2a10,uniform,0.0,13,4.583410389120112,16.769175802814328,15,15,0,13,13
120.0,curved_S2a10,uniform,0.0,14,9.172940771051959,21.276172836627406,15,15,0,13,13
120.0,curved_S2a10,uniform,0.0,15,7.299417773745695,13.003830880868575,15,15,0,14,14
120.0,curved_S2a10,uniform,0.0,16,5.029143100442105,11.885866423843956,15,15,0,13,13
120.0,curved_S2a10,uniform,0.0,17,2.9527239327650165,11.246388624951836,15,15,0,13,13
120.0,curved_S2a10,uniform,0.0,18,4.751783072415354,18.06642363206222,15,15,0,13,13
120.0,curved_S2a10,uniform,0.0,19,1.9276118519593042,12.929485552523698,15,15,0,13,13
120.0,curved_S2a10,uniform,0.0,20,5.576718341224772,14.889073505707865,15,15,0,13,13
120.0,curved_S2a10,uniform,0.0,21,2.2110902928867007,3.0592445968243913,15,15,0,13,13
120.0,curved_S2a10,uniform,0.0,22,0.35544554602838446,12.613290970121183,15,15,0,13,13
120.0,curved_S2a10,uniform,0.0,23,6.399651837057798,33.30667466400097,15,15,0,13,13
120.0,curved_S2a10,uniform,0.0,24,14.234764937580085,11.208289205419913,15,15,0,13,13
120.0,curved_S2a10,uniform,0.0,25,1.285840886508707,26.095284091146247,15,15,0,13,13
120.0,curved_S2a10,uniform,0.0,26,0.9684632852248397,24.832794587254284,15,15,0,13,13
120.0,curved_S2a10,uniform,0.0,27,5.254863133392495,17.706945757217888,15,15,0,13,13
120.0,curved_S2a10,uniform,0.0,28,5.6912041576129235,14.796412229372654,15,15,0,13,12
120.0,curved_S2a10,uniform,0.0,29,0.7880246054003825,5.871615209847944,15,15,0,13,13
120.0,curved_S2a10,uniform,0.0,30,9.145341687574922,25.45863990634727,15,15,0,12,12
120.0,curved_S2a10,uniform,2.0,1,0.7706905183260111,-0.9503415415921849,15,15,0,13,13
120.0,curved_S2a10,uniform,2.0,2,1.2768389444168062,16.763224882663774,15,15,0,14,14
120.0,curved_S2a10,uniform,2.0,3,3.1652588270216593,12.090560920277094,15,15,0,13,13
120.0,curved_S2a10,uniform,2.0,4,5.65940711255242,18.99571941051019,15,15,0,14,13
120.0,curved_S2a10,uniform,2.0,5,4.036247487015953,2.261998512982781,15,15,0,13,13
120.0,curved_S2a10,uniform,2.0,6,0.6714769474263895,26.04569165188188,15,15,0,13,13
120.0,curved_S2a10,uniform,2.0,7,13.237984898709687,14.3840088107927,15,15,0,14,14
120.0,curved_S2a10,uniform,2.0,8,0.0943339359631875,10.43068438076471,15,15,0,13,13
120.0,curved_S2a10,uniform,2.0,9,4.9747262213596235,32.815045471783,15,15,0,13,12
120.0,curved_S2a10,uniform,2.0,10,8.480287277299482,11.569175140193694,15,15,0,13,13
120.0,curved_S2a10,uniform,2.0,11,1.1490131162665271,21.408395152204697,15,15,0,13,12
120.0,curved_S2a10,uniform,2.0,12,2.6831773233285614,11.403274526132634,15,15,0,13,13
120.0,curved_S2a10,uniform,2.0,13,4.913542749955231,17.8110076554823,15,15,0,13,13
120.0,curved_S2a10,uniform,2.0,14,8.791592056856501,19.483928317554643,15,15,0,13,13
120.0,curved_S2a10,uniform,2.0,15,7.301351414621939,14.613424815635145,15,15,0,14,14
120.0,curved_S2a10,uniform,2.0,16,2.273633525521308,11.117246665892882,15,15,0,13,13
120.0,curved_S2a10,uniform,2.0,17,5.79873141180426,9.545913697702717,15,15,0,13,13
120.0,curved_S2a10,uniform,2.0,18,5.886102035216834,16.991436396962946,15,15,0,13,13
120.0,curved_S2a10,uniform,2.0,19,1.3317287950915562,10.121406949815714,15,15,0,13,13
120.0,curved_S2a10,uniform,2.0,20,7.111760971049708,13.678116157101128,15,15,0,13,13
120.0,curved_S2a10,uniform,2.0,21,1.4793086673282712,4.595272073698187,15,15,0,13,13
120.0,curved_S2a10,uniform,2.0,22,1.1534289946217045,11.008851904605239,15,15,0,13,13
120.0,curved_S2a10,uniform,2.0,23,4.580090538853588,27.365284941607932,15,15,0,13,13
120.0,curved_S2a10,uniform,2.0,24,12.36318668014386,8.161729196423995,15,15,0,13,13
120.0,curved_S2a10,uniform,2.0,25,2.385164276668561,22.09930296332036,15,15,0,13,13
120.0,curved_S2a10,uniform,2.0,26,0.1091861355657649,17.56510708159409,15,15,0,13,13
120.0,curved_S2a10,uniform,2.0,27,6.047950542401069,17.005880447218033,15,15,0,13,13
120.0,curved_S2a10,uniform,2.0,28,2.767294773525976,12.262044793097138,15,15,0,13,13
120.0,curved_S2a10,uniform,2.0,29,1.6897294320651297,4.121484852931179,15,15,0,13,13
120.0,curved_S2a10,uniform,2.0,30,8.52707727327044,24.951972160988735,15,15,0,12,12
120.0,curved_S2a10,uniform,5.0,1,0.06257559187004677,5.5193716669847515,15,15,0,12,12
120.0,curved_S2a10,uniform,5.0,2,0.43240639209766424,5.857592760686003,15,15,0,13,13
120.0,curved_S2a10,uniform,5.0,3,2.5432348616154363,12.978123621917911,15,15,0,13,13
120.0,curved_S2a10,uniform,5.0,4,6.4829755052699385,12.772965053806429,15,15,0,13,13
120.0,curved_S2a10,uniform,5.0,5,4.352989987789543,11.205332332785362,15,15,0,13,13
120.0,curved_S2a10,uniform,5.0,6,2.8798625657847237,11.072306679490056,15,15,0,14,14
120.0,curved_S2a10,uniform,5.0,7,12.559274130547866,14.50151357146403,15,15,0,14,14
120.0,curved_S2a10,uniform,5.0,8,0.9087936307091645,18.84550427461892,15,15,0,13,13
120.0,curved_S2a10,uniform,5.0,9,2.1241968487959966,23.147861571166676,15,15,0,14,14
120.0,curved_S2a10,uniform,5.0,10,7.71803876359876,12.542629198213215,15,15,0,13,13
120.0,curved_S2a10,uniform,5.0,11,4.111511086555292,15.964211324054093,15,15,0,14,14
120.0,curved_S2a10,uniform,5.0,12,2.12432039482233,-0.19474215171113585,15,15,0,13,13
120.0,curved_S2a10,uniform,5.0,13,3.0636279035363656,16.767710542014758,15,15,0,14,14
120.0,curved_S2a10,uniform,5.0,14,7.22989983324617,13.389192286544723,15,15,0,14,14
120.0,curved_S2a10,uniform,5.0,15,6.844136853537025,7.977834655215983,15,15,0,14,14
120.0,curved_S2a10,uniform,5.0,16,1.7318359779110202,4.941225142407099,15,15,0,14,14
120.0,curved_S2a10,uniform,5.0,17,8.20129766662172,0.4889122970717086,15,15,0,13,13
120.0,curved_S2a10,uniform,5.0,18,7.199932892003734,11.898018932061676,15,15,0,13,13
120.0,curved_S2a10,uniform,5.0,19,1.5507347722423224,13.795176406636708,15,15,0,13,13
120.0,curved_S2a10,uniform,5.0,20,7.2511959254585125,11.558543832344876,15,15,0,13,13
120.0,curved_S2a10,uniform,5.0,21,1.7289653592750294,5.1826991370646915,15,15,0,13,13
120.0,curved_S2a10,uniform,5.0,22,6.392868959121697,6.382978723404224,15,15,0,13,13
120.0,curved_S2a10,uniform,5.0,23,2.2055373765826807,13.5252237177199,15,15,0,13,13
120.0,curved_S2a10,uniform,5.0,24,11.31038696108661,7.547867352816813,15,15,0,13,13
120.0,curved_S2a10,uniform,5.0,25,2.7847974503266104,15.113361738465455,15,15,0,13,13
120.0,curved_S2a10,uniform,5.0,26,3.5824811343277623,10.001589690685009,15,15,0,14,14
120.0,curved_S2a10,uniform,5.0,27,6.5550798383024205,15.537470364529918,15,15,0,13,13
120.0,curved_S2a10,uniform,5.0,28,2.1054791784050195,8.481781620475948,15,15,0,13,13
120.0,curved_S2a10,uniform,5.0,29,1.720357914404103,3.4310208624617498,15,15,0,13,13
120.0,curved_S2a10,uniform,5.0,30,6.000576473188774,31.735842029207213,15,15,0,13,13
120.0,curved_S2a10,uniform,10.0,1,0.5614260002924966,13.295810309890014,15,15,0,13,13
120.0,curved_S2a10,uniform,10.0,2,0.2110419425078288,7.9206513730294565,15,15,0,13,13
120.0,curved_S2a10,uniform,10.0,3,2.4209128029521736,10.95711088310109,15,15,0,13,13
120.0,curved_S2a10,uniform,10.0,4,6.892938040623324,7.977258065289454,15,15,0,13,13
120.0,curved_S2a10,uniform,10.0,5,5.709432896436148,4.952134768374897,15,15,0,13,13
120.0,curved_S2a10,uniform,10.0,6,2.0820979061024687,17.989480231932372,15,15,0,13,13
120.0,curved_S2a10,uniform,10.0,7,10.758285765669081,15.729381760040187,15,15,0,14,14
120.0,curved_S2a10,uniform,10.0,8,0.7554077740005751,13.949625982787936,15,15,0,13,13
120.0,curved_S2a10,uniform,10.0,9,1.9373706464115308,14.736123121509959,15,15,0,14,14
120.0,curved_S2a10,uniform,10.0,10,6.0176161535900725,10.604277843750792,15,15,0,13,13
120.0,curved_S2a10,uniform,10.0,11,2.7247187513174094,13.559093814149037,15,15,0,14,14
120.0,curved_S2a10,uniform,10.0,12,1.5248182817172495,6.25738639028713,15,15,0,13,13
120.0,curved_S2a10,uniform,10.0,13,2.788418619906983,13.751062392355736,15,15,0,14,14
120.0,curved_S2a10,uniform,10.0,14,5.52989195805873,10.081953884754864,15,15,0,14,14
120.0,curved_S2a10,uniform,10.0,15,7.212503775586209,0.12366652346265106,15,15,0,13,13
120.0,curved_S2a10,uniform,10.0,16,1.6995438021814966,7.16629018801888,15,15,0,14,14
120.0,curved_S2a10,uniform,10.0,17,9.149671364085695,2.6948330468406683,15,15,0,13,13
120.0,curved_S2a10,uniform,10.0,18,9.379127439128839,7.179989513579803,15,15,0,13,13
120.0,curved_S2a10,uniform,10.0,19,2.40071641048026,9.170696011557533,15,15,0,13,13
120.0,curved_S2a10,uniform,10.0,20,7.364604348263345,8.98535250147871,15,15,0,13,13
120.0,curved_S2a10,uniform,10.0,21,1.6473359741733868,7.187539323912384,15,15,0,13,13
120.0,curved_S2a10,uniform,10.0,22,6.955737028929221,-0.8810674876146951,15,15,0,13,13
120.0,curved_S2a10,uniform,10.0,23,1.5818224647718402,8.317984671656415,15,15,0,13,13
120.0,curved_S2a10,uniform,10.0,24,11.21820805041945,8.762130920166584,15,15,0,13,13
120.0,curved_S2a10,uniform,10.0,25,1.584855261190791,9.489327848468736,15,15,0,14,14
120.0,curved_S2a10,uniform,10.0,26,6.178701300979299,9.173429448704312,15,15,0,14,14
120.0,curved_S2a10,uniform,10.0,27,6.3006917986051345,10.069597833151473,15,15,0,14,14
120.0,curved_S2a10,uniform,10.0,28,0.14584044723493458,1.3246116861229082,15,15,0,13,13
120.0,curved_S2a10,uniform,10.0,29,1.8443940916501236,4.036575285449384,15,15,0,13,13
120.0,curved_S2a10,uniform,10.0,30,7.295269095673119,11.971447159236497,15,15,0,13,13
120.0,curved_S2a10,uniform,11.0,1,0.4691075559192294,12.605044402338331,15,15,0,13,13
120.0,curved_S2a10,uniform,11.0,2,0.9656910559128751,7.920651373029412,15,15,0,13,13
120.0,curved_S2a10,uniform,11.0,3,2.3743739948185603,10.145452237934755,15,15,0,13,13
120.0,curved_S2a10,uniform,11.0,4,6.443268340633172,6.364171647072281,15,15,0,13,13
120.0,curved_S2a10,uniform,11.0,5,6.005862898891747,3.7339375165839814,15,15,0,13,13
120.0,curved_S2a10,uniform,11.0,6,2.3171495417394854,16.175052012580828,15,15,0,13,13
120.0,curved_S2a10,uniform,11.0,7,10.381554501580116,14.892167925470146,15,15,0,14,14
120.0,curved_S2a10,uniform,11.0,8,0.7137824807810353,12.97812362191785,15,15,0,13,13
120.0,curved_S2a10,uniform,11.0,9,1.9228877175845789,13.417105324252665,15,15,0,14,14
120.0,curved_S2a10,uniform,11.0,10,5.889491892603164,10.918710774360402,15,15,0,13,13
120.0,curved_S2a10,uniform,11.0,11,2.713487130470788,13.374429671259088,15,15,0,14,14
120.0,curved_S2a10,uniform,11.0,12,1.7177546623125908,7.021366754864807,15,15,0,13,13
120.0,curved_S2a10,uniform,11.0,13,2.8889682994421184,14.196324208730982,15,15,0,14,14
120.0,curved_S2a10,uniform,11.0,14,5.319462630289968,9.047281348399288,15,15,0,14,14
120.0,curved_S2a10,uniform,11.0,15,7.011684789830349,0.6328318534377431,15,15,0,13,13
120.0,curved_S2a10,uniform,11.0,16,2.110079012142011,5.064080134986515,15,15,0,14,14
120.0,curved_S2a10,uniform,11.0,17,9.424597208178529,3.2396442844953763,15,15,0,13,13
120.0,curved_S2a10,uniform,11.0,18,9.385104692063047,4.755841688250969,15,15,0,13,13
120.0,curved_S2a10,uniform,11.0,19,2.618527011452945,7.841551361395623,15,15,0,13,13
120.0,curved_S2a10,uniform,11.0,20,7.40363927095327,8.334668716820381,15,15,0,13,13
120.0,curved_S2a10,uniform,11.0,21,1.4781715695472197,7.554865294546194,15,15,0,13,13
120.0,curved_S2a10,uniform,11.0,22,7.017321556497137,-0.11604768101761327,15,15,0,13,13
120.0,curved_S2a10,uniform,11.0,23,1.5125153699623766,6.319826464070329,15,15,0,13,13
120.0,curved_S2a10,uniform,11.0,24,11.273456563868207,8.000051667237118,15,15,0,13,13
120.0,curved_S2a10,uniform,11.0,25,1.001257833510577,8.187727567809677,15,15,0,14,14
120.0,curved_S2a10,uniform,11.0,26,6.390960663355316,8.23777137012045,15,15,0,14,14
120.0,curved_S2a10,uniform,11.0,27,5.739279702386796,7.225406541092694,15,15,0,14,14
120.0,curved_S2a10,uniform,11.0,28,0.0691243638855974,-1.0252641595830467,15,15,0,13,13
120.0,curved_S2a10,uniform,11.0,29,1.8522263420435157,2.8871382003736885,15,15,0,13,13
120.0,curved_S2a10,uniform,11.0,30,7.467777282501977,12.87479779864921,15,15,0,13,13
120.0,curved_S2a10,uniform,20.0,1,0.8380426141782243,10.51494917676119,15,15,0,13,13
120.0,curved_S2a10,uniform,20.0,2,1.462680381995119,9.526988584581037,15,15,0,13,13
120.0,curved_S2a10,uniform,20.0,3,2.603794796728842,7.7795232214122505,15,15,0,13,13
120.0,curved_S2a10,uniform,20.0,4,6.11778597186184,4.886129254591939,15,15,0,13,13
120.0,curved_S2a10,uniform,20.0,5,6.537200756583627,4.7644645145034,15,15,0,13,13
120.0,curved_S2a10,uniform,20.0,6,0.004285183575141137,7.587843978945467,15,15,0,13,13
120.0,curved_S2a10,uniform,20.0,7,9.43952653197912,13.148790620360984,15,15,0,14,14
120.0,curved_S2a10,uniform,20.0,8,1.5986678295671264,13.791492653826523,15,15,0,13,13
120.0,curved_S2a10,uniform,20.0,9,1.5830837700761644,15.734461914645692,15,15,0,13,13
120.0,curved_S2a10,uniform,20.0,10,4.5087599863379095,8.410937392651336,15,15,0,13,13
120.0,curved_S2a10,uniform,20.0,11,1.0039880401129855,13.6326952846998,15,15,0,13,13
120.0,curved_S2a10,uniform,20.0,12,2.499137815920719,8.957377653253856,15,15,0,13,13
120.0,curved_S2a10,uniform,20.0,13,3.1500914054655484,11.976396071866297,15,15,0,13,13
120.0,curved_S2a10,uniform,20.0,14,4.584859767751631,8.205187960366,15,15,0,14,14
120.0,curved_S2a10,uniform,20.0,15,5.199818593995856,3.0377011473729025,15,15,0,13,13
120.0,curved_S2a10,uniform,20.0,16,1.463525632550689,6.499805687953571,15,15,0,13,13
120.0,curved_S2a10,uniform,20.0,17,9.440991907752586,4.4105307089566725,15,15,0,13,13
120.0,curved_S2a10,uniform,20.0,18,9.726123422603852,1.28367599162309,15,15,0,13,13
120.0,curved_S2a10,uniform,20.0,19,1.8646932102694191,5.472345205560666,15,15,0,13,13
120.0,curved_S2a10,uniform,20.0,20,7.731607949830364,4.197763304399485,15,15,0,13,13
120.0,curved_S2a10,uniform,20.0,21,0.7584387784444085,5.713620152058111,15,15,0,13,13
120.0,curved_S2a10,uniform,20.0,22,7.734123596617954,2.4493239294574325,15,15,0,13,13
120.0,curved_S2a10,uniform,20.0,23,2.0697700476365566,-0.3559034346324985,15,15,0,13,13
120.0,curved_S2a10,uniform,20.0,24,11.365324937517814,8.093351885615425,15,15,0,13,13
120.0,curved_S2a10,uniform,20.0,25,0.13968985628191702,4.485662186495443,15,15,0,14,14
120.0,curved_S2a10,uniform,20.0,26,6.808410102223874,8.033094947147168,15,15,0,13,13
120.0,curved_S2a10,uniform,20.0,27,7.2154332696492585,10.478890879113845,15,15,0,14,14
120.0,curved_S2a10,uniform,20.0,28,2.9027397882554786,8.644512463342524,15,15,0,13,13
120.0,curved_S2a10,uniform,20.0,29,1.7640619611664963,3.599134142775003,15,15,0,13,13
120.0,curved_S2a10,uniform,20.0,30,7.944877521485369,3.8721845854935357,15,15,0,14,14
120.0,curved_S2a10,uniform,30.0,1,0.40287835726918186,10.769619210782395,15,15,0,13,13
120.0,curved_S2a10,uniform,30.0,2,1.3498153116403337,9.98135200870956,15,15,0,13,13
120.0,curved_S2a10,uniform,30.0,3,2.4539522933726494,9.22440693279219,15,15,0,13,13
120.0,curved_S2a10,uniform,30.0,4,5.955484618079461,5.110407490123933,15,15,0,13,13
120.0,curved_S2a10,uniform,30.0,5,6.598841959871833,5.69974156761878,15,15,0,13,13
120.0,curved_S2a10,uniform,30.0,6,0.23253664482924513,8.824580326029174,15,15,0,14,14
120.0,curved_S2a10,uniform,30.0,7,9.49161609719773,14.651117878211606,15,15,0,14,14
120.0,curved_S2a10,uniform,30.0,8,2.737379223537686,9.598502061749887,15,15,0,13,13
120.0,curved_S2a10,uniform,30.0,9,1.1771366675905257,16.48004365486472,15,15,0,13,13
120.0,curved_S2a10,uniform,30.0,10,4.405085334621444,8.808195219608555,15,15,0,13,13
120.0,curved_S2a10,uniform,30.0,11,1.2381534725538679,13.648173555856546,15,15,0,13,13
120.0,curved_S2a10,uniform,30.0,12,1.664531232549254,8.09891732717592,15,15,0,13,13
120.0,curved_S2a10,uniform,30.0,13,3.1484245217807443,14.154581725110424,15,15,0,13,13
120.0,curved_S2a10,uniform,30.0,14,4.746973409248906,9.049971714450722,15,15,0,14,14
120.0,curved_S2a10,uniform,30.0,15,5.365054246056575,3.198061607734178,15,15,0,13,13
120.0,curved_S2a10,uniform,30.0,16,1.2185288603989284,6.290536472229051,15,15,0,13,13
120.0,curved_S2a10,uniform,30.0,17,9.52531965125289,5.3656546862472645,15,15,0,13,13
120.0,curved_S2a10,uniform,30.0,18,9.572612523277474,2.424802587866,15,15,0,13,13
120.0,curved_S2a10,uniform,30.0,19,1.5807264303364823,6.670201538670684,15,15,0,13,13
120.0,curved_S2a10,uniform,30.0,20,7.658165363676343,6.550046348198046,15,15,0,13,13
120.0,curved_S2a10,uniform,30.0,21,0.33111379929691237,6.771268330689306,15,15,0,13,13
120.0,curved_S2a10,uniform,30.0,22,7.700901040564836,1.9887281912116677,15,15,0,13,13
120.0,curved_S2a10,uniform,30.0,23,2.7698101300515465,0.8661240061378214,15,15,0,13,13
120.0,curved_S2a10,uniform,30.0,24,11.569232432987475,8.518096483679338,15,15,0,13,13
120.0,curved_S2a10,uniform,30.0,25,0.7679046488213631,3.980688715438981,15,15,0,14,14
120.0,curved_S2a10,uniform,30.0,26,6.60190523984603,9.125964899287231,15,15,0,13,13
120.0,curved_S2a10,uniform,30.0,27,7.456818591631174,10.659350672932444,15,15,0,14,14
120.0,curved_S2a10,uniform,30.0,28,2.8481204301160443,5.363484706145449,15,15,0,12,12
120.0,curved_S2a10,uniform,30.0,29,1.6968182068019453,3.8804765701064468,15,15,0,13,13
120.0,curved_S2a10,uniform,30.0,30,7.3410058112372525,7.634824232410997,15,15,0,13,13
120.0,curved_S2a10,uniform,50.0,1,0.40176015666726034,10.135189318742732,15,15,0,13,13
120.0,curved_S2a10,uniform,50.0,2,1.2105409063240582,9.487490209999816,15,15,0,13,13
120.0,curved_S2a10,uniform,50.0,3,2.383479167611737,10.834711059687585,15,15,0,13,13
120.0,curved_S2a10,uniform,50.0,4,6.063493648057594,4.938091670093256,15,15,0,13,13
120.0,curved_S2a10,uniform,50.0,5,6.430402653280968,5.69974156761878,15,15,0,13,13
120.0,curved_S2a10,uniform,50.0,6,0.5388600658155521,9.499078808656014,15,15,0,13,13
120.0,curved_S2a10,uniform,50.0,7,9.426209420575569,14.959601579404206,15,15,0,14,14
120.0,curved_S2a10,uniform,50.0,8,2.8626934838928735,9.779438377008349,15,15,0,13,13
120.0,curved_S2a10,uniform,50.0,9,1.3878648802189062,15.843517504171656,15,15,0,13,13
120.0,curved_S2a10,uniform,50.0,10,4.517632245486052,10.170507812297574,15,15,0,13,13
120.0,curved_S2a10,uniform,50.0,11,1.1129092309151667,14.729451500245952,15,15,0,13,13
120.0,curved_S2a10,uniform,50.0,12,1.7576645367821397,8.210367401817598,15,15,0,13,13
120.0,curved_S2a10,uniform,50.0,13,3.3567692480974123,14.676184471412693,15,15,0,13,13
120.0,curved_S2a10,uniform,50.0,14,4.84225358075799,9.532664090093117,15,15,0,14,14
120.0,curved_S2a10,uniform,50.0,15,5.517410688261799,3.3684634473401123,15,15,0,13,13
120.0,curved_S2a10,uniform,50.0,16,1.350310780230503,6.208831312860985,15,15,0,13,13
120.0,curved_S2a10,uniform,50.0,17,9.612600206816824,6.369436622990661,15,15,0,13,13
120.0,curved_S2a10,uniform,50.0,18,9.459546504386182,3.549134557747339,15,15,0,13,13
120.0,curved_S2a10,uniform,50.0,19,1.4908716892162892,7.287244697940236,15,15,0,13,13
120.0,curved_S2a10,uniform,50.0,20,7.777007469742835,6.550046348198031,15,15,0,13,13
120.0,curved_S2a10,uniform,50.0,21,0.3637033710119282,6.771268330689144,15,15,0,13,13
120.0,curved_S2a10,uniform,50.0,22,7.350526530666341,2.4563812765998465,15,15,0,13,13
120.0,curved_S2a10,uniform,50.0,23,2.574046812314683,0.8661240061378658,15,15,0,13,13
120.0,curved_S2a10,uniform,50.0,24,11.510564488046084,9.512004949039293,15,15,0,13,13
120.0,curved_S2a10,uniform,50.0,25,0.5839263412354816,5.80113643878383,15,15,0,14,14
120.0,curved_S2a10,uniform,50.0,26,6.1891917013109,7.399243239030199,15,15,0,13,13
120.0,curved_S2a10,uniform,50.0,27,7.028813952270255,10.45332340783709,15,15,0,14,14
120.0,curved_S2a10,uniform,50.0,28,2.230241708528434,4.290885265975289,15,15,0,12,12
120.0,curved_S2a10,uniform,50.0,29,1.617484532275374,3.8804765701064468,15,15,0,13,13
120.0,curved_S2a10,uniform,50.0,30,7.359655563909324,8.483704619371741,15,15,0,13,13
120.0,curved_S2a10,uniform,78.5,1,0.3578056252749813,10.343253139606379,15,15,0,13,13
120.0,curved_S2a10,uniform,78.5,2,1.1310024692400416,9.186963680069926,15,15,0,13,13
120.0,curved_S2a10,uniform,78.5,3,2.4821278463891665,10.83471105968763,15,15,0,13,13
120.0,curved_S2a10,uniform,78.5,4,5.949701428799285,5.888900668375893,15,15,0,13,13
120.0,curved_S2a10,uniform,78.5,5,6.582861990319413,6.828827708882009,15,15,0,13,13
120.0,curved_S2a10,uniform,78.5,6,0.040155530236403315,9.363135627404501,15,15,0,14,14
120.0,curved_S2a10,uniform,78.5,7,9.48773778786532,14.182469673706008,15,15,0,14,14
120.0,curved_S2a10,uniform,78.5,8,2.849670148920131,10.8682199004837,15,15,0,13,13
120.0,curved_S2a10,uniform,78.5,9,1.5608735649218695,15.843517504171523,15,15,0,13,13
120.0,curved_S2a10,uniform,78.5,10,4.712920425637641,10.820749500806077,15,15,0,13,13
120.0,curved_S2a10,uniform,78.5,11,1.10498085327514,15.282751437786604,15,15,0,13,13
120.0,curved_S2a10,uniform,78.5,12,1.536616952579588,7.692332544387377,15,15,0,13,13
120.0,curved_S2a10,uniform,78.5,13,3.289096860147363,15.606936416184883,15,15,0,13,13
120.0,curved_S2a10,uniform,78.5,14,4.873894507465823,10.266863630134537,15,15,0,14,14
120.0,curved_S2a10,uniform,78.5,15,5.593605849817211,3.7865809797626326,15,15,0,13,13
120.0,curved_S2a10,uniform,78.5,16,1.4840665308925898,6.20883131286106,15,15,0,13,13
120.0,curved_S2a10,uniform,78.5,17,9.339569933068246,6.36943662299078,15,15,0,13,13
120.0,curved_S2a10,uniform,78.5,18,9.534188651873922,6.473120180539234,15,15,0,13,13
120.0,curved_S2a10,uniform,78.5,19,1.7843875072363475,7.832741856715764,15,15,0,13,13
120.0,curved_S2a10,uniform,78.5,20,7.676909140625202,6.550046348197898,15,15,0,13,13
120.0,curved_S2a10,uniform,78.5,21,0.3435972832491535,7.907770070554617,15,15,0,13,13
120.0,curved_S2a10,uniform,78.5,22,7.495210367991711,2.45638127660001,15,15,0,13,13
120.0,curved_S2a10,uniform,78.5,23,2.679706920494437,1.8818163603229188,15,15,0,13,13
120.0,curved_S2a10,uniform,78.5,24,11.27026882717358,9.345595968028714,15,15,0,13,13
120.0,curved_S2a10,uniform,78.5,25,0.6816967264927624,5.801136438783846,15,15,0,14,14
120.0,curved_S2a10,uniform,78.5,26,6.284572350178941,8.641114263747191,15,15,0,13,13
120.0,curved_S2a10,uniform,78.5,27,6.92098244283307,10.744917806491856,15,15,0,14,14
120.0,curved_S2a10,uniform,78.5,28,2.0347917870240777,4.5733225291824855,15,15,0,12,12
120.0,curved_S2a10,uniform,78.5,29,1.7914646581664648,3.8804765701062984,15,15,0,13,13
120.0,curved_S2a10,uniform,78.5,30,7.344176591098586,9.341142955905852,15,15,0,13,13
120.0,curved_S2a10,uniform,100.0,1,0.20103817721910908,10.090905464187145,15,15,0,13,13
120.0,curved_S2a10,uniform,100.0,2,1.0391821651308395,9.15020909809594,15,15,0,13,13
120.0,curved_S2a10,uniform,100.0,3,2.456676565609618,10.834711059687674,15,15,0,13,13
120.0,curved_S2a10,uniform,100.0,4,5.917488241343847,4.938091670093314,15,15,0,13,13
120.0,curved_S2a10,uniform,100.0,5,6.549810698758667,6.828827708881964,15,15,0,13,13
120.0,curved_S2a10,uniform,100.0,6,0.49647180379341527,10.078731972452475,15,15,0,13,13
120.0,curved_S2a10,uniform,100.0,7,10.17195115298181,13.067456875270489,15,15,0,13,13
120.0,curved_S2a10,uniform,100.0,8,2.780994265748686,10.85139357428293,15,15,0,13,13
120.0,curved_S2a10,uniform,100.0,9,1.560873564922103,15.843517504171952,15,15,0,13,13
120.0,curved_S2a10,uniform,100.0,10,4.6170669016350745,10.956427866256762,15,15,0,13,13
120.0,curved_S2a10,uniform,100.0,11,1.064148213076681,14.729451500246174,15,15,0,13,13
120.0,curved_S2a10,uniform,100.0,12,1.5343954379368343,8.130692325556648,15,15,0,13,13
120.0,curved_S2a10,uniform,100.0,13,3.262073764859215,12.699224624042701,15,15,0,14,14
120.0,curved_S2a10,uniform,100.0,14,4.851406859457789,10.70391420927755,15,15,0,14,14
120.0,curved_S2a10,uniform,100.0,15,5.583623704429601,4.206249040142366,15,15,0,13,13
120.0,curved_S2a10,uniform,100.0,16,1.350310780230773,6.2088313128608075,15,15,0,13,13
120.0,curved_S2a10,uniform,100.0,17,9.304862517875586,6.318023766012774,15,15,0,13,13
120.0,curved_S2a10,uniform,100.0,18,9.29394976083533,6.229286763845124,15,15,0,13,13
120.0,curved_S2a10,uniform,100.0,19,1.6626846731694929,7.832741856715719,15,15,0,13,13
120.0,curved_S2a10,uniform,100.0,20,7.707006685739194,6.550046348198046,15,15,0,13,13
120.0,curved_S2a10,uniform,100.0,21,0.39752975917015365,7.907770070554528,15,15,0,13,13
120.0,curved_S2a10,uniform,100.0,22,7.45495696624565,2.4563812765999504,15,15,0,13,13
120.0,curved_S2a10,uniform,100.0,23,2.5738626061692162,2.9730152866924557,15,15,0,13,13
120.0,curved_S2a10,uniform,100.0,24,11.534831363329559,9.49691258919419,15,15,0,13,13
120.0,curved_S2a10,uniform,100.0,25,0.7521297203409981,5.80113643878386,15,15,0,14,14
120.0,curved_S2a10,uniform,100.0,26,6.224415513110426,7.399243239030273,15,15,0,13,13
120.0,curved_S2a10,uniform,100.0,27,6.894050046731014,10.744917806492033,15,15,0,14,14
120.0,curved_S2a10,uniform,100.0,28,2.0614608639759973,5.275215007095321,15,15,0,12,12
120.0,curved_S2a10,uniform,100.0,29,1.6876319132829005,3.8804765701063135,15,15,0,13,13
120.0,curved_S2a10,uniform,100.0,30,7.2978204576894665,9.341142955905868,15,15,0,13,13
120.0,curved_S2a10,jitter,11.0,1,0.9486213641506721,50.51753632570897,15,15,0,14,14
120.0,curved_S2a10,jitter,11.0,2,1.4732272468773435,20.18262393225827,15,15,0,14,14
120.0,curved_S2a10,jitter,11.0,3,0.8899386192390906,21.683454014881175,15,15,0,13,13
120.0,curved_S2a10,jitter,11.0,4,8.117405525471446,4.591295892148839,15,15,0,13,13
120.0,curved_S2a10,jitter,11.0,5,3.9273896344618584,-3.475364379981342,15,15,0,13,13
120.0,curved_S2a10,jitter,11.0,6,4.769275467804192,32.31113557364569,15,15,0,13,13
120.0,curved_S2a10,jitter,11.0,7,11.768491730217917,11.286414711416432,15,15,0,14,14
120.0,curved_S2a10,jitter,11.0,8,1.6527904276632313,1.36910589164434,15,15,0,13,13
120.0,curved_S2a10,jitter,11.0,9,7.391642941648995,16.54726687917765,15,15,0,13,13
120.0,curved_S2a10,jitter,11.0,10,4.2874462344407815,9.076385320172342,15,15,0,13,13
120.0,curved_S2a10,jitter,11.0,11,2.6983042734423637,21.865044269860068,15,15,0,14,14
120.0,curved_S2a10,jitter,11.0,12,0.04585625633714126,6.127535791437863,15,15,0,14,14
120.0,curved_S2a10,jitter,11.0,13,2.107451915986689,23.1633525600504,15,15,0,14,14
120.0,curved_S2a10,jitter,11.0,14,4.524666382320544,11.93184440681363,15,15,0,14,13
120.0,curved_S2a10,jitter,11.0,15,12.26010541091932,13.159372411879477,15,15,0,14,14
120.0,curved_S2a10,jitter,11.0,16,2.3642120691592363,12.551447736468013,15,15,0,14,14
120.0,curved_S2a10,jitter,11.0,17,11.574976298181523,8.512713611084715,15,15,0,13,13
120.0,curved_S2a10,jitter,11.0,18,6.940870040803719,9.570200506712661,15,15,0,13,13
120.0,curved_S2a10,jitter,11.0,19,4.724081737647239,10.718209279747153,15,15,0,14,14
120.0,curved_S2a10,jitter,11.0,20,6.61190287010365,16.3199682388835,15,15,0,13,13
120.0,curved_S2a10,jitter,11.0,21,2.8089869012787707,7.996493151612742,15,15,0,13,13
120.0,curved_S2a10,jitter,11.0,22,6.924930418843696,0.14029468768508302,15,15,0,13,13
120.0,curved_S2a10,jitter,11.0,23,0.2617005312746008,11.827863896371122,15,15,0,13,13
120.0,curved_S2a10,jitter,11.0,24,15.279930650601722,9.721305236171851,15,15,0,11,11
120.0,curved_S2a10,jitter,11.0,25,0.4247685784468856,14.98165312458637,15,15,0,14,14
120.0,curved_S2a10,jitter,11.0,26,5.9892604482341705,6.45741349243399,15,15,0,14,14
120.0,curved_S2a10,jitter,11.0,27,6.9345221359587095,0.19173598909446216,15,15,0,14,14
120.0,curved_S2a10,jitter,11.0,28,3.9496941773934435,-10.34246182035628,15,15,0,12,12
120.0,curved_S2a10,jitter,11.0,29,0.27003598666876066,9.052540761536232,15,15,0,14,14
120.0,curved_S2a10,jitter,11.0,30,1.2778826240451628,18.992328868671258,15,15,0,14,14
120.0,curved_S2a10,jitter,30.0,1,1.6646969322903453,78.39794047890494,15,15,0,14,14
120.0,curved_S2a10,jitter,30.0,2,7.761513545213952,35.47142919006359,15,15,0,14,14
120.0,curved_S2a10,jitter,30.0,3,13.989947701936442,30.943791759307302,15,15,0,13,13
120.0,curved_S2a10,jitter,30.0,4,7.550825077643882,-2.717855224150038,15,15,0,13,13
120.0,curved_S2a10,jitter,30.0,5,1.538391680109538,3.8741062865903806,15,15,0,13,12
120.0,curved_S2a10,jitter,30.0,6,6.946767944920498,74.90415493218508,15,15,0,13,12
120.0,curved_S2a10,jitter,30.0,7,19.079866450490048,-0.4538734614552305,15,15,0,14,14
120.0,curved_S2a10,jitter,30.0,8,3.697967116690784,-10.407536344418816,15,15,0,13,13
120.0,curved_S2a10,jitter,30.0,9,47.61032589532415,49.07399746662291,15,15,0,13,13
120.0,curved_S2a10,jitter,30.0,10,1.2112822438740969,13.108852717348363,15,15,0,14,14
120.0,curved_S2a10,jitter,30.0,11,4.504555798941525,51.745695752950084,15,15,0,14,14
120.0,curved_S2a10,jitter,30.0,12,2.9577046951575987,23.19740276884724,15,15,0,14,14
120.0,curved_S2a10,jitter,30.0,13,3.586993713624721,31.001863861697654,15,15,0,14,14
120.0,curved_S2a10,jitter,30.0,14,4.963304458163557,19.249927534001024,15,15,0,13,13
120.0,curved_S2a10,jitter,30.0,15,18.302844403940323,19.340708229622816,15,15,0,14,14
120.0,curved_S2a10,jitter,30.0,16,7.3985775618674126,50.08773316109361,15,15,0,13,13
120.0,curved_S2a10,jitter,30.0,17,5.228671406298173,10.935205262218767,15,15,0,14,14
120.0,curved_S2a10,jitter,30.0,18,15.429347435131863,101.32760887591931,15,15,0,12,12
120.0,curved_S2a10,jitter,30.0,19,33.92546808744886,64.7301691113032,15,15,0,14,14
120.0,curved_S2a10,jitter,30.0,20,11.099198324491404,26.326987930185595,15,15,0,13,13
120.0,curved_S2a10,jitter,30.0,21,15.949209372706594,42.38644736886747,15,15,0,11,9
120.0,curved_S2a10,jitter,30.0,22,4.907096885693914,14.446051071640223,15,15,0,12,11
120.0,curved_S2a10,jitter,30.0,23,1.1885358087179714,46.81336566215073,15,15,0,13,12
120.0,curved_S2a10,jitter,30.0,24,7.864661231030208,21.506481053258216,15,15,0,13,13
120.0,curved_S2a10,jitter,30.0,25,2.7606586996173883,27.837228183061285,15,15,0,14,14
120.0,curved_S2a10,jitter,30.0,26,12.61302516293651,23.105947450770024,15,15,0,13,13
120.0,curved_S2a10,jitter,30.0,27,7.639622731869571,2.9745624273491993,15,15,0,14,14
120.0,curved_S2a10,jitter,30.0,28,14.461547018639743,-5.617107213953609,15,15,0,11,9
120.0,curved_S2a10,jitter,30.0,29,5.6794230001625365,24.52904223609389,15,15,0,13,13
120.0,curved_S2a10,jitter,30.0,30,19.61879761438667,77.91621090898823,15,15,0,14,13
120.0,curved_S2a10,jitter,78.5,1,58.25158788897113,20.391160099489237,15,15,0,14,14
120.0,curved_S2a10,jitter,78.5,2,75.88768590408759,97.72733298509394,15,15,0,13,13
120.0,curved_S2a10,jitter,78.5,3,111.53276850780318,41.59292035398234,15,15,0,13,9
120.0,curved_S2a10,jitter,78.5,4,15.920455337883165,26.737294988745486,15,15,0,13,10
120.0,curved_S2a10,jitter,78.5,5,21.40484751844309,0.8568252692769432,15,15,0,14,13
120.0,curved_S2a10,jitter,78.5,6,2.044208993162404,155.07792471631578,15,15,0,12,10
120.0,curved_S2a10,jitter,78.5,7,131.49814703847338,30.045719106811813,15,15,0,14,9
120.0,curved_S2a10,jitter,78.5,8,65.56409338317432,18.974715414066743,15,15,0,12,9
120.0,curved_S2a10,jitter,78.5,9,87.99554701846576,32.908520383671664,15,15,0,13,13
120.0,curved_S2a10,jitter,78.5,10,21.332049780982615,177.56973406001617,15,15,0,14,11
120.0,curved_S2a10,jitter,78.5,11,109.43885884437361,157.39145305633696,15,15,0,13,12
120.0,curved_S2a10,jitter,78.5,12,8.127178599926287,137.28234360927533,15,15,0,14,10
120.0,curved_S2a10,jitter,78.5,13,110.61323146317314,52.0427773187801,15,15,0,14,14
120.0,curved_S2a10,jitter,78.5,14,10.50968179043901,65.0333380845467,15,15,0,13,12
120.0,curved_S2a10,jitter,78.5,15,48.99852396628249,13.78154830791519,15,15,0,13,13
120.0,curved_S2a10,jitter,78.5,16,174.7814061430469,63.39205412466905,15,15,0,13,12
120.0,curved_S2a10,jitter,78.5,17,29.220130427874906,43.01410671338151,15,15,0,14,13
120.0,curved_S2a10,jitter,78.5,18,143.80234169490913,162.34770779303116,15,15,0,13,12
120.0,curved_S2a10,jitter,78.5,19,142.29439983138928,85.68733458511724,15,15,0,14,11
120.0,curved_S2a10,jitter,78.5,20,9.068511564471454,73.51987106090249,15,15,0,11,7
120.0,curved_S2a10,jitter,78.5,21,48.74254128630335,74.02430568238914,15,15,0,14,12
120.0,curved_S2a10,jitter,78.5,22,13.782151773286696,75.76059188153899,15,15,0,13,10
120.0,curved_S2a10,jitter,78.5,23,83.50490785376371,137.5136110332557,15,15,0,13,11
120.0,curved_S2a10,jitter,78.5,24,25.026513506673428,88.44406755668635,15,15,0,13,11
120.0,curved_S2a10,jitter,78.5,25,171.05825039985507,73.74212601108455,15,15,0,14,14
120.0,curved_S2a10,jitter,78.5,26,105.08983357579,109.8059594227598,15,15,0,12,11
120.0,curved_S2a10,jitter,78.5,27,19.531070833840783,56.2096895396591,15,15,0,14,12
120.0,curved_S2a10,jitter,78.5,28,38.935984664359225,78.4132678391762,15,15,0,12,5
120.0,curved_S2a10,jitter,78.5,29,31.874765713151312,76.38783048852402,15,15,0,14,11
120.0,curved_S2a10,jitter,78.5,30,85.80264669055744,69.67348195390025,15,15,0,14,10
120.0,curved_S2a20,uniform,0.0,1,2.5277243673937173,18.21036366637916,15,15,0,13,12
120.0,curved_S2a20,uniform,0.0,2,2.0687830855713196,15.062305128555057,15,15,0,14,13
120.0,curved_S2a20,uniform,0.0,3,3.3174828068986986,9.825797871065085,15,15,0,13,11
120.0,curved_S2a20,uniform,0.0,4,3.5435836598571373,36.21543318967089,15,15,0,14,13
120.0,curved_S2a20,uniform,0.0,5,15.159632663787749,-1.8386434890252563,15,15,0,13,13
120.0,curved_S2a20,uniform,0.0,6,5.86795153472072,65.56087172895954,15,15,0,13,13
120.0,curved_S2a20,uniform,0.0,7,29.674439551649108,17.814318973933915,15,15,0,13,13
120.0,curved_S2a20,uniform,0.0,8,1.3815188928112134,34.92086838598552,15,15,0,14,14
120.0,curved_S2a20,uniform,0.0,9,3.3476931274813486,36.60155026757816,15,15,0,13,12
120.0,curved_S2a20,uniform,0.0,10,13.705030313633698,27.825983871793998,15,15,0,13,13
120.0,curved_S2a20,uniform,0.0,11,4.288238460247407,35.24570343692935,15,15,0,13,13
120.0,curved_S2a20,uniform,0.0,12,31.43694611873844,38.86873241940121,15,15,0,13,13
120.0,curved_S2a20,uniform,0.0,13,4.446747769944572,30.96313838299274,15,15,0,13,12
120.0,curved_S2a20,uniform,0.0,14,21.356317922586147,32.555016571179976,15,15,0,14,13
120.0,curved_S2a20,uniform,0.0,15,22.91348284359486,29.334075713058443,15,15,0,14,13
120.0,curved_S2a20,uniform,0.0,16,3.3622910186934263,4.493150894349066,15,15,0,12,11
120.0,curved_S2a20,uniform,0.0,17,12.33548600235715,29.51747577953962,15,15,0,13,12
120.0,curved_S2a20,uniform,0.0,18,10.334051322106847,50.50768855029869,15,15,0,13,13
120.0,curved_S2a20,uniform,0.0,19,6.73546665067084,66.43278489556236,15,15,0,12,11
120.0,curved_S2a20,uniform,0.0,20,15.75773512911245,40.23438730389044,15,15,0,13,13
120.0,curved_S2a20,uniform,0.0,21,1.7573172514418227,3.777951891560575,15,15,0,14,14
120.0,curved_S2a20,uniform,0.0,22,6.987072783913706,6.7247729243546495,15,15,0,13,12
120.0,curved_S2a20,uniform,0.0,23,10.471445147207735,50.46987993587457,15,15,0,13,13
120.0,curved_S2a20,uniform,0.0,24,20.520407792951012,25.158381563589387,15,15,0,13,13
120.0,curved_S2a20,uniform,0.0,25,15.79784194089691,28.86929651763637,15,15,0,14,13
120.0,curved_S2a20,uniform,0.0,26,0.005256634629406109,34.27658241846017,15,15,0,14,13
120.0,curved_S2a20,uniform,0.0,27,9.128835964330602,15.941467754053932,15,15,0,13,12
120.0,curved_S2a20,uniform,0.0,28,10.219471738779879,58.372512066934824,15,15,0,13,13
120.0,curved_S2a20,uniform,0.0,29,3.1885286891548414,15.215779558963641,15,15,0,13,13
120.0,curved_S2a20,uniform,0.0,30,25.77979134637066,36.87705917737058,15,15,0,13,13
120.0,curved_S2a20,uniform,2.0,1,1.1363075648980605,14.04028930919008,15,15,0,13,12
120.0,curved_S2a20,uniform,2.0,2,2.1189115044326954,7.076500917039012,15,15,0,14,13
120.0,curved_S2a20,uniform,2.0,3,5.508829245172486,6.925567878773335,15,15,0,13,12
120.0,curved_S2a20,uniform,2.0,4,8.518535954515079,32.019255343256205,15,15,0,14,13
120.0,curved_S2a20,uniform,2.0,5,10.968271587027322,6.0822423717400955,15,15,0,13,13
120.0,curved_S2a20,uniform,2.0,6,3.5623622546212435,56.65150159941662,15,15,0,13,13
120.0,curved_S2a20,uniform,2.0,7,28.342199822298547,19.091404496188588,15,15,0,13,13
120.0,curved_S2a20,uniform,2.0,8,0.27392895486021507,15.55559664199723,15,15,0,13,13
120.0,curved_S2a20,uniform,2.0,9,10.538060697146488,28.490557415283284,15,15,0,13,13
120.0,curved_S2a20,uniform,2.0,10,13.3370654217275,26.42779457691022,15,15,0,13,13
120.0,curved_S2a20,uniform,2.0,11,2.1545769730514372,30.274500739300986,15,15,0,13,13
120.0,curved_S2a20,uniform,2.0,12,109.5300679282691,17.945902526387002,15,15,0,13,12
120.0,curved_S2a20,uniform,2.0,13,11.474552274162711,22.04200432303544,15,15,0,13,13
120.0,curved_S2a20,uniform,2.0,14,19.795151903095096,29.369439895004952,15,15,0,14,13
120.0,curved_S2a20,uniform,2.0,15,20.58903270624852,23.65466358593372,15,15,0,14,14
120.0,curved_S2a20,uniform,2.0,16,2.898889462982002,7.277409100957577,15,15,0,13,12
120.0,curved_S2a20,uniform,2.0,17,17.85367621399627,26.66856670941768,15,15,0,13,13
120.0,curved_S2a20,uniform,2.0,18,11.971756701257657,26.37287669977619,15,15,0,13,13
120.0,curved_S2a20,uniform,2.0,19,6.925330743283997,58.50567812182469,15,15,0,12,11
120.0,curved_S2a20,uniform,2.0,20,17.205586666309028,17.730191839785046,15,15,0,13,13
120.0,curved_S2a20,uniform,2.0,21,1.6334089717673337,4.876655985315251,15,15,0,14,14
120.0,curved_S2a20,uniform,2.0,22,8.762186447630398,-0.3796520348898694,15,15,0,13,12
120.0,curved_S2a20,uniform,2.0,23,13.413922350990093,29.779178004103397,15,15,0,13,12
120.0,curved_S2a20,uniform,2.0,24,21.120112056959346,23.442092151586603,15,15,0,13,13
120.0,curved_S2a20,uniform,2.0,25,7.3935795483772875,38.36540770221355,15,15,0,14,14
120.0,curved_S2a20,uniform,2.0,26,1.9399437857424906,29.106922532724095,15,15,0,14,13
120.0,curved_S2a20,uniform,2.0,27,13.642002740633606,25.94762551568717,15,15,0,14,14
120.0,curved_S2a20,uniform,2.0,28,9.522361335523188,46.820111698119085,15,15,0,13,12
120.0,curved_S2a20,uniform,2.0,29,3.8442072528009144,11.308480750935512,15,15,0,13,13
120.0,curved_S2a20,uniform,2.0,30,12.626060812850163,41.28543438765216,15,15,0,11,11
120.0,curved_S2a20,uniform,5.0,1,0.6995842532156462,2.210915790581443,15,15,0,12,12
120.0,curved_S2a20,uniform,5.0,2,114.88302262735988,18.887233912989654,15,15,0,13,12
120.0,curved_S2a20,uniform,5.0,3,103.70534362033669,10.858941631947427,15,15,0,13,12
120.0,curved_S2a20,uniform,5.0,4,12.929689524325141,17.0745402541492,15,15,0,13,13
120.0,curved_S2a20,uniform,5.0,5,8.959217176798496,12.078715148648406,15,15,0,13,13
120.0,curved_S2a20,uniform,5.0,6,0.6945868369653025,57.4364839500482,15,15,0,13,12
120.0,curved_S2a20,uniform,5.0,7,26.10416383504654,15.178159131854288,15,15,0,13,13
120.0,curved_S2a20,uniform,5.0,8,1.865233368262395,30.9204479390566,15,15,0,13,13
120.0,curved_S2a20,uniform,5.0,9,2.406484146302566,27.872453645079293,15,15,0,14,14
120.0,curved_S2a20,uniform,5.0,10,12.973672254089374,21.231760344202502,15,15,0,13,13
120.0,curved_S2a20,uniform,5.0,11,6.628388197901948,18.736403622556765,15,15,0,14,14
120.0,curved_S2a20,uniform,5.0,12,106.5252356304732,-6.070648068523102,15,15,0,13,12
120.0,curved_S2a20,uniform,5.0,13,10.61066844195543,17.43898198694579,15,15,0,13,13
120.0,curved_S2a20,uniform,5.0,14,16.91892273975608,18.357570734829206,15,15,0,14,13
120.0,curved_S2a20,uniform,5.0,15,18.9669178056908,4.955521605677138,15,15,0,13,12
120.0,curved_S2a20,uniform,5.0,16,101.47073082205677,30.281237739765903,15,15,0,14,13
120.0,curved_S2a20,uniform,5.0,17,17.431416690610625,9.485172482842241,15,15,0,12,12
120.0,curved_S2a20,uniform,5.0,18,14.949093232910394,22.99834568337563,15,15,0,13,13
120.0,curved_S2a20,uniform,5.0,19,3.429107859786728,53.96662976149823,15,15,0,13,13
120.0,curved_S2a20,uniform,5.0,20,16.97167539273182,9.51056848515508,15,15,0,13,13
120.0,curved_S2a20,uniform,5.0,21,2.5747677517297003,9.466271078171157,15,15,0,13,13
120.0,curved_S2a20,uniform,5.0,22,116.10361866278643,2.732884653134497,15,15,0,13,12
120.0,curved_S2a20,uniform,5.0,23,9.892245960527317,33.613905640935535,15,15,0,13,12
120.0,curved_S2a20,uniform,5.0,24,22.56660206722323,20.84304293857174,15,15,0,12,12
120.0,curved_S2a20,uniform,5.0,25,3.1136640902145634,21.192091116766377,15,15,0,13,13
120.0,curved_S2a20,uniform,5.0,26,7.692692247392078,18.735666200410574,15,15,0,14,13
120.0,curved_S2a20,uniform,5.0,27,12.841501078970992,26.033004845643386,15,15,0,14,14
120.0,curved_S2a20,uniform,5.0,28,0.07304042589462983,22.485314817656977,15,15,0,13,12
120.0,curved_S2a20,uniform,5.0,29,4.020272255408769,7.303796663274993,15,15,0,13,13
120.0,curved_S2a20,uniform,5.0,30,13.79731716630314,37.68404684639775,15,15,0,11,11
120.0,curved_S2a20,uniform,10.0,1,3.1290898160506497,9.773720170198413,15,15,0,12,12
120.0,curved_S2a20,uniform,10.0,2,32.88523982216279,17.29722535078131,15,15,0,13,12
120.0,curved_S2a20,uniform,10.0,3,4.016923345999241,10.347451813649016,15,15,0,13,13
120.0,curved_S2a20,uniform,10.0,4,13.861473496482082,11.95393819108405,15,15,0,13,13
120.0,curved_S2a20,uniform,10.0,5,11.73812666473184,1.8775204427300334,15,15,0,13,13
120.0,curved_S2a20,uniform,10.0,6,3.1804405863885505,15.763025255123445,15,15,0,13,13
120.0,curved_S2a20,uniform,10.0,7,24.517281500766117,10.347451813649133,15,15,0,13,13
120.0,curved_S2a20,uniform,10.0,8,1.3973524972796334,26.19695600535841,15,15,0,13,13
120.0,curved_S2a20,uniform,10.0,9,2.255306748909798,21.423945664007768,15,15,0,14,14
120.0,curved_S2a20,uniform,10.0,10,12.09347698742943,19.916662893872047,15,15,0,13,13
120.0,curved_S2a20,uniform,10.0,11,4.3411431870683055,14.861814971140777,15,15,0,14,14
120.0,curved_S2a20,uniform,10.0,12,92.74002479429615,17.764501458499993,15,15,0,13,12
120.0,curved_S2a20,uniform,10.0,13,5.160077217886695,21.908401592407365,15,15,0,14,14
120.0,curved_S2a20,uniform,10.0,14,16.304562342649767,12.884664714498998,15,15,0,13,12
120.0,curved_S2a20,uniform,10.0,15,18.944094302028933,-0.2237628817202649,15,15,0,13,12
120.0,curved_S2a20,uniform,10.0,16,114.01182623617825,21.603647953548023,15,15,0,14,13
120.0,curved_S2a20,uniform,10.0,17,17.139031065833805,0.2761395993644111,15,15,0,13,13
120.0,curved_S2a20,uniform,10.0,18,20.31549099967586,27.39649465417946,15,15,0,13,13
120.0,curved_S2a20,uniform,10.0,19,1.0512910397465223,26.491371577420963,15,15,0,13,12
120.0,curved_S2a20,uniform,10.0,20,16.06897626642934,11.479446957130952,15,15,0,13,13
120.0,curved_S2a20,uniform,10.0,21,2.9121079413053743,10.148124909011596,15,15,0,13,13
120.0,curved_S2a20,uniform,10.0,22,5.842898495373577,-3.143418119532093,15,15,0,13,13
120.0,curved_S2a20,uniform,10.0,23,7.401015798763341,5.719200767083521,15,15,0,14,14
120.0,curved_S2a20,uniform,10.0,24,24.296479563244496,14.596957995071355,15,15,0,12,12
120.0,curved_S2a20,uniform,10.0,25,3.1090884037100976,38.968027982935816,15,15,0,13,12
120.0,curved_S2a20,uniform,10.0,26,6.571323847252604,12.333577045640826,15,15,0,14,14
120.0,curved_S2a20,uniform,10.0,27,14.207229190523503,27.522165978316842,15,15,0,14,14
120.0,curved_S2a20,uniform,10.0,28,1.5980059866484142,12.454355430776715,15,15,0,14,13
120.0,curved_S2a20,uniform,10.0,29,3.979387952175473,4.4603642563803,15,15,0,13,13
120.0,curved_S2a20,uniform,10.0,30,17.95011090233514,35.57718940867985,15,15,0,11,10
120.0,curved_S2a20,uniform,11.0,1,4.117511988009892,12.724770774817706,15,15,0,13,13
120.0,curved_S2a20,uniform,11.0,2,3.748963784747049,18.247215536077466,15,15,0,13,12
120.0,curved_S2a20,uniform,11.0,3,4.144452825792633,10.121406949815952,15,15,0,13,13
120.0,curved_S2a20,uniform,11.0,4,13.660544051535425,11.320032219027649,15,15,0,13,13
120.0,curved_S2a20,uniform,11.0,5,12.014080300846885,2.3282323341372075,15,15,0,13,13
120.0,curved_S2a20,uniform,11.0,6,5.309350522567954,21.777027633597967,15,15,0,13,13
120.0,curved_S2a20,uniform,11.0,7,26.365290313404188,12.236196235987745,15,15,0,12,12
120.0,curved_S2a20,uniform,11.0,8,1.3935841202446673,25.548709137125087,15,15,0,13,13
120.0,curved_S2a20,uniform,11.0,9,2.3952570979473364,20.843056679958906,15,15,0,14,14
120.0,curved_S2a20,uniform,11.0,10,11.813350871721,19.969291791448995,15,15,0,13,13
120.0,curved_S2a20,uniform,11.0,11,4.466100918244239,13.21516529735615,15,15,0,14,14
120.0,curved_S2a20,uniform,11.0,12,92.21293118280872,22.034696766853358,15,15,0,13,12
120.0,curved_S2a20,uniform,11.0,13,5.548547152934833,20.656729325535736,15,15,0,14,14
120.0,curved_S2a20,uniform,11.0,14,15.672543298061518,12.712710182886275,15,15,0,13,12
120.0,curved_S2a20,uniform,11.0,15,18.342637286227518,0.8244279824012324,15,15,0,13,12
120.0,curved_S2a20,uniform,11.0,16,8.964517027592107,11.513557159161508,15,15,0,14,13
120.0,curved_S2a20,uniform,11.0,17,17.628163957740053,1.3538818752784434,15,15,0,13,13
120.0,curved_S2a20,uniform,11.0,18,20.252865478172414,26.73904772709936,15,15,0,13,13
120.0,curved_S2a20,uniform,11.0,19,1.6318123219861473,25.235347273777187,15,15,0,13,12
120.0,curved_S2a20,uniform,11.0,20,16.308223975551034,10.84969093174754,15,15,0,13,13
120.0,curved_S2a20,uniform,11.0,21,2.7943451731835283,9.074459018334807,15,15,0,13,13
120.0,curved_S2a20,uniform,11.0,22,6.7036217352649725,-2.808697713322861,15,15,0,13,13
120.0,curved_S2a20,uniform,11.0,23,6.087209816123284,5.26434198097081,15,15,0,14,14
120.0,curved_S2a20,uniform,11.0,24,24.483187716224823,13.584679662175411,15,15,0,12,12
120.0,curved_S2a20,uniform,11.0,25,2.9289748063529095,38.29487753796723,15,15,0,13,12
120.0,curved_S2a20,uniform,11.0,26,8.996574896954971,9.028660585554633,15,15,0,14,14
120.0,curved_S2a20,uniform,11.0,27,14.284608032080577,27.323559998776997,15,15,0,14,14
120.0,curved_S2a20,uniform,11.0,28,3.9362152142125866,16.856725318868563,15,15,0,13,12
120.0,curved_S2a20,uniform,11.0,29,3.8678309005507523,6.299926755057372,15,15,0,13,13
120.0,curved_S2a20,uniform,11.0,30,17.051013001007544,46.02745782920348,15,15,0,11,10
120.0,curved_S2a20,uniform,20.0,1,3.647693288223218,14.942528735632177,15,15,0,13,13
120.0,curved_S2a20,uniform,20.0,2,0.33718289716890043,7.39131575181012,15,15,0,13,13
120.0,curved_S2a20,uniform,20.0,3,4.073143763318277,9.74773296106548,15,15,0,13,13
120.0,curved_S2a20,uniform,20.0,4,12.110888219712342,11.495815947147287,15,15,0,13,13
120.0,curved_S2a20,uniform,20.0,5,12.133149281291027,6.7323391185165615,15,15,0,13,13
120.0,curved_S2a20,uniform,20.0,6,2.369537141597328,17.511936789439055,15,15,0,14,13
120.0,curved_S2a20,uniform,20.0,7,23.87317007036085,9.135414754988913,15,15,0,13,12
120.0,curved_S2a20,uniform,20.0,8,1.6131893323573367,23.498561008939724,15,15,0,13,13
120.0,curved_S2a20,uniform,20.0,9,4.734160512896267,21.464458322530433,15,15,0,13,13
120.0,curved_S2a20,uniform,20.0,10,8.498186072420655,12.594337277761314,15,15,0,13,13
120.0,curved_S2a20,uniform,20.0,11,2.4417774647964183,17.54984380261574,15,15,0,14,14
120.0,curved_S2a20,uniform,20.0,12,3.505992896239575,4.380920677181566,15,15,0,13,13
120.0,curved_S2a20,uniform,20.0,13,6.657561645044996,10.98445477135468,15,15,0,14,14
120.0,curved_S2a20,uniform,20.0,14,11.59053143883714,12.274114331513546,15,15,0,13,12
120.0,curved_S2a20,uniform,20.0,15,15.981264863983322,9.776825526223194,15,15,0,13,13
120.0,curved_S2a20,uniform,20.0,16,3.800799137049399,3.5938320677360323,15,15,0,14,14
120.0,curved_S2a20,uniform,20.0,17,21.821332238463224,5.880516534648228,15,15,0,13,13
120.0,curved_S2a20,uniform,20.0,18,20.29123183258844,24.274145129569987,15,15,0,13,13
120.0,curved_S2a20,uniform,20.0,19,3.6374302404105285,12.827902926249823,15,15,0,13,12
120.0,curved_S2a20,uniform,20.0,20,15.61744611329869,3.3553776539888336,15,15,0,13,13
120.0,curved_S2a20,uniform,20.0,21,1.2155439904335301,9.04635878499156,15,15,0,13,13
120.0,curved_S2a20,uniform,20.0,22,14.516603129213799,-4.5596099528443155,15,15,0,13,13
120.0,curved_S2a20,uniform,20.0,23,3.112342327800321,1.7064314969481427,15,15,0,14,14
120.0,curved_S2a20,uniform,20.0,24,21.40497747163939,9.23673316147302,15,15,0,12,12
120.0,curved_S2a20,uniform,20.0,25,0.15230903483744743,10.621812983134998,15,15,0,14,14
120.0,curved_S2a20,uniform,20.0,26,11.246881452021766,5.926913927860452,15,15,0,13,13
120.0,curved_S2a20,uniform,20.0,27,12.859207931131014,8.986360888582823,15,15,0,14,14
120.0,curved_S2a20,uniform,20.0,28,4.877489458898425,20.29858092953655,15,15,0,13,12
120.0,curved_S2a20,uniform,20.0,29,4.178815173548125,9.709175948235327,15,15,0,14,14
120.0,curved_S2a20,uniform,20.0,30,14.811658156177119,35.2814630145527,15,15,0,12,12
120.0,curved_S2a20,uniform,30.0,1,1.4556481584734318,22.133774870068677,15,15,0,13,12
120.0,curved_S2a20,uniform,30.0,2,4.411833855159327,-3.58870366057961,15,15,0,13,13
120.0,curved_S2a20,uniform,30.0,3,3.951790515686374,9.652220952115293,15,15,0,13,13
120.0,curved_S2a20,uniform,30.0,4,11.367766288687342,12.277933855788687,15,15,0,13,13
120.0,curved_S2a20,uniform,30.0,5,12.313620513739425,5.7882743237752585,15,15,0,13,13
120.0,curved_S2a20,uniform,30.0,6,0.3458645068383999,9.050350430731486,15,15,0,14,14
120.0,curved_S2a20,uniform,30.0,7,20.734755456559558,8.706890766370739,15,15,0,13,13
120.0,curved_S2a20,uniform,30.0,8,5.782150772778711,8.017309945697153,15,15,0,13,13
120.0,curved_S2a20,uniform,30.0,9,4.398520612788114,18.877158603582092,15,15,0,14,13
120.0,curved_S2a20,uniform,30.0,10,10.176722531962112,20.382639653180693,15,15,0,13,12
120.0,curved_S2a20,uniform,30.0,11,0.6897070927867249,10.750899011706434,15,15,0,14,14
120.0,curved_S2a20,uniform,30.0,12,1.541965831030678,2.9737597043985415,15,15,0,13,12
120.0,curved_S2a20,uniform,30.0,13,6.734634657454397,11.6137144465639,15,15,0,14,14
120.0,curved_S2a20,uniform,30.0,14,10.52086889946407,12.521899696616842,15,15,0,13,12
120.0,curved_S2a20,uniform,30.0,15,12.160213477872801,7.708541676401455,15,15,0,13,13
120.0,curved_S2a20,uniform,30.0,16,4.041558509347125,1.492249726088731,15,15,0,13,13
120.0,curved_S2a20,uniform,30.0,17,21.335775762613167,8.988993484835166,15,15,0,13,13
120.0,curved_S2a20,uniform,30.0,18,19.990221005959,21.135604139741325,15,15,0,13,13
120.0,curved_S2a20,uniform,30.0,19,2.931343003395733,11.827863896371255,15,15,0,13,13
120.0,curved_S2a20,uniform,30.0,20,14.901119168017113,3.3809188916057518,15,15,0,13,13
120.0,curved_S2a20,uniform,30.0,21,1.0425458563260357,10.566352029326653,15,15,0,13,12
120.0,curved_S2a20,uniform,30.0,22,14.4669827454575,-4.922387962324789,15,15,0,13,13
120.0,curved_S2a20,uniform,30.0,23,6.401835210942721,1.0910215832785397,15,15,0,14,14
120.0,curved_S2a20,uniform,30.0,24,21.213741799075475,9.425652978115846,15,15,0,12,12
120.0,curved_S2a20,uniform,30.0,25,3.2658980473387986,8.48655202213881,15,15,0,14,14
120.0,curved_S2a20,uniform,30.0,26,10.539997326213548,5.127467951203771,15,15,0,13,13
120.0,curved_S2a20,uniform,30.0,27,12.980730202946498,-4.283483051537976,15,15,0,13,13
120.0,curved_S2a20,uniform,30.0,28,2.574748229119036,17.06279779784753,15,15,0,13,13
120.0,curved_S2a20,uniform,30.0,29,4.1488642290065085,7.178919893747038,15,15,0,13,13
120.0,curved_S2a20,uniform,30.0,30,15.29994071046494,13.775228139407444,15,15,0,14,14
120.0,curved_S2a20,uniform,50.0,1,2.4972225323232293,11.641538974270915,15,15,0,13,12
120.0,curved_S2a20,uniform,50.0,2,3.7392519638171624,-3.295278581943961,15,15,0,13,13
120.0,curved_S2a20,uniform,50.0,3,3.745507695735899,7.30379666327526,15,15,0,13,13
120.0,curved_S2a20,uniform,50.0,4,9.751147644437744,10.612938419300894,15,15,0,13,13
120.0,curved_S2a20,uniform,50.0,5,13.465863105596059,6.373573938314037,15,15,0,13,13
120.0,curved_S2a20,uniform,50.0,6,1.6832930775171735,7.629985360847972,15,15,0,14,14
120.0,curved_S2a20,uniform,50.0,7,21.12540346511982,8.706890766370812,15,15,0,13,13
120.0,curved_S2a20,uniform,50.0,8,7.659301367693589,8.109292657614303,15,15,0,13,13
120.0,curved_S2a20,uniform,50.0,9,4.493869925934886,9.145250035692598,15,15,0,14,14
120.0,curved_S2a20,uniform,50.0,10,7.10031565913343,6.242449363760416,15,15,0,13,13
120.0,curved_S2a20,uniform,50.0,11,0.3613033575332518,7.085993605394059,15,15,0,14,14
120.0,curved_S2a20,uniform,50.0,12,0.7754166143999495,0.26491776514777265,15,15,0,13,13
120.0,curved_S2a20,uniform,50.0,13,6.225709430316279,12.497425825412051,15,15,0,14,14
120.0,curved_S2a20,uniform,50.0,14,10.76888613652554,13.252982011168898,15,15,0,13,12
120.0,curved_S2a20,uniform,50.0,15,12.392492096523403,8.213289740796686,15,15,0,13,13
120.0,curved_S2a20,uniform,50.0,16,1.303434488834672,-6.29085157875271,15,15,0,13,13
120.0,curved_S2a20,uniform,50.0,17,20.546941102961423,6.660219843765362,15,15,0,13,13
120.0,curved_S2a20,uniform,50.0,18,18.02366606203013,12.501483073759934,15,15,0,13,13
120.0,curved_S2a20,uniform,50.0,19,2.631273103479068,10.230697628433044,15,15,0,13,13
120.0,curved_S2a20,uniform,50.0,20,14.895995891445722,3.4050969576762125,15,15,0,13,13
120.0,curved_S2a20,uniform,50.0,21,0.02634065531731752,10.322258564045288,15,15,0,13,13
120.0,curved_S2a20,uniform,50.0,22,14.0304667822862,-4.659158014849677,15,15,0,13,13
120.0,curved_S2a20,uniform,50.0,23,6.058800092392008,0.9606923150748811,15,15,0,14,14
120.0,curved_S2a20,uniform,50.0,24,21.272432123358666,10.06745719899816,15,15,0,12,12
120.0,curved_S2a20,uniform,50.0,25,0.531123483747238,9.021697776840771,15,15,0,13,13
120.0,curved_S2a20,uniform,50.0,26,7.178755498215702,1.1987467125573747,15,15,0,14,14
120.0,curved_S2a20,uniform,50.0,27,10.314462888128654,-3.42220437679015,15,15,0,13,13
120.0,curved_S2a20,uniform,50.0,28,0.9714477365332074,2.8226673700590217,15,15,0,13,13
120.0,curved_S2a20,uniform,50.0,29,4.809713799843522,10.417926655500514,15,15,0,13,13
120.0,curved_S2a20,uniform,50.0,30,10.544194708313581,1.547043260031833,15,15,0,14,14
120.0,curved_S2a20,uniform,78.5,1,2.763213296217371,7.372197887650334,15,15,0,13,12
120.0,curved_S2a20,uniform,78.5,2,4.794973508096564,-3.3534444629340854,15,15,0,13,13
120.0,curved_S2a20,uniform,78.5,3,3.678364141420105,7.30379666327563,15,15,0,13,13
120.0,curved_S2a20,uniform,78.5,4,8.948653706455268,9.155085888482411,15,15,0,13,13
120.0,curved_S2a20,uniform,78.5,5,13.463121655532573,5.188518011365373,15,15,0,13,13
120.0,curved_S2a20,uniform,78.5,6,1.7809261540512773,7.965384863082263,15,15,0,14,14
120.0,curved_S2a20,uniform,78.5,7,21.543735546092247,10.34745181365005,15,15,0,13,13
120.0,curved_S2a20,uniform,78.5,8,7.561383548874329,9.113816379249212,15,15,0,13,13
120.0,curved_S2a20,uniform,78.5,9,4.408005153668985,8.893972020777746,15,15,0,14,14
120.0,curved_S2a20,uniform,78.5,10,3.948877622181061,4.859967994954614,15,15,0,13,13
120.0,curved_S2a20,uniform,78.5,11,0.7964888753418204,7.6801995885754275,15,15,0,14,14
120.0,curved_S2a20,uniform,78.5,12,0.4610290817419828,-0.7487618349805232,15,15,0,13,13
120.0,curved_S2a20,uniform,78.5,13,6.261456464374879,12.909535065564507,15,15,0,14,14
120.0,curved_S2a20,uniform,78.5,14,11.489312050386397,13.412625693950245,15,15,0,13,12
120.0,curved_S2a20,uniform,78.5,15,12.629860704025738,8.213289740796625,15,15,0,13,13
120.0,curved_S2a20,uniform,78.5,16,1.4398025945793071,-5.956912244623766,15,15,0,13,13
120.0,curved_S2a20,uniform,78.5,17,20.485960804748977,7.955737030933492,15,15,0,13,13
120.0,curved_S2a20,uniform,78.5,18,18.03648846708836,13.76498019012713,15,15,0,13,13
120.0,curved_S2a20,uniform,78.5,19,3.0874976854533185,9.549093487691263,15,15,0,13,13
120.0,curved_S2a20,uniform,78.5,20,14.748778172242504,3.4050969576761383,15,15,0,13,13
120.0,curved_S2a20,uniform,78.5,21,0.7578695245377497,9.875184013189386,15,15,0,13,13
120.0,curved_S2a20,uniform,78.5,22,13.799179772694307,-4.432157759588096,15,15,0,13,13
120.0,curved_S2a20,uniform,78.5,23,6.206243491983181,0.7827107104363554,15,15,0,14,14
120.0,curved_S2a20,uniform,78.5,24,21.220356026010155,10.595581124617109,15,15,0,12,12
120.0,curved_S2a20,uniform,78.5,25,1.1843968999929915,7.59323049972543,15,15,0,13,13
120.0,curved_S2a20,uniform,78.5,26,6.859784297608837,0.5667783736247916,15,15,0,14,14
120.0,curved_S2a20,uniform,78.5,27,10.427891635398172,-2.8728454629570965,15,15,0,13,13
120.0,curved_S2a20,uniform,78.5,28,0.6086664481184623,3.676776837644032,15,15,0,13,13
120.0,curved_S2a20,uniform,78.5,29,4.997132035988495,10.49133559191735,15,15,0,13,13
120.0,curved_S2a20,uniform,78.5,30,10.778412265722844,2.879278818121467,15,15,0,14,14
120.0,curved_S2a20,uniform,100.0,1,2.537428825801917,7.372197887650289,15,15,0,13,12
120.0,curved_S2a20,uniform,100.0,2,4.697581842077082,-3.588703660579625,15,15,0,13,13
120.0,curved_S2a20,uniform,100.0,3,3.662656979824341,9.25659005052008,15,15,0,13,13
120.0,curved_S2a20,uniform,100.0,4,9.104552784618845,9.287985798770409,15,15,0,13,13
120.0,curved_S2a20,uniform,100.0,5,13.50361012416324,6.373573938313948,15,15,0,13,13
120.0,curved_S2a20,uniform,100.0,6,1.6458083429978694,8.080238488921054,15,15,0,14,14
120.0,curved_S2a20,uniform,100.0,7,21.594849227161422,10.347451813650288,15,15,0,13,13
120.0,curved_S2a20,uniform,100.0,8,7.560353290065698,9.11381637924924,15,15,0,13,13
120.0,curved_S2a20,uniform,100.0,9,4.572132069372591,8.904207643594269,15,15,0,14,14
120.0,curved_S2a20,uniform,100.0,10,4.135946311502886,5.005353178101032,15,15,0,13,13
120.0,curved_S2a20,uniform,100.0,11,0.5830763275639478,7.635763272579481,15,15,0,14,14
120.0,curved_S2a20,uniform,100.0,12,0.4198576934239047,-0.6584638088423727,15,15,0,13,13
120.0,curved_S2a20,uniform,100.0,13,6.063527907610526,13.782677012721903,15,15,0,14,14
120.0,curved_S2a20,uniform,100.0,14,11.40161721463569,12.918620605782527,15,15,0,13,12
120.0,curved_S2a20,uniform,100.0,15,12.711794992360124,8.213289740796565,15,15,0,13,13
120.0,curved_S2a20,uniform,100.0,16,1.45944423203133,-5.7046885130057845,15,15,0,13,13
120.0,curved_S2a20,uniform,100.0,17,20.52175826356315,7.955737030933685,15,15,0,13,13
120.0,curved_S2a20,uniform,100.0,18,18.088616265151636,13.878930870983389,15,15,0,13,13
120.0,curved_S2a20,uniform,100.0,19,3.1684964987080537,8.922994642806776,15,15,0,13,13
120.0,curved_S2a20,uniform,100.0,20,14.832689859828163,3.4050969576761827,15,15,0,13,13
120.0,curved_S2a20,uniform,100.0,21,0.6626672676378476,9.992994184974213,15,15,0,13,13
120.0,curved_S2a20,uniform,100.0,22,13.750787757206183,-4.4321577595881845,15,15,0,13,13
120.0,curved_S2a20,uniform,100.0,23,6.170590557954342,1.114734349754798,15,15,0,14,14
120.0,curved_S2a20,uniform,100.0,24,21.358566515583103,11.521950810128995,15,15,0,12,12
120.0,curved_S2a20,uniform,100.0,25,1.1190802902136732,7.93570634893775,15,15,0,13,13
120.0,curved_S2a20,uniform,100.0,26,6.920384366945471,1.397197890346321,15,15,0,14,14
120.0,curved_S2a20,uniform,100.0,27,10.50466185956433,-3.3156203409863583,15,15,0,13,13
120.0,curved_S2a20,uniform,100.0,28,0.5560090538525755,4.105120958470909,15,15,0,13,13
120.0,curved_S2a20,uniform,100.0,29,4.879956709284517,10.256866942603542,15,15,0,13,13
120.0,curved_S2a20,uniform,100.0,30,10.781185768605456,3.558412608752004,15,15,0,14,14
120.0,curved_S2a20,jitter,11.0,1,3.7760379667078854,17.4663241118718,15,15,0,13,13
120.0,curved_S2a20,jitter,11.0,2,8.146963650321165,17.45793552728291,15,15,0,13,12
120.0,curved_S2a20,jitter,11.0,3,3.7887224997481486,10.922342947397528,15,15,0,14,14
120.0,curved_S2a20,jitter,11.0,4,13.125414117376096,7.970177357188835,15,15,0,13,13
120.0,curved_S2a20,jitter,11.0,5,6.312295336944465,2.0758000509239,15,15,0,12,12
120.0,curved_S2a20,jitter,11.0,6,7.64988322648081,40.70209639770903,15,15,0,13,13
120.0,curved_S2a20,jitter,11.0,7,25.204672132336054,12.528591169144798,15,15,0,14,13
120.0,curved_S2a20,jitter,11.0,8,4.780039495409786,14.20988544827216,15,15,0,13,13
120.0,curved_S2a20,jitter,11.0,9,11.271190338384647,26.706745262014646,15,15,0,14,14
120.0,curved_S2a20,jitter,11.0,10,10.280462892999145,13.48259806856508,15,15,0,13,13
120.0,curved_S2a20,jitter,11.0,11,5.349920611898127,27.526862234153676,15,15,0,14,14
120.0,curved_S2a20,jitter,11.0,12,0.9411005563408346,13.271277671764045,15,15,0,14,13
120.0,curved_S2a20,jitter,11.0,13,1.6520513957932483,37.0883731632792,15,15,0,14,14
120.0,curved_S2a20,jitter,11.0,14,17.58008717728926,20.311899992035723,15,15,0,13,12
120.0,curved_S2a20,jitter,11.0,15,21.618648156395334,12.462277868537264,15,15,0,14,14
120.0,curved_S2a20,jitter,11.0,16,12.83041274494802,14.988323680545848,15,15,0,14,14
120.0,curved_S2a20,jitter,11.0,17,23.819999592883033,5.005686047777594,15,15,0,13,13
120.0,curved_S2a20,jitter,11.0,18,18.3896499337047,37.53909137128115,15,15,0,13,13
120.0,curved_S2a20,jitter,11.0,19,7.014925376541467,16.007836594051813,15,15,0,14,13
120.0,curved_S2a20,jitter,11.0,20,19.814111465624134,9.62154770677559,15,15,0,13,13
120.0,curved_S2a20,jitter,11.0,21,4.845268671239985,13.668072996973102,15,15,0,13,13
120.0,curved_S2a20,jitter,11.0,22,12.938480189290717,-6.6159453504137655,15,15,0,13,13
120.0,curved_S2a20,jitter,11.0,23,3.257887265052644,7.5268817204300715,15,15,0,13,13
120.0,curved_S2a20,jitter,11.0,24,24.480050394363538,14.849765779117222,15,15,0,12,12
120.0,curved_S2a20,jitter,11.0,25,0.6504713795679249,42.10331220302918,15,15,0,14,13
120.0,curved_S2a20,jitter,11.0,26,8.169167638868334,13.308476346448591,15,15,0,14,14
120.0,curved_S2a20,jitter,11.0,27,14.683061226011674,14.955460995653821,15,15,0,14,14
120.0,curved_S2a20,jitter,11.0,28,48.58810581167468,12.07656817459714,15,15,0,12,11
120.0,curved_S2a20,jitter,11.0,29,3.541067553904751,11.540434215928846,15,15,0,13,13
120.0,curved_S2a20,jitter,11.0,30,15.462622979506335,87.07219168251227,15,15,0,13,12
120.0,curved_S2a20,jitter,30.0,1,4.467292520596516,47.72548990619061,15,15,0,14,14
120.0,curved_S2a20,jitter,30.0,2,11.533526111246568,64.0911302803064,15,15,0,12,12
120.0,curved_S2a20,jitter,30.0,3,10.41934557182808,21.522864919615024,15,15,0,13,13
120.0,curved_S2a20,jitter,30.0,4,9.028981408896762,-1.019506916471006,15,15,0,13,13
120.0,curved_S2a20,jitter,30.0,5,2.322734373938702,10.729811146143058,15,15,0,13,11
120.0,curved_S2a20,jitter,30.0,6,1.0534712603720866,90.05420645418752,15,15,0,13,12
120.0,curved_S2a20,jitter,30.0,7,34.16364353373387,6.869998590659805,15,15,0,14,13
120.0,curved_S2a20,jitter,30.0,8,5.6553327409831065,-6.284370585211881,15,15,0,13,13
120.0,curved_S2a20,jitter,30.0,9,60.233228814805805,53.95003684929295,15,15,0,13,13
120.0,curved_S2a20,jitter,30.0,10,8.269754763541291,11.535998162799777,15,15,0,14,13
120.0,curved_S2a20,jitter,30.0,11,23.97840983754511,71.97643174293388,15,15,0,14,14
120.0,curved_S2a20,jitter,30.0,12,24.86905386973441,10.06865437676064,15,15,0,14,13
120.0,curved_S2a20,jitter,30.0,13,4.925796632288896,56.988470905087674,15,15,0,14,14
120.0,curved_S2a20,jitter,30.0,14,10.62593984077108,11.00221371509611,15,15,0,14,13
120.0,curved_S2a20,jitter,30.0,15,24.2134753840254,19.68646045879806,15,15,0,14,14
120.0,curved_S2a20,jitter,30.0,16,9.33938830648697,56.85189067148926,15,15,0,13,13
120.0,curved_S2a20,jitter,30.0,17,10.290874117321065,20.418579973171568,15,15,0,13,13
120.0,curved_S2a20,jitter,30.0,18,12.523824170327964,30.945700219731236,15,15,0,13,13
120.0,curved_S2a20,jitter,30.0,19,52.78478671362333,55.28901258934583,15,15,0,14,14
120.0,curved_S2a20,jitter,30.0,20,19.437801116609283,38.58845832101047,15,15,0,13,13
120.0,curved_S2a20,jitter,30.0,21,20.517415817391143,62.2543077737595,15,15,0,11,10
120.0,curved_S2a20,jitter,30.0,22,13.911785730471973,13.990188146887986,15,15,0,12,11
120.0,curved_S2a20,jitter,30.0,23,56.41120839064155,48.348158384446904,15,15,0,13,12
120.0,curved_S2a20,jitter,30.0,24,20.690028482480276,23.987640905116425,15,15,0,13,12
120.0,curved_S2a20,jitter,30.0,25,0.5452144115933861,32.406582450283835,15,15,0,14,14
120.0,curved_S2a20,jitter,30.0,26,11.3534097927815,9.621547706775651,15,15,0,13,13
120.0,curved_S2a20,jitter,30.0,27,11.877521356598699,1.6020533736400406,15,15,0,14,14
120.0,curved_S2a20,jitter,30.0,28,15.046589406692954,8.778457317948247,15,15,0,12,10
120.0,curved_S2a20,jitter,30.0,29,4.516335008955185,46.06695776638983,15,15,0,12,12
120.0,curved_S2a20,jitter,30.0,30,31.723304208096895,88.5618083164129,15,15,0,14,13
120.0,curved_S2a20,jitter,78.5,1,75.83241567068339,28.922520408130154,15,15,0,14,14
120.0,curved_S2a20,jitter,78.5,2,169.19845731289828,124.47834323382293,15,15,0,13,13
120.0,curved_S2a20,jitter,78.5,3,0.04253018698218239,35.08946597574143,15,15,0,13,9
120.0,curved_S2a20,jitter,78.5,4,5.559939309962847,12.08654347367748,15,15,0,14,10
120.0,curved_S2a20,jitter,78.5,5,23.48163298133044,11.186633857324102,15,15,0,14,13
120.0,curved_S2a20,jitter,78.5,6,13.174584787845143,186.65651961935623,15,15,0,13,12
120.0,curved_S2a20,jitter,78.5,7,37.03546001401695,36.96283791314761,15,15,0,14,8
120.0,curved_S2a20,jitter,78.5,8,29.180227545384945,37.64193896715034,15,15,0,12,9
120.0,curved_S2a20,jitter,78.5,9,81.42391375474425,75.07524381296298,15,15,0,13,11
120.0,curved_S2a20,jitter,78.5,10,0.6068007711425637,126.69561223212307,15,15,0,14,12
120.0,curved_S2a20,jitter,78.5,11,131.02308784664103,131.18084497239903,15,15,0,13,12
120.0,curved_S2a20,jitter,78.5,12,50.475024297639536,105.74901341907477,15,15,0,14,10
120.0,curved_S2a20,jitter,78.5,13,164.06104282655187,25.911723066192554,15,15,0,14,14
120.0,curved_S2a20,jitter,78.5,14,21.83171227652323,69.51440809651656,15,15,0,13,10
120.0,curved_S2a20,jitter,78.5,15,50.340696123308994,2.807723103438568,15,15,0,13,13
120.0,curved_S2a20,jitter,78.5,16,143.44517191647165,44.49740795639346,15,15,0,13,12
120.0,curved_S2a20,jitter,78.5,17,51.79781460625638,38.73842964323891,15,15,0,14,13
120.0,curved_S2a20,jitter,78.5,18,125.10231425620441,146.9214452621042,15,15,0,12,11
120.0,curved_S2a20,jitter,78.5,19,139.79113042390472,58.68518630859359,15,15,0,14,11
120.0,curved_S2a20,jitter,78.5,20,15.55001048767736,93.09481545449762,15,15,0,12,11
120.0,curved_S2a20,jitter,78.5,21,66.53399790126227,65.19901432650131,15,15,0,13,11
120.0,curved_S2a20,jitter,78.5,22,26.85708302491309,90.21339720888376,15,15,0,12,10
120.0,curved_S2a20,jitter,78.5,23,172.15948899037716,67.79210247603193,15,15,0,12,10
120.0,curved_S2a20,jitter,78.5,24,3.6038878688019644,100.68146722537922,15,15,0,14,11
120.0,curved_S2a20,jitter,78.5,25,48.8697557952796,64.73233176026062,15,15,0,14,14
120.0,curved_S2a20,jitter,78.5,26,105.14999110937532,109.7326359912645,15,15,0,13,12
120.0,curved_S2a20,jitter,78.5,27,7.752123617362922,73.08837015447848,15,15,0,14,12
120.0,curved_S2a20,jitter,78.5,28,47.08554722975179,116.40915772039928,15,15,0,13,9
120.0,curved_S2a20,jitter,78.5,29,53.4701782333368,70.9401709401709,15,15,0,14,12
120.0,curved_S2a20,jitter,78.5,30,127.60847891880374,66.43566632465098,15,15,0,14,11
400.0,straight_S1,uniform,0.0,1,2.115247425243427,-0.09611126160412967,15,15,0,13,13
400.0,straight_S1,uniform,0.0,2,2.115247425243427,-0.09611126160412967,15,15,0,13,13
400.0,straight_S1,uniform,0.0,3,2.115247425243427,-0.09611126160412967,15,15,0,13,13
400.0,straight_S1,uniform,0.0,4,2.115247425243427,-0.09611126160412967,15,15,0,13,13
400.0,straight_S1,uniform,0.0,5,2.115247425243427,-0.09611126160412967,15,15,0,13,13
400.0,straight_S1,uniform,0.0,6,2.115247425243427,-0.09611126160412967,15,15,0,13,13
400.0,straight_S1,uniform,0.0,7,2.115247425243427,-0.09611126160412967,15,15,0,13,13
400.0,straight_S1,uniform,0.0,8,2.115247425243427,-0.09611126160412967,15,15,0,13,13
400.0,straight_S1,uniform,0.0,9,2.115247425243427,-0.09611126160412967,15,15,0,13,13
400.0,straight_S1,uniform,0.0,10,2.115247425243427,-0.09611126160412967,15,15,0,13,13
400.0,straight_S1,uniform,0.0,11,2.115247425243427,-0.09611126160412967,15,15,0,13,13
400.0,straight_S1,uniform,0.0,12,2.115247425243427,-0.09611126160412967,15,15,0,13,13
400.0,straight_S1,uniform,0.0,13,2.115247425243427,-0.09611126160412967,15,15,0,13,13
400.0,straight_S1,uniform,0.0,14,2.115247425243427,-0.09611126160412967,15,15,0,13,13
400.0,straight_S1,uniform,0.0,15,2.115247425243427,-0.09611126160412967,15,15,0,13,13
400.0,straight_S1,uniform,0.0,16,2.115247425243427,-0.09611126160412967,15,15,0,13,13
400.0,straight_S1,uniform,0.0,17,2.115247425243427,-0.09611126160412967,15,15,0,13,13
400.0,straight_S1,uniform,0.0,18,2.115247425243427,-0.09611126160412967,15,15,0,13,13
400.0,straight_S1,uniform,0.0,19,2.115247425243427,-0.09611126160412967,15,15,0,13,13
400.0,straight_S1,uniform,0.0,20,2.115247425243427,-0.09611126160412967,15,15,0,13,13
400.0,straight_S1,uniform,0.0,21,2.115247425243427,-0.09611126160412967,15,15,0,13,13
400.0,straight_S1,uniform,0.0,22,2.115247425243427,-0.09611126160412967,15,15,0,13,13
400.0,straight_S1,uniform,0.0,23,2.115247425243427,-0.09611126160412967,15,15,0,13,13
400.0,straight_S1,uniform,0.0,24,2.115247425243427,-0.09611126160412967,15,15,0,13,13
400.0,straight_S1,uniform,0.0,25,2.115247425243427,-0.09611126160412967,15,15,0,13,13
400.0,straight_S1,uniform,0.0,26,2.115247425243427,-0.09611126160412967,15,15,0,13,13
400.0,straight_S1,uniform,0.0,27,2.115247425243427,-0.09611126160412967,15,15,0,13,13
400.0,straight_S1,uniform,0.0,28,2.115247425243427,-0.09611126160412967,15,15,0,13,13
400.0,straight_S1,uniform,0.0,29,2.115247425243427,-0.09611126160412967,15,15,0,13,13
400.0,straight_S1,uniform,0.0,30,2.115247425243427,-0.09611126160412967,15,15,0,13,13
400.0,straight_S1,uniform,2.0,1,0.7234369133717049,1.004948353632651,15,15,0,13,13
400.0,straight_S1,uniform,2.0,2,0.7234369133717049,1.004948353632651,15,15,0,13,13
400.0,straight_S1,uniform,2.0,3,0.7234369133717049,1.004948353632651,15,15,0,13,13
400.0,straight_S1,uniform,2.0,4,0.7234369133717049,1.004948353632651,15,15,0,13,13
400.0,straight_S1,uniform,2.0,5,0.7234369133717049,1.004948353632651,15,15,0,13,13
400.0,straight_S1,uniform,2.0,6,0.7234369133717049,1.004948353632651,15,15,0,13,13
400.0,straight_S1,uniform,2.0,7,0.7234369133717049,1.004948353632651,15,15,0,13,13
400.0,straight_S1,uniform,2.0,8,0.7234369133717049,1.004948353632651,15,15,0,13,13
400.0,straight_S1,uniform,2.0,9,0.7234369133717049,1.004948353632651,15,15,0,13,13
400.0,straight_S1,uniform,2.0,10,0.7234369133717049,1.004948353632651,15,15,0,13,13
400.0,straight_S1,uniform,2.0,11,0.7234369133717049,1.004948353632651,15,15,0,13,13
400.0,straight_S1,uniform,2.0,12,0.7234369133717049,1.004948353632651,15,15,0,13,13
400.0,straight_S1,uniform,2.0,13,0.7234369133717049,1.004948353632651,15,15,0,13,13
400.0,straight_S1,uniform,2.0,14,0.7234369133717049,1.004948353632651,15,15,0,13,13
400.0,straight_S1,uniform,2.0,15,0.7234369133717049,1.004948353632651,15,15,0,13,13
400.0,straight_S1,uniform,2.0,16,0.7234369133717049,1.004948353632651,15,15,0,13,13
400.0,straight_S1,uniform,2.0,17,0.7234369133717049,1.004948353632651,15,15,0,13,13
400.0,straight_S1,uniform,2.0,18,0.7234369133717049,1.004948353632651,15,15,0,13,13
400.0,straight_S1,uniform,2.0,19,0.7234369133717049,1.004948353632651,15,15,0,13,13
400.0,straight_S1,uniform,2.0,20,0.7234369133717049,1.004948353632651,15,15,0,13,13
400.0,straight_S1,uniform,2.0,21,0.7234369133717049,1.004948353632651,15,15,0,13,13
400.0,straight_S1,uniform,2.0,22,0.7234369133717049,1.004948353632651,15,15,0,13,13
400.0,straight_S1,uniform,2.0,23,0.7234369133717049,1.004948353632651,15,15,0,13,13
400.0,straight_S1,uniform,2.0,24,0.7234369133717049,1.004948353632651,15,15,0,13,13
400.0,straight_S1,uniform,2.0,25,0.7234369133717049,1.004948353632651,15,15,0,13,13
400.0,straight_S1,uniform,2.0,26,0.7234369133717049,1.004948353632651,15,15,0,13,13
400.0,straight_S1,uniform,2.0,27,0.7234369133717049,1.004948353632651,15,15,0,13,13
400.0,straight_S1,uniform,2.0,28,0.7234369133717049,1.004948353632651,15,15,0,13,13
400.0,straight_S1,uniform,2.0,29,0.7234369133717049,1.004948353632651,15,15,0,13,13
400.0,straight_S1,uniform,2.0,30,0.7234369133717049,1.004948353632651,15,15,0,13,13
400.0,straight_S1,uniform,5.0,1,0.41645922725015944,2.1701534344853,15,15,0,13,13
400.0,straight_S1,uniform,5.0,2,0.41645922725015944,2.1701534344853,15,15,0,13,13
400.0,straight_S1,uniform,5.0,3,0.41645922725015944,2.1701534344853,15,15,0,13,13
400.0,straight_S1,uniform,5.0,4,0.41645922725015944,2.1701534344853,15,15,0,13,13
400.0,straight_S1,uniform,5.0,5,0.41645922725015944,2.1701534344853,15,15,0,13,13
400.0,straight_S1,uniform,5.0,6,0.41645922725015944,2.1701534344853,15,15,0,13,13
400.0,straight_S1,uniform,5.0,7,0.41645922725015944,2.1701534344853,15,15,0,13,13
400.0,straight_S1,uniform,5.0,8,0.41645922725015944,2.1701534344853,15,15,0,13,13
400.0,straight_S1,uniform,5.0,9,0.41645922725015944,2.1701534344853,15,15,0,13,13
400.0,straight_S1,uniform,5.0,10,0.41645922725015944,2.1701534344853,15,15,0,13,13
400.0,straight_S1,uniform,5.0,11,0.41645922725015944,2.1701534344853,15,15,0,13,13
400.0,straight_S1,uniform,5.0,12,0.41645922725015944,2.1701534344853,15,15,0,13,13
400.0,straight_S1,uniform,5.0,13,0.41645922725015944,2.1701534344853,15,15,0,13,13
400.0,straight_S1,uniform,5.0,14,0.41645922725015944,2.1701534344853,15,15,0,13,13
400.0,straight_S1,uniform,5.0,15,0.41645922725015944,2.1701534344853,15,15,0,13,13
400.0,straight_S1,uniform,5.0,16,0.41645922725015944,2.1701534344853,15,15,0,13,13
400.0,straight_S1,uniform,5.0,17,0.41645922725015944,2.1701534344853,15,15,0,13,13
400.0,straight_S1,uniform,5.0,18,0.41645922725015944,2.1701534344853,15,15,0,13,13
400.0,straight_S1,uniform,5.0,19,0.41645922725015944,2.1701534344853,15,15,0,13,13
400.0,straight_S1,uniform,5.0,20,0.41645922725015944,2.1701534344853,15,15,0,13,13
400.0,straight_S1,uniform,5.0,21,0.41645922725015944,2.1701534344853,15,15,0,13,13
400.0,straight_S1,uniform,5.0,22,0.41645922725015944,2.1701534344853,15,15,0,13,13
400.0,straight_S1,uniform,5.0,23,0.41645922725015944,2.1701534344853,15,15,0,13,13
400.0,straight_S1,uniform,5.0,24,0.41645922725015944,2.1701534344853,15,15,0,13,13
400.0,straight_S1,uniform,5.0,25,0.41645922725015944,2.1701534344853,15,15,0,13,13
400.0,straight_S1,uniform,5.0,26,0.41645922725015944,2.1701534344853,15,15,0,13,13
400.0,straight_S1,uniform,5.0,27,0.41645922725015944,2.1701534344853,15,15,0,13,13
400.0,straight_S1,uniform,5.0,28,0.41645922725015944,2.1701534344853,15,15,0,13,13
400.0,straight_S1,uniform,5.0,29,0.41645922725015944,2.1701534344853,15,15,0,13,13
400.0,straight_S1,uniform,5.0,30,0.41645922725015944,2.1701534344853,15,15,0,13,13
400.0,straight_S1,uniform,10.0,1,0.23507880857104993,1.2194485942839042,15,15,0,13,13
400.0,straight_S1,uniform,10.0,2,0.23507880857104993,1.2194485942839042,15,15,0,13,13
400.0,straight_S1,uniform,10.0,3,0.23507880857104993,1.2194485942839042,15,15,0,13,13
400.0,straight_S1,uniform,10.0,4,0.23507880857104993,1.2194485942839042,15,15,0,13,13
400.0,straight_S1,uniform,10.0,5,0.23507880857104993,1.2194485942839042,15,15,0,13,13
400.0,straight_S1,uniform,10.0,6,0.23507880857104993,1.2194485942839042,15,15,0,13,13
400.0,straight_S1,uniform,10.0,7,0.23507880857104993,1.2194485942839042,15,15,0,13,13
400.0,straight_S1,uniform,10.0,8,0.23507880857104993,1.2194485942839042,15,15,0,13,13
400.0,straight_S1,uniform,10.0,9,0.23507880857104993,1.2194485942839042,15,15,0,13,13
400.0,straight_S1,uniform,10.0,10,0.23507880857104993,1.2194485942839042,15,15,0,13,13
400.0,straight_S1,uniform,10.0,11,0.23507880857104993,1.2194485942839042,15,15,0,13,13
400.0,straight_S1,uniform,10.0,12,0.23507880857104993,1.2194485942839042,15,15,0,13,13
400.0,straight_S1,uniform,10.0,13,0.23507880857104993,1.2194485942839042,15,15,0,13,13
400.0,straight_S1,uniform,10.0,14,0.23507880857104993,1.2194485942839042,15,15,0,13,13
400.0,straight_S1,uniform,10.0,15,0.23507880857104993,1.2194485942839042,15,15,0,13,13
400.0,straight_S1,uniform,10.0,16,0.23507880857104993,1.2194485942839042,15,15,0,13,13
400.0,straight_S1,uniform,10.0,17,0.23507880857104993,1.2194485942839042,15,15,0,13,13
400.0,straight_S1,uniform,10.0,18,0.23507880857104993,1.2194485942839042,15,15,0,13,13
400.0,straight_S1,uniform,10.0,19,0.23507880857104993,1.2194485942839042,15,15,0,13,13
400.0,straight_S1,uniform,10.0,20,0.23507880857104993,1.2194485942839042,15,15,0,13,13
400.0,straight_S1,uniform,10.0,21,0.23507880857104993,1.2194485942839042,15,15,0,13,13
400.0,straight_S1,uniform,10.0,22,0.23507880857104993,1.2194485942839042,15,15,0,13,13
400.0,straight_S1,uniform,10.0,23,0.23507880857104993,1.2194485942839042,15,15,0,13,13
400.0,straight_S1,uniform,10.0,24,0.23507880857104993,1.2194485942839042,15,15,0,13,13
400.0,straight_S1,uniform,10.0,25,0.23507880857104993,1.2194485942839042,15,15,0,13,13
400.0,straight_S1,uniform,10.0,26,0.23507880857104993,1.2194485942839042,15,15,0,13,13
400.0,straight_S1,uniform,10.0,27,0.23507880857104993,1.2194485942839042,15,15,0,13,13
400.0,straight_S1,uniform,10.0,28,0.23507880857104993,1.2194485942839042,15,15,0,13,13
400.0,straight_S1,uniform,10.0,29,0.23507880857104993,1.2194485942839042,15,15,0,13,13
400.0,straight_S1,uniform,10.0,30,0.23507880857104993,1.2194485942839042,15,15,0,13,13
400.0,straight_S1,uniform,11.0,1,0.38133543576908435,1.219448594283771,15,15,0,13,13
400.0,straight_S1,uniform,11.0,2,0.38133543576908435,1.219448594283771,15,15,0,13,13
400.0,straight_S1,uniform,11.0,3,0.38133543576908435,1.219448594283771,15,15,0,13,13
400.0,straight_S1,uniform,11.0,4,0.38133543576908435,1.219448594283771,15,15,0,13,13
400.0,straight_S1,uniform,11.0,5,0.38133543576908435,1.219448594283771,15,15,0,13,13
400.0,straight_S1,uniform,11.0,6,0.38133543576908435,1.219448594283771,15,15,0,13,13
400.0,straight_S1,uniform,11.0,7,0.38133543576908435,1.219448594283771,15,15,0,13,13
400.0,straight_S1,uniform,11.0,8,0.38133543576908435,1.219448594283771,15,15,0,13,13
400.0,straight_S1,uniform,11.0,9,0.38133543576908435,1.219448594283771,15,15,0,13,13
400.0,straight_S1,uniform,11.0,10,0.38133543576908435,1.219448594283771,15,15,0,13,13
400.0,straight_S1,uniform,11.0,11,0.38133543576908435,1.219448594283771,15,15,0,13,13
400.0,straight_S1,uniform,11.0,12,0.38133543576908435,1.219448594283771,15,15,0,13,13
400.0,straight_S1,uniform,11.0,13,0.38133543576908435,1.219448594283771,15,15,0,13,13
400.0,straight_S1,uniform,11.0,14,0.38133543576908435,1.219448594283771,15,15,0,13,13
400.0,straight_S1,uniform,11.0,15,0.38133543576908435,1.219448594283771,15,15,0,13,13
400.0,straight_S1,uniform,11.0,16,0.38133543576908435,1.219448594283771,15,15,0,13,13
400.0,straight_S1,uniform,11.0,17,0.38133543576908435,1.219448594283771,15,15,0,13,13
400.0,straight_S1,uniform,11.0,18,0.38133543576908435,1.219448594283771,15,15,0,13,13
400.0,straight_S1,uniform,11.0,19,0.38133543576908435,1.219448594283771,15,15,0,13,13
400.0,straight_S1,uniform,11.0,20,0.38133543576908435,1.219448594283771,15,15,0,13,13
400.0,straight_S1,uniform,11.0,21,0.38133543576908435,1.219448594283771,15,15,0,13,13
400.0,straight_S1,uniform,11.0,22,0.38133543576908435,1.219448594283771,15,15,0,13,13
400.0,straight_S1,uniform,11.0,23,0.38133543576908435,1.219448594283771,15,15,0,13,13
400.0,straight_S1,uniform,11.0,24,0.38133543576908435,1.219448594283771,15,15,0,13,13
400.0,straight_S1,uniform,11.0,25,0.38133543576908435,1.219448594283771,15,15,0,13,13
400.0,straight_S1,uniform,11.0,26,0.38133543576908435,1.219448594283771,15,15,0,13,13
400.0,straight_S1,uniform,11.0,27,0.38133543576908435,1.219448594283771,15,15,0,13,13
400.0,straight_S1,uniform,11.0,28,0.38133543576908435,1.219448594283771,15,15,0,13,13
400.0,straight_S1,uniform,11.0,29,0.38133543576908435,1.219448594283771,15,15,0,13,13
400.0,straight_S1,uniform,11.0,30,0.38133543576908435,1.219448594283771,15,15,0,13,13
400.0,straight_S1,uniform,20.0,1,0.40330608765715276,2.280049526364432,15,15,0,13,13
400.0,straight_S1,uniform,20.0,2,0.40330608765715276,2.280049526364432,15,15,0,13,13
400.0,straight_S1,uniform,20.0,3,0.40330608765715276,2.280049526364432,15,15,0,13,13
400.0,straight_S1,uniform,20.0,4,0.40330608765715276,2.280049526364432,15,15,0,13,13
400.0,straight_S1,uniform,20.0,5,0.40330608765715276,2.280049526364432,15,15,0,13,13
400.0,straight_S1,uniform,20.0,6,0.40330608765715276,2.280049526364432,15,15,0,13,13
400.0,straight_S1,uniform,20.0,7,0.40330608765715276,2.280049526364432,15,15,0,13,13
400.0,straight_S1,uniform,20.0,8,0.40330608765715276,2.280049526364432,15,15,0,13,13
400.0,straight_S1,uniform,20.0,9,0.40330608765715276,2.280049526364432,15,15,0,13,13
400.0,straight_S1,uniform,20.0,10,0.40330608765715276,2.280049526364432,15,15,0,13,13
400.0,straight_S1,uniform,20.0,11,0.40330608765715276,2.280049526364432,15,15,0,13,13
400.0,straight_S1,uniform,20.0,12,0.40330608765715276,2.280049526364432,15,15,0,13,13
400.0,straight_S1,uniform,20.0,13,0.40330608765715276,2.280049526364432,15,15,0,13,13
400.0,straight_S1,uniform,20.0,14,0.40330608765715276,2.280049526364432,15,15,0,13,13
400.0,straight_S1,uniform,20.0,15,0.40330608765715276,2.280049526364432,15,15,0,13,13
400.0,straight_S1,uniform,20.0,16,0.40330608765715276,2.280049526364432,15,15,0,13,13
400.0,straight_S1,uniform,20.0,17,0.40330608765715276,2.280049526364432,15,15,0,13,13
400.0,straight_S1,uniform,20.0,18,0.40330608765715276,2.280049526364432,15,15,0,13,13
400.0,straight_S1,uniform,20.0,19,0.40330608765715276,2.280049526364432,15,15,0,13,13
400.0,straight_S1,uniform,20.0,20,0.40330608765715276,2.280049526364432,15,15,0,13,13
400.0,straight_S1,uniform,20.0,21,0.40330608765715276,2.280049526364432,15,15,0,13,13
400.0,straight_S1,uniform,20.0,22,0.40330608765715276,2.280049526364432,15,15,0,13,13
400.0,straight_S1,uniform,20.0,23,0.40330608765715276,2.280049526364432,15,15,0,13,13
400.0,straight_S1,uniform,20.0,24,0.40330608765715276,2.280049526364432,15,15,0,13,13
400.0,straight_S1,uniform,20.0,25,0.40330608765715276,2.280049526364432,15,15,0,13,13
400.0,straight_S1,uniform,20.0,26,0.40330608765715276,2.280049526364432,15,15,0,13,13
400.0,straight_S1,uniform,20.0,27,0.40330608765715276,2.280049526364432,15,15,0,13,13
400.0,straight_S1,uniform,20.0,28,0.40330608765715276,2.280049526364432,15,15,0,13,13
400.0,straight_S1,uniform,20.0,29,0.40330608765715276,2.280049526364432,15,15,0,13,13
400.0,straight_S1,uniform,20.0,30,0.40330608765715276,2.280049526364432,15,15,0,13,13
400.0,straight_S1,uniform,30.0,1,0.1678349704068237,2.1701534344852558,15,15,0,13,13
400.0,straight_S1,uniform,30.0,2,0.1678349704068237,2.1701534344852558,15,15,0,13,13
400.0,straight_S1,uniform,30.0,3,0.1678349704068237,2.1701534344852558,15,15,0,13,13
400.0,straight_S1,uniform,30.0,4,0.1678349704068237,2.1701534344852558,15,15,0,13,13
400.0,straight_S1,uniform,30.0,5,0.1678349704068237,2.1701534344852558,15,15,0,13,13
400.0,straight_S1,uniform,30.0,6,0.1678349704068237,2.1701534344852558,15,15,0,13,13
400.0,straight_S1,uniform,30.0,7,0.1678349704068237,2.1701534344852558,15,15,0,13,13
400.0,straight_S1,uniform,30.0,8,0.1678349704068237,2.1701534344852558,15,15,0,13,13
400.0,straight_S1,uniform,30.0,9,0.1678349704068237,2.1701534344852558,15,15,0,13,13
400.0,straight_S1,uniform,30.0,10,0.1678349704068237,2.1701534344852558,15,15,0,13,13
400.0,straight_S1,uniform,30.0,11,0.1678349704068237,2.1701534344852558,15,15,0,13,13
400.0,straight_S1,uniform,30.0,12,0.1678349704068237,2.1701534344852558,15,15,0,13,13
400.0,straight_S1,uniform,30.0,13,0.1678349704068237,2.1701534344852558,15,15,0,13,13
400.0,straight_S1,uniform,30.0,14,0.1678349704068237,2.1701534344852558,15,15,0,13,13
400.0,straight_S1,uniform,30.0,15,0.1678349704068237,2.1701534344852558,15,15,0,13,13
400.0,straight_S1,uniform,30.0,16,0.1678349704068237,2.1701534344852558,15,15,0,13,13
400.0,straight_S1,uniform,30.0,17,0.1678349704068237,2.1701534344852558,15,15,0,13,13
400.0,straight_S1,uniform,30.0,18,0.1678349704068237,2.1701534344852558,15,15,0,13,13
400.0,straight_S1,uniform,30.0,19,0.1678349704068237,2.1701534344852558,15,15,0,13,13
400.0,straight_S1,uniform,30.0,20,0.1678349704068237,2.1701534344852558,15,15,0,13,13
400.0,straight_S1,uniform,30.0,21,0.1678349704068237,2.1701534344852558,15,15,0,13,13
400.0,straight_S1,uniform,30.0,22,0.1678349704068237,2.1701534344852558,15,15,0,13,13
400.0,straight_S1,uniform,30.0,23,0.1678349704068237,2.1701534344852558,15,15,0,13,13
400.0,straight_S1,uniform,30.0,24,0.1678349704068237,2.1701534344852558,15,15,0,13,13
400.0,straight_S1,uniform,30.0,25,0.1678349704068237,2.1701534344852558,15,15,0,13,13
400.0,straight_S1,uniform,30.0,26,0.1678349704068237,2.1701534344852558,15,15,0,13,13
400.0,straight_S1,uniform,30.0,27,0.1678349704068237,2.1701534344852558,15,15,0,13,13
400.0,straight_S1,uniform,30.0,28,0.1678349704068237,2.1701534344852558,15,15,0,13,13
400.0,straight_S1,uniform,30.0,29,0.1678349704068237,2.1701534344852558,15,15,0,13,13
400.0,straight_S1,uniform,30.0,30,0.1678349704068237,2.1701534344852558,15,15,0,13,13
400.0,straight_S1,uniform,50.0,1,0.313212109325939,2.6516063171574773,15,15,0,13,13
400.0,straight_S1,uniform,50.0,2,0.313212109325939,2.6516063171574773,15,15,0,13,13
400.0,straight_S1,uniform,50.0,3,0.313212109325939,2.6516063171574773,15,15,0,13,13
400.0,straight_S1,uniform,50.0,4,0.313212109325939,2.6516063171574773,15,15,0,13,13
400.0,straight_S1,uniform,50.0,5,0.313212109325939,2.6516063171574773,15,15,0,13,13
400.0,straight_S1,uniform,50.0,6,0.313212109325939,2.6516063171574773,15,15,0,13,13
400.0,straight_S1,uniform,50.0,7,0.313212109325939,2.6516063171574773,15,15,0,13,13
400.0,straight_S1,uniform,50.0,8,0.313212109325939,2.6516063171574773,15,15,0,13,13
400.0,straight_S1,uniform,50.0,9,0.313212109325939,2.6516063171574773,15,15,0,13,13
400.0,straight_S1,uniform,50.0,10,0.313212109325939,2.6516063171574773,15,15,0,13,13
400.0,straight_S1,uniform,50.0,11,0.313212109325939,2.6516063171574773,15,15,0,13,13
400.0,straight_S1,uniform,50.0,12,0.313212109325939,2.6516063171574773,15,15,0,13,13
400.0,straight_S1,uniform,50.0,13,0.313212109325939,2.6516063171574773,15,15,0,13,13
400.0,straight_S1,uniform,50.0,14,0.313212109325939,2.6516063171574773,15,15,0,13,13
400.0,straight_S1,uniform,50.0,15,0.313212109325939,2.6516063171574773,15,15,0,13,13
400.0,straight_S1,uniform,50.0,16,0.313212109325939,2.6516063171574773,15,15,0,13,13
400.0,straight_S1,uniform,50.0,17,0.313212109325939,2.6516063171574773,15,15,0,13,13
400.0,straight_S1,uniform,50.0,18,0.313212109325939,2.6516063171574773,15,15,0,13,13
400.0,straight_S1,uniform,50.0,19,0.313212109325939,2.6516063171574773,15,15,0,13,13
400.0,straight_S1,uniform,50.0,20,0.313212109325939,2.6516063171574773,15,15,0,13,13
400.0,straight_S1,uniform,50.0,21,0.313212109325939,2.6516063171574773,15,15,0,13,13
400.0,straight_S1,uniform,50.0,22,0.313212109325939,2.6516063171574773,15,15,0,13,13
400.0,straight_S1,uniform,50.0,23,0.313212109325939,2.6516063171574773,15,15,0,13,13
400.0,straight_S1,uniform,50.0,24,0.313212109325939,2.6516063171574773,15,15,0,13,13
400.0,straight_S1,uniform,50.0,25,0.313212109325939,2.6516063171574773,15,15,0,13,13
400.0,straight_S1,uniform,50.0,26,0.313212109325939,2.6516063171574773,15,15,0,13,13
400.0,straight_S1,uniform,50.0,27,0.313212109325939,2.6516063171574773,15,15,0,13,13
400.0,straight_S1,uniform,50.0,28,0.313212109325939,2.6516063171574773,15,15,0,13,13
400.0,straight_S1,uniform,50.0,29,0.313212109325939,2.6516063171574773,15,15,0,13,13
400.0,straight_S1,uniform,50.0,30,0.313212109325939,2.6516063171574773,15,15,0,13,13
400.0,straight_S1,uniform,78.5,1,0.3453143881032122,3.137187325514098,15,15,0,13,13
400.0,straight_S1,uniform,78.5,2,0.3453143881032122,3.137187325514098,15,15,0,13,13
400.0,straight_S1,uniform,78.5,3,0.3453143881032122,3.137187325514098,15,15,0,13,13
400.0,straight_S1,uniform,78.5,4,0.3453143881032122,3.137187325514098,15,15,0,13,13
400.0,straight_S1,uniform,78.5,5,0.3453143881032122,3.137187325514098,15,15,0,13,13
400.0,straight_S1,uniform,78.5,6,0.3453143881032122,3.137187325514098,15,15,0,13,13
400.0,straight_S1,uniform,78.5,7,0.3453143881032122,3.137187325514098,15,15,0,13,13
400.0,straight_S1,uniform,78.5,8,0.3453143881032122,3.137187325514098,15,15,0,13,13
400.0,straight_S1,uniform,78.5,9,0.3453143881032122,3.137187325514098,15,15,0,13,13
400.0,straight_S1,uniform,78.5,10,0.3453143881032122,3.137187325514098,15,15,0,13,13
400.0,straight_S1,uniform,78.5,11,0.3453143881032122,3.137187325514098,15,15,0,13,13
400.0,straight_S1,uniform,78.5,12,0.3453143881032122,3.137187325514098,15,15,0,13,13
400.0,straight_S1,uniform,78.5,13,0.3453143881032122,3.137187325514098,15,15,0,13,13
400.0,straight_S1,uniform,78.5,14,0.3453143881032122,3.137187325514098,15,15,0,13,13
400.0,straight_S1,uniform,78.5,15,0.3453143881032122,3.137187325514098,15,15,0,13,13
400.0,straight_S1,uniform,78.5,16,0.3453143881032122,3.137187325514098,15,15,0,13,13
400.0,straight_S1,uniform,78.5,17,0.3453143881032122,3.137187325514098,15,15,0,13,13
400.0,straight_S1,uniform,78.5,18,0.3453143881032122,3.137187325514098,15,15,0,13,13
400.0,straight_S1,uniform,78.5,19,0.3453143881032122,3.137187325514098,15,15,0,13,13
400.0,straight_S1,uniform,78.5,20,0.3453143881032122,3.137187325514098,15,15,0,13,13
400.0,straight_S1,uniform,78.5,21,0.3453143881032122,3.137187325514098,15,15,0,13,13
400.0,straight_S1,uniform,78.5,22,0.3453143881032122,3.137187325514098,15,15,0,13,13
400.0,straight_S1,uniform,78.5,23,0.3453143881032122,3.137187325514098,15,15,0,13,13
400.0,straight_S1,uniform,78.5,24,0.3453143881032122,3.137187325514098,15,15,0,13,13
400.0,straight_S1,uniform,78.5,25,0.3453143881032122,3.137187325514098,15,15,0,13,13
400.0,straight_S1,uniform,78.5,26,0.3453143881032122,3.137187325514098,15,15,0,13,13
400.0,straight_S1,uniform,78.5,27,0.3453143881032122,3.137187325514098,15,15,0,13,13
400.0,straight_S1,uniform,78.5,28,0.3453143881032122,3.137187325514098,15,15,0,13,13
400.0,straight_S1,uniform,78.5,29,0.3453143881032122,3.137187325514098,15,15,0,13,13
400.0,straight_S1,uniform,78.5,30,0.3453143881032122,3.137187325514098,15,15,0,13,13
400.0,straight_S1,uniform,100.0,1,0.5452536368941087,3.3622788243402515,15,15,0,13,13
400.0,straight_S1,uniform,100.0,2,0.5452536368941087,3.3622788243402515,15,15,0,13,13
400.0,straight_S1,uniform,100.0,3,0.5452536368941087,3.3622788243402515,15,15,0,13,13
400.0,straight_S1,uniform,100.0,4,0.5452536368941087,3.3622788243402515,15,15,0,13,13
400.0,straight_S1,uniform,100.0,5,0.5452536368941087,3.3622788243402515,15,15,0,13,13
400.0,straight_S1,uniform,100.0,6,0.5452536368941087,3.3622788243402515,15,15,0,13,13
400.0,straight_S1,uniform,100.0,7,0.5452536368941087,3.3622788243402515,15,15,0,13,13
400.0,straight_S1,uniform,100.0,8,0.5452536368941087,3.3622788243402515,15,15,0,13,13
400.0,straight_S1,uniform,100.0,9,0.5452536368941087,3.3622788243402515,15,15,0,13,13
400.0,straight_S1,uniform,100.0,10,0.5452536368941087,3.3622788243402515,15,15,0,13,13
400.0,straight_S1,uniform,100.0,11,0.5452536368941087,3.3622788243402515,15,15,0,13,13
400.0,straight_S1,uniform,100.0,12,0.5452536368941087,3.3622788243402515,15,15,0,13,13
400.0,straight_S1,uniform,100.0,13,0.5452536368941087,3.3622788243402515,15,15,0,13,13
400.0,straight_S1,uniform,100.0,14,0.5452536368941087,3.3622788243402515,15,15,0,13,13
400.0,straight_S1,uniform,100.0,15,0.5452536368941087,3.3622788243402515,15,15,0,13,13
400.0,straight_S1,uniform,100.0,16,0.5452536368941087,3.3622788243402515,15,15,0,13,13
400.0,straight_S1,uniform,100.0,17,0.5452536368941087,3.3622788243402515,15,15,0,13,13
400.0,straight_S1,uniform,100.0,18,0.5452536368941087,3.3622788243402515,15,15,0,13,13
400.0,straight_S1,uniform,100.0,19,0.5452536368941087,3.3622788243402515,15,15,0,13,13
400.0,straight_S1,uniform,100.0,20,0.5452536368941087,3.3622788243402515,15,15,0,13,13
400.0,straight_S1,uniform,100.0,21,0.5452536368941087,3.3622788243402515,15,15,0,13,13
400.0,straight_S1,uniform,100.0,22,0.5452536368941087,3.3622788243402515,15,15,0,13,13
400.0,straight_S1,uniform,100.0,23,0.5452536368941087,3.3622788243402515,15,15,0,13,13
400.0,straight_S1,uniform,100.0,24,0.5452536368941087,3.3622788243402515,15,15,0,13,13
400.0,straight_S1,uniform,100.0,25,0.5452536368941087,3.3622788243402515,15,15,0,13,13
400.0,straight_S1,uniform,100.0,26,0.5452536368941087,3.3622788243402515,15,15,0,13,13
400.0,straight_S1,uniform,100.0,27,0.5452536368941087,3.3622788243402515,15,15,0,13,13
400.0,straight_S1,uniform,100.0,28,0.5452536368941087,3.3622788243402515,15,15,0,13,13
400.0,straight_S1,uniform,100.0,29,0.5452536368941087,3.3622788243402515,15,15,0,13,13
400.0,straight_S1,uniform,100.0,30,0.5452536368941087,3.3622788243402515,15,15,0,13,13
400.0,straight_S1,jitter,11.0,1,3.787802285541057,12.825025013550265,15,15,0,14,14
400.0,straight_S1,jitter,11.0,2,4.027977477480814,18.145298650907236,15,15,0,14,14
400.0,straight_S1,jitter,11.0,3,4.643181097920151,16.054199722488146,15,15,0,13,13
400.0,straight_S1,jitter,11.0,4,1.9540868080157376,-0.23913944154722402,15,15,0,13,13
400.0,straight_S1,jitter,11.0,5,0.1895611043435765,2.8762793382998515,15,15,0,14,14
400.0,straight_S1,jitter,11.0,6,0.198355231419003,5.7050376476765585,15,15,0,12,12
400.0,straight_S1,jitter,11.0,7,0.05384261290392326,0.20515522233048125,15,15,0,14,14
400.0,straight_S1,jitter,11.0,8,0.3964606483914293,-4.761717414152145,15,15,0,14,14
400.0,straight_S1,jitter,11.0,9,2.9736077110087793,16.086953833525065,15,15,0,13,13
400.0,straight_S1,jitter,11.0,10,2.7655787112477603,13.689598338625938,15,15,0,12,12
400.0,straight_S1,jitter,11.0,11,1.1003380899677742,15.2154450565445,15,15,0,14,14
400.0,straight_S1,jitter,11.0,12,3.175846630262189,10.727852596428011,15,15,0,14,14
400.0,straight_S1,jitter,11.0,13,0.8855322073818482,8.663821653216058,15,15,0,14,14
400.0,straight_S1,jitter,11.0,14,2.6307894122280615,13.238592264166504,15,15,0,13,13
400.0,straight_S1,jitter,11.0,15,5.4150053958227655,14.985264021602474,15,15,0,14,14
400.0,straight_S1,jitter,11.0,16,0.0657130206395476,12.16348099039437,15,15,0,14,14
400.0,straight_S1,jitter,11.0,17,1.2340160269769618,6.0499695702078995,15,15,0,14,14
400.0,straight_S1,jitter,11.0,18,2.563757025594656,13.4779434037361,15,15,0,12,12
400.0,straight_S1,jitter,11.0,19,2.6419743737763075,9.741802463220301,15,15,0,14,14
400.0,straight_S1,jitter,11.0,20,2.416498008617837,19.39841030671632,15,15,0,13,13
400.0,straight_S1,jitter,11.0,21,1.8687145619969405,6.447391613602053,15,15,0,12,12
400.0,straight_S1,jitter,11.0,22,1.475493132864617,6.0681533178332945,15,15,0,12,12
400.0,straight_S1,jitter,11.0,23,2.8344645845686234,17.306915412246816,15,15,0,13,13
400.0,straight_S1,jitter,11.0,24,2.762830323473523,3.229246654374348,15,15,0,12,12
400.0,straight_S1,jitter,11.0,25,0.7881200144925127,17.80514908173204,15,15,0,14,14
400.0,straight_S1,jitter,11.0,26,1.6015752727468362,7.495503926612275,15,15,0,13,13
400.0,straight_S1,jitter,11.0,27,0.5778331483718656,6.398048033370148,15,15,0,14,14
400.0,straight_S1,jitter,11.0,28,0.37485385469721216,-2.580771140477249,15,15,0,12,12
400.0,straight_S1,jitter,11.0,29,2.1681972923642285,11.01691850458435,15,15,0,14,14
400.0,straight_S1,jitter,11.0,30,4.695356500241832,34.27658241846005,15,15,0,14,13
400.0,straight_S1,jitter,30.0,1,28.481519921982702,122.11440130713828,15,15,0,14,14
400.0,straight_S1,jitter,30.0,2,9.958428067488923,38.405404696570706,15,15,0,14,14
400.0,straight_S1,jitter,30.0,3,17.939868715857873,30.802082060003915,15,15,0,13,13
400.0,straight_S1,jitter,30.0,4,1.7655985231471023,-5.737946367655574,15,15,0,13,13
400.0,straight_S1,jitter,30.0,5,3.479955826816742,5.645906943109994,15,15,0,14,14
400.0,straight_S1,jitter,30.0,6,1.731340676719576,46.0359847794414,15,15,0,12,11
400.0,straight_S1,jitter,30.0,7,2.096259533158773,7.639559939838862,15,15,0,14,14
400.0,straight_S1,jitter,30.0,8,1.2726056638795875,5.2214856585501845,15,15,0,13,12
400.0,straight_S1,jitter,30.0,9,18.426355737791347,47.31950766981192,15,15,0,13,13
400.0,straight_S1,jitter,30.0,10,7.26823466112642,26.01498014267764,15,15,0,12,12
400.0,straight_S1,jitter,30.0,11,5.243173418357659,38.7190658870779,15,15,0,14,14
400.0,straight_S1,jitter,30.0,12,4.9889043988149195,38.054636777315814,15,15,0,14,14
400.0,straight_S1,jitter,30.0,13,1.2325962908424881,16.002466473176646,15,15,0,14,14
400.0,straight_S1,jitter,30.0,14,3.15021368287131,18.58758947032594,15,15,0,13,13
400.0,straight_S1,jitter,30.0,15,9.42122440835396,31.08962181049133,15,15,0,14,14
400.0,straight_S1,jitter,30.0,16,6.586108265693043,32.259395342906714,15,15,0,14,14
400.0,straight_S1,jitter,30.0,17,3.440150625378274,21.19027165518682,15,15,0,14,14
400.0,straight_S1,jitter,30.0,18,8.571168458138809,22.98322953610795,15,15,0,12,11
400.0,straight_S1,jitter,30.0,19,22.272784625126267,75.30167792789616,15,15,0,14,14
400.0,straight_S1,jitter,30.0,20,1.8168529255806103,18.20256650699852,15,15,0,13,13
400.0,straight_S1,jitter,30.0,21,12.37395437811436,40.594261624298866,15,15,0,11,10
400.0,straight_S1,jitter,30.0,22,4.820172409523017,12.268787865740032,15,15,0,12,11
400.0,straight_S1,jitter,30.0,23,6.538641276289429,79.2867990807244,15,15,0,12,11
400.0,straight_S1,jitter,30.0,24,6.0789512766722495,40.332047464593316,15,15,0,12,12
400.0,straight_S1,jitter,30.0,25,1.9825305408645073,26.659472238744453,15,15,0,14,14
400.0,straight_S1,jitter,30.0,26,4.73163419391559,17.40255550282299,15,15,0,13,13
400.0,straight_S1,jitter,30.0,27,3.0558568630556104,14.335403594247964,15,15,0,14,14
400.0,straight_S1,jitter,30.0,28,1.9004468580714886,-11.545346639411786,15,15,0,11,10
400.0,straight_S1,jitter,30.0,29,9.504826299752207,37.173049734381955,15,15,0,13,13
400.0,straight_S1,jitter,30.0,30,22.79882412353274,116.12987645996506,15,15,0,14,12
400.0,straight_S1,jitter,78.5,1,26.395964274832174,-0.8537979486901826,15,15,0,14,14
400.0,straight_S1,jitter,78.5,2,47.88388016775696,57.30972606100258,15,15,0,13,13
400.0,straight_S1,jitter,78.5,3,112.13361457585385,44.7678929746834,15,15,0,13,8
400.0,straight_S1,jitter,78.5,4,19.575737640658353,22.697809781828596,15,15,0,13,11
400.0,straight_S1,jitter,78.5,5,19.5287590557416,19.0701670668277,15,15,0,13,12
400.0,straight_S1,jitter,78.5,6,27.51481127291284,140.38878266341018,15,15,0,12,11
400.0,straight_S1,jitter,78.5,7,101.95190752897224,-5.48546118115012,15,15,0,14,11
400.0,straight_S1,jitter,78.5,8,100.61226184292046,46.904324971750725,15,15,0,13,9
400.0,straight_S1,jitter,78.5,9,97.61289970023482,67.20163885161462,15,15,0,13,13
400.0,straight_S1,jitter,78.5,10,8.928199823217783,107.90707178030836,15,15,0,14,12
400.0,straight_S1,jitter,78.5,11,140.85728666316962,146.2660372043187,15,15,0,13,12
400.0,straight_S1,jitter,78.5,12,40.89731006349178,171.68548987816112,15,15,0,14,10
400.0,straight_S1,jitter,78.5,13,126.58738982018586,32.35859579228788,15,15,0,14,14
400.0,straight_S1,jitter,78.5,14,41.89208469957682,71.11401077878101,15,15,0,13,11
400.0,straight_S1,jitter,78.5,15,41.56430888171754,20.110642835057778,15,15,0,13,13
400.0,straight_S1,jitter,78.5,16,163.5215368406832,67.84023390312684,15,15,0,13,10
400.0,straight_S1,jitter,78.5,17,12.524295790186592,48.754687740825005,15,15,0,14,13
400.0,straight_S1,jitter,78.5,18,91.65526685704896,117.40334482986272,15,15,0,14,13
400.0,straight_S1,jitter,78.5,19,127.24018452651185,92.36995227492008,15,15,0,14,11
400.0,straight_S1,jitter,78.5,20,14.671988488427571,49.310624354896504,15,15,0,10,6
400.0,straight_S1,jitter,78.5,21,50.691595569694115,80.55123646703747,15,15,0,12,10
400.0,straight_S1,jitter,78.5,22,10.746928420401856,53.713190323488234,15,15,0,14,13
400.0,straight_S1,jitter,78.5,23,80.40438576693025,203.04965031226695,15,15,0,13,10
400.0,straight_S1,jitter,78.5,24,32.279047888652286,65.21491254229588,15,15,0,13,12
400.0,straight_S1,jitter,78.5,25,157.26745141600694,80.5304884795453,15,15,0,14,14
400.0,straight_S1,jitter,78.5,26,66.723263324127,162.124960093672,15,15,0,13,12
400.0,straight_S1,jitter,78.5,27,37.626737331805636,47.00476526858057,15,15,0,14,12
400.0,straight_S1,jitter,78.5,28,90.53429514193023,23.16372759418307,15,15,0,11,6
400.0,straight_S1,jitter,78.5,29,13.596110306582617,59.029698338913136,15,15,0,14,11
400.0,straight_S1,jitter,78.5,30,127.85558588584797,59.999053596645346,15,15,0,14,10
400.0,curved_S2a10,uniform,0.0,1,2.18453208669142,4.869906823243944,15,15,0,13,13
400.0,curved_S2a10,uniform,0.0,2,3.9187933532769277,19.150961591958048,15,15,0,14,13
400.0,curved_S2a10,uniform,0.0,3,3.065734443299425,13.46619670331101,15,15,0,13,13
400.0,curved_S2a10,uniform,0.0,4,5.195779624391109,22.43924501343426,15,15,0,14,13
400.0,curved_S2a10,uniform,0.0,5,3.71053520856944,-0.25700581408309253,15,15,0,13,13
400.0,curved_S2a10,uniform,0.0,6,2.0593224335266958,33.815940983950085,15,15,0,13,13
400.0,curved_S2a10,uniform,0.0,7,13.408549122086368,13.686066379780973,15,15,0,14,14
400.0,curved_S2a10,uniform,0.0,8,1.015996841201195,7.55486529454615,15,15,0,13,13
400.0,curved_S2a10,uniform,0.0,9,4.6941672124932445,35.474531177786275,15,15,0,13,12
400.0,curved_S2a10,uniform,0.0,10,9.858425890886643,11.585670530334086,15,15,0,13,13
400.0,curved_S2a10,uniform,0.0,11,0.14475542739128808,20.02760952565158,15,15,0,13,13
400.0,curved_S2a10,uniform,0.0,12,5.832178903731222,12.569123491410839,15,15,0,13,12
400.0,curved_S2a10,uniform,0.0,13,4.583410389120112,16.769175802814328,15,15,0,13,13
400.0,curved_S2a10,uniform,0.0,14,9.172940771051959,21.276172836627406,15,15,0,13,13
400.0,curved_S2a10,uniform,0.0,15,7.299417773745695,13.003830880868575,15,15,0,14,14
400.0,curved_S2a10,uniform,0.0,16,5.029143100442105,11.885866423843956,15,15,0,13,13
400.0,curved_S2a10,uniform,0.0,17,2.9527239327650165,11.246388624951836,15,15,0,13,13
400.0,curved_S2a10,uniform,0.0,18,4.751783072415354,18.06642363206222,15,15,0,13,13
400.0,curved_S2a10,uniform,0.0,19,1.9276118519593042,12.929485552523698,15,15,0,13,13
400.0,curved_S2a10,uniform,0.0,20,5.576718341224772,14.889073505707865,15,15,0,13,13
400.0,curved_S2a10,uniform,0.0,21,2.2110902928867007,3.0592445968243913,15,15,0,13,13
400.0,curved_S2a10,uniform,0.0,22,0.35544554602838446,12.613290970121183,15,15,0,13,13
400.0,curved_S2a10,uniform,0.0,23,6.399651837057798,33.30667466400097,15,15,0,13,13
400.0,curved_S2a10,uniform,0.0,24,14.234764937580085,11.208289205419913,15,15,0,13,13
400.0,curved_S2a10,uniform,0.0,25,1.285840886508707,26.095284091146247,15,15,0,13,13
400.0,curved_S2a10,uniform,0.0,26,0.9684632852248397,24.832794587254284,15,15,0,13,13
400.0,curved_S2a10,uniform,0.0,27,5.254863133392495,17.706945757217888,15,15,0,13,13
400.0,curved_S2a10,uniform,0.0,28,5.6912041576129235,14.796412229372654,15,15,0,13,12
400.0,curved_S2a10,uniform,0.0,29,0.7880246054003825,5.871615209847944,15,15,0,13,13
400.0,curved_S2a10,uniform,0.0,30,9.145341687574922,25.45863990634727,15,15,0,12,12
400.0,curved_S2a10,uniform,2.0,1,0.7706905183260111,-0.9503415415921849,15,15,0,13,13
400.0,curved_S2a10,uniform,2.0,2,1.2768389444168062,16.763224882663774,15,15,0,14,14
400.0,curved_S2a10,uniform,2.0,3,3.1652588270216593,12.090560920277094,15,15,0,13,13
400.0,curved_S2a10,uniform,2.0,4,5.65940711255242,18.99571941051019,15,15,0,14,13
400.0,curved_S2a10,uniform,2.0,5,4.036247487015953,2.261998512982781,15,15,0,13,13
400.0,curved_S2a10,uniform,2.0,6,0.6714769474263895,26.04569165188188,15,15,0,13,13
400.0,curved_S2a10,uniform,2.0,7,13.237984898709687,14.3840088107927,15,15,0,14,14
400.0,curved_S2a10,uniform,2.0,8,0.0943339359631875,10.43068438076471,15,15,0,13,13
400.0,curved_S2a10,uniform,2.0,9,4.9747262213596235,32.815045471783,15,15,0,13,12
400.0,curved_S2a10,uniform,2.0,10,8.480287277299482,11.569175140193694,15,15,0,13,13
400.0,curved_S2a10,uniform,2.0,11,1.1490131162665271,21.408395152204697,15,15,0,13,12
400.0,curved_S2a10,uniform,2.0,12,2.6831773233285614,11.403274526132634,15,15,0,13,13
400.0,curved_S2a10,uniform,2.0,13,4.913542749955231,17.8110076554823,15,15,0,13,13
400.0,curved_S2a10,uniform,2.0,14,8.791592056856501,19.483928317554643,15,15,0,13,13
400.0,curved_S2a10,uniform,2.0,15,7.301351414621939,14.613424815635145,15,15,0,14,14
400.0,curved_S2a10,uniform,2.0,16,2.273633525521308,11.117246665892882,15,15,0,13,13
400.0,curved_S2a10,uniform,2.0,17,5.79873141180426,9.545913697702717,15,15,0,13,13
400.0,curved_S2a10,uniform,2.0,18,5.886102035216834,16.991436396962946,15,15,0,13,13
400.0,curved_S2a10,uniform,2.0,19,1.3317287950915562,10.121406949815714,15,15,0,13,13
400.0,curved_S2a10,uniform,2.0,20,7.111760971049708,13.678116157101128,15,15,0,13,13
400.0,curved_S2a10,uniform,2.0,21,1.4793086673282712,4.595272073698187,15,15,0,13,13
400.0,curved_S2a10,uniform,2.0,22,1.1534289946217045,11.008851904605239,15,15,0,13,13
400.0,curved_S2a10,uniform,2.0,23,4.580090538853588,27.365284941607932,15,15,0,13,13
400.0,curved_S2a10,uniform,2.0,24,12.36318668014386,8.161729196423995,15,15,0,13,13
400.0,curved_S2a10,uniform,2.0,25,2.385164276668561,22.09930296332036,15,15,0,13,13
400.0,curved_S2a10,uniform,2.0,26,0.1091861355657649,17.56510708159409,15,15,0,13,13
400.0,curved_S2a10,uniform,2.0,27,6.047950542401069,17.005880447218033,15,15,0,13,13
400.0,curved_S2a10,uniform,2.0,28,2.767294773525976,12.262044793097138,15,15,0,13,13
400.0,curved_S2a10,uniform,2.0,29,1.6897294320651297,4.121484852931179,15,15,0,13,13
400.0,curved_S2a10,uniform,2.0,30,8.52707727327044,24.951972160988735,15,15,0,12,12
400.0,curved_S2a10,uniform,5.0,1,0.06257559187004677,5.5193716669847515,15,15,0,12,12
400.0,curved_S2a10,uniform,5.0,2,0.43240639209766424,5.857592760686003,15,15,0,13,13
400.0,curved_S2a10,uniform,5.0,3,2.5432348616154363,12.978123621917911,15,15,0,13,13
400.0,curved_S2a10,uniform,5.0,4,6.4829755052699385,12.772965053806429,15,15,0,13,13
400.0,curved_S2a10,uniform,5.0,5,4.352989987789543,11.205332332785362,15,15,0,13,13
400.0,curved_S2a10,uniform,5.0,6,2.8798625657847237,11.072306679490056,15,15,0,14,14
400.0,curved_S2a10,uniform,5.0,7,12.559274130547866,14.50151357146403,15,15,0,14,14
400.0,curved_S2a10,uniform,5.0,8,0.9087936307091645,18.84550427461892,15,15,0,13,13
400.0,curved_S2a10,uniform,5.0,9,2.1241968487959966,23.147861571166676,15,15,0,14,14
400.0,curved_S2a10,uniform,5.0,10,7.71803876359876,12.542629198213215,15,15,0,13,13
400.0,curved_S2a10,uniform,5.0,11,4.111511086555292,15.964211324054093,15,15,0,14,14
400.0,curved_S2a10,uniform,5.0,12,2.12432039482233,-0.19474215171113585,15,15,0,13,13
400.0,curved_S2a10,uniform,5.0,13,3.0636279035363656,16.767710542014758,15,15,0,14,14
400.0,curved_S2a10,uniform,5.0,14,7.22989983324617,13.389192286544723,15,15,0,14,14
400.0,curved_S2a10,uniform,5.0,15,6.844136853537025,7.977834655215983,15,15,0,14,14
400.0,curved_S2a10,uniform,5.0,16,1.7318359779110202,4.941225142407099,15,15,0,14,14
400.0,curved_S2a10,uniform,5.0,17,8.20129766662172,0.4889122970717086,15,15,0,13,13
400.0,curved_S2a10,uniform,5.0,18,7.199932892003734,11.898018932061676,15,15,0,13,13
400.0,curved_S2a10,uniform,5.0,19,1.5507347722423224,13.795176406636708,15,15,0,13,13
400.0,curved_S2a10,uniform,5.0,20,7.2511959254585125,11.558543832344876,15,15,0,13,13
400.0,curved_S2a10,uniform,5.0,21,1.7289653592750294,5.1826991370646915,15,15,0,13,13
400.0,curved_S2a10,uniform,5.0,22,6.392868959121697,6.382978723404224,15,15,0,13,13
400.0,curved_S2a10,uniform,5.0,23,2.2055373765826807,13.5252237177199,15,15,0,13,13
400.0,curved_S2a10,uniform,5.0,24,11.31038696108661,7.547867352816813,15,15,0,13,13
400.0,curved_S2a10,uniform,5.0,25,2.7847974503266104,15.113361738465455,15,15,0,13,13
400.0,curved_S2a10,uniform,5.0,26,3.5824811343277623,10.001589690685009,15,15,0,14,14
400.0,curved_S2a10,uniform,5.0,27,6.5550798383024205,15.537470364529918,15,15,0,13,13
400.0,curved_S2a10,uniform,5.0,28,2.1054791784050195,8.481781620475948,15,15,0,13,13
400.0,curved_S2a10,uniform,5.0,29,1.720357914404103,3.4310208624617498,15,15,0,13,13
400.0,curved_S2a10,uniform,5.0,30,6.000576473188774,31.735842029207213,15,15,0,13,13
400.0,curved_S2a10,uniform,10.0,1,0.5614260002924966,13.295810309890014,15,15,0,13,13
400.0,curved_S2a10,uniform,10.0,2,0.2110419425078288,7.9206513730294565,15,15,0,13,13
400.0,curved_S2a10,uniform,10.0,3,2.4209128029521736,10.95711088310109,15,15,0,13,13
400.0,curved_S2a10,uniform,10.0,4,6.892938040623324,7.977258065289454,15,15,0,13,13
400.0,curved_S2a10,uniform,10.0,5,5.709432896436148,4.952134768374897,15,15,0,13,13
400.0,curved_S2a10,uniform,10.0,6,2.0820979061024687,17.989480231932372,15,15,0,13,13
400.0,curved_S2a10,uniform,10.0,7,10.758285765669081,15.729381760040187,15,15,0,14,14
400.0,curved_S2a10,uniform,10.0,8,0.7554077740005751,13.949625982787936,15,15,0,13,13
400.0,curved_S2a10,uniform,10.0,9,1.9373706464115308,14.736123121509959,15,15,0,14,14
400.0,curved_S2a10,uniform,10.0,10,6.0176161535900725,10.604277843750792,15,15,0,13,13
400.0,curved_S2a10,uniform,10.0,11,2.7247187513174094,13.559093814149037,15,15,0,14,14
400.0,curved_S2a10,uniform,10.0,12,1.5248182817172495,6.25738639028713,15,15,0,13,13
400.0,curved_S2a10,uniform,10.0,13,2.788418619906983,13.751062392355736,15,15,0,14,14
400.0,curved_S2a10,uniform,10.0,14,5.52989195805873,10.081953884754864,15,15,0,14,14
400.0,curved_S2a10,uniform,10.0,15,7.212503775586209,0.12366652346265106,15,15,0,13,13
400.0,curved_S2a10,uniform,10.0,16,1.6995438021814966,7.16629018801888,15,15,0,14,14
400.0,curved_S2a10,uniform,10.0,17,9.149671364085695,2.6948330468406683,15,15,0,13,13
400.0,curved_S2a10,uniform,10.0,18,9.379127439128839,7.179989513579803,15,15,0,13,13
400.0,curved_S2a10,uniform,10.0,19,2.40071641048026,9.170696011557533,15,15,0,13,13
400.0,curved_S2a10,uniform,10.0,20,7.364604348263345,8.98535250147871,15,15,0,13,13
400.0,curved_S2a10,uniform,10.0,21,1.6473359741733868,7.187539323912384,15,15,0,13,13
400.0,curved_S2a10,uniform,10.0,22,6.955737028929221,-0.8810674876146951,15,15,0,13,13
400.0,curved_S2a10,uniform,10.0,23,1.5818224647718402,8.317984671656415,15,15,0,13,13
400.0,curved_S2a10,uniform,10.0,24,11.21820805041945,8.762130920166584,15,15,0,13,13
400.0,curved_S2a10,uniform,10.0,25,1.584855261190791,9.489327848468736,15,15,0,14,14
400.0,curved_S2a10,uniform,10.0,26,6.178701300979299,9.173429448704312,15,15,0,14,14
400.0,curved_S2a10,uniform,10.0,27,6.3006917986051345,10.069597833151473,15,15,0,14,14
400.0,curved_S2a10,uniform,10.0,28,0.14584044723493458,1.3246116861229082,15,15,0,13,13
400.0,curved_S2a10,uniform,10.0,29,1.8443940916501236,4.036575285449384,15,15,0,13,13
400.0,curved_S2a10,uniform,10.0,30,7.295269095673119,11.971447159236497,15,15,0,13,13
400.0,curved_S2a10,uniform,11.0,1,0.4691075559192294,12.605044402338331,15,15,0,13,13
400.0,curved_S2a10,uniform,11.0,2,0.9656910559128751,7.920651373029412,15,15,0,13,13
400.0,curved_S2a10,uniform,11.0,3,2.3743739948185603,10.145452237934755,15,15,0,13,13
400.0,curved_S2a10,uniform,11.0,4,6.443268340633172,6.364171647072281,15,15,0,13,13
400.0,curved_S2a10,uniform,11.0,5,6.005862898891747,3.7339375165839814,15,15,0,13,13
400.0,curved_S2a10,uniform,11.0,6,2.3171495417394854,16.175052012580828,15,15,0,13,13
400.0,curved_S2a10,uniform,11.0,7,10.381554501580116,14.892167925470146,15,15,0,14,14
400.0,curved_S2a10,uniform,11.0,8,0.7137824807810353,12.97812362191785,15,15,0,13,13
400.0,curved_S2a10,uniform,11.0,9,1.9228877175845789,13.417105324252665,15,15,0,14,14
400.0,curved_S2a10,uniform,11.0,10,5.889491892603164,10.918710774360402,15,15,0,13,13
400.0,curved_S2a10,uniform,11.0,11,2.713487130470788,13.374429671259088,15,15,0,14,14
400.0,curved_S2a10,uniform,11.0,12,1.7177546623125908,7.021366754864807,15,15,0,13,13
400.0,curved_S2a10,uniform,11.0,13,2.8889682994421184,14.196324208730982,15,15,0,14,14
400.0,curved_S2a10,uniform,11.0,14,5.319462630289968,9.047281348399288,15,15,0,14,14
400.0,curved_S2a10,uniform,11.0,15,7.011684789830349,0.6328318534377431,15,15,0,13,13
400.0,curved_S2a10,uniform,11.0,16,2.110079012142011,5.064080134986515,15,15,0,14,14
400.0,curved_S2a10,uniform,11.0,17,9.424597208178529,3.2396442844953763,15,15,0,13,13
400.0,curved_S2a10,uniform,11.0,18,9.385104692063047,4.755841688250969,15,15,0,13,13
400.0,curved_S2a10,uniform,11.0,19,2.618527011452945,7.841551361395623,15,15,0,13,13
400.0,curved_S2a10,uniform,11.0,20,7.40363927095327,8.334668716820381,15,15,0,13,13
400.0,curved_S2a10,uniform,11.0,21,1.4781715695472197,7.554865294546194,15,15,0,13,13
400.0,curved_S2a10,uniform,11.0,22,7.017321556497137,-0.11604768101761327,15,15,0,13,13
400.0,curved_S2a10,uniform,11.0,23,1.5125153699623766,6.319826464070329,15,15,0,13,13
400.0,curved_S2a10,uniform,11.0,24,11.273456563868207,8.000051667237118,15,15,0,13,13
400.0,curved_S2a10,uniform,11.0,25,1.001257833510577,8.187727567809677,15,15,0,14,14
400.0,curved_S2a10,uniform,11.0,26,6.390960663355316,8.23777137012045,15,15,0,14,14
400.0,curved_S2a10,uniform,11.0,27,5.739279702386796,7.225406541092694,15,15,0,14,14
400.0,curved_S2a10,uniform,11.0,28,0.0691243638855974,-1.0252641595830467,15,15,0,13,13
400.0,curved_S2a10,uniform,11.0,29,1.8522263420435157,2.8871382003736885,15,15,0,13,13
400.0,curved_S2a10,uniform,11.0,30,7.467777282501977,12.87479779864921,15,15,0,13,13
400.0,curved_S2a10,uniform,20.0,1,0.8380426141782243,10.51494917676119,15,15,0,13,13
400.0,curved_S2a10,uniform,20.0,2,1.462680381995119,9.526988584581037,15,15,0,13,13
400.0,curved_S2a10,uniform,20.0,3,2.603794796728842,7.7795232214122505,15,15,0,13,13
400.0,curved_S2a10,uniform,20.0,4,6.11778597186184,4.886129254591939,15,15,0,13,13
400.0,curved_S2a10,uniform,20.0,5,6.537200756583627,4.7644645145034,15,15,0,13,13
400.0,curved_S2a10,uniform,20.0,6,0.004285183575141137,7.587843978945467,15,15,0,13,13
400.0,curved_S2a10,uniform,20.0,7,9.43952653197912,13.148790620360984,15,15,0,14,14
400.0,curved_S2a10,uniform,20.0,8,1.5986678295671264,13.791492653826523,15,15,0,13,13
400.0,curved_S2a10,uniform,20.0,9,1.5830837700761644,15.734461914645692,15,15,0,13,13
400.0,curved_S2a10,uniform,20.0,10,4.5087599863379095,8.410937392651336,15,15,0,13,13
400.0,curved_S2a10,uniform,20.0,11,1.0039880401129855,13.6326952846998,15,15,0,13,13
400.0,curved_S2a10,uniform,20.0,12,2.499137815920719,8.957377653253856,15,15,0,13,13
400.0,curved_S2a10,uniform,20.0,13,3.1500914054655484,11.976396071866297,15,15,0,13,13
400.0,curved_S2a10,uniform,20.0,14,4.584859767751631,8.205187960366,15,15,0,14,14
400.0,curved_S2a10,uniform,20.0,15,5.199818593995856,3.0377011473729025,15,15,0,13,13
400.0,curved_S2a10,uniform,20.0,16,1.463525632550689,6.499805687953571,15,15,0,13,13
400.0,curved_S2a10,uniform,20.0,17,9.440991907752586,4.4105307089566725,15,15,0,13,13
400.0,curved_S2a10,uniform,20.0,18,9.726123422603852,1.28367599162309,15,15,0,13,13
400.0,curved_S2a10,uniform,20.0,19,1.8646932102694191,5.472345205560666,15,15,0,13,13
400.0,curved_S2a10,uniform,20.0,20,7.731607949830364,4.197763304399485,15,15,0,13,13
400.0,curved_S2a10,uniform,20.0,21,0.7584387784444085,5.713620152058111,15,15,0,13,13
400.0,curved_S2a10,uniform,20.0,22,7.734123596617954,2.4493239294574325,15,15,0,13,13
400.0,curved_S2a10,uniform,20.0,23,2.0697700476365566,-0.3559034346324985,15,15,0,13,13
400.0,curved_S2a10,uniform,20.0,24,11.365324937517814,8.093351885615425,15,15,0,13,13
400.0,curved_S2a10,uniform,20.0,25,0.13968985628191702,4.485662186495443,15,15,0,14,14
400.0,curved_S2a10,uniform,20.0,26,6.808410102223874,8.033094947147168,15,15,0,13,13
400.0,curved_S2a10,uniform,20.0,27,7.2154332696492585,10.478890879113845,15,15,0,14,14
400.0,curved_S2a10,uniform,20.0,28,2.9027397882554786,8.644512463342524,15,15,0,13,13
400.0,curved_S2a10,uniform,20.0,29,1.7640619611664963,3.599134142775003,15,15,0,13,13
400.0,curved_S2a10,uniform,20.0,30,7.944877521485369,3.8721845854935357,15,15,0,14,14
400.0,curved_S2a10,uniform,30.0,1,0.40287835726918186,10.769619210782395,15,15,0,13,13
400.0,curved_S2a10,uniform,30.0,2,1.3498153116403337,9.98135200870956,15,15,0,13,13
400.0,curved_S2a10,uniform,30.0,3,2.4539522933726494,9.22440693279219,15,15,0,13,13
400.0,curved_S2a10,uniform,30.0,4,5.955484618079461,5.110407490123933,15,15,0,13,13
400.0,curved_S2a10,uniform,30.0,5,6.598841959871833,5.69974156761878,15,15,0,13,13
400.0,curved_S2a10,uniform,30.0,6,0.23253664482924513,8.824580326029174,15,15,0,14,14
400.0,curved_S2a10,uniform,30.0,7,9.49161609719773,14.651117878211606,15,15,0,14,14
400.0,curved_S2a10,uniform,30.0,8,2.737379223537686,9.598502061749887,15,15,0,13,13
400.0,curved_S2a10,uniform,30.0,9,1.1771366675905257,16.48004365486472,15,15,0,13,13
400.0,curved_S2a10,uniform,30.0,10,4.405085334621444,8.808195219608555,15,15,0,13,13
400.0,curved_S2a10,uniform,30.0,11,1.2381534725538679,13.648173555856546,15,15,0,13,13
400.0,curved_S2a10,uniform,30.0,12,1.664531232549254,8.09891732717592,15,15,0,13,13
400.0,curved_S2a10,uniform,30.0,13,3.1484245217807443,14.154581725110424,15,15,0,13,13
400.0,curved_S2a10,uniform,30.0,14,4.746973409248906,9.049971714450722,15,15,0,14,14
400.0,curved_S2a10,uniform,30.0,15,5.365054246056575,3.198061607734178,15,15,0,13,13
400.0,curved_S2a10,uniform,30.0,16,1.2185288603989284,6.290536472229051,15,15,0,13,13
400.0,curved_S2a10,uniform,30.0,17,9.52531965125289,5.3656546862472645,15,15,0,13,13
400.0,curved_S2a10,uniform,30.0,18,9.572612523277474,2.424802587866,15,15,0,13,13
400.0,curved_S2a10,uniform,30.0,19,1.5807264303364823,6.670201538670684,15,15,0,13,13
400.0,curved_S2a10,uniform,30.0,20,7.658165363676343,6.550046348198046,15,15,0,13,13
400.0,curved_S2a10,uniform,30.0,21,0.33111379929691237,6.771268330689306,15,15,0,13,13
400.0,curved_S2a10,uniform,30.0,22,7.700901040564836,1.9887281912116677,15,15,0,13,13
400.0,curved_S2a10,uniform,30.0,23,2.7698101300515465,0.8661240061378214,15,15,0,13,13
400.0,curved_S2a10,uniform,30.0,24,11.569232432987475,8.518096483679338,15,15,0,13,13
400.0,curved_S2a10,uniform,30.0,25,0.7679046488213631,3.980688715438981,15,15,0,14,14
400.0,curved_S2a10,uniform,30.0,26,6.60190523984603,9.125964899287231,15,15,0,13,13
400.0,curved_S2a10,uniform,30.0,27,7.456818591631174,10.659350672932444,15,15,0,14,14
400.0,curved_S2a10,uniform,30.0,28,2.8481204301160443,5.363484706145449,15,15,0,12,12
400.0,curved_S2a10,uniform,30.0,29,1.6968182068019453,3.8804765701064468,15,15,0,13,13
400.0,curved_S2a10,uniform,30.0,30,7.3410058112372525,7.634824232410997,15,15,0,13,13
400.0,curved_S2a10,uniform,50.0,1,0.40176015666726034,10.135189318742732,15,15,0,13,13
400.0,curved_S2a10,uniform,50.0,2,1.2105409063240582,9.487490209999816,15,15,0,13,13
400.0,curved_S2a10,uniform,50.0,3,2.383479167611737,10.834711059687585,15,15,0,13,13
400.0,curved_S2a10,uniform,50.0,4,6.063493648057594,4.938091670093256,15,15,0,13,13
400.0,curved_S2a10,uniform,50.0,5,6.430402653280968,5.69974156761878,15,15,0,13,13
400.0,curved_S2a10,uniform,50.0,6,0.5388600658155521,9.499078808656014,15,15,0,13,13
400.0,curved_S2a10,uniform,50.0,7,9.426209420575569,14.959601579404206,15,15,0,14,14
400.0,curved_S2a10,uniform,50.0,8,2.8626934838928735,9.779438377008349,15,15,0,13,13
400.0,curved_S2a10,uniform,50.0,9,1.3878648802189062,15.843517504171656,15,15,0,13,13
400.0,curved_S2a10,uniform,50.0,10,4.517632245486052,10.170507812297574,15,15,0,13,13
400.0,curved_S2a10,uniform,50.0,11,1.1129092309151667,14.729451500245952,15,15,0,13,13
400.0,curved_S2a10,uniform,50.0,12,1.7576645367821397,8.210367401817598,15,15,0,13,13
400.0,curved_S2a10,uniform,50.0,13,3.3567692480974123,14.676184471412693,15,15,0,13,13
400.0,curved_S2a10,uniform,50.0,14,4.84225358075799,9.532664090093117,15,15,0,14,14
400.0,curved_S2a10,uniform,50.0,15,5.517410688261799,3.3684634473401123,15,15,0,13,13
400.0,curved_S2a10,uniform,50.0,16,1.350310780230503,6.208831312860985,15,15,0,13,13
400.0,curved_S2a10,uniform,50.0,17,9.612600206816824,6.369436622990661,15,15,0,13,13
400.0,curved_S2a10,uniform,50.0,18,9.459546504386182,3.549134557747339,15,15,0,13,13
400.0,curved_S2a10,uniform,50.0,19,1.4908716892162892,7.287244697940236,15,15,0,13,13
400.0,curved_S2a10,uniform,50.0,20,7.777007469742835,6.550046348198031,15,15,0,13,13
400.0,curved_S2a10,uniform,50.0,21,0.3637033710119282,6.771268330689144,15,15,0,13,13
400.0,curved_S2a10,uniform,50.0,22,7.350526530666341,2.4563812765998465,15,15,0,13,13
400.0,curved_S2a10,uniform,50.0,23,2.574046812314683,0.8661240061378658,15,15,0,13,13
400.0,curved_S2a10,uniform,50.0,24,11.510564488046084,9.512004949039293,15,15,0,13,13
400.0,curved_S2a10,uniform,50.0,25,0.5839263412354816,5.80113643878383,15,15,0,14,14
400.0,curved_S2a10,uniform,50.0,26,6.1891917013109,7.399243239030199,15,15,0,13,13
400.0,curved_S2a10,uniform,50.0,27,7.028813952270255,10.45332340783709,15,15,0,14,14
400.0,curved_S2a10,uniform,50.0,28,2.230241708528434,4.290885265975289,15,15,0,12,12
400.0,curved_S2a10,uniform,50.0,29,1.617484532275374,3.8804765701064468,15,15,0,13,13
400.0,curved_S2a10,uniform,50.0,30,7.359655563909324,8.483704619371741,15,15,0,13,13
400.0,curved_S2a10,uniform,78.5,1,0.3578056252749813,10.343253139606379,15,15,0,13,13
400.0,curved_S2a10,uniform,78.5,2,1.1310024692400416,9.186963680069926,15,15,0,13,13
400.0,curved_S2a10,uniform,78.5,3,2.4821278463891665,10.83471105968763,15,15,0,13,13
400.0,curved_S2a10,uniform,78.5,4,5.949701428799285,5.888900668375893,15,15,0,13,13
400.0,curved_S2a10,uniform,78.5,5,6.582861990319413,6.828827708882009,15,15,0,13,13
400.0,curved_S2a10,uniform,78.5,6,0.040155530236403315,9.363135627404501,15,15,0,14,14
400.0,curved_S2a10,uniform,78.5,7,9.48773778786532,14.182469673706008,15,15,0,14,14
400.0,curved_S2a10,uniform,78.5,8,2.849670148920131,10.8682199004837,15,15,0,13,13
400.0,curved_S2a10,uniform,78.5,9,1.5608735649218695,15.843517504171523,15,15,0,13,13
400.0,curved_S2a10,uniform,78.5,10,4.712920425637641,10.820749500806077,15,15,0,13,13
400.0,curved_S2a10,uniform,78.5,11,1.10498085327514,15.282751437786604,15,15,0,13,13
400.0,curved_S2a10,uniform,78.5,12,1.536616952579588,7.692332544387377,15,15,0,13,13
400.0,curved_S2a10,uniform,78.5,13,3.289096860147363,15.606936416184883,15,15,0,13,13
400.0,curved_S2a10,uniform,78.5,14,4.873894507465823,10.266863630134537,15,15,0,14,14
400.0,curved_S2a10,uniform,78.5,15,5.593605849817211,3.7865809797626326,15,15,0,13,13
400.0,curved_S2a10,uniform,78.5,16,1.4840665308925898,6.20883131286106,15,15,0,13,13
400.0,curved_S2a10,uniform,78.5,17,9.339569933068246,6.36943662299078,15,15,0,13,13
400.0,curved_S2a10,uniform,78.5,18,9.534188651873922,6.473120180539234,15,15,0,13,13
400.0,curved_S2a10,uniform,78.5,19,1.7843875072363475,7.832741856715764,15,15,0,13,13
400.0,curved_S2a10,uniform,78.5,20,7.676909140625202,6.550046348197898,15,15,0,13,13
400.0,curved_S2a10,uniform,78.5,21,0.3435972832491535,7.907770070554617,15,15,0,13,13
400.0,curved_S2a10,uniform,78.5,22,7.495210367991711,2.45638127660001,15,15,0,13,13
400.0,curved_S2a10,uniform,78.5,23,2.679706920494437,1.8818163603229188,15,15,0,13,13
400.0,curved_S2a10,uniform,78.5,24,11.27026882717358,9.345595968028714,15,15,0,13,13
400.0,curved_S2a10,uniform,78.5,25,0.6816967264927624,5.801136438783846,15,15,0,14,14
400.0,curved_S2a10,uniform,78.5,26,6.284572350178941,8.641114263747191,15,15,0,13,13
400.0,curved_S2a10,uniform,78.5,27,6.92098244283307,10.744917806491856,15,15,0,14,14
400.0,curved_S2a10,uniform,78.5,28,2.0347917870240777,4.5733225291824855,15,15,0,12,12
400.0,curved_S2a10,uniform,78.5,29,1.7914646581664648,3.8804765701062984,15,15,0,13,13
400.0,curved_S2a10,uniform,78.5,30,7.344176591098586,9.341142955905852,15,15,0,13,13
400.0,curved_S2a10,uniform,100.0,1,0.20103817721910908,10.090905464187145,15,15,0,13,13
400.0,curved_S2a10,uniform,100.0,2,1.0391821651308395,9.15020909809594,15,15,0,13,13
400.0,curved_S2a10,uniform,100.0,3,2.456676565609618,10.834711059687674,15,15,0,13,13
400.0,curved_S2a10,uniform,100.0,4,5.917488241343847,4.938091670093314,15,15,0,13,13
400.0,curved_S2a10,uniform,100.0,5,6.549810698758667,6.828827708881964,15,15,0,13,13
400.0,curved_S2a10,uniform,100.0,6,0.49647180379341527,10.078731972452475,15,15,0,13,13
400.0,curved_S2a10,uniform,100.0,7,10.17195115298181,13.067456875270489,15,15,0,13,13
400.0,curved_S2a10,uniform,100.0,8,2.780994265748686,10.85139357428293,15,15,0,13,13
400.0,curved_S2a10,uniform,100.0,9,1.560873564922103,15.843517504171952,15,15,0,13,13
400.0,curved_S2a10,uniform,100.0,10,4.6170669016350745,10.956427866256762,15,15,0,13,13
400.0,curved_S2a10,uniform,100.0,11,1.064148213076681,14.729451500246174,15,15,0,13,13
400.0,curved_S2a10,uniform,100.0,12,1.5343954379368343,8.130692325556648,15,15,0,13,13
400.0,curved_S2a10,uniform,100.0,13,3.262073764859215,12.699224624042701,15,15,0,14,14
400.0,curved_S2a10,uniform,100.0,14,4.851406859457789,10.70391420927755,15,15,0,14,14
400.0,curved_S2a10,uniform,100.0,15,5.583623704429601,4.206249040142366,15,15,0,13,13
400.0,curved_S2a10,uniform,100.0,16,1.350310780230773,6.2088313128608075,15,15,0,13,13
400.0,curved_S2a10,uniform,100.0,17,9.304862517875586,6.318023766012774,15,15,0,13,13
400.0,curved_S2a10,uniform,100.0,18,9.29394976083533,6.229286763845124,15,15,0,13,13
400.0,curved_S2a10,uniform,100.0,19,1.6626846731694929,7.832741856715719,15,15,0,13,13
400.0,curved_S2a10,uniform,100.0,20,7.707006685739194,6.550046348198046,15,15,0,13,13
400.0,curved_S2a10,uniform,100.0,21,0.39752975917015365,7.907770070554528,15,15,0,13,13
400.0,curved_S2a10,uniform,100.0,22,7.45495696624565,2.4563812765999504,15,15,0,13,13
400.0,curved_S2a10,uniform,100.0,23,2.5738626061692162,2.9730152866924557,15,15,0,13,13
400.0,curved_S2a10,uniform,100.0,24,11.534831363329559,9.49691258919419,15,15,0,13,13
400.0,curved_S2a10,uniform,100.0,25,0.7521297203409981,5.80113643878386,15,15,0,14,14
400.0,curved_S2a10,uniform,100.0,26,6.224415513110426,7.399243239030273,15,15,0,13,13
400.0,curved_S2a10,uniform,100.0,27,6.894050046731014,10.744917806492033,15,15,0,14,14
400.0,curved_S2a10,uniform,100.0,28,2.0614608639759973,5.275215007095321,15,15,0,12,12
400.0,curved_S2a10,uniform,100.0,29,1.6876319132829005,3.8804765701063135,15,15,0,13,13
400.0,curved_S2a10,uniform,100.0,30,7.2978204576894665,9.341142955905868,15,15,0,13,13
400.0,curved_S2a10,jitter,11.0,1,0.9486213641506721,50.51753632570897,15,15,0,14,14
400.0,curved_S2a10,jitter,11.0,2,1.4732272468773435,20.18262393225827,15,15,0,14,14
400.0,curved_S2a10,jitter,11.0,3,0.8899386192390906,21.683454014881175,15,15,0,13,13
400.0,curved_S2a10,jitter,11.0,4,8.117405525471446,4.591295892148839,15,15,0,13,13
400.0,curved_S2a10,jitter,11.0,5,3.9273896344618584,-3.475364379981342,15,15,0,13,13
400.0,curved_S2a10,jitter,11.0,6,4.769275467804192,32.31113557364569,15,15,0,13,13
400.0,curved_S2a10,jitter,11.0,7,11.768491730217917,11.286414711416432,15,15,0,14,14
400.0,curved_S2a10,jitter,11.0,8,1.6527904276632313,1.36910589164434,15,15,0,13,13
400.0,curved_S2a10,jitter,11.0,9,7.391642941648995,16.54726687917765,15,15,0,13,13
400.0,curved_S2a10,jitter,11.0,10,4.2874462344407815,9.076385320172342,15,15,0,13,13
400.0,curved_S2a10,jitter,11.0,11,2.6983042734423637,21.865044269860068,15,15,0,14,14
400.0,curved_S2a10,jitter,11.0,12,0.04585625633714126,6.127535791437863,15,15,0,14,14
400.0,curved_S2a10,jitter,11.0,13,2.107451915986689,23.1633525600504,15,15,0,14,14
400.0,curved_S2a10,jitter,11.0,14,4.524666382320544,11.93184440681363,15,15,0,14,13
400.0,curved_S2a10,jitter,11.0,15,12.26010541091932,13.159372411879477,15,15,0,14,14
400.0,curved_S2a10,jitter,11.0,16,2.3642120691592363,12.551447736468013,15,15,0,14,14
400.0,curved_S2a10,jitter,11.0,17,11.574976298181523,8.512713611084715,15,15,0,13,13
400.0,curved_S2a10,jitter,11.0,18,6.940870040803719,9.570200506712661,15,15,0,13,13
400.0,curved_S2a10,jitter,11.0,19,4.724081737647239,10.718209279747153,15,15,0,14,14
400.0,curved_S2a10,jitter,11.0,20,6.61190287010365,16.3199682388835,15,15,0,13,13
400.0,curved_S2a10,jitter,11.0,21,2.8089869012787707,7.996493151612742,15,15,0,13,13
400.0,curved_S2a10,jitter,11.0,22,6.924930418843696,0.14029468768508302,15,15,0,13,13
400.0,curved_S2a10,jitter,11.0,23,0.2617005312746008,11.827863896371122,15,15,0,13,13
400.0,curved_S2a10,jitter,11.0,24,15.279930650601722,9.721305236171851,15,15,0,11,11
400.0,curved_S2a10,jitter,11.0,25,0.4247685784468856,14.98165312458637,15,15,0,14,14
400.0,curved_S2a10,jitter,11.0,26,5.9892604482341705,6.45741349243399,15,15,0,14,14
400.0,curved_S2a10,jitter,11.0,27,6.9345221359587095,0.19173598909446216,15,15,0,14,14
400.0,curved_S2a10,jitter,11.0,28,3.9496941773934435,-10.34246182035628,15,15,0,12,12
400.0,curved_S2a10,jitter,11.0,29,0.27003598666876066,9.052540761536232,15,15,0,14,14
400.0,curved_S2a10,jitter,11.0,30,1.2778826240451628,18.992328868671258,15,15,0,14,14
400.0,curved_S2a10,jitter,30.0,1,1.6646969322903453,78.39794047890494,15,15,0,14,14
400.0,curved_S2a10,jitter,30.0,2,7.761513545213952,35.47142919006359,15,15,0,14,14
400.0,curved_S2a10,jitter,30.0,3,13.989947701936442,30.943791759307302,15,15,0,13,13
400.0,curved_S2a10,jitter,30.0,4,7.550825077643882,-2.717855224150038,15,15,0,13,13
400.0,curved_S2a10,jitter,30.0,5,1.538391680109538,3.8741062865903806,15,15,0,13,12
400.0,curved_S2a10,jitter,30.0,6,6.946767944920498,74.90415493218508,15,15,0,13,12
400.0,curved_S2a10,jitter,30.0,7,19.079866450490048,-0.4538734614552305,15,15,0,14,14
400.0,curved_S2a10,jitter,30.0,8,3.697967116690784,-10.407536344418816,15,15,0,13,13
400.0,curved_S2a10,jitter,30.0,9,47.61032589532415,49.07399746662291,15,15,0,13,13
400.0,curved_S2a10,jitter,30.0,10,1.2112822438740969,13.108852717348363,15,15,0,14,14
400.0,curved_S2a10,jitter,30.0,11,4.504555798941525,51.745695752950084,15,15,0,14,14
400.0,curved_S2a10,jitter,30.0,12,2.9577046951575987,23.19740276884724,15,15,0,14,14
400.0,curved_S2a10,jitter,30.0,13,3.586993713624721,31.001863861697654,15,15,0,14,14
400.0,curved_S2a10,jitter,30.0,14,4.963304458163557,19.249927534001024,15,15,0,13,13
400.0,curved_S2a10,jitter,30.0,15,18.302844403940323,19.340708229622816,15,15,0,14,14
400.0,curved_S2a10,jitter,30.0,16,7.3985775618674126,50.08773316109361,15,15,0,13,13
400.0,curved_S2a10,jitter,30.0,17,5.228671406298173,10.935205262218767,15,15,0,14,14
400.0,curved_S2a10,jitter,30.0,18,15.429347435131863,101.32760887591931,15,15,0,12,12
400.0,curved_S2a10,jitter,30.0,19,33.92546808744886,64.7301691113032,15,15,0,14,14
400.0,curved_S2a10,jitter,30.0,20,11.099198324491404,26.326987930185595,15,15,0,13,13
400.0,curved_S2a10,jitter,30.0,21,15.949209372706594,42.38644736886747,15,15,0,11,9
400.0,curved_S2a10,jitter,30.0,22,4.907096885693914,14.446051071640223,15,15,0,12,11
400.0,curved_S2a10,jitter,30.0,23,1.1885358087179714,46.81336566215073,15,15,0,13,12
400.0,curved_S2a10,jitter,30.0,24,7.864661231030208,21.506481053258216,15,15,0,13,13
400.0,curved_S2a10,jitter,30.0,25,2.7606586996173883,27.837228183061285,15,15,0,14,14
400.0,curved_S2a10,jitter,30.0,26,12.61302516293651,23.105947450770024,15,15,0,13,13
400.0,curved_S2a10,jitter,30.0,27,7.639622731869571,2.9745624273491993,15,15,0,14,14
400.0,curved_S2a10,jitter,30.0,28,14.461547018639743,-5.617107213953609,15,15,0,11,9
400.0,curved_S2a10,jitter,30.0,29,5.6794230001625365,24.52904223609389,15,15,0,13,13
400.0,curved_S2a10,jitter,30.0,30,19.61879761438667,77.91621090898823,15,15,0,14,13
400.0,curved_S2a10,jitter,78.5,1,58.25158788897113,20.391160099489237,15,15,0,14,14
400.0,curved_S2a10,jitter,78.5,2,75.88768590408759,97.72733298509394,15,15,0,13,13
400.0,curved_S2a10,jitter,78.5,3,111.53276850780318,41.59292035398234,15,15,0,13,9
400.0,curved_S2a10,jitter,78.5,4,15.920455337883165,26.737294988745486,15,15,0,13,10
400.0,curved_S2a10,jitter,78.5,5,21.40484751844309,0.8568252692769432,15,15,0,14,13
400.0,curved_S2a10,jitter,78.5,6,2.044208993162404,155.07792471631578,15,15,0,12,10
400.0,curved_S2a10,jitter,78.5,7,131.49814703847338,30.045719106811813,15,15,0,14,9
400.0,curved_S2a10,jitter,78.5,8,65.56409338317432,18.974715414066743,15,15,0,12,9
400.0,curved_S2a10,jitter,78.5,9,87.99554701846576,32.908520383671664,15,15,0,13,13
400.0,curved_S2a10,jitter,78.5,10,21.332049780982615,177.56973406001617,15,15,0,14,11
400.0,curved_S2a10,jitter,78.5,11,109.43885884437361,157.39145305633696,15,15,0,13,12
400.0,curved_S2a10,jitter,78.5,12,8.127178599926287,137.28234360927533,15,15,0,14,10
400.0,curved_S2a10,jitter,78.5,13,110.61323146317314,52.0427773187801,15,15,0,14,14
400.0,curved_S2a10,jitter,78.5,14,10.50968179043901,65.0333380845467,15,15,0,13,12
400.0,curved_S2a10,jitter,78.5,15,48.99852396628249,13.78154830791519,15,15,0,13,13
400.0,curved_S2a10,jitter,78.5,16,174.7814061430469,63.39205412466905,15,15,0,13,12
400.0,curved_S2a10,jitter,78.5,17,29.220130427874906,43.01410671338151,15,15,0,14,13
400.0,curved_S2a10,jitter,78.5,18,143.80234169490913,162.34770779303116,15,15,0,13,12
400.0,curved_S2a10,jitter,78.5,19,142.29439983138928,85.68733458511724,15,15,0,14,11
400.0,curved_S2a10,jitter,78.5,20,9.068511564471454,73.51987106090249,15,15,0,11,7
400.0,curved_S2a10,jitter,78.5,21,48.74254128630335,74.02430568238914,15,15,0,14,12
400.0,curved_S2a10,jitter,78.5,22,13.782151773286696,75.76059188153899,15,15,0,13,10
400.0,curved_S2a10,jitter,78.5,23,83.50490785376371,137.5136110332557,15,15,0,13,11
400.0,curved_S2a10,jitter,78.5,24,25.026513506673428,88.44406755668635,15,15,0,13,11
400.0,curved_S2a10,jitter,78.5,25,171.05825039985507,73.74212601108455,15,15,0,14,14
400.0,curved_S2a10,jitter,78.5,26,105.08983357579,109.8059594227598,15,15,0,12,11
400.0,curved_S2a10,jitter,78.5,27,19.531070833840783,56.2096895396591,15,15,0,14,12
400.0,curved_S2a10,jitter,78.5,28,38.935984664359225,78.4132678391762,15,15,0,12,5
400.0,curved_S2a10,jitter,78.5,29,31.874765713151312,76.38783048852402,15,15,0,14,11
400.0,curved_S2a10,jitter,78.5,30,85.80264669055744,69.67348195390025,15,15,0,14,10
400.0,curved_S2a20,uniform,0.0,1,2.5277243673937173,18.21036366637916,15,15,0,13,12
400.0,curved_S2a20,uniform,0.0,2,2.0687830855713196,15.062305128555057,15,15,0,14,13
400.0,curved_S2a20,uniform,0.0,3,3.3174828068986986,9.825797871065085,15,15,0,13,11
400.0,curved_S2a20,uniform,0.0,4,3.5435836598571373,36.21543318967089,15,15,0,14,13
400.0,curved_S2a20,uniform,0.0,5,15.159632663787749,-1.8386434890252563,15,15,0,13,13
400.0,curved_S2a20,uniform,0.0,6,5.86795153472072,65.56087172895954,15,15,0,13,13
400.0,curved_S2a20,uniform,0.0,7,29.674439551649108,17.814318973933915,15,15,0,13,13
400.0,curved_S2a20,uniform,0.0,8,1.3815188928112134,34.92086838598552,15,15,0,14,14
400.0,curved_S2a20,uniform,0.0,9,3.3476931274813486,36.60155026757816,15,15,0,13,12
400.0,curved_S2a20,uniform,0.0,10,13.705030313633698,27.825983871793998,15,15,0,13,13
400.0,curved_S2a20,uniform,0.0,11,4.288238460247407,35.24570343692935,15,15,0,13,13
400.0,curved_S2a20,uniform,0.0,12,31.43694611873844,38.86873241940121,15,15,0,13,13
400.0,curved_S2a20,uniform,0.0,13,4.446747769944572,30.96313838299274,15,15,0,13,12
400.0,curved_S2a20,uniform,0.0,14,21.356317922586147,32.555016571179976,15,15,0,14,13
400.0,curved_S2a20,uniform,0.0,15,22.91348284359486,29.334075713058443,15,15,0,14,13
400.0,curved_S2a20,uniform,0.0,16,3.3622910186934263,4.493150894349066,15,15,0,12,11
400.0,curved_S2a20,uniform,0.0,17,12.33548600235715,29.51747577953962,15,15,0,13,12
400.0,curved_S2a20,uniform,0.0,18,10.334051322106847,50.50768855029869,15,15,0,13,13
400.0,curved_S2a20,uniform,0.0,19,6.73546665067084,66.43278489556236,15,15,0,12,11
400.0,curved_S2a20,uniform,0.0,20,15.75773512911245,40.23438730389044,15,15,0,13,13
400.0,curved_S2a20,uniform,0.0,21,1.7573172514418227,3.777951891560575,15,15,0,14,14
400.0,curved_S2a20,uniform,0.0,22,6.987072783913706,6.7247729243546495,15,15,0,13,12
400.0,curved_S2a20,uniform,0.0,23,10.471445147207735,50.46987993587457,15,15,0,13,13
400.0,curved_S2a20,uniform,0.0,24,20.520407792951012,25.158381563589387,15,15,0,13,13
400.0,curved_S2a20,uniform,0.0,25,15.79784194089691,28.86929651763637,15,15,0,14,13
400.0,curved_S2a20,uniform,0.0,26,0.005256634629406109,34.27658241846017,15,15,0,14,13
400.0,curved_S2a20,uniform,0.0,27,9.128835964330602,15.941467754053932,15,15,0,13,12
400.0,curved_S2a20,uniform,0.0,28,10.219471738779879,58.372512066934824,15,15,0,13,13
400.0,curved_S2a20,uniform,0.0,29,3.1885286891548414,15.215779558963641,15,15,0,13,13
400.0,curved_S2a20,uniform,0.0,30,25.77979134637066,36.87705917737058,15,15,0,13,13
400.0,curved_S2a20,uniform,2.0,1,1.1363075648980605,14.04028930919008,15,15,0,13,12
400.0,curved_S2a20,uniform,2.0,2,2.1189115044326954,7.076500917039012,15,15,0,14,13
400.0,curved_S2a20,uniform,2.0,3,5.508829245172486,6.925567878773335,15,15,0,13,12
400.0,curved_S2a20,uniform,2.0,4,8.518535954515079,32.019255343256205,15,15,0,14,13
400.0,curved_S2a20,uniform,2.0,5,10.968271587027322,6.0822423717400955,15,15,0,13,13
400.0,curved_S2a20,uniform,2.0,6,3.5623622546212435,56.65150159941662,15,15,0,13,13
400.0,curved_S2a20,uniform,2.0,7,28.342199822298547,19.091404496188588,15,15,0,13,13
400.0,curved_S2a20,uniform,2.0,8,0.27392895486021507,15.55559664199723,15,15,0,13,13
400.0,curved_S2a20,uniform,2.0,9,10.538060697146488,28.490557415283284,15,15,0,13,13
400.0,curved_S2a20,uniform,2.0,10,13.3370654217275,26.42779457691022,15,15,0,13,13
400.0,curved_S2a20,uniform,2.0,11,2.1545769730514372,30.274500739300986,15,15,0,13,13
400.0,curved_S2a20,uniform,2.0,12,109.5300679282691,17.945902526387002,15,15,0,13,12
400.0,curved_S2a20,uniform,2.0,13,11.474552274162711,22.04200432303544,15,15,0,13,13
400.0,curved_S2a20,uniform,2.0,14,19.795151903095096,29.369439895004952,15,15,0,14,13
400.0,curved_S2a20,uniform,2.0,15,20.58903270624852,23.65466358593372,15,15,0,14,14
400.0,curved_S2a20,uniform,2.0,16,2.898889462982002,7.277409100957577,15,15,0,13,12
400.0,curved_S2a20,uniform,2.0,17,17.85367621399627,26.66856670941768,15,15,0,13,13
400.0,curved_S2a20,uniform,2.0,18,11.971756701257657,26.37287669977619,15,15,0,13,13
400.0,curved_S2a20,uniform,2.0,19,6.925330743283997,58.50567812182469,15,15,0,12,11
400.0,curved_S2a20,uniform,2.0,20,17.205586666309028,17.730191839785046,15,15,0,13,13
400.0,curved_S2a20,uniform,2.0,21,1.6334089717673337,4.876655985315251,15,15,0,14,14
400.0,curved_S2a20,uniform,2.0,22,8.762186447630398,-0.3796520348898694,15,15,0,13,12
400.0,curved_S2a20,uniform,2.0,23,13.413922350990093,29.779178004103397,15,15,0,13,12
400.0,curved_S2a20,uniform,2.0,24,21.120112056959346,23.442092151586603,15,15,0,13,13
400.0,curved_S2a20,uniform,2.0,25,7.3935795483772875,38.36540770221355,15,15,0,14,14
400.0,curved_S2a20,uniform,2.0,26,1.9399437857424906,29.106922532724095,15,15,0,14,13
400.0,curved_S2a20,uniform,2.0,27,13.642002740633606,25.94762551568717,15,15,0,14,14
400.0,curved_S2a20,uniform,2.0,28,9.522361335523188,46.820111698119085,15,15,0,13,12
400.0,curved_S2a20,uniform,2.0,29,3.8442072528009144,11.308480750935512,15,15,0,13,13
400.0,curved_S2a20,uniform,2.0,30,12.626060812850163,41.28543438765216,15,15,0,11,11
400.0,curved_S2a20,uniform,5.0,1,0.6995842532156462,2.210915790581443,15,15,0,12,12
400.0,curved_S2a20,uniform,5.0,2,114.88302262735988,18.887233912989654,15,15,0,13,12
400.0,curved_S2a20,uniform,5.0,3,103.70534362033669,10.858941631947427,15,15,0,13,12
400.0,curved_S2a20,uniform,5.0,4,12.929689524325141,17.0745402541492,15,15,0,13,13
400.0,curved_S2a20,uniform,5.0,5,8.959217176798496,12.078715148648406,15,15,0,13,13
400.0,curved_S2a20,uniform,5.0,6,0.6945868369653025,57.4364839500482,15,15,0,13,12
400.0,curved_S2a20,uniform,5.0,7,26.10416383504654,15.178159131854288,15,15,0,13,13
400.0,curved_S2a20,uniform,5.0,8,1.865233368262395,30.9204479390566,15,15,0,13,13
400.0,curved_S2a20,uniform,5.0,9,2.406484146302566,27.872453645079293,15,15,0,14,14
400.0,curved_S2a20,uniform,5.0,10,12.973672254089374,21.231760344202502,15,15,0,13,13
400.0,curved_S2a20,uniform,5.0,11,6.628388197901948,18.736403622556765,15,15,0,14,14
400.0,curved_S2a20,uniform,5.0,12,106.5252356304732,-6.070648068523102,15,15,0,13,12
400.0,curved_S2a20,uniform,5.0,13,10.61066844195543,17.43898198694579,15,15,0,13,13
400.0,curved_S2a20,uniform,5.0,14,16.91892273975608,18.357570734829206,15,15,0,14,13
400.0,curved_S2a20,uniform,5.0,15,18.9669178056908,4.955521605677138,15,15,0,13,12
400.0,curved_S2a20,uniform,5.0,16,101.47073082205677,30.281237739765903,15,15,0,14,13
400.0,curved_S2a20,uniform,5.0,17,17.431416690610625,9.485172482842241,15,15,0,12,12
400.0,curved_S2a20,uniform,5.0,18,14.949093232910394,22.99834568337563,15,15,0,13,13
400.0,curved_S2a20,uniform,5.0,19,3.429107859786728,53.96662976149823,15,15,0,13,13
400.0,curved_S2a20,uniform,5.0,20,16.97167539273182,9.51056848515508,15,15,0,13,13
400.0,curved_S2a20,uniform,5.0,21,2.5747677517297003,9.466271078171157,15,15,0,13,13
400.0,curved_S2a20,uniform,5.0,22,116.10361866278643,2.732884653134497,15,15,0,13,12
400.0,curved_S2a20,uniform,5.0,23,9.892245960527317,33.613905640935535,15,15,0,13,12
400.0,curved_S2a20,uniform,5.0,24,22.56660206722323,20.84304293857174,15,15,0,12,12
400.0,curved_S2a20,uniform,5.0,25,3.1136640902145634,21.192091116766377,15,15,0,13,13
400.0,curved_S2a20,uniform,5.0,26,7.692692247392078,18.735666200410574,15,15,0,14,13
400.0,curved_S2a20,uniform,5.0,27,12.841501078970992,26.033004845643386,15,15,0,14,14
400.0,curved_S2a20,uniform,5.0,28,0.07304042589462983,22.485314817656977,15,15,0,13,12
400.0,curved_S2a20,uniform,5.0,29,4.020272255408769,7.303796663274993,15,15,0,13,13
400.0,curved_S2a20,uniform,5.0,30,13.79731716630314,37.68404684639775,15,15,0,11,11
400.0,curved_S2a20,uniform,10.0,1,3.1290898160506497,9.773720170198413,15,15,0,12,12
400.0,curved_S2a20,uniform,10.0,2,32.88523982216279,17.29722535078131,15,15,0,13,12
400.0,curved_S2a20,uniform,10.0,3,4.016923345999241,10.347451813649016,15,15,0,13,13
400.0,curved_S2a20,uniform,10.0,4,13.861473496482082,11.95393819108405,15,15,0,13,13
400.0,curved_S2a20,uniform,10.0,5,11.73812666473184,1.8775204427300334,15,15,0,13,13
400.0,curved_S2a20,uniform,10.0,6,3.1804405863885505,15.763025255123445,15,15,0,13,13
400.0,curved_S2a20,uniform,10.0,7,24.517281500766117,10.347451813649133,15,15,0,13,13
400.0,curved_S2a20,uniform,10.0,8,1.3973524972796334,26.19695600535841,15,15,0,13,13
400.0,curved_S2a20,uniform,10.0,9,2.255306748909798,21.423945664007768,15,15,0,14,14
400.0,curved_S2a20,uniform,10.0,10,12.09347698742943,19.916662893872047,15,15,0,13,13
400.0,curved_S2a20,uniform,10.0,11,4.3411431870683055,14.861814971140777,15,15,0,14,14
400.0,curved_S2a20,uniform,10.0,12,92.74002479429615,17.764501458499993,15,15,0,13,12
400.0,curved_S2a20,uniform,10.0,13,5.160077217886695,21.908401592407365,15,15,0,14,14
400.0,curved_S2a20,uniform,10.0,14,16.304562342649767,12.884664714498998,15,15,0,13,12
400.0,curved_S2a20,uniform,10.0,15,18.944094302028933,-0.2237628817202649,15,15,0,13,12
400.0,curved_S2a20,uniform,10.0,16,114.01182623617825,21.603647953548023,15,15,0,14,13
400.0,curved_S2a20,uniform,10.0,17,17.139031065833805,0.2761395993644111,15,15,0,13,13
400.0,curved_S2a20,uniform,10.0,18,20.31549099967586,27.39649465417946,15,15,0,13,13
400.0,curved_S2a20,uniform,10.0,19,1.0512910397465223,26.491371577420963,15,15,0,13,12
400.0,curved_S2a20,uniform,10.0,20,16.06897626642934,11.479446957130952,15,15,0,13,13
400.0,curved_S2a20,uniform,10.0,21,2.9121079413053743,10.148124909011596,15,15,0,13,13
400.0,curved_S2a20,uniform,10.0,22,5.842898495373577,-3.143418119532093,15,15,0,13,13
400.0,curved_S2a20,uniform,10.0,23,7.401015798763341,5.719200767083521,15,15,0,14,14
400.0,curved_S2a20,uniform,10.0,24,24.296479563244496,14.596957995071355,15,15,0,12,12
400.0,curved_S2a20,uniform,10.0,25,3.1090884037100976,38.968027982935816,15,15,0,13,12
400.0,curved_S2a20,uniform,10.0,26,6.571323847252604,12.333577045640826,15,15,0,14,14
400.0,curved_S2a20,uniform,10.0,27,14.207229190523503,27.522165978316842,15,15,0,14,14
400.0,curved_S2a20,uniform,10.0,28,1.5980059866484142,12.454355430776715,15,15,0,14,13
400.0,curved_S2a20,uniform,10.0,29,3.979387952175473,4.4603642563803,15,15,0,13,13
400.0,curved_S2a20,uniform,10.0,30,17.95011090233514,35.57718940867985,15,15,0,11,10
400.0,curved_S2a20,uniform,11.0,1,4.117511988009892,12.724770774817706,15,15,0,13,13
400.0,curved_S2a20,uniform,11.0,2,3.748963784747049,18.247215536077466,15,15,0,13,12
400.0,curved_S2a20,uniform,11.0,3,4.144452825792633,10.121406949815952,15,15,0,13,13
400.0,curved_S2a20,uniform,11.0,4,13.660544051535425,11.320032219027649,15,15,0,13,13
400.0,curved_S2a20,uniform,11.0,5,12.014080300846885,2.3282323341372075,15,15,0,13,13
400.0,curved_S2a20,uniform,11.0,6,5.309350522567954,21.777027633597967,15,15,0,13,13
400.0,curved_S2a20,uniform,11.0,7,26.365290313404188,12.236196235987745,15,15,0,12,12
400.0,curved_S2a20,uniform,11.0,8,1.3935841202446673,25.548709137125087,15,15,0,13,13
400.0,curved_S2a20,uniform,11.0,9,2.3952570979473364,20.843056679958906,15,15,0,14,14
400.0,curved_S2a20,uniform,11.0,10,11.813350871721,19.969291791448995,15,15,0,13,13
400.0,curved_S2a20,uniform,11.0,11,4.466100918244239,13.21516529735615,15,15,0,14,14
400.0,curved_S2a20,uniform,11.0,12,92.21293118280872,22.034696766853358,15,15,0,13,12
400.0,curved_S2a20,uniform,11.0,13,5.548547152934833,20.656729325535736,15,15,0,14,14
400.0,curved_S2a20,uniform,11.0,14,15.672543298061518,12.712710182886275,15,15,0,13,12
400.0,curved_S2a20,uniform,11.0,15,18.342637286227518,0.8244279824012324,15,15,0,13,12
400.0,curved_S2a20,uniform,11.0,16,8.964517027592107,11.513557159161508,15,15,0,14,13
400.0,curved_S2a20,uniform,11.0,17,17.628163957740053,1.3538818752784434,15,15,0,13,13
400.0,curved_S2a20,uniform,11.0,18,20.252865478172414,26.73904772709936,15,15,0,13,13
400.0,curved_S2a20,uniform,11.0,19,1.6318123219861473,25.235347273777187,15,15,0,13,12
400.0,curved_S2a20,uniform,11.0,20,16.308223975551034,10.84969093174754,15,15,0,13,13
400.0,curved_S2a20,uniform,11.0,21,2.7943451731835283,9.074459018334807,15,15,0,13,13
400.0,curved_S2a20,uniform,11.0,22,6.7036217352649725,-2.808697713322861,15,15,0,13,13
400.0,curved_S2a20,uniform,11.0,23,6.087209816123284,5.26434198097081,15,15,0,14,14
400.0,curved_S2a20,uniform,11.0,24,24.483187716224823,13.584679662175411,15,15,0,12,12
400.0,curved_S2a20,uniform,11.0,25,2.9289748063529095,38.29487753796723,15,15,0,13,12
400.0,curved_S2a20,uniform,11.0,26,8.996574896954971,9.028660585554633,15,15,0,14,14
400.0,curved_S2a20,uniform,11.0,27,14.284608032080577,27.323559998776997,15,15,0,14,14
400.0,curved_S2a20,uniform,11.0,28,3.9362152142125866,16.856725318868563,15,15,0,13,12
400.0,curved_S2a20,uniform,11.0,29,3.8678309005507523,6.299926755057372,15,15,0,13,13
400.0,curved_S2a20,uniform,11.0,30,17.051013001007544,46.02745782920348,15,15,0,11,10
400.0,curved_S2a20,uniform,20.0,1,3.647693288223218,14.942528735632177,15,15,0,13,13
400.0,curved_S2a20,uniform,20.0,2,0.33718289716890043,7.39131575181012,15,15,0,13,13
400.0,curved_S2a20,uniform,20.0,3,4.073143763318277,9.74773296106548,15,15,0,13,13
400.0,curved_S2a20,uniform,20.0,4,12.110888219712342,11.495815947147287,15,15,0,13,13
400.0,curved_S2a20,uniform,20.0,5,12.133149281291027,6.7323391185165615,15,15,0,13,13
400.0,curved_S2a20,uniform,20.0,6,2.369537141597328,17.511936789439055,15,15,0,14,13
400.0,curved_S2a20,uniform,20.0,7,23.87317007036085,9.135414754988913,15,15,0,13,12
400.0,curved_S2a20,uniform,20.0,8,1.6131893323573367,23.498561008939724,15,15,0,13,13
400.0,curved_S2a20,uniform,20.0,9,4.734160512896267,21.464458322530433,15,15,0,13,13
400.0,curved_S2a20,uniform,20.0,10,8.498186072420655,12.594337277761314,15,15,0,13,13
400.0,curved_S2a20,uniform,20.0,11,2.4417774647964183,17.54984380261574,15,15,0,14,14
400.0,curved_S2a20,uniform,20.0,12,3.505992896239575,4.380920677181566,15,15,0,13,13
400.0,curved_S2a20,uniform,20.0,13,6.657561645044996,10.98445477135468,15,15,0,14,14
400.0,curved_S2a20,uniform,20.0,14,11.59053143883714,12.274114331513546,15,15,0,13,12
400.0,curved_S2a20,uniform,20.0,15,15.981264863983322,9.776825526223194,15,15,0,13,13
400.0,curved_S2a20,uniform,20.0,16,3.800799137049399,3.5938320677360323,15,15,0,14,14
400.0,curved_S2a20,uniform,20.0,17,21.821332238463224,5.880516534648228,15,15,0,13,13
400.0,curved_S2a20,uniform,20.0,18,20.29123183258844,24.274145129569987,15,15,0,13,13
400.0,curved_S2a20,uniform,20.0,19,3.6374302404105285,12.827902926249823,15,15,0,13,12
400.0,curved_S2a20,uniform,20.0,20,15.61744611329869,3.3553776539888336,15,15,0,13,13
400.0,curved_S2a20,uniform,20.0,21,1.2155439904335301,9.04635878499156,15,15,0,13,13
400.0,curved_S2a20,uniform,20.0,22,14.516603129213799,-4.5596099528443155,15,15,0,13,13
400.0,curved_S2a20,uniform,20.0,23,3.112342327800321,1.7064314969481427,15,15,0,14,14
400.0,curved_S2a20,uniform,20.0,24,21.40497747163939,9.23673316147302,15,15,0,12,12
400.0,curved_S2a20,uniform,20.0,25,0.15230903483744743,10.621812983134998,15,15,0,14,14
400.0,curved_S2a20,uniform,20.0,26,11.246881452021766,5.926913927860452,15,15,0,13,13
400.0,curved_S2a20,uniform,20.0,27,12.859207931131014,8.986360888582823,15,15,0,14,14
400.0,curved_S2a20,uniform,20.0,28,4.877489458898425,20.29858092953655,15,15,0,13,12
400.0,curved_S2a20,uniform,20.0,29,4.178815173548125,9.709175948235327,15,15,0,14,14
400.0,curved_S2a20,uniform,20.0,30,14.811658156177119,35.2814630145527,15,15,0,12,12
400.0,curved_S2a20,uniform,30.0,1,1.4556481584734318,22.133774870068677,15,15,0,13,12
400.0,curved_S2a20,uniform,30.0,2,4.411833855159327,-3.58870366057961,15,15,0,13,13
400.0,curved_S2a20,uniform,30.0,3,3.951790515686374,9.652220952115293,15,15,0,13,13
400.0,curved_S2a20,uniform,30.0,4,11.367766288687342,12.277933855788687,15,15,0,13,13
400.0,curved_S2a20,uniform,30.0,5,12.313620513739425,5.7882743237752585,15,15,0,13,13
400.0,curved_S2a20,uniform,30.0,6,0.3458645068383999,9.050350430731486,15,15,0,14,14
400.0,curved_S2a20,uniform,30.0,7,20.734755456559558,8.706890766370739,15,15,0,13,13
400.0,curved_S2a20,uniform,30.0,8,5.782150772778711,8.017309945697153,15,15,0,13,13
400.0,curved_S2a20,uniform,30.0,9,4.398520612788114,18.877158603582092,15,15,0,14,13
400.0,curved_S2a20,uniform,30.0,10,10.176722531962112,20.382639653180693,15,15,0,13,12
400.0,curved_S2a20,uniform,30.0,11,0.6897070927867249,10.750899011706434,15,15,0,14,14
400.0,curved_S2a20,uniform,30.0,12,1.541965831030678,2.9737597043985415,15,15,0,13,12
400.0,curved_S2a20,uniform,30.0,13,6.734634657454397,11.6137144465639,15,15,0,14,14
400.0,curved_S2a20,uniform,30.0,14,10.52086889946407,12.521899696616842,15,15,0,13,12
400.0,curved_S2a20,uniform,30.0,15,12.160213477872801,7.708541676401455,15,15,0,13,13
400.0,curved_S2a20,uniform,30.0,16,4.041558509347125,1.492249726088731,15,15,0,13,13
400.0,curved_S2a20,uniform,30.0,17,21.335775762613167,8.988993484835166,15,15,0,13,13
400.0,curved_S2a20,uniform,30.0,18,19.990221005959,21.135604139741325,15,15,0,13,13
400.0,curved_S2a20,uniform,30.0,19,2.931343003395733,11.827863896371255,15,15,0,13,13
400.0,curved_S2a20,uniform,30.0,20,14.901119168017113,3.3809188916057518,15,15,0,13,13
400.0,curved_S2a20,uniform,30.0,21,1.0425458563260357,10.566352029326653,15,15,0,13,12
400.0,curved_S2a20,uniform,30.0,22,14.4669827454575,-4.922387962324789,15,15,0,13,13
400.0,curved_S2a20,uniform,30.0,23,6.401835210942721,1.0910215832785397,15,15,0,14,14
400.0,curved_S2a20,uniform,30.0,24,21.213741799075475,9.425652978115846,15,15,0,12,12
400.0,curved_S2a20,uniform,30.0,25,3.2658980473387986,8.48655202213881,15,15,0,14,14
400.0,curved_S2a20,uniform,30.0,26,10.539997326213548,5.127467951203771,15,15,0,13,13
400.0,curved_S2a20,uniform,30.0,27,12.980730202946498,-4.283483051537976,15,15,0,13,13
400.0,curved_S2a20,uniform,30.0,28,2.574748229119036,17.06279779784753,15,15,0,13,13
400.0,curved_S2a20,uniform,30.0,29,4.1488642290065085,7.178919893747038,15,15,0,13,13
400.0,curved_S2a20,uniform,30.0,30,15.29994071046494,13.775228139407444,15,15,0,14,14
400.0,curved_S2a20,uniform,50.0,1,2.4972225323232293,11.641538974270915,15,15,0,13,12
400.0,curved_S2a20,uniform,50.0,2,3.7392519638171624,-3.295278581943961,15,15,0,13,13
400.0,curved_S2a20,uniform,50.0,3,3.745507695735899,7.30379666327526,15,15,0,13,13
400.0,curved_S2a20,uniform,50.0,4,9.751147644437744,10.612938419300894,15,15,0,13,13
400.0,curved_S2a20,uniform,50.0,5,13.465863105596059,6.373573938314037,15,15,0,13,13
400.0,curved_S2a20,uniform,50.0,6,1.6832930775171735,7.629985360847972,15,15,0,14,14
400.0,curved_S2a20,uniform,50.0,7,21.12540346511982,8.706890766370812,15,15,0,13,13
400.0,curved_S2a20,uniform,50.0,8,7.659301367693589,8.109292657614303,15,15,0,13,13
400.0,curved_S2a20,uniform,50.0,9,4.493869925934886,9.145250035692598,15,15,0,14,14
400.0,curved_S2a20,uniform,50.0,10,7.10031565913343,6.242449363760416,15,15,0,13,13
400.0,curved_S2a20,uniform,50.0,11,0.3613033575332518,7.085993605394059,15,15,0,14,14
400.0,curved_S2a20,uniform,50.0,12,0.7754166143999495,0.26491776514777265,15,15,0,13,13
400.0,curved_S2a20,uniform,50.0,13,6.225709430316279,12.497425825412051,15,15,0,14,14
400.0,curved_S2a20,uniform,50.0,14,10.76888613652554,13.252982011168898,15,15,0,13,12
400.0,curved_S2a20,uniform,50.0,15,12.392492096523403,8.213289740796686,15,15,0,13,13
400.0,curved_S2a20,uniform,50.0,16,1.303434488834672,-6.29085157875271,15,15,0,13,13
400.0,curved_S2a20,uniform,50.0,17,20.546941102961423,6.660219843765362,15,15,0,13,13
400.0,curved_S2a20,uniform,50.0,18,18.02366606203013,12.501483073759934,15,15,0,13,13
400.0,curved_S2a20,uniform,50.0,19,2.631273103479068,10.230697628433044,15,15,0,13,13
400.0,curved_S2a20,uniform,50.0,20,14.895995891445722,3.4050969576762125,15,15,0,13,13
400.0,curved_S2a20,uniform,50.0,21,0.02634065531731752,10.322258564045288,15,15,0,13,13
400.0,curved_S2a20,uniform,50.0,22,14.0304667822862,-4.659158014849677,15,15,0,13,13
400.0,curved_S2a20,uniform,50.0,23,6.058800092392008,0.9606923150748811,15,15,0,14,14
400.0,curved_S2a20,uniform,50.0,24,21.272432123358666,10.06745719899816,15,15,0,12,12
400.0,curved_S2a20,uniform,50.0,25,0.531123483747238,9.021697776840771,15,15,0,13,13
400.0,curved_S2a20,uniform,50.0,26,7.178755498215702,1.1987467125573747,15,15,0,14,14
400.0,curved_S2a20,uniform,50.0,27,10.314462888128654,-3.42220437679015,15,15,0,13,13
400.0,curved_S2a20,uniform,50.0,28,0.9714477365332074,2.8226673700590217,15,15,0,13,13
400.0,curved_S2a20,uniform,50.0,29,4.809713799843522,10.417926655500514,15,15,0,13,13
400.0,curved_S2a20,uniform,50.0,30,10.544194708313581,1.547043260031833,15,15,0,14,14
400.0,curved_S2a20,uniform,78.5,1,2.763213296217371,7.372197887650334,15,15,0,13,12
400.0,curved_S2a20,uniform,78.5,2,4.794973508096564,-3.3534444629340854,15,15,0,13,13
400.0,curved_S2a20,uniform,78.5,3,3.678364141420105,7.30379666327563,15,15,0,13,13
400.0,curved_S2a20,uniform,78.5,4,8.948653706455268,9.155085888482411,15,15,0,13,13
400.0,curved_S2a20,uniform,78.5,5,13.463121655532573,5.188518011365373,15,15,0,13,13
400.0,curved_S2a20,uniform,78.5,6,1.7809261540512773,7.965384863082263,15,15,0,14,14
400.0,curved_S2a20,uniform,78.5,7,21.543735546092247,10.34745181365005,15,15,0,13,13
400.0,curved_S2a20,uniform,78.5,8,7.561383548874329,9.113816379249212,15,15,0,13,13
400.0,curved_S2a20,uniform,78.5,9,4.408005153668985,8.893972020777746,15,15,0,14,14
400.0,curved_S2a20,uniform,78.5,10,3.948877622181061,4.859967994954614,15,15,0,13,13
400.0,curved_S2a20,uniform,78.5,11,0.7964888753418204,7.6801995885754275,15,15,0,14,14
400.0,curved_S2a20,uniform,78.5,12,0.4610290817419828,-0.7487618349805232,15,15,0,13,13
400.0,curved_S2a20,uniform,78.5,13,6.261456464374879,12.909535065564507,15,15,0,14,14
400.0,curved_S2a20,uniform,78.5,14,11.489312050386397,13.412625693950245,15,15,0,13,12
400.0,curved_S2a20,uniform,78.5,15,12.629860704025738,8.213289740796625,15,15,0,13,13
400.0,curved_S2a20,uniform,78.5,16,1.4398025945793071,-5.956912244623766,15,15,0,13,13
400.0,curved_S2a20,uniform,78.5,17,20.485960804748977,7.955737030933492,15,15,0,13,13
400.0,curved_S2a20,uniform,78.5,18,18.03648846708836,13.76498019012713,15,15,0,13,13
400.0,curved_S2a20,uniform,78.5,19,3.0874976854533185,9.549093487691263,15,15,0,13,13
400.0,curved_S2a20,uniform,78.5,20,14.748778172242504,3.4050969576761383,15,15,0,13,13
400.0,curved_S2a20,uniform,78.5,21,0.7578695245377497,9.875184013189386,15,15,0,13,13
400.0,curved_S2a20,uniform,78.5,22,13.799179772694307,-4.432157759588096,15,15,0,13,13
400.0,curved_S2a20,uniform,78.5,23,6.206243491983181,0.7827107104363554,15,15,0,14,14
400.0,curved_S2a20,uniform,78.5,24,21.220356026010155,10.595581124617109,15,15,0,12,12
400.0,curved_S2a20,uniform,78.5,25,1.1843968999929915,7.59323049972543,15,15,0,13,13
400.0,curved_S2a20,uniform,78.5,26,6.859784297608837,0.5667783736247916,15,15,0,14,14
400.0,curved_S2a20,uniform,78.5,27,10.427891635398172,-2.8728454629570965,15,15,0,13,13
400.0,curved_S2a20,uniform,78.5,28,0.6086664481184623,3.676776837644032,15,15,0,13,13
400.0,curved_S2a20,uniform,78.5,29,4.997132035988495,10.49133559191735,15,15,0,13,13
400.0,curved_S2a20,uniform,78.5,30,10.778412265722844,2.879278818121467,15,15,0,14,14
400.0,curved_S2a20,uniform,100.0,1,2.537428825801917,7.372197887650289,15,15,0,13,12
400.0,curved_S2a20,uniform,100.0,2,4.697581842077082,-3.588703660579625,15,15,0,13,13
400.0,curved_S2a20,uniform,100.0,3,3.662656979824341,9.25659005052008,15,15,0,13,13
400.0,curved_S2a20,uniform,100.0,4,9.104552784618845,9.287985798770409,15,15,0,13,13
400.0,curved_S2a20,uniform,100.0,5,13.50361012416324,6.373573938313948,15,15,0,13,13
400.0,curved_S2a20,uniform,100.0,6,1.6458083429978694,8.080238488921054,15,15,0,14,14
400.0,curved_S2a20,uniform,100.0,7,21.594849227161422,10.347451813650288,15,15,0,13,13
400.0,curved_S2a20,uniform,100.0,8,7.560353290065698,9.11381637924924,15,15,0,13,13
400.0,curved_S2a20,uniform,100.0,9,4.572132069372591,8.904207643594269,15,15,0,14,14
400.0,curved_S2a20,uniform,100.0,10,4.135946311502886,5.005353178101032,15,15,0,13,13
400.0,curved_S2a20,uniform,100.0,11,0.5830763275639478,7.635763272579481,15,15,0,14,14
400.0,curved_S2a20,uniform,100.0,12,0.4198576934239047,-0.6584638088423727,15,15,0,13,13
400.0,curved_S2a20,uniform,100.0,13,6.063527907610526,13.782677012721903,15,15,0,14,14
400.0,curved_S2a20,uniform,100.0,14,11.40161721463569,12.918620605782527,15,15,0,13,12
400.0,curved_S2a20,uniform,100.0,15,12.711794992360124,8.213289740796565,15,15,0,13,13
400.0,curved_S2a20,uniform,100.0,16,1.45944423203133,-5.7046885130057845,15,15,0,13,13
400.0,curved_S2a20,uniform,100.0,17,20.52175826356315,7.955737030933685,15,15,0,13,13
400.0,curved_S2a20,uniform,100.0,18,18.088616265151636,13.878930870983389,15,15,0,13,13
400.0,curved_S2a20,uniform,100.0,19,3.1684964987080537,8.922994642806776,15,15,0,13,13
400.0,curved_S2a20,uniform,100.0,20,14.832689859828163,3.4050969576761827,15,15,0,13,13
400.0,curved_S2a20,uniform,100.0,21,0.6626672676378476,9.992994184974213,15,15,0,13,13
400.0,curved_S2a20,uniform,100.0,22,13.750787757206183,-4.4321577595881845,15,15,0,13,13
400.0,curved_S2a20,uniform,100.0,23,6.170590557954342,1.114734349754798,15,15,0,14,14
400.0,curved_S2a20,uniform,100.0,24,21.358566515583103,11.521950810128995,15,15,0,12,12
400.0,curved_S2a20,uniform,100.0,25,1.1190802902136732,7.93570634893775,15,15,0,13,13
400.0,curved_S2a20,uniform,100.0,26,6.920384366945471,1.397197890346321,15,15,0,14,14
400.0,curved_S2a20,uniform,100.0,27,10.50466185956433,-3.3156203409863583,15,15,0,13,13
400.0,curved_S2a20,uniform,100.0,28,0.5560090538525755,4.105120958470909,15,15,0,13,13
400.0,curved_S2a20,uniform,100.0,29,4.879956709284517,10.256866942603542,15,15,0,13,13
400.0,curved_S2a20,uniform,100.0,30,10.781185768605456,3.558412608752004,15,15,0,14,14
400.0,curved_S2a20,jitter,11.0,1,3.7760379667078854,17.4663241118718,15,15,0,13,13
400.0,curved_S2a20,jitter,11.0,2,8.146963650321165,17.45793552728291,15,15,0,13,12
400.0,curved_S2a20,jitter,11.0,3,3.7887224997481486,10.922342947397528,15,15,0,14,14
400.0,curved_S2a20,jitter,11.0,4,13.125414117376096,7.970177357188835,15,15,0,13,13
400.0,curved_S2a20,jitter,11.0,5,6.312295336944465,2.0758000509239,15,15,0,12,12
400.0,curved_S2a20,jitter,11.0,6,7.64988322648081,40.70209639770903,15,15,0,13,13
400.0,curved_S2a20,jitter,11.0,7,25.204672132336054,12.528591169144798,15,15,0,14,13
400.0,curved_S2a20,jitter,11.0,8,4.780039495409786,14.20988544827216,15,15,0,13,13
400.0,curved_S2a20,jitter,11.0,9,11.271190338384647,26.706745262014646,15,15,0,14,14
400.0,curved_S2a20,jitter,11.0,10,10.280462892999145,13.48259806856508,15,15,0,13,13
400.0,curved_S2a20,jitter,11.0,11,5.349920611898127,27.526862234153676,15,15,0,14,14
400.0,curved_S2a20,jitter,11.0,12,0.9411005563408346,13.271277671764045,15,15,0,14,13
400.0,curved_S2a20,jitter,11.0,13,1.6520513957932483,37.0883731632792,15,15,0,14,14
400.0,curved_S2a20,jitter,11.0,14,17.58008717728926,20.311899992035723,15,15,0,13,12
400.0,curved_S2a20,jitter,11.0,15,21.618648156395334,12.462277868537264,15,15,0,14,14
400.0,curved_S2a20,jitter,11.0,16,12.83041274494802,14.988323680545848,15,15,0,14,14
400.0,curved_S2a20,jitter,11.0,17,23.819999592883033,5.005686047777594,15,15,0,13,13
400.0,curved_S2a20,jitter,11.0,18,18.3896499337047,37.53909137128115,15,15,0,13,13
400.0,curved_S2a20,jitter,11.0,19,7.014925376541467,16.007836594051813,15,15,0,14,13
400.0,curved_S2a20,jitter,11.0,20,19.814111465624134,9.62154770677559,15,15,0,13,13
400.0,curved_S2a20,jitter,11.0,21,4.845268671239985,13.668072996973102,15,15,0,13,13
400.0,curved_S2a20,jitter,11.0,22,12.938480189290717,-6.6159453504137655,15,15,0,13,13
400.0,curved_S2a20,jitter,11.0,23,3.257887265052644,7.5268817204300715,15,15,0,13,13
400.0,curved_S2a20,jitter,11.0,24,24.480050394363538,14.849765779117222,15,15,0,12,12
400.0,curved_S2a20,jitter,11.0,25,0.6504713795679249,42.10331220302918,15,15,0,14,13
400.0,curved_S2a20,jitter,11.0,26,8.169167638868334,13.308476346448591,15,15,0,14,14
400.0,curved_S2a20,jitter,11.0,27,14.683061226011674,14.955460995653821,15,15,0,14,14
400.0,curved_S2a20,jitter,11.0,28,48.58810581167468,12.07656817459714,15,15,0,12,11
400.0,curved_S2a20,jitter,11.0,29,3.541067553904751,11.540434215928846,15,15,0,13,13
400.0,curved_S2a20,jitter,11.0,30,15.462622979506335,87.07219168251227,15,15,0,13,12
400.0,curved_S2a20,jitter,30.0,1,4.467292520596516,47.72548990619061,15,15,0,14,14
400.0,curved_S2a20,jitter,30.0,2,11.533526111246568,64.0911302803064,15,15,0,12,12
400.0,curved_S2a20,jitter,30.0,3,10.41934557182808,21.522864919615024,15,15,0,13,13
400.0,curved_S2a20,jitter,30.0,4,9.028981408896762,-1.019506916471006,15,15,0,13,13
400.0,curved_S2a20,jitter,30.0,5,2.322734373938702,10.729811146143058,15,15,0,13,11
400.0,curved_S2a20,jitter,30.0,6,1.0534712603720866,90.05420645418752,15,15,0,13,12
400.0,curved_S2a20,jitter,30.0,7,34.16364353373387,6.869998590659805,15,15,0,14,13
400.0,curved_S2a20,jitter,30.0,8,5.6553327409831065,-6.284370585211881,15,15,0,13,13
400.0,curved_S2a20,jitter,30.0,9,60.233228814805805,53.95003684929295,15,15,0,13,13
400.0,curved_S2a20,jitter,30.0,10,8.269754763541291,11.535998162799777,15,15,0,14,13
400.0,curved_S2a20,jitter,30.0,11,23.97840983754511,71.97643174293388,15,15,0,14,14
400.0,curved_S2a20,jitter,30.0,12,24.86905386973441,10.06865437676064,15,15,0,14,13
400.0,curved_S2a20,jitter,30.0,13,4.925796632288896,56.988470905087674,15,15,0,14,14
400.0,curved_S2a20,jitter,30.0,14,10.62593984077108,11.00221371509611,15,15,0,14,13
400.0,curved_S2a20,jitter,30.0,15,24.2134753840254,19.68646045879806,15,15,0,14,14
400.0,curved_S2a20,jitter,30.0,16,9.33938830648697,56.85189067148926,15,15,0,13,13
400.0,curved_S2a20,jitter,30.0,17,10.290874117321065,20.418579973171568,15,15,0,13,13
400.0,curved_S2a20,jitter,30.0,18,12.523824170327964,30.945700219731236,15,15,0,13,13
400.0,curved_S2a20,jitter,30.0,19,52.78478671362333,55.28901258934583,15,15,0,14,14
400.0,curved_S2a20,jitter,30.0,20,19.437801116609283,38.58845832101047,15,15,0,13,13
400.0,curved_S2a20,jitter,30.0,21,20.517415817391143,62.2543077737595,15,15,0,11,10
400.0,curved_S2a20,jitter,30.0,22,13.911785730471973,13.990188146887986,15,15,0,12,11
400.0,curved_S2a20,jitter,30.0,23,56.41120839064155,48.348158384446904,15,15,0,13,12
400.0,curved_S2a20,jitter,30.0,24,20.690028482480276,23.987640905116425,15,15,0,13,12
400.0,curved_S2a20,jitter,30.0,25,0.5452144115933861,32.406582450283835,15,15,0,14,14
400.0,curved_S2a20,jitter,30.0,26,11.3534097927815,9.621547706775651,15,15,0,13,13
400.0,curved_S2a20,jitter,30.0,27,11.877521356598699,1.6020533736400406,15,15,0,14,14
400.0,curved_S2a20,jitter,30.0,28,15.046589406692954,8.778457317948247,15,15,0,12,10
400.0,curved_S2a20,jitter,30.0,29,4.516335008955185,46.06695776638983,15,15,0,12,12
400.0,curved_S2a20,jitter,30.0,30,31.723304208096895,88.5618083164129,15,15,0,14,13
400.0,curved_S2a20,jitter,78.5,1,75.83241567068339,28.922520408130154,15,15,0,14,14
400.0,curved_S2a20,jitter,78.5,2,169.19845731289828,124.47834323382293,15,15,0,13,13
400.0,curved_S2a20,jitter,78.5,3,0.04253018698218239,35.08946597574143,15,15,0,13,9
400.0,curved_S2a20,jitter,78.5,4,5.559939309962847,12.08654347367748,15,15,0,14,10
400.0,curved_S2a20,jitter,78.5,5,23.48163298133044,11.186633857324102,15,15,0,14,13
400.0,curved_S2a20,jitter,78.5,6,13.174584787845143,186.65651961935623,15,15,0,13,12
400.0,curved_S2a20,jitter,78.5,7,37.03546001401695,36.96283791314761,15,15,0,14,8
400.0,curved_S2a20,jitter,78.5,8,29.180227545384945,37.64193896715034,15,15,0,12,9
400.0,curved_S2a20,jitter,78.5,9,81.42391375474425,75.07524381296298,15,15,0,13,11
400.0,curved_S2a20,jitter,78.5,10,0.6068007711425637,126.69561223212307,15,15,0,14,12
400.0,curved_S2a20,jitter,78.5,11,131.02308784664103,131.18084497239903,15,15,0,13,12
400.0,curved_S2a20,jitter,78.5,12,50.475024297639536,105.74901341907477,15,15,0,14,10
400.0,curved_S2a20,jitter,78.5,13,164.06104282655187,25.911723066192554,15,15,0,14,14
400.0,curved_S2a20,jitter,78.5,14,21.83171227652323,69.51440809651656,15,15,0,13,10
400.0,curved_S2a20,jitter,78.5,15,50.340696123308994,2.807723103438568,15,15,0,13,13
400.0,curved_S2a20,jitter,78.5,16,143.44517191647165,44.49740795639346,15,15,0,13,12
400.0,curved_S2a20,jitter,78.5,17,51.79781460625638,38.73842964323891,15,15,0,14,13
400.0,curved_S2a20,jitter,78.5,18,125.10231425620441,146.9214452621042,15,15,0,12,11
400.0,curved_S2a20,jitter,78.5,19,139.79113042390472,58.68518630859359,15,15,0,14,11
400.0,curved_S2a20,jitter,78.5,20,15.55001048767736,93.09481545449762,15,15,0,12,11
400.0,curved_S2a20,jitter,78.5,21,66.53399790126227,65.19901432650131,15,15,0,13,11
400.0,curved_S2a20,jitter,78.5,22,26.85708302491309,90.21339720888376,15,15,0,12,10
400.0,curved_S2a20,jitter,78.5,23,172.15948899037716,67.79210247603193,15,15,0,12,10
400.0,curved_S2a20,jitter,78.5,24,3.6038878688019644,100.68146722537922,15,15,0,14,11
400.0,curved_S2a20,jitter,78.5,25,48.8697557952796,64.73233176026062,15,15,0,14,14
400.0,curved_S2a20,jitter,78.5,26,105.14999110937532,109.7326359912645,15,15,0,13,12
400.0,curved_S2a20,jitter,78.5,27,7.752123617362922,73.08837015447848,15,15,0,14,12
400.0,curved_S2a20,jitter,78.5,28,47.08554722975179,116.40915772039928,15,15,0,13,9
400.0,curved_S2a20,jitter,78.5,29,53.4701782333368,70.9401709401709,15,15,0,14,12
400.0,curved_S2a20,jitter,78.5,30,127.60847891880374,66.43566632465098,15,15,0,14,11
