scenario,wind_u,c_spread,peak_C,seed,tau_s,v_spread,exposed,miss,miss_rate,dir_err,speed_err,n_confirmed,t_max,dt
S1,0.1,0.05,150.0,1,77.792,0.005,15,0,0.0,,,14,10819.0,0.2705
S1,0.1,0.05,150.0,2,77.792,0.005,15,0,0.0,,,14,10819.0,0.2705
S1,0.1,0.05,150.0,3,77.792,0.005,15,0,0.0,,,14,10819.0,0.2705
S1,0.1,0.05,150.0,4,77.792,0.005,15,0,0.0,,,14,10819.0,0.2705
S1,0.1,0.05,150.0,5,77.792,0.005,15,0,0.0,,,14,10819.0,0.2705
S1,0.1,0.05,150.0,6,77.792,0.005,15,0,0.0,,,14,10819.0,0.2705
S1,0.1,0.05,150.0,7,77.792,0.005,15,0,0.0,,,14,10819.0,0.2705
S1,0.1,0.05,150.0,8,77.792,0.005,15,0,0.0,,,14,10819.0,0.2705
S1,0.1,0.05,150.0,9,77.792,0.005,15,0,0.0,,,14,10819.0,0.2705
S1,0.1,0.05,150.0,10,77.792,0.005,15,0,0.0,,,14,10819.0,0.2705
S1,0.1,0.05,150.0,11,77.792,0.005,15,0,0.0,,,14,10819.0,0.2705
S1,0.1,0.05,150.0,12,77.792,0.005,15,0,0.0,,,14,10819.0,0.2705
S1,0.1,0.05,150.0,13,77.792,0.005,15,0,0.0,,,14,10819.0,0.2705
S1,0.1,0.05,150.0,14,77.792,0.005,15,0,0.0,,,14,10819.0,0.2705
S1,0.1,0.05,150.0,15,77.792,0.005,15,0,0.0,,,14,10819.0,0.2705
S1,0.1,0.05,300.0,1,77.792,0.005,15,0,0.0,,,14,10819.0,0.2705
S1,0.1,0.05,300.0,2,77.792,0.005,15,0,0.0,,,14,10819.0,0.2705
S1,0.1,0.05,300.0,3,77.792,0.005,15,0,0.0,,,14,10819.0,0.2705
S1,0.1,0.05,300.0,4,77.792,0.005,15,0,0.0,,,14,10819.0,0.2705
S1,0.1,0.05,300.0,5,77.792,0.005,15,0,0.0,,,14,10819.0,0.2705
S1,0.1,0.05,300.0,6,77.792,0.005,15,0,0.0,,,14,10819.0,0.2705
S1,0.1,0.05,300.0,7,77.792,0.005,15,0,0.0,,,14,10819.0,0.2705
S1,0.1,0.05,300.0,8,77.792,0.005,15,0,0.0,,,14,10819.0,0.2705
S1,0.1,0.05,300.0,9,77.792,0.005,15,0,0.0,,,14,10819.0,0.2705
S1,0.1,0.05,300.0,10,77.792,0.005,15,0,0.0,,,14,10819.0,0.2705
S1,0.1,0.05,300.0,11,77.792,0.005,15,0,0.0,,,14,10819.0,0.2705
S1,0.1,0.05,300.0,12,77.792,0.005,15,0,0.0,,,14,10819.0,0.2705
S1,0.1,0.05,300.0,13,77.792,0.005,15,0,0.0,,,14,10819.0,0.2705
S1,0.1,0.05,300.0,14,77.792,0.005,15,0,0.0,,,14,10819.0,0.2705
S1,0.1,0.05,300.0,15,77.792,0.005,15,0,0.0,,,14,10819.0,0.2705
S1,0.1,0.05,500.0,1,77.792,0.005,15,0,0.0,,,14,10819.0,0.2705
S1,0.1,0.05,500.0,2,77.792,0.005,15,0,0.0,,,14,10819.0,0.2705
S1,0.1,0.05,500.0,3,77.792,0.005,15,0,0.0,,,14,10819.0,0.2705
S1,0.1,0.05,500.0,4,77.792,0.005,15,0,0.0,,,14,10819.0,0.2705
S1,0.1,0.05,500.0,5,77.792,0.005,15,0,0.0,,,14,10819.0,0.2705
S1,0.1,0.05,500.0,6,77.792,0.005,15,0,0.0,,,14,10819.0,0.2705
S1,0.1,0.05,500.0,7,77.792,0.005,15,0,0.0,,,14,10819.0,0.2705
S1,0.1,0.05,500.0,8,77.792,0.005,15,0,0.0,,,14,10819.0,0.2705
S1,0.1,0.05,500.0,9,77.792,0.005,15,0,0.0,,,14,10819.0,0.2705
S1,0.1,0.05,500.0,10,77.792,0.005,15,0,0.0,,,14,10819.0,0.2705
S1,0.1,0.05,500.0,11,77.792,0.005,15,0,0.0,,,14,10819.0,0.2705
S1,0.1,0.05,500.0,12,77.792,0.005,15,0,0.0,,,14,10819.0,0.2705
S1,0.1,0.05,500.0,13,77.792,0.005,15,0,0.0,,,14,10819.0,0.2705
S1,0.1,0.05,500.0,14,77.792,0.005,15,0,0.0,,,14,10819.0,0.2705
S1,0.1,0.05,500.0,15,77.792,0.005,15,0,0.0,,,14,10819.0,0.2705
S1,0.1,0.1,150.0,1,77.792,0.01,15,0,0.0,,,14,5531.2,0.1383
S1,0.1,0.1,150.0,2,77.792,0.01,15,0,0.0,,,14,5531.2,0.1383
S1,0.1,0.1,150.0,3,77.792,0.01,15,0,0.0,,,14,5531.2,0.1383
S1,0.1,0.1,150.0,4,77.792,0.01,15,0,0.0,,,14,5531.2,0.1383
S1,0.1,0.1,150.0,5,77.792,0.01,15,0,0.0,,,14,5531.2,0.1383
S1,0.1,0.1,150.0,6,77.792,0.01,15,0,0.0,,,14,5531.2,0.1383
S1,0.1,0.1,150.0,7,77.792,0.01,15,0,0.0,,,14,5531.2,0.1383
S1,0.1,0.1,150.0,8,77.792,0.01,15,0,0.0,,,14,5531.2,0.1383
S1,0.1,0.1,150.0,9,77.792,0.01,15,0,0.0,,,14,5531.2,0.1383
S1,0.1,0.1,150.0,10,77.792,0.01,15,0,0.0,,,14,5531.2,0.1383
S1,0.1,0.1,150.0,11,77.792,0.01,15,0,0.0,,,14,5531.2,0.1383
S1,0.1,0.1,150.0,12,77.792,0.01,15,0,0.0,,,14,5531.2,0.1383
S1,0.1,0.1,150.0,13,77.792,0.01,15,0,0.0,,,14,5531.2,0.1383
S1,0.1,0.1,150.0,14,77.792,0.01,15,0,0.0,,,14,5531.2,0.1383
S1,0.1,0.1,150.0,15,77.792,0.01,15,0,0.0,,,14,5531.2,0.1383
S1,0.1,0.1,300.0,1,77.792,0.01,15,0,0.0,,,14,5531.2,0.1383
S1,0.1,0.1,300.0,2,77.792,0.01,15,0,0.0,,,14,5531.2,0.1383
S1,0.1,0.1,300.0,3,77.792,0.01,15,0,0.0,,,14,5531.2,0.1383
S1,0.1,0.1,300.0,4,77.792,0.01,15,0,0.0,,,14,5531.2,0.1383
S1,0.1,0.1,300.0,5,77.792,0.01,15,0,0.0,,,14,5531.2,0.1383
S1,0.1,0.1,300.0,6,77.792,0.01,15,0,0.0,,,14,5531.2,0.1383
S1,0.1,0.1,300.0,7,77.792,0.01,15,0,0.0,,,14,5531.2,0.1383
S1,0.1,0.1,300.0,8,77.792,0.01,15,0,0.0,,,14,5531.2,0.1383
S1,0.1,0.1,300.0,9,77.792,0.01,15,0,0.0,,,14,5531.2,0.1383
S1,0.1,0.1,300.0,10,77.792,0.01,15,0,0.0,,,14,5531.2,0.1383
S1,0.1,0.1,300.0,11,77.792,0.01,15,0,0.0,,,14,5531.2,0.1383
S1,0.1,0.1,300.0,12,77.792,0.01,15,0,0.0,,,14,5531.2,0.1383
S1,0.1,0.1,300.0,13,77.792,0.01,15,0,0.0,,,14,5531.2,0.1383
S1,0.1,0.1,300.0,14,77.792,0.01,15,0,0.0,,,14,5531.2,0.1383
S1,0.1,0.1,300.0,15,77.792,0.01,15,0,0.0,,,14,5531.2,0.1383
S1,0.1,0.1,500.0,1,77.792,0.01,15,0,0.0,,,14,5531.2,0.1383
S1,0.1,0.1,500.0,2,77.792,0.01,15,0,0.0,,,14,5531.2,0.1383
S1,0.1,0.1,500.0,3,77.792,0.01,15,0,0.0,,,14,5531.2,0.1383
S1,0.1,0.1,500.0,4,77.792,0.01,15,0,0.0,,,14,5531.2,0.1383
S1,0.1,0.1,500.0,5,77.792,0.01,15,0,0.0,,,14,5531.2,0.1383
S1,0.1,0.1,500.0,6,77.792,0.01,15,0,0.0,,,14,5531.2,0.1383
S1,0.1,0.1,500.0,7,77.792,0.01,15,0,0.0,,,14,5531.2,0.1383
S1,0.1,0.1,500.0,8,77.792,0.01,15,0,0.0,,,14,5531.2,0.1383
S1,0.1,0.1,500.0,9,77.792,0.01,15,0,0.0,,,14,5531.2,0.1383
S1,0.1,0.1,500.0,10,77.792,0.01,15,0,0.0,,,14,5531.2,0.1383
S1,0.1,0.1,500.0,11,77.792,0.01,15,0,0.0,,,14,5531.2,0.1383
S1,0.1,0.1,500.0,12,77.792,0.01,15,0,0.0,,,14,5531.2,0.1383
S1,0.1,0.1,500.0,13,77.792,0.01,15,0,0.0,,,14,5531.2,0.1383
S1,0.1,0.1,500.0,14,77.792,0.01,15,0,0.0,,,14,5531.2,0.1383
S1,0.1,0.1,500.0,15,77.792,0.01,15,0,0.0,,,14,5531.2,0.1383
S1,0.1,0.15,150.0,1,77.792,0.015,15,0,0.0,,,14,3768.6,0.1
S1,0.1,0.15,150.0,2,77.792,0.015,15,0,0.0,,,14,3768.6,0.1
S1,0.1,0.15,150.0,3,77.792,0.015,15,0,0.0,,,14,3768.6,0.1
S1,0.1,0.15,150.0,4,77.792,0.015,15,0,0.0,,,14,3768.6,0.1
S1,0.1,0.15,150.0,5,77.792,0.015,15,0,0.0,,,14,3768.6,0.1
S1,0.1,0.15,150.0,6,77.792,0.015,15,0,0.0,,,14,3768.6,0.1
S1,0.1,0.15,150.0,7,77.792,0.015,15,0,0.0,,,14,3768.6,0.1
S1,0.1,0.15,150.0,8,77.792,0.015,15,0,0.0,,,14,3768.6,0.1
S1,0.1,0.15,150.0,9,77.792,0.015,15,0,0.0,,,14,3768.6,0.1
S1,0.1,0.15,150.0,10,77.792,0.015,15,0,0.0,,,14,3768.6,0.1
S1,0.1,0.15,150.0,11,77.792,0.015,15,0,0.0,,,14,3768.6,0.1
S1,0.1,0.15,150.0,12,77.792,0.015,15,0,0.0,,,14,3768.6,0.1
S1,0.1,0.15,150.0,13,77.792,0.015,15,0,0.0,,,14,3768.6,0.1
S1,0.1,0.15,150.0,14,77.792,0.015,15,0,0.0,,,14,3768.6,0.1
S1,0.1,0.15,150.0,15,77.792,0.015,15,0,0.0,,,14,3768.6,0.1
S1,0.1,0.15,300.0,1,77.792,0.015,15,0,0.0,,,14,3768.6,0.1
S1,0.1,0.15,300.0,2,77.792,0.015,15,0,0.0,,,14,3768.6,0.1
S1,0.1,0.15,300.0,3,77.792,0.015,15,0,0.0,,,14,3768.6,0.1
S1,0.1,0.15,300.0,4,77.792,0.015,15,0,0.0,,,14,3768.6,0.1
S1,0.1,0.15,300.0,5,77.792,0.015,15,0,0.0,,,14,3768.6,0.1
S1,0.1,0.15,300.0,6,77.792,0.015,15,0,0.0,,,14,3768.6,0.1
S1,0.1,0.15,300.0,7,77.792,0.015,15,0,0.0,,,14,3768.6,0.1
S1,0.1,0.15,300.0,8,77.792,0.015,15,0,0.0,,,14,3768.6,0.1
S1,0.1,0.15,300.0,9,77.792,0.015,15,0,0.0,,,14,3768.6,0.1
S1,0.1,0.15,300.0,10,77.792,0.015,15,0,0.0,,,14,3768.6,0.1
S1,0.1,0.15,300.0,11,77.792,0.015,15,0,0.0,,,14,3768.6,0.1
S1,0.1,0.15,300.0,12,77.792,0.015,15,0,0.0,,,14,3768.6,0.1
S1,0.1,0.15,300.0,13,77.792,0.015,15,0,0.0,,,14,3768.6,0.1
S1,0.1,0.15,300.0,14,77.792,0.015,15,0,0.0,,,14,3768.6,0.1
S1,0.1,0.15,300.0,15,77.792,0.015,15,0,0.0,,,14,3768.6,0.1
S1,0.1,0.15,500.0,1,77.792,0.015,15,0,0.0,,,14,3768.6,0.1
S1,0.1,0.15,500.0,2,77.792,0.015,15,0,0.0,,,14,3768.6,0.1
S1,0.1,0.15,500.0,3,77.792,0.015,15,0,0.0,,,14,3768.6,0.1
S1,0.1,0.15,500.0,4,77.792,0.015,15,0,0.0,,,14,3768.6,0.1
S1,0.1,0.15,500.0,5,77.792,0.015,15,0,0.0,,,14,3768.6,0.1
S1,0.1,0.15,500.0,6,77.792,0.015,15,0,0.0,,,14,3768.6,0.1
S1,0.1,0.15,500.0,7,77.792,0.015,15,0,0.0,,,14,3768.6,0.1
S1,0.1,0.15,500.0,8,77.792,0.015,15,0,0.0,,,14,3768.6,0.1
S1,0.1,0.15,500.0,9,77.792,0.015,15,0,0.0,,,14,3768.6,0.1
S1,0.1,0.15,500.0,10,77.792,0.015,15,0,0.0,,,14,3768.6,0.1
S1,0.1,0.15,500.0,11,77.792,0.015,15,0,0.0,,,14,3768.6,0.1
S1,0.1,0.15,500.0,12,77.792,0.015,15,0,0.0,,,14,3768.6,0.1
S1,0.1,0.15,500.0,13,77.792,0.015,15,0,0.0,,,14,3768.6,0.1
S1,0.1,0.15,500.0,14,77.792,0.015,15,0,0.0,,,14,3768.6,0.1
S1,0.1,0.15,500.0,15,77.792,0.015,15,0,0.0,,,14,3768.6,0.1
S1,0.5,0.05,150.0,1,34.79,0.025,15,0,0.0,,,14,2229.5,0.1
S1,0.5,0.05,150.0,2,34.79,0.025,15,0,0.0,,,14,2229.5,0.1
S1,0.5,0.05,150.0,3,34.79,0.025,15,0,0.0,,,14,2229.5,0.1
S1,0.5,0.05,150.0,4,34.79,0.025,15,0,0.0,,,14,2229.5,0.1
S1,0.5,0.05,150.0,5,34.79,0.025,15,0,0.0,,,14,2229.5,0.1
S1,0.5,0.05,150.0,6,34.79,0.025,15,0,0.0,,,14,2229.5,0.1
S1,0.5,0.05,150.0,7,34.79,0.025,15,0,0.0,,,14,2229.5,0.1
S1,0.5,0.05,150.0,8,34.79,0.025,15,0,0.0,,,14,2229.5,0.1
S1,0.5,0.05,150.0,9,34.79,0.025,15,0,0.0,,,14,2229.5,0.1
S1,0.5,0.05,150.0,10,34.79,0.025,15,0,0.0,,,14,2229.5,0.1
S1,0.5,0.05,150.0,11,34.79,0.025,15,0,0.0,,,14,2229.5,0.1
S1,0.5,0.05,150.0,12,34.79,0.025,15,0,0.0,,,14,2229.5,0.1
S1,0.5,0.05,150.0,13,34.79,0.025,15,0,0.0,,,14,2229.5,0.1
S1,0.5,0.05,150.0,14,34.79,0.025,15,0,0.0,,,14,2229.5,0.1
S1,0.5,0.05,150.0,15,34.79,0.025,15,0,0.0,,,14,2229.5,0.1
S1,0.5,0.05,300.0,1,34.79,0.025,15,0,0.0,,,14,2229.5,0.1
S1,0.5,0.05,300.0,2,34.79,0.025,15,0,0.0,,,14,2229.5,0.1
S1,0.5,0.05,300.0,3,34.79,0.025,15,0,0.0,,,14,2229.5,0.1
S1,0.5,0.05,300.0,4,34.79,0.025,15,0,0.0,,,14,2229.5,0.1
S1,0.5,0.05,300.0,5,34.79,0.025,15,0,0.0,,,14,2229.5,0.1
S1,0.5,0.05,300.0,6,34.79,0.025,15,0,0.0,,,14,2229.5,0.1
S1,0.5,0.05,300.0,7,34.79,0.025,15,0,0.0,,,14,2229.5,0.1
S1,0.5,0.05,300.0,8,34.79,0.025,15,0,0.0,,,14,2229.5,0.1
S1,0.5,0.05,300.0,9,34.79,0.025,15,0,0.0,,,14,2229.5,0.1
S1,0.5,0.05,300.0,10,34.79,0.025,15,0,0.0,,,14,2229.5,0.1
S1,0.5,0.05,300.0,11,34.79,0.025,15,0,0.0,,,14,2229.5,0.1
S1,0.5,0.05,300.0,12,34.79,0.025,15,0,0.0,,,14,2229.5,0.1
S1,0.5,0.05,300.0,13,34.79,0.025,15,0,0.0,,,14,2229.5,0.1
S1,0.5,0.05,300.0,14,34.79,0.025,15,0,0.0,,,14,2229.5,0.1
S1,0.5,0.05,300.0,15,34.79,0.025,15,0,0.0,,,14,2229.5,0.1
S1,0.5,0.05,500.0,1,34.79,0.025,15,0,0.0,,,14,2229.5,0.1
S1,0.5,0.05,500.0,2,34.79,0.025,15,0,0.0,,,14,2229.5,0.1
S1,0.5,0.05,500.0,3,34.79,0.025,15,0,0.0,,,14,2229.5,0.1
S1,0.5,0.05,500.0,4,34.79,0.025,15,0,0.0,,,14,2229.5,0.1
S1,0.5,0.05,500.0,5,34.79,0.025,15,0,0.0,,,14,2229.5,0.1
S1,0.5,0.05,500.0,6,34.79,0.025,15,0,0.0,,,14,2229.5,0.1
S1,0.5,0.05,500.0,7,34.79,0.025,15,0,0.0,,,14,2229.5,0.1
S1,0.5,0.05,500.0,8,34.79,0.025,15,0,0.0,,,14,2229.5,0.1
S1,0.5,0.05,500.0,9,34.79,0.025,15,0,0.0,,,14,2229.5,0.1
S1,0.5,0.05,500.0,10,34.79,0.025,15,0,0.0,,,14,2229.5,0.1
S1,0.5,0.05,500.0,11,34.79,0.025,15,0,0.0,,,14,2229.5,0.1
S1,0.5,0.05,500.0,12,34.79,0.025,15,0,0.0,,,14,2229.5,0.1
S1,0.5,0.05,500.0,13,34.79,0.025,15,0,0.0,,,14,2229.5,0.1
S1,0.5,0.05,500.0,14,34.79,0.025,15,0,0.0,,,14,2229.5,0.1
S1,0.5,0.05,500.0,15,34.79,0.025,15,0,0.0,,,14,2229.5,0.1
S1,0.5,0.1,150.0,1,34.79,0.05,15,0,0.0,,,14,1171.9,0.1
S1,0.5,0.1,150.0,2,34.79,0.05,15,0,0.0,,,14,1171.9,0.1
S1,0.5,0.1,150.0,3,34.79,0.05,15,0,0.0,,,14,1171.9,0.1
S1,0.5,0.1,150.0,4,34.79,0.05,15,0,0.0,,,14,1171.9,0.1
S1,0.5,0.1,150.0,5,34.79,0.05,15,0,0.0,,,14,1171.9,0.1
S1,0.5,0.1,150.0,6,34.79,0.05,15,0,0.0,,,14,1171.9,0.1
S1,0.5,0.1,150.0,7,34.79,0.05,15,0,0.0,,,14,1171.9,0.1
S1,0.5,0.1,150.0,8,34.79,0.05,15,0,0.0,,,14,1171.9,0.1
S1,0.5,0.1,150.0,9,34.79,0.05,15,0,0.0,,,14,1171.9,0.1
S1,0.5,0.1,150.0,10,34.79,0.05,15,0,0.0,,,14,1171.9,0.1
S1,0.5,0.1,150.0,11,34.79,0.05,15,0,0.0,,,14,1171.9,0.1
S1,0.5,0.1,150.0,12,34.79,0.05,15,0,0.0,,,14,1171.9,0.1
S1,0.5,0.1,150.0,13,34.79,0.05,15,0,0.0,,,14,1171.9,0.1
S1,0.5,0.1,150.0,14,34.79,0.05,15,0,0.0,,,14,1171.9,0.1
S1,0.5,0.1,150.0,15,34.79,0.05,15,0,0.0,,,14,1171.9,0.1
S1,0.5,0.1,300.0,1,34.79,0.05,15,0,0.0,,,14,1171.9,0.1
S1,0.5,0.1,300.0,2,34.79,0.05,15,0,0.0,,,14,1171.9,0.1
S1,0.5,0.1,300.0,3,34.79,0.05,15,0,0.0,,,14,1171.9,0.1
S1,0.5,0.1,300.0,4,34.79,0.05,15,0,0.0,,,14,1171.9,0.1
S1,0.5,0.1,300.0,5,34.79,0.05,15,0,0.0,,,14,1171.9,0.1
S1,0.5,0.1,300.0,6,34.79,0.05,15,0,0.0,,,14,1171.9,0.1
S1,0.5,0.1,300.0,7,34.79,0.05,15,0,0.0,,,14,1171.9,0.1
S1,0.5,0.1,300.0,8,34.79,0.05,15,0,0.0,,,14,1171.9,0.1
S1,0.5,0.1,300.0,9,34.79,0.05,15,0,0.0,,,14,1171.9,0.1
S1,0.5,0.1,300.0,10,34.79,0.05,15,0,0.0,,,14,1171.9,0.1
S1,0.5,0.1,300.0,11,34.79,0.05,15,0,0.0,,,14,1171.9,0.1
S1,0.5,0.1,300.0,12,34.79,0.05,15,0,0.0,,,14,1171.9,0.1
S1,0.5,0.1,300.0,13,34.79,0.05,15,0,0.0,,,14,1171.9,0.1
S1,0.5,0.1,300.0,14,34.79,0.05,15,0,0.0,,,14,1171.9,0.1
S1,0.5,0.1,300.0,15,34.79,0.05,15,0,0.0,,,14,1171.9,0.1
S1,0.5,0.1,500.0,1,34.79,0.05,15,0,0.0,,,14,1171.9,0.1
S1,0.5,0.1,500.0,2,34.79,0.05,15,0,0.0,,,14,1171.9,0.1
S1,0.5,0.1,500.0,3,34.79,0.05,15,0,0.0,,,14,1171.9,0.1
S1,0.5,0.1,500.0,4,34.79,0.05,15,0,0.0,,,14,1171.9,0.1
S1,0.5,0.1,500.0,5,34.79,0.05,15,0,0.0,,,14,1171.9,0.1
S1,0.5,0.1,500.0,6,34.79,0.05,15,0,0.0,,,14,1171.9,0.1
S1,0.5,0.1,500.0,7,34.79,0.05,15,0,0.0,,,14,1171.9,0.1
S1,0.5,0.1,500.0,8,34.79,0.05,15,0,0.0,,,14,1171.9,0.1
S1,0.5,0.1,500.0,9,34.79,0.05,15,0,0.0,,,14,1171.9,0.1
S1,0.5,0.1,500.0,10,34.79,0.05,15,0,0.0,,,14,1171.9,0.1
S1,0.5,0.1,500.0,11,34.79,0.05,15,0,0.0,,,14,1171.9,0.1
S1,0.5,0.1,500.0,12,34.79,0.05,15,0,0.0,,,14,1171.9,0.1
S1,0.5,0.1,500.0,13,34.79,0.05,15,0,0.0,,,14,1171.9,0.1
S1,0.5,0.1,500.0,14,34.79,0.05,15,0,0.0,,,14,1171.9,0.1
S1,0.5,0.1,500.0,15,34.79,0.05,15,0,0.0,,,14,1171.9,0.1
S1,0.5,0.15,150.0,1,34.79,0.075,15,0,0.0,,,14,819.4,0.1
S1,0.5,0.15,150.0,2,34.79,0.075,15,0,0.0,,,14,819.4,0.1
S1,0.5,0.15,150.0,3,34.79,0.075,15,0,0.0,,,14,819.4,0.1
S1,0.5,0.15,150.0,4,34.79,0.075,15,0,0.0,,,14,819.4,0.1
S1,0.5,0.15,150.0,5,34.79,0.075,15,0,0.0,,,14,819.4,0.1
S1,0.5,0.15,150.0,6,34.79,0.075,15,0,0.0,,,14,819.4,0.1
S1,0.5,0.15,150.0,7,34.79,0.075,15,0,0.0,,,14,819.4,0.1
S1,0.5,0.15,150.0,8,34.79,0.075,15,0,0.0,,,14,819.4,0.1
S1,0.5,0.15,150.0,9,34.79,0.075,15,0,0.0,,,14,819.4,0.1
S1,0.5,0.15,150.0,10,34.79,0.075,15,0,0.0,,,14,819.4,0.1
S1,0.5,0.15,150.0,11,34.79,0.075,15,0,0.0,,,14,819.4,0.1
S1,0.5,0.15,150.0,12,34.79,0.075,15,0,0.0,,,14,819.4,0.1
S1,0.5,0.15,150.0,13,34.79,0.075,15,0,0.0,,,14,819.4,0.1
S1,0.5,0.15,150.0,14,34.79,0.075,15,0,0.0,,,14,819.4,0.1
S1,0.5,0.15,150.0,15,34.79,0.075,15,0,0.0,,,14,819.4,0.1
S1,0.5,0.15,300.0,1,34.79,0.075,15,0,0.0,,,14,819.4,0.1
S1,0.5,0.15,300.0,2,34.79,0.075,15,0,0.0,,,14,819.4,0.1
S1,0.5,0.15,300.0,3,34.79,0.075,15,0,0.0,,,14,819.4,0.1
S1,0.5,0.15,300.0,4,34.79,0.075,15,0,0.0,,,14,819.4,0.1
S1,0.5,0.15,300.0,5,34.79,0.075,15,0,0.0,,,14,819.4,0.1
S1,0.5,0.15,300.0,6,34.79,0.075,15,0,0.0,,,14,819.4,0.1
S1,0.5,0.15,300.0,7,34.79,0.075,15,0,0.0,,,14,819.4,0.1
S1,0.5,0.15,300.0,8,34.79,0.075,15,0,0.0,,,14,819.4,0.1
S1,0.5,0.15,300.0,9,34.79,0.075,15,0,0.0,,,14,819.4,0.1
S1,0.5,0.15,300.0,10,34.79,0.075,15,0,0.0,,,14,819.4,0.1
S1,0.5,0.15,300.0,11,34.79,0.075,15,0,0.0,,,14,819.4,0.1
S1,0.5,0.15,300.0,12,34.79,0.075,15,0,0.0,,,14,819.4,0.1
S1,0.5,0.15,300.0,13,34.79,0.075,15,0,0.0,,,14,819.4,0.1
S1,0.5,0.15,300.0,14,34.79,0.075,15,0,0.0,,,14,819.4,0.1
S1,0.5,0.15,300.0,15,34.79,0.075,15,0,0.0,,,14,819.4,0.1
S1,0.5,0.15,500.0,1,34.79,0.075,15,0,0.0,,,14,819.4,0.1
S1,0.5,0.15,500.0,2,34.79,0.075,15,0,0.0,,,14,819.4,0.1
S1,0.5,0.15,500.0,3,34.79,0.075,15,0,0.0,,,14,819.4,0.1
S1,0.5,0.15,500.0,4,34.79,0.075,15,0,0.0,,,14,819.4,0.1
S1,0.5,0.15,500.0,5,34.79,0.075,15,0,0.0,,,14,819.4,0.1
S1,0.5,0.15,500.0,6,34.79,0.075,15,0,0.0,,,14,819.4,0.1
S1,0.5,0.15,500.0,7,34.79,0.075,15,0,0.0,,,14,819.4,0.1
S1,0.5,0.15,500.0,8,34.79,0.075,15,0,0.0,,,14,819.4,0.1
S1,0.5,0.15,500.0,9,34.79,0.075,15,0,0.0,,,14,819.4,0.1
S1,0.5,0.15,500.0,10,34.79,0.075,15,0,0.0,,,14,819.4,0.1
S1,0.5,0.15,500.0,11,34.79,0.075,15,0,0.0,,,14,819.4,0.1
S1,0.5,0.15,500.0,12,34.79,0.075,15,0,0.0,,,14,819.4,0.1
S1,0.5,0.15,500.0,13,34.79,0.075,15,0,0.0,,,14,819.4,0.1
S1,0.5,0.15,500.0,14,34.79,0.075,15,0,0.0,,,14,819.4,0.1
S1,0.5,0.15,500.0,15,34.79,0.075,15,0,0.0,,,14,819.4,0.1
S1,1.0,0.05,150.0,1,24.6,0.05,15,0,0.0,,,14,1141.4,0.1
S1,1.0,0.05,150.0,2,24.6,0.05,15,0,0.0,,,14,1141.4,0.1
S1,1.0,0.05,150.0,3,24.6,0.05,15,0,0.0,,,14,1141.4,0.1
S1,1.0,0.05,150.0,4,24.6,0.05,15,0,0.0,,,14,1141.4,0.1
S1,1.0,0.05,150.0,5,24.6,0.05,15,0,0.0,,,14,1141.4,0.1
S1,1.0,0.05,150.0,6,24.6,0.05,15,0,0.0,,,14,1141.4,0.1
S1,1.0,0.05,150.0,7,24.6,0.05,15,0,0.0,,,14,1141.4,0.1
S1,1.0,0.05,150.0,8,24.6,0.05,15,0,0.0,,,14,1141.4,0.1
S1,1.0,0.05,150.0,9,24.6,0.05,15,0,0.0,,,14,1141.4,0.1
S1,1.0,0.05,150.0,10,24.6,0.05,15,0,0.0,,,14,1141.4,0.1
S1,1.0,0.05,150.0,11,24.6,0.05,15,0,0.0,,,14,1141.4,0.1
S1,1.0,0.05,150.0,12,24.6,0.05,15,0,0.0,,,14,1141.4,0.1
S1,1.0,0.05,150.0,13,24.6,0.05,15,0,0.0,,,14,1141.4,0.1
S1,1.0,0.05,150.0,14,24.6,0.05,15,0,0.0,,,14,1141.4,0.1
S1,1.0,0.05,150.0,15,24.6,0.05,15,0,0.0,,,14,1141.4,0.1
S1,1.0,0.05,300.0,1,24.6,0.05,15,0,0.0,,,14,1141.4,0.1
S1,1.0,0.05,300.0,2,24.6,0.05,15,0,0.0,,,14,1141.4,0.1
S1,1.0,0.05,300.0,3,24.6,0.05,15,0,0.0,,,14,1141.4,0.1
S1,1.0,0.05,300.0,4,24.6,0.05,15,0,0.0,,,14,1141.4,0.1
S1,1.0,0.05,300.0,5,24.6,0.05,15,0,0.0,,,14,1141.4,0.1
S1,1.0,0.05,300.0,6,24.6,0.05,15,0,0.0,,,14,1141.4,0.1
S1,1.0,0.05,300.0,7,24.6,0.05,15,0,0.0,,,14,1141.4,0.1
S1,1.0,0.05,300.0,8,24.6,0.05,15,0,0.0,,,14,1141.4,0.1
S1,1.0,0.05,300.0,9,24.6,0.05,15,0,0.0,,,14,1141.4,0.1
S1,1.0,0.05,300.0,10,24.6,0.05,15,0,0.0,,,14,1141.4,0.1
S1,1.0,0.05,300.0,11,24.6,0.05,15,0,0.0,,,14,1141.4,0.1
S1,1.0,0.05,300.0,12,24.6,0.05,15,0,0.0,,,14,1141.4,0.1
S1,1.0,0.05,300.0,13,24.6,0.05,15,0,0.0,,,14,1141.4,0.1
S1,1.0,0.05,300.0,14,24.6,0.05,15,0,0.0,,,14,1141.4,0.1
S1,1.0,0.05,300.0,15,24.6,0.05,15,0,0.0,,,14,1141.4,0.1
S1,1.0,0.05,500.0,1,24.6,0.05,15,0,0.0,,,14,1141.4,0.1
S1,1.0,0.05,500.0,2,24.6,0.05,15,0,0.0,,,14,1141.4,0.1
S1,1.0,0.05,500.0,3,24.6,0.05,15,0,0.0,,,14,1141.4,0.1
S1,1.0,0.05,500.0,4,24.6,0.05,15,0,0.0,,,14,1141.4,0.1
S1,1.0,0.05,500.0,5,24.6,0.05,15,0,0.0,,,14,1141.4,0.1
S1,1.0,0.05,500.0,6,24.6,0.05,15,0,0.0,,,14,1141.4,0.1
S1,1.0,0.05,500.0,7,24.6,0.05,15,0,0.0,,,14,1141.4,0.1
S1,1.0,0.05,500.0,8,24.6,0.05,15,0,0.0,,,14,1141.4,0.1
S1,1.0,0.05,500.0,9,24.6,0.05,15,0,0.0,,,14,1141.4,0.1
S1,1.0,0.05,500.0,10,24.6,0.05,15,0,0.0,,,14,1141.4,0.1
S1,1.0,0.05,500.0,11,24.6,0.05,15,0,0.0,,,14,1141.4,0.1
S1,1.0,0.05,500.0,12,24.6,0.05,15,0,0.0,,,14,1141.4,0.1
S1,1.0,0.05,500.0,13,24.6,0.05,15,0,0.0,,,14,1141.4,0.1
S1,1.0,0.05,500.0,14,24.6,0.05,15,0,0.0,,,14,1141.4,0.1
S1,1.0,0.05,500.0,15,24.6,0.05,15,0,0.0,,,14,1141.4,0.1
S1,1.0,0.1,150.0,1,24.6,0.1,15,0,0.0,,,14,612.6,0.1
S1,1.0,0.1,150.0,2,24.6,0.1,15,0,0.0,,,14,612.6,0.1
S1,1.0,0.1,150.0,3,24.6,0.1,15,0,0.0,,,14,612.6,0.1
S1,1.0,0.1,150.0,4,24.6,0.1,15,0,0.0,,,14,612.6,0.1
S1,1.0,0.1,150.0,5,24.6,0.1,15,0,0.0,,,14,612.6,0.1
S1,1.0,0.1,150.0,6,24.6,0.1,15,0,0.0,,,14,612.6,0.1
S1,1.0,0.1,150.0,7,24.6,0.1,15,0,0.0,,,14,612.6,0.1
S1,1.0,0.1,150.0,8,24.6,0.1,15,0,0.0,,,14,612.6,0.1
S1,1.0,0.1,150.0,9,24.6,0.1,15,0,0.0,,,14,612.6,0.1
S1,1.0,0.1,150.0,10,24.6,0.1,15,0,0.0,,,14,612.6,0.1
S1,1.0,0.1,150.0,11,24.6,0.1,15,0,0.0,,,14,612.6,0.1
S1,1.0,0.1,150.0,12,24.6,0.1,15,0,0.0,,,14,612.6,0.1
S1,1.0,0.1,150.0,13,24.6,0.1,15,0,0.0,,,14,612.6,0.1
S1,1.0,0.1,150.0,14,24.6,0.1,15,0,0.0,,,14,612.6,0.1
S1,1.0,0.1,150.0,15,24.6,0.1,15,0,0.0,,,14,612.6,0.1
S1,1.0,0.1,300.0,1,24.6,0.1,15,0,0.0,,,14,612.6,0.1
S1,1.0,0.1,300.0,2,24.6,0.1,15,0,0.0,,,14,612.6,0.1
S1,1.0,0.1,300.0,3,24.6,0.1,15,0,0.0,,,14,612.6,0.1
S1,1.0,0.1,300.0,4,24.6,0.1,15,0,0.0,,,14,612.6,0.1
S1,1.0,0.1,300.0,5,24.6,0.1,15,0,0.0,,,14,612.6,0.1
S1,1.0,0.1,300.0,6,24.6,0.1,15,0,0.0,,,14,612.6,0.1
S1,1.0,0.1,300.0,7,24.6,0.1,15,0,0.0,,,14,612.6,0.1
S1,1.0,0.1,300.0,8,24.6,0.1,15,0,0.0,,,14,612.6,0.1
S1,1.0,0.1,300.0,9,24.6,0.1,15,0,0.0,,,14,612.6,0.1
S1,1.0,0.1,300.0,10,24.6,0.1,15,0,0.0,,,14,612.6,0.1
S1,1.0,0.1,300.0,11,24.6,0.1,15,0,0.0,,,14,612.6,0.1
S1,1.0,0.1,300.0,12,24.6,0.1,15,0,0.0,,,14,612.6,0.1
S1,1.0,0.1,300.0,13,24.6,0.1,15,0,0.0,,,14,612.6,0.1
S1,1.0,0.1,300.0,14,24.6,0.1,15,0,0.0,,,14,612.6,0.1
S1,1.0,0.1,300.0,15,24.6,0.1,15,0,0.0,,,14,612.6,0.1
S1,1.0,0.1,500.0,1,24.6,0.1,15,0,0.0,,,14,612.6,0.1
S1,1.0,0.1,500.0,2,24.6,0.1,15,0,0.0,,,14,612.6,0.1
S1,1.0,0.1,500.0,3,24.6,0.1,15,0,0.0,,,14,612.6,0.1
S1,1.0,0.1,500.0,4,24.6,0.1,15,0,0.0,,,14,612.6,0.1
S1,1.0,0.1,500.0,5,24.6,0.1,15,0,0.0,,,14,612.6,0.1
S1,1.0,0.1,500.0,6,24.6,0.1,15,0,0.0,,,14,612.6,0.1
S1,1.0,0.1,500.0,7,24.6,0.1,15,0,0.0,,,14,612.6,0.1
S1,1.0,0.1,500.0,8,24.6,0.1,15,0,0.0,,,14,612.6,0.1
S1,1.0,0.1,500.0,9,24.6,0.1,15,0,0.0,,,14,612.6,0.1
S1,1.0,0.1,500.0,10,24.6,0.1,15,0,0.0,,,14,612.6,0.1
S1,1.0,0.1,500.0,11,24.6,0.1,15,0,0.0,,,14,612.6,0.1
S1,1.0,0.1,500.0,12,24.6,0.1,15,0,0.0,,,14,612.6,0.1
S1,1.0,0.1,500.0,13,24.6,0.1,15,0,0.0,,,14,612.6,0.1
S1,1.0,0.1,500.0,14,24.6,0.1,15,0,0.0,,,14,612.6,0.1
S1,1.0,0.1,500.0,15,24.6,0.1,15,0,0.0,,,14,612.6,0.1
S1,1.0,0.15,150.0,1,24.6,0.15,15,0,0.0,,,14,436.3,0.1
S1,1.0,0.15,150.0,2,24.6,0.15,15,0,0.0,,,14,436.3,0.1
S1,1.0,0.15,150.0,3,24.6,0.15,15,0,0.0,,,14,436.3,0.1
S1,1.0,0.15,150.0,4,24.6,0.15,15,0,0.0,,,14,436.3,0.1
S1,1.0,0.15,150.0,5,24.6,0.15,15,0,0.0,,,14,436.3,0.1
S1,1.0,0.15,150.0,6,24.6,0.15,15,0,0.0,,,14,436.3,0.1
S1,1.0,0.15,150.0,7,24.6,0.15,15,0,0.0,,,14,436.3,0.1
S1,1.0,0.15,150.0,8,24.6,0.15,15,0,0.0,,,14,436.3,0.1
S1,1.0,0.15,150.0,9,24.6,0.15,15,0,0.0,,,14,436.3,0.1
S1,1.0,0.15,150.0,10,24.6,0.15,15,0,0.0,,,14,436.3,0.1
S1,1.0,0.15,150.0,11,24.6,0.15,15,0,0.0,,,14,436.3,0.1
S1,1.0,0.15,150.0,12,24.6,0.15,15,0,0.0,,,14,436.3,0.1
S1,1.0,0.15,150.0,13,24.6,0.15,15,0,0.0,,,14,436.3,0.1
S1,1.0,0.15,150.0,14,24.6,0.15,15,0,0.0,,,14,436.3,0.1
S1,1.0,0.15,150.0,15,24.6,0.15,15,0,0.0,,,14,436.3,0.1
S1,1.0,0.15,300.0,1,24.6,0.15,15,0,0.0,,,14,436.3,0.1
S1,1.0,0.15,300.0,2,24.6,0.15,15,0,0.0,,,14,436.3,0.1
S1,1.0,0.15,300.0,3,24.6,0.15,15,0,0.0,,,14,436.3,0.1
S1,1.0,0.15,300.0,4,24.6,0.15,15,0,0.0,,,14,436.3,0.1
S1,1.0,0.15,300.0,5,24.6,0.15,15,0,0.0,,,14,436.3,0.1
S1,1.0,0.15,300.0,6,24.6,0.15,15,0,0.0,,,14,436.3,0.1
S1,1.0,0.15,300.0,7,24.6,0.15,15,0,0.0,,,14,436.3,0.1
S1,1.0,0.15,300.0,8,24.6,0.15,15,0,0.0,,,14,436.3,0.1
S1,1.0,0.15,300.0,9,24.6,0.15,15,0,0.0,,,14,436.3,0.1
S1,1.0,0.15,300.0,10,24.6,0.15,15,0,0.0,,,14,436.3,0.1
S1,1.0,0.15,300.0,11,24.6,0.15,15,0,0.0,,,14,436.3,0.1
S1,1.0,0.15,300.0,12,24.6,0.15,15,0,0.0,,,14,436.3,0.1
S1,1.0,0.15,300.0,13,24.6,0.15,15,0,0.0,,,14,436.3,0.1
S1,1.0,0.15,300.0,14,24.6,0.15,15,0,0.0,,,14,436.3,0.1
S1,1.0,0.15,300.0,15,24.6,0.15,15,0,0.0,,,14,436.3,0.1
S1,1.0,0.15,500.0,1,24.6,0.15,15,0,0.0,,,14,436.3,0.1
S1,1.0,0.15,500.0,2,24.6,0.15,15,0,0.0,,,14,436.3,0.1
S1,1.0,0.15,500.0,3,24.6,0.15,15,0,0.0,,,14,436.3,0.1
S1,1.0,0.15,500.0,4,24.6,0.15,15,0,0.0,,,14,436.3,0.1
S1,1.0,0.15,500.0,5,24.6,0.15,15,0,0.0,,,14,436.3,0.1
S1,1.0,0.15,500.0,6,24.6,0.15,15,0,0.0,,,14,436.3,0.1
S1,1.0,0.15,500.0,7,24.6,0.15,15,0,0.0,,,14,436.3,0.1
S1,1.0,0.15,500.0,8,24.6,0.15,15,0,0.0,,,14,436.3,0.1
S1,1.0,0.15,500.0,9,24.6,0.15,15,0,0.0,,,14,436.3,0.1
S1,1.0,0.15,500.0,10,24.6,0.15,15,0,0.0,,,14,436.3,0.1
S1,1.0,0.15,500.0,11,24.6,0.15,15,0,0.0,,,14,436.3,0.1
S1,1.0,0.15,500.0,12,24.6,0.15,15,0,0.0,,,14,436.3,0.1
S1,1.0,0.15,500.0,13,24.6,0.15,15,0,0.0,,,14,436.3,0.1
S1,1.0,0.15,500.0,14,24.6,0.15,15,0,0.0,,,14,436.3,0.1
S1,1.0,0.15,500.0,15,24.6,0.15,15,0,0.0,,,14,436.3,0.1
S1,2.0,0.05,150.0,1,17.395,0.1,15,0,0.0,,,14,591.0,0.1
S1,2.0,0.05,150.0,2,17.395,0.1,15,0,0.0,,,14,591.0,0.1
S1,2.0,0.05,150.0,3,17.395,0.1,15,0,0.0,,,14,591.0,0.1
S1,2.0,0.05,150.0,4,17.395,0.1,15,0,0.0,,,14,591.0,0.1
S1,2.0,0.05,150.0,5,17.395,0.1,15,0,0.0,,,14,591.0,0.1
S1,2.0,0.05,150.0,6,17.395,0.1,15,0,0.0,,,14,591.0,0.1
S1,2.0,0.05,150.0,7,17.395,0.1,15,0,0.0,,,14,591.0,0.1
S1,2.0,0.05,150.0,8,17.395,0.1,15,0,0.0,,,14,591.0,0.1
S1,2.0,0.05,150.0,9,17.395,0.1,15,0,0.0,,,14,591.0,0.1
S1,2.0,0.05,150.0,10,17.395,0.1,15,0,0.0,,,14,591.0,0.1
S1,2.0,0.05,150.0,11,17.395,0.1,15,0,0.0,,,14,591.0,0.1
S1,2.0,0.05,150.0,12,17.395,0.1,15,0,0.0,,,14,591.0,0.1
S1,2.0,0.05,150.0,13,17.395,0.1,15,0,0.0,,,14,591.0,0.1
S1,2.0,0.05,150.0,14,17.395,0.1,15,0,0.0,,,14,591.0,0.1
S1,2.0,0.05,150.0,15,17.395,0.1,15,0,0.0,,,14,591.0,0.1
S1,2.0,0.05,300.0,1,17.395,0.1,15,0,0.0,,,14,591.0,0.1
S1,2.0,0.05,300.0,2,17.395,0.1,15,0,0.0,,,14,591.0,0.1
S1,2.0,0.05,300.0,3,17.395,0.1,15,0,0.0,,,14,591.0,0.1
S1,2.0,0.05,300.0,4,17.395,0.1,15,0,0.0,,,14,591.0,0.1
S1,2.0,0.05,300.0,5,17.395,0.1,15,0,0.0,,,14,591.0,0.1
S1,2.0,0.05,300.0,6,17.395,0.1,15,0,0.0,,,14,591.0,0.1
S1,2.0,0.05,300.0,7,17.395,0.1,15,0,0.0,,,14,591.0,0.1
S1,2.0,0.05,300.0,8,17.395,0.1,15,0,0.0,,,14,591.0,0.1
S1,2.0,0.05,300.0,9,17.395,0.1,15,0,0.0,,,14,591.0,0.1
S1,2.0,0.05,300.0,10,17.395,0.1,15,0,0.0,,,14,591.0,0.1
S1,2.0,0.05,300.0,11,17.395,0.1,15,0,0.0,,,14,591.0,0.1
S1,2.0,0.05,300.0,12,17.395,0.1,15,0,0.0,,,14,591.0,0.1
S1,2.0,0.05,300.0,13,17.395,0.1,15,0,0.0,,,14,591.0,0.1
S1,2.0,0.05,300.0,14,17.395,0.1,15,0,0.0,,,14,591.0,0.1
S1,2.0,0.05,300.0,15,17.395,0.1,15,0,0.0,,,14,591.0,0.1
S1,2.0,0.05,500.0,1,17.395,0.1,15,0,0.0,,,14,591.0,0.1
S1,2.0,0.05,500.0,2,17.395,0.1,15,0,0.0,,,14,591.0,0.1
S1,2.0,0.05,500.0,3,17.395,0.1,15,0,0.0,,,14,591.0,0.1
S1,2.0,0.05,500.0,4,17.395,0.1,15,0,0.0,,,14,591.0,0.1
S1,2.0,0.05,500.0,5,17.395,0.1,15,0,0.0,,,14,591.0,0.1
S1,2.0,0.05,500.0,6,17.395,0.1,15,0,0.0,,,14,591.0,0.1
S1,2.0,0.05,500.0,7,17.395,0.1,15,0,0.0,,,14,591.0,0.1
S1,2.0,0.05,500.0,8,17.395,0.1,15,0,0.0,,,14,591.0,0.1
S1,2.0,0.05,500.0,9,17.395,0.1,15,0,0.0,,,14,591.0,0.1
S1,2.0,0.05,500.0,10,17.395,0.1,15,0,0.0,,,14,591.0,0.1
S1,2.0,0.05,500.0,11,17.395,0.1,15,0,0.0,,,14,591.0,0.1
S1,2.0,0.05,500.0,12,17.395,0.1,15,0,0.0,,,14,591.0,0.1
S1,2.0,0.05,500.0,13,17.395,0.1,15,0,0.0,,,14,591.0,0.1
S1,2.0,0.05,500.0,14,17.395,0.1,15,0,0.0,,,14,591.0,0.1
S1,2.0,0.05,500.0,15,17.395,0.1,15,0,0.0,,,14,591.0,0.1
S1,2.0,0.1,150.0,1,17.395,0.2,15,0,0.0,,,14,326.6,0.1
S1,2.0,0.1,150.0,2,17.395,0.2,15,0,0.0,,,14,326.6,0.1
S1,2.0,0.1,150.0,3,17.395,0.2,15,0,0.0,,,14,326.6,0.1
S1,2.0,0.1,150.0,4,17.395,0.2,15,0,0.0,,,14,326.6,0.1
S1,2.0,0.1,150.0,5,17.395,0.2,15,0,0.0,,,14,326.6,0.1
S1,2.0,0.1,150.0,6,17.395,0.2,15,0,0.0,,,14,326.6,0.1
S1,2.0,0.1,150.0,7,17.395,0.2,15,0,0.0,,,14,326.6,0.1
S1,2.0,0.1,150.0,8,17.395,0.2,15,0,0.0,,,14,326.6,0.1
S1,2.0,0.1,150.0,9,17.395,0.2,15,0,0.0,,,14,326.6,0.1
S1,2.0,0.1,150.0,10,17.395,0.2,15,0,0.0,,,14,326.6,0.1
S1,2.0,0.1,150.0,11,17.395,0.2,15,0,0.0,,,14,326.6,0.1
S1,2.0,0.1,150.0,12,17.395,0.2,15,0,0.0,,,14,326.6,0.1
S1,2.0,0.1,150.0,13,17.395,0.2,15,0,0.0,,,14,326.6,0.1
S1,2.0,0.1,150.0,14,17.395,0.2,15,0,0.0,,,14,326.6,0.1
S1,2.0,0.1,150.0,15,17.395,0.2,15,0,0.0,,,14,326.6,0.1
S1,2.0,0.1,300.0,1,17.395,0.2,15,0,0.0,,,14,326.6,0.1
S1,2.0,0.1,300.0,2,17.395,0.2,15,0,0.0,,,14,326.6,0.1
S1,2.0,0.1,300.0,3,17.395,0.2,15,0,0.0,,,14,326.6,0.1
S1,2.0,0.1,300.0,4,17.395,0.2,15,0,0.0,,,14,326.6,0.1
S1,2.0,0.1,300.0,5,17.395,0.2,15,0,0.0,,,14,326.6,0.1
S1,2.0,0.1,300.0,6,17.395,0.2,15,0,0.0,,,14,326.6,0.1
S1,2.0,0.1,300.0,7,17.395,0.2,15,0,0.0,,,14,326.6,0.1
S1,2.0,0.1,300.0,8,17.395,0.2,15,0,0.0,,,14,326.6,0.1
S1,2.0,0.1,300.0,9,17.395,0.2,15,0,0.0,,,14,326.6,0.1
S1,2.0,0.1,300.0,10,17.395,0.2,15,0,0.0,,,14,326.6,0.1
S1,2.0,0.1,300.0,11,17.395,0.2,15,0,0.0,,,14,326.6,0.1
S1,2.0,0.1,300.0,12,17.395,0.2,15,0,0.0,,,14,326.6,0.1
S1,2.0,0.1,300.0,13,17.395,0.2,15,0,0.0,,,14,326.6,0.1
S1,2.0,0.1,300.0,14,17.395,0.2,15,0,0.0,,,14,326.6,0.1
S1,2.0,0.1,300.0,15,17.395,0.2,15,0,0.0,,,14,326.6,0.1
S1,2.0,0.1,500.0,1,17.395,0.2,15,0,0.0,,,14,326.6,0.1
S1,2.0,0.1,500.0,2,17.395,0.2,15,0,0.0,,,14,326.6,0.1
S1,2.0,0.1,500.0,3,17.395,0.2,15,0,0.0,,,14,326.6,0.1
S1,2.0,0.1,500.0,4,17.395,0.2,15,0,0.0,,,14,326.6,0.1
S1,2.0,0.1,500.0,5,17.395,0.2,15,0,0.0,,,14,326.6,0.1
S1,2.0,0.1,500.0,6,17.395,0.2,15,0,0.0,,,14,326.6,0.1
S1,2.0,0.1,500.0,7,17.395,0.2,15,0,0.0,,,14,326.6,0.1
S1,2.0,0.1,500.0,8,17.395,0.2,15,0,0.0,,,14,326.6,0.1
S1,2.0,0.1,500.0,9,17.395,0.2,15,0,0.0,,,14,326.6,0.1
S1,2.0,0.1,500.0,10,17.395,0.2,15,0,0.0,,,14,326.6,0.1
S1,2.0,0.1,500.0,11,17.395,0.2,15,0,0.0,,,14,326.6,0.1
S1,2.0,0.1,500.0,12,17.395,0.2,15,0,0.0,,,14,326.6,0.1
S1,2.0,0.1,500.0,13,17.395,0.2,15,0,0.0,,,14,326.6,0.1
S1,2.0,0.1,500.0,14,17.395,0.2,15,0,0.0,,,14,326.6,0.1
S1,2.0,0.1,500.0,15,17.395,0.2,15,0,0.0,,,14,326.6,0.1
S1,2.0,0.15,150.0,1,17.395,0.3,15,0,0.0,,,14,238.4,0.1
S1,2.0,0.15,150.0,2,17.395,0.3,15,0,0.0,,,14,238.4,0.1
S1,2.0,0.15,150.0,3,17.395,0.3,15,0,0.0,,,14,238.4,0.1
S1,2.0,0.15,150.0,4,17.395,0.3,15,0,0.0,,,14,238.4,0.1
S1,2.0,0.15,150.0,5,17.395,0.3,15,0,0.0,,,14,238.4,0.1
S1,2.0,0.15,150.0,6,17.395,0.3,15,0,0.0,,,14,238.4,0.1
S1,2.0,0.15,150.0,7,17.395,0.3,15,0,0.0,,,14,238.4,0.1
S1,2.0,0.15,150.0,8,17.395,0.3,15,0,0.0,,,14,238.4,0.1
S1,2.0,0.15,150.0,9,17.395,0.3,15,0,0.0,,,14,238.4,0.1
S1,2.0,0.15,150.0,10,17.395,0.3,15,0,0.0,,,14,238.4,0.1
S1,2.0,0.15,150.0,11,17.395,0.3,15,0,0.0,,,14,238.4,0.1
S1,2.0,0.15,150.0,12,17.395,0.3,15,0,0.0,,,14,238.4,0.1
S1,2.0,0.15,150.0,13,17.395,0.3,15,0,0.0,,,14,238.4,0.1
S1,2.0,0.15,150.0,14,17.395,0.3,15,0,0.0,,,14,238.4,0.1
S1,2.0,0.15,150.0,15,17.395,0.3,15,0,0.0,,,14,238.4,0.1
S1,2.0,0.15,300.0,1,17.395,0.3,15,0,0.0,,,14,238.4,0.1
S1,2.0,0.15,300.0,2,17.395,0.3,15,0,0.0,,,14,238.4,0.1
S1,2.0,0.15,300.0,3,17.395,0.3,15,0,0.0,,,14,238.4,0.1
S1,2.0,0.15,300.0,4,17.395,0.3,15,0,0.0,,,14,238.4,0.1
S1,2.0,0.15,300.0,5,17.395,0.3,15,0,0.0,,,14,238.4,0.1
S1,2.0,0.15,300.0,6,17.395,0.3,15,0,0.0,,,14,238.4,0.1
S1,2.0,0.15,300.0,7,17.395,0.3,15,0,0.0,,,14,238.4,0.1
S1,2.0,0.15,300.0,8,17.395,0.3,15,0,0.0,,,14,238.4,0.1
S1,2.0,0.15,300.0,9,17.395,0.3,15,0,0.0,,,14,238.4,0.1
S1,2.0,0.15,300.0,10,17.395,0.3,15,0,0.0,,,14,238.4,0.1
S1,2.0,0.15,300.0,11,17.395,0.3,15,0,0.0,,,14,238.4,0.1
S1,2.0,0.15,300.0,12,17.395,0.3,15,0,0.0,,,14,238.4,0.1
S1,2.0,0.15,300.0,13,17.395,0.3,15,0,0.0,,,14,238.4,0.1
S1,2.0,0.15,300.0,14,17.395,0.3,15,0,0.0,,,14,238.4,0.1
S1,2.0,0.15,300.0,15,17.395,0.3,15,0,0.0,,,14,238.4,0.1
S1,2.0,0.15,500.0,1,17.395,0.3,15,0,0.0,6.2361779806720925,127.66524725795789,14,238.4,0.1
S1,2.0,0.15,500.0,2,17.395,0.3,15,0,0.0,6.2361779806720925,127.66524725795789,14,238.4,0.1
S1,2.0,0.15,500.0,3,17.395,0.3,15,0,0.0,6.2361779806720925,127.66524725795789,14,238.4,0.1
S1,2.0,0.15,500.0,4,17.395,0.3,15,0,0.0,6.2361779806720925,127.66524725795789,14,238.4,0.1
S1,2.0,0.15,500.0,5,17.395,0.3,15,0,0.0,6.2361779806720925,127.66524725795789,14,238.4,0.1
S1,2.0,0.15,500.0,6,17.395,0.3,15,0,0.0,6.2361779806720925,127.66524725795789,14,238.4,0.1
S1,2.0,0.15,500.0,7,17.395,0.3,15,0,0.0,6.2361779806720925,127.66524725795789,14,238.4,0.1
S1,2.0,0.15,500.0,8,17.395,0.3,15,0,0.0,6.2361779806720925,127.66524725795789,14,238.4,0.1
S1,2.0,0.15,500.0,9,17.395,0.3,15,0,0.0,6.2361779806720925,127.66524725795789,14,238.4,0.1
S1,2.0,0.15,500.0,10,17.395,0.3,15,0,0.0,6.2361779806720925,127.66524725795789,14,238.4,0.1
S1,2.0,0.15,500.0,11,17.395,0.3,15,0,0.0,6.2361779806720925,127.66524725795789,14,238.4,0.1
S1,2.0,0.15,500.0,12,17.395,0.3,15,0,0.0,6.2361779806720925,127.66524725795789,14,238.4,0.1
S1,2.0,0.15,500.0,13,17.395,0.3,15,0,0.0,6.2361779806720925,127.66524725795789,14,238.4,0.1
S1,2.0,0.15,500.0,14,17.395,0.3,15,0,0.0,6.2361779806720925,127.66524725795789,14,238.4,0.1
S1,2.0,0.15,500.0,15,17.395,0.3,15,0,0.0,6.2361779806720925,127.66524725795789,14,238.4,0.1
S1,5.0,0.05,150.0,1,11.001,0.25,15,0,0.0,,,14,254.5,0.1
S1,5.0,0.05,150.0,2,11.001,0.25,15,0,0.0,,,14,254.5,0.1
S1,5.0,0.05,150.0,3,11.001,0.25,15,0,0.0,,,14,254.5,0.1
S1,5.0,0.05,150.0,4,11.001,0.25,15,0,0.0,,,14,254.5,0.1
S1,5.0,0.05,150.0,5,11.001,0.25,15,0,0.0,,,14,254.5,0.1
S1,5.0,0.05,150.0,6,11.001,0.25,15,0,0.0,,,14,254.5,0.1
S1,5.0,0.05,150.0,7,11.001,0.25,15,0,0.0,,,14,254.5,0.1
S1,5.0,0.05,150.0,8,11.001,0.25,15,0,0.0,,,14,254.5,0.1
S1,5.0,0.05,150.0,9,11.001,0.25,15,0,0.0,,,14,254.5,0.1
S1,5.0,0.05,150.0,10,11.001,0.25,15,0,0.0,,,14,254.5,0.1
S1,5.0,0.05,150.0,11,11.001,0.25,15,0,0.0,,,14,254.5,0.1
S1,5.0,0.05,150.0,12,11.001,0.25,15,0,0.0,,,14,254.5,0.1
S1,5.0,0.05,150.0,13,11.001,0.25,15,0,0.0,,,14,254.5,0.1
S1,5.0,0.05,150.0,14,11.001,0.25,15,0,0.0,,,14,254.5,0.1
S1,5.0,0.05,150.0,15,11.001,0.25,15,0,0.0,,,14,254.5,0.1
S1,5.0,0.05,300.0,1,11.001,0.25,15,0,0.0,,,14,254.5,0.1
S1,5.0,0.05,300.0,2,11.001,0.25,15,0,0.0,,,14,254.5,0.1
S1,5.0,0.05,300.0,3,11.001,0.25,15,0,0.0,,,14,254.5,0.1
S1,5.0,0.05,300.0,4,11.001,0.25,15,0,0.0,,,14,254.5,0.1
S1,5.0,0.05,300.0,5,11.001,0.25,15,0,0.0,,,14,254.5,0.1
S1,5.0,0.05,300.0,6,11.001,0.25,15,0,0.0,,,14,254.5,0.1
S1,5.0,0.05,300.0,7,11.001,0.25,15,0,0.0,,,14,254.5,0.1
S1,5.0,0.05,300.0,8,11.001,0.25,15,0,0.0,,,14,254.5,0.1
S1,5.0,0.05,300.0,9,11.001,0.25,15,0,0.0,,,14,254.5,0.1
S1,5.0,0.05,300.0,10,11.001,0.25,15,0,0.0,,,14,254.5,0.1
S1,5.0,0.05,300.0,11,11.001,0.25,15,0,0.0,,,14,254.5,0.1
S1,5.0,0.05,300.0,12,11.001,0.25,15,0,0.0,,,14,254.5,0.1
S1,5.0,0.05,300.0,13,11.001,0.25,15,0,0.0,,,14,254.5,0.1
S1,5.0,0.05,300.0,14,11.001,0.25,15,0,0.0,,,14,254.5,0.1
S1,5.0,0.05,300.0,15,11.001,0.25,15,0,0.0,,,14,254.5,0.1
S1,5.0,0.05,500.0,1,11.001,0.25,15,0,0.0,8.931025068068863,205.95027297158487,14,254.5,0.1
S1,5.0,0.05,500.0,2,11.001,0.25,15,0,0.0,8.931025068068863,205.95027297158487,14,254.5,0.1
S1,5.0,0.05,500.0,3,11.001,0.25,15,0,0.0,8.931025068068863,205.95027297158487,14,254.5,0.1
S1,5.0,0.05,500.0,4,11.001,0.25,15,0,0.0,8.931025068068863,205.95027297158487,14,254.5,0.1
S1,5.0,0.05,500.0,5,11.001,0.25,15,0,0.0,8.931025068068863,205.95027297158487,14,254.5,0.1
S1,5.0,0.05,500.0,6,11.001,0.25,15,0,0.0,8.931025068068863,205.95027297158487,14,254.5,0.1
S1,5.0,0.05,500.0,7,11.001,0.25,15,0,0.0,8.931025068068863,205.95027297158487,14,254.5,0.1
S1,5.0,0.05,500.0,8,11.001,0.25,15,0,0.0,8.931025068068863,205.95027297158487,14,254.5,0.1
S1,5.0,0.05,500.0,9,11.001,0.25,15,0,0.0,8.931025068068863,205.95027297158487,14,254.5,0.1
S1,5.0,0.05,500.0,10,11.001,0.25,15,0,0.0,8.931025068068863,205.95027297158487,14,254.5,0.1
S1,5.0,0.05,500.0,11,11.001,0.25,15,0,0.0,8.931025068068863,205.95027297158487,14,254.5,0.1
S1,5.0,0.05,500.0,12,11.001,0.25,15,0,0.0,8.931025068068863,205.95027297158487,14,254.5,0.1
S1,5.0,0.05,500.0,13,11.001,0.25,15,0,0.0,8.931025068068863,205.95027297158487,14,254.5,0.1
S1,5.0,0.05,500.0,14,11.001,0.25,15,0,0.0,8.931025068068863,205.95027297158487,14,254.5,0.1
S1,5.0,0.05,500.0,15,11.001,0.25,15,0,0.0,8.931025068068863,205.95027297158487,14,254.5,0.1
S1,5.0,0.1,150.0,1,11.001,0.5,15,0,0.0,2.4188611112804055,-15.245596511219706,14,148.8,0.1
S1,5.0,0.1,150.0,2,11.001,0.5,15,0,0.0,2.4188611112804055,-15.245596511219706,14,148.8,0.1
S1,5.0,0.1,150.0,3,11.001,0.5,15,0,0.0,2.4188611112804055,-15.245596511219706,14,148.8,0.1
S1,5.0,0.1,150.0,4,11.001,0.5,15,0,0.0,2.4188611112804055,-15.245596511219706,14,148.8,0.1
S1,5.0,0.1,150.0,5,11.001,0.5,15,0,0.0,2.4188611112804055,-15.245596511219706,14,148.8,0.1
S1,5.0,0.1,150.0,6,11.001,0.5,15,0,0.0,2.4188611112804055,-15.245596511219706,14,148.8,0.1
S1,5.0,0.1,150.0,7,11.001,0.5,15,0,0.0,2.4188611112804055,-15.245596511219706,14,148.8,0.1
S1,5.0,0.1,150.0,8,11.001,0.5,15,0,0.0,2.4188611112804055,-15.245596511219706,14,148.8,0.1
S1,5.0,0.1,150.0,9,11.001,0.5,15,0,0.0,2.4188611112804055,-15.245596511219706,14,148.8,0.1
S1,5.0,0.1,150.0,10,11.001,0.5,15,0,0.0,2.4188611112804055,-15.245596511219706,14,148.8,0.1
S1,5.0,0.1,150.0,11,11.001,0.5,15,0,0.0,2.4188611112804055,-15.245596511219706,14,148.8,0.1
S1,5.0,0.1,150.0,12,11.001,0.5,15,0,0.0,2.4188611112804055,-15.245596511219706,14,148.8,0.1
S1,5.0,0.1,150.0,13,11.001,0.5,15,0,0.0,2.4188611112804055,-15.245596511219706,14,148.8,0.1
S1,5.0,0.1,150.0,14,11.001,0.5,15,0,0.0,2.4188611112804055,-15.245596511219706,14,148.8,0.1
S1,5.0,0.1,150.0,15,11.001,0.5,15,0,0.0,2.4188611112804055,-15.245596511219706,14,148.8,0.1
S1,5.0,0.1,300.0,1,11.001,0.5,15,0,0.0,1.5319567529483586,3.8712648185376564,14,148.8,0.1
S1,5.0,0.1,300.0,2,11.001,0.5,15,0,0.0,1.5319567529483586,3.8712648185376564,14,148.8,0.1
S1,5.0,0.1,300.0,3,11.001,0.5,15,0,0.0,1.5319567529483586,3.8712648185376564,14,148.8,0.1
S1,5.0,0.1,300.0,4,11.001,0.5,15,0,0.0,1.5319567529483586,3.8712648185376564,14,148.8,0.1
S1,5.0,0.1,300.0,5,11.001,0.5,15,0,0.0,1.5319567529483586,3.8712648185376564,14,148.8,0.1
S1,5.0,0.1,300.0,6,11.001,0.5,15,0,0.0,1.5319567529483586,3.8712648185376564,14,148.8,0.1
S1,5.0,0.1,300.0,7,11.001,0.5,15,0,0.0,1.5319567529483586,3.8712648185376564,14,148.8,0.1
S1,5.0,0.1,300.0,8,11.001,0.5,15,0,0.0,1.5319567529483586,3.8712648185376564,14,148.8,0.1
S1,5.0,0.1,300.0,9,11.001,0.5,15,0,0.0,1.5319567529483586,3.8712648185376564,14,148.8,0.1
S1,5.0,0.1,300.0,10,11.001,0.5,15,0,0.0,1.5319567529483586,3.8712648185376564,14,148.8,0.1
S1,5.0,0.1,300.0,11,11.001,0.5,15,0,0.0,1.5319567529483586,3.8712648185376564,14,148.8,0.1
S1,5.0,0.1,300.0,12,11.001,0.5,15,0,0.0,1.5319567529483586,3.8712648185376564,14,148.8,0.1
S1,5.0,0.1,300.0,13,11.001,0.5,15,0,0.0,1.5319567529483586,3.8712648185376564,14,148.8,0.1
S1,5.0,0.1,300.0,14,11.001,0.5,15,0,0.0,1.5319567529483586,3.8712648185376564,14,148.8,0.1
S1,5.0,0.1,300.0,15,11.001,0.5,15,0,0.0,1.5319567529483586,3.8712648185376564,14,148.8,0.1
S1,5.0,0.1,500.0,1,11.001,0.5,15,0,0.0,2.303074051193835,29.077153760047114,14,148.8,0.1
S1,5.0,0.1,500.0,2,11.001,0.5,15,0,0.0,2.303074051193835,29.077153760047114,14,148.8,0.1
S1,5.0,0.1,500.0,3,11.001,0.5,15,0,0.0,2.303074051193835,29.077153760047114,14,148.8,0.1
S1,5.0,0.1,500.0,4,11.001,0.5,15,0,0.0,2.303074051193835,29.077153760047114,14,148.8,0.1
S1,5.0,0.1,500.0,5,11.001,0.5,15,0,0.0,2.303074051193835,29.077153760047114,14,148.8,0.1
S1,5.0,0.1,500.0,6,11.001,0.5,15,0,0.0,2.303074051193835,29.077153760047114,14,148.8,0.1
S1,5.0,0.1,500.0,7,11.001,0.5,15,0,0.0,2.303074051193835,29.077153760047114,14,148.8,0.1
S1,5.0,0.1,500.0,8,11.001,0.5,15,0,0.0,2.303074051193835,29.077153760047114,14,148.8,0.1
S1,5.0,0.1,500.0,9,11.001,0.5,15,0,0.0,2.303074051193835,29.077153760047114,14,148.8,0.1
S1,5.0,0.1,500.0,10,11.001,0.5,15,0,0.0,2.303074051193835,29.077153760047114,14,148.8,0.1
S1,5.0,0.1,500.0,11,11.001,0.5,15,0,0.0,2.303074051193835,29.077153760047114,14,148.8,0.1
S1,5.0,0.1,500.0,12,11.001,0.5,15,0,0.0,2.303074051193835,29.077153760047114,14,148.8,0.1
S1,5.0,0.1,500.0,13,11.001,0.5,15,0,0.0,2.303074051193835,29.077153760047114,14,148.8,0.1
S1,5.0,0.1,500.0,14,11.001,0.5,15,0,0.0,2.303074051193835,29.077153760047114,14,148.8,0.1
S1,5.0,0.1,500.0,15,11.001,0.5,15,0,0.0,2.303074051193835,29.077153760047114,14,148.8,0.1
S1,5.0,0.15,150.0,1,11.001,0.75,15,0,0.0,0.05493106551266422,0.5580746890867812,14,113.5,0.1
S1,5.0,0.15,150.0,2,11.001,0.75,15,0,0.0,0.05493106551266422,0.5580746890867812,14,113.5,0.1
S1,5.0,0.15,150.0,3,11.001,0.75,15,0,0.0,0.05493106551266422,0.5580746890867812,14,113.5,0.1
S1,5.0,0.15,150.0,4,11.001,0.75,15,0,0.0,0.05493106551266422,0.5580746890867812,14,113.5,0.1
S1,5.0,0.15,150.0,5,11.001,0.75,15,0,0.0,0.05493106551266422,0.5580746890867812,14,113.5,0.1
S1,5.0,0.15,150.0,6,11.001,0.75,15,0,0.0,0.05493106551266422,0.5580746890867812,14,113.5,0.1
S1,5.0,0.15,150.0,7,11.001,0.75,15,0,0.0,0.05493106551266422,0.5580746890867812,14,113.5,0.1
S1,5.0,0.15,150.0,8,11.001,0.75,15,0,0.0,0.05493106551266422,0.5580746890867812,14,113.5,0.1
S1,5.0,0.15,150.0,9,11.001,0.75,15,0,0.0,0.05493106551266422,0.5580746890867812,14,113.5,0.1
S1,5.0,0.15,150.0,10,11.001,0.75,15,0,0.0,0.05493106551266422,0.5580746890867812,14,113.5,0.1
S1,5.0,0.15,150.0,11,11.001,0.75,15,0,0.0,0.05493106551266422,0.5580746890867812,14,113.5,0.1
S1,5.0,0.15,150.0,12,11.001,0.75,15,0,0.0,0.05493106551266422,0.5580746890867812,14,113.5,0.1
S1,5.0,0.15,150.0,13,11.001,0.75,15,0,0.0,0.05493106551266422,0.5580746890867812,14,113.5,0.1
S1,5.0,0.15,150.0,14,11.001,0.75,15,0,0.0,0.05493106551266422,0.5580746890867812,14,113.5,0.1
S1,5.0,0.15,150.0,15,11.001,0.75,15,0,0.0,0.05493106551266422,0.5580746890867812,14,113.5,0.1
S1,5.0,0.15,300.0,1,11.001,0.75,15,0,0.0,0.107525888169686,0.7229662476626746,14,113.5,0.1
S1,5.0,0.15,300.0,2,11.001,0.75,15,0,0.0,0.107525888169686,0.7229662476626746,14,113.5,0.1
S1,5.0,0.15,300.0,3,11.001,0.75,15,0,0.0,0.107525888169686,0.7229662476626746,14,113.5,0.1
S1,5.0,0.15,300.0,4,11.001,0.75,15,0,0.0,0.107525888169686,0.7229662476626746,14,113.5,0.1
S1,5.0,0.15,300.0,5,11.001,0.75,15,0,0.0,0.107525888169686,0.7229662476626746,14,113.5,0.1
S1,5.0,0.15,300.0,6,11.001,0.75,15,0,0.0,0.107525888169686,0.7229662476626746,14,113.5,0.1
S1,5.0,0.15,300.0,7,11.001,0.75,15,0,0.0,0.107525888169686,0.7229662476626746,14,113.5,0.1
S1,5.0,0.15,300.0,8,11.001,0.75,15,0,0.0,0.107525888169686,0.7229662476626746,14,113.5,0.1
S1,5.0,0.15,300.0,9,11.001,0.75,15,0,0.0,0.107525888169686,0.7229662476626746,14,113.5,0.1
S1,5.0,0.15,300.0,10,11.001,0.75,15,0,0.0,0.107525888169686,0.7229662476626746,14,113.5,0.1
S1,5.0,0.15,300.0,11,11.001,0.75,15,0,0.0,0.107525888169686,0.7229662476626746,14,113.5,0.1
S1,5.0,0.15,300.0,12,11.001,0.75,15,0,0.0,0.107525888169686,0.7229662476626746,14,113.5,0.1
S1,5.0,0.15,300.0,13,11.001,0.75,15,0,0.0,0.107525888169686,0.7229662476626746,14,113.5,0.1
S1,5.0,0.15,300.0,14,11.001,0.75,15,0,0.0,0.107525888169686,0.7229662476626746,14,113.5,0.1
S1,5.0,0.15,300.0,15,11.001,0.75,15,0,0.0,0.107525888169686,0.7229662476626746,14,113.5,0.1
S1,5.0,0.15,500.0,1,11.001,0.75,15,0,0.0,0.6865488275727152,2.564102564102644,14,113.5,0.1
S1,5.0,0.15,500.0,2,11.001,0.75,15,0,0.0,0.6865488275727152,2.564102564102644,14,113.5,0.1
S1,5.0,0.15,500.0,3,11.001,0.75,15,0,0.0,0.6865488275727152,2.564102564102644,14,113.5,0.1
S1,5.0,0.15,500.0,4,11.001,0.75,15,0,0.0,0.6865488275727152,2.564102564102644,14,113.5,0.1
S1,5.0,0.15,500.0,5,11.001,0.75,15,0,0.0,0.6865488275727152,2.564102564102644,14,113.5,0.1
S1,5.0,0.15,500.0,6,11.001,0.75,15,0,0.0,0.6865488275727152,2.564102564102644,14,113.5,0.1
S1,5.0,0.15,500.0,7,11.001,0.75,15,0,0.0,0.6865488275727152,2.564102564102644,14,113.5,0.1
S1,5.0,0.15,500.0,8,11.001,0.75,15,0,0.0,0.6865488275727152,2.564102564102644,14,113.5,0.1
S1,5.0,0.15,500.0,9,11.001,0.75,15,0,0.0,0.6865488275727152,2.564102564102644,14,113.5,0.1
S1,5.0,0.15,500.0,10,11.001,0.75,15,0,0.0,0.6865488275727152,2.564102564102644,14,113.5,0.1
S1,5.0,0.15,500.0,11,11.001,0.75,15,0,0.0,0.6865488275727152,2.564102564102644,14,113.5,0.1
S1,5.0,0.15,500.0,12,11.001,0.75,15,0,0.0,0.6865488275727152,2.564102564102644,14,113.5,0.1
S1,5.0,0.15,500.0,13,11.001,0.75,15,0,0.0,0.6865488275727152,2.564102564102644,14,113.5,0.1
S1,5.0,0.15,500.0,14,11.001,0.75,15,0,0.0,0.6865488275727152,2.564102564102644,14,113.5,0.1
S1,5.0,0.15,500.0,15,11.001,0.75,15,0,0.0,0.6865488275727152,2.564102564102644,14,113.5,0.1
S1,10.0,0.05,150.0,1,7.779,0.5,15,0,0.0,1.8893135776431493,-12.108710709735593,14,139.1,0.1
S1,10.0,0.05,150.0,2,7.779,0.5,15,0,0.0,1.8893135776431493,-12.108710709735593,14,139.1,0.1
S1,10.0,0.05,150.0,3,7.779,0.5,15,0,0.0,1.8893135776431493,-12.108710709735593,14,139.1,0.1
S1,10.0,0.05,150.0,4,7.779,0.5,15,0,0.0,1.8893135776431493,-12.108710709735593,14,139.1,0.1
S1,10.0,0.05,150.0,5,7.779,0.5,15,0,0.0,1.8893135776431493,-12.108710709735593,14,139.1,0.1
S1,10.0,0.05,150.0,6,7.779,0.5,15,0,0.0,1.8893135776431493,-12.108710709735593,14,139.1,0.1
S1,10.0,0.05,150.0,7,7.779,0.5,15,0,0.0,1.8893135776431493,-12.108710709735593,14,139.1,0.1
S1,10.0,0.05,150.0,8,7.779,0.5,15,0,0.0,1.8893135776431493,-12.108710709735593,14,139.1,0.1
S1,10.0,0.05,150.0,9,7.779,0.5,15,0,0.0,1.8893135776431493,-12.108710709735593,14,139.1,0.1
S1,10.0,0.05,150.0,10,7.779,0.5,15,0,0.0,1.8893135776431493,-12.108710709735593,14,139.1,0.1
S1,10.0,0.05,150.0,11,7.779,0.5,15,0,0.0,1.8893135776431493,-12.108710709735593,14,139.1,0.1
S1,10.0,0.05,150.0,12,7.779,0.5,15,0,0.0,1.8893135776431493,-12.108710709735593,14,139.1,0.1
S1,10.0,0.05,150.0,13,7.779,0.5,15,0,0.0,1.8893135776431493,-12.108710709735593,14,139.1,0.1
S1,10.0,0.05,150.0,14,7.779,0.5,15,0,0.0,1.8893135776431493,-12.108710709735593,14,139.1,0.1
S1,10.0,0.05,150.0,15,7.779,0.5,15,0,0.0,1.8893135776431493,-12.108710709735593,14,139.1,0.1
S1,10.0,0.05,300.0,1,7.779,0.5,15,0,0.0,2.342313706717077,8.424636148919795,14,139.1,0.1
S1,10.0,0.05,300.0,2,7.779,0.5,15,0,0.0,2.342313706717077,8.424636148919795,14,139.1,0.1
S1,10.0,0.05,300.0,3,7.779,0.5,15,0,0.0,2.342313706717077,8.424636148919795,14,139.1,0.1
S1,10.0,0.05,300.0,4,7.779,0.5,15,0,0.0,2.342313706717077,8.424636148919795,14,139.1,0.1
S1,10.0,0.05,300.0,5,7.779,0.5,15,0,0.0,2.342313706717077,8.424636148919795,14,139.1,0.1
S1,10.0,0.05,300.0,6,7.779,0.5,15,0,0.0,2.342313706717077,8.424636148919795,14,139.1,0.1
S1,10.0,0.05,300.0,7,7.779,0.5,15,0,0.0,2.342313706717077,8.424636148919795,14,139.1,0.1
S1,10.0,0.05,300.0,8,7.779,0.5,15,0,0.0,2.342313706717077,8.424636148919795,14,139.1,0.1
S1,10.0,0.05,300.0,9,7.779,0.5,15,0,0.0,2.342313706717077,8.424636148919795,14,139.1,0.1
S1,10.0,0.05,300.0,10,7.779,0.5,15,0,0.0,2.342313706717077,8.424636148919795,14,139.1,0.1
S1,10.0,0.05,300.0,11,7.779,0.5,15,0,0.0,2.342313706717077,8.424636148919795,14,139.1,0.1
S1,10.0,0.05,300.0,12,7.779,0.5,15,0,0.0,2.342313706717077,8.424636148919795,14,139.1,0.1
S1,10.0,0.05,300.0,13,7.779,0.5,15,0,0.0,2.342313706717077,8.424636148919795,14,139.1,0.1
S1,10.0,0.05,300.0,14,7.779,0.5,15,0,0.0,2.342313706717077,8.424636148919795,14,139.1,0.1
S1,10.0,0.05,300.0,15,7.779,0.5,15,0,0.0,2.342313706717077,8.424636148919795,14,139.1,0.1
S1,10.0,0.05,500.0,1,7.779,0.5,15,0,0.0,4.84421847441904,44.93743476798966,14,139.1,0.1
S1,10.0,0.05,500.0,2,7.779,0.5,15,0,0.0,4.84421847441904,44.93743476798966,14,139.1,0.1
S1,10.0,0.05,500.0,3,7.779,0.5,15,0,0.0,4.84421847441904,44.93743476798966,14,139.1,0.1
S1,10.0,0.05,500.0,4,7.779,0.5,15,0,0.0,4.84421847441904,44.93743476798966,14,139.1,0.1
S1,10.0,0.05,500.0,5,7.779,0.5,15,0,0.0,4.84421847441904,44.93743476798966,14,139.1,0.1
S1,10.0,0.05,500.0,6,7.779,0.5,15,0,0.0,4.84421847441904,44.93743476798966,14,139.1,0.1
S1,10.0,0.05,500.0,7,7.779,0.5,15,0,0.0,4.84421847441904,44.93743476798966,14,139.1,0.1
S1,10.0,0.05,500.0,8,7.779,0.5,15,0,0.0,4.84421847441904,44.93743476798966,14,139.1,0.1
S1,10.0,0.05,500.0,9,7.779,0.5,15,0,0.0,4.84421847441904,44.93743476798966,14,139.1,0.1
S1,10.0,0.05,500.0,10,7.779,0.5,15,0,0.0,4.84421847441904,44.93743476798966,14,139.1,0.1
S1,10.0,0.05,500.0,11,7.779,0.5,15,0,0.0,4.84421847441904,44.93743476798966,14,139.1,0.1
S1,10.0,0.05,500.0,12,7.779,0.5,15,0,0.0,4.84421847441904,44.93743476798966,14,139.1,0.1
S1,10.0,0.05,500.0,13,7.779,0.5,15,0,0.0,4.84421847441904,44.93743476798966,14,139.1,0.1
S1,10.0,0.05,500.0,14,7.779,0.5,15,0,0.0,4.84421847441904,44.93743476798966,14,139.1,0.1
S1,10.0,0.05,500.0,15,7.779,0.5,15,0,0.0,4.84421847441904,44.93743476798966,14,139.1,0.1
S1,10.0,0.1,150.0,1,7.779,1.0,15,0,0.0,0.17710282623779222,0.5240914749060854,14,86.2,0.1
S1,10.0,0.1,150.0,2,7.779,1.0,15,0,0.0,0.17710282623779222,0.5240914749060854,14,86.2,0.1
S1,10.0,0.1,150.0,3,7.779,1.0,15,0,0.0,0.17710282623779222,0.5240914749060854,14,86.2,0.1
S1,10.0,0.1,150.0,4,7.779,1.0,15,0,0.0,0.17710282623779222,0.5240914749060854,14,86.2,0.1
S1,10.0,0.1,150.0,5,7.779,1.0,15,0,0.0,0.17710282623779222,0.5240914749060854,14,86.2,0.1
S1,10.0,0.1,150.0,6,7.779,1.0,15,0,0.0,0.17710282623779222,0.5240914749060854,14,86.2,0.1
S1,10.0,0.1,150.0,7,7.779,1.0,15,0,0.0,0.17710282623779222,0.5240914749060854,14,86.2,0.1
S1,10.0,0.1,150.0,8,7.779,1.0,15,0,0.0,0.17710282623779222,0.5240914749060854,14,86.2,0.1
S1,10.0,0.1,150.0,9,7.779,1.0,15,0,0.0,0.17710282623779222,0.5240914749060854,14,86.2,0.1
S1,10.0,0.1,150.0,10,7.779,1.0,15,0,0.0,0.17710282623779222,0.5240914749060854,14,86.2,0.1
S1,10.0,0.1,150.0,11,7.779,1.0,15,0,0.0,0.17710282623779222,0.5240914749060854,14,86.2,0.1
S1,10.0,0.1,150.0,12,7.779,1.0,15,0,0.0,0.17710282623779222,0.5240914749060854,14,86.2,0.1
S1,10.0,0.1,150.0,13,7.779,1.0,15,0,0.0,0.17710282623779222,0.5240914749060854,14,86.2,0.1
S1,10.0,0.1,150.0,14,7.779,1.0,15,0,0.0,0.17710282623779222,0.5240914749060854,14,86.2,0.1
S1,10.0,0.1,150.0,15,7.779,1.0,15,0,0.0,0.17710282623779222,0.5240914749060854,14,86.2,0.1
S1,10.0,0.1,300.0,1,7.779,1.0,15,0,0.0,0.5291612108987247,1.9241436643344212,14,86.2,0.1
S1,10.0,0.1,300.0,2,7.779,1.0,15,0,0.0,0.5291612108987247,1.9241436643344212,14,86.2,0.1
S1,10.0,0.1,300.0,3,7.779,1.0,15,0,0.0,0.5291612108987247,1.9241436643344212,14,86.2,0.1
S1,10.0,0.1,300.0,4,7.779,1.0,15,0,0.0,0.5291612108987247,1.9241436643344212,14,86.2,0.1
S1,10.0,0.1,300.0,5,7.779,1.0,15,0,0.0,0.5291612108987247,1.9241436643344212,14,86.2,0.1
S1,10.0,0.1,300.0,6,7.779,1.0,15,0,0.0,0.5291612108987247,1.9241436643344212,14,86.2,0.1
S1,10.0,0.1,300.0,7,7.779,1.0,15,0,0.0,0.5291612108987247,1.9241436643344212,14,86.2,0.1
S1,10.0,0.1,300.0,8,7.779,1.0,15,0,0.0,0.5291612108987247,1.9241436643344212,14,86.2,0.1
S1,10.0,0.1,300.0,9,7.779,1.0,15,0,0.0,0.5291612108987247,1.9241436643344212,14,86.2,0.1
S1,10.0,0.1,300.0,10,7.779,1.0,15,0,0.0,0.5291612108987247,1.9241436643344212,14,86.2,0.1
S1,10.0,0.1,300.0,11,7.779,1.0,15,0,0.0,0.5291612108987247,1.9241436643344212,14,86.2,0.1
S1,10.0,0.1,300.0,12,7.779,1.0,15,0,0.0,0.5291612108987247,1.9241436643344212,14,86.2,0.1
S1,10.0,0.1,300.0,13,7.779,1.0,15,0,0.0,0.5291612108987247,1.9241436643344212,14,86.2,0.1
S1,10.0,0.1,300.0,14,7.779,1.0,15,0,0.0,0.5291612108987247,1.9241436643344212,14,86.2,0.1
S1,10.0,0.1,300.0,15,7.779,1.0,15,0,0.0,0.5291612108987247,1.9241436643344212,14,86.2,0.1
S1,10.0,0.1,500.0,1,7.779,1.0,15,0,0.0,1.2006279421387656,6.5731128531634875,14,86.2,0.1
S1,10.0,0.1,500.0,2,7.779,1.0,15,0,0.0,1.2006279421387656,6.5731128531634875,14,86.2,0.1
S1,10.0,0.1,500.0,3,7.779,1.0,15,0,0.0,1.2006279421387656,6.5731128531634875,14,86.2,0.1
S1,10.0,0.1,500.0,4,7.779,1.0,15,0,0.0,1.2006279421387656,6.5731128531634875,14,86.2,0.1
S1,10.0,0.1,500.0,5,7.779,1.0,15,0,0.0,1.2006279421387656,6.5731128531634875,14,86.2,0.1
S1,10.0,0.1,500.0,6,7.779,1.0,15,0,0.0,1.2006279421387656,6.5731128531634875,14,86.2,0.1
S1,10.0,0.1,500.0,7,7.779,1.0,15,0,0.0,1.2006279421387656,6.5731128531634875,14,86.2,0.1
S1,10.0,0.1,500.0,8,7.779,1.0,15,0,0.0,1.2006279421387656,6.5731128531634875,14,86.2,0.1
S1,10.0,0.1,500.0,9,7.779,1.0,15,0,0.0,1.2006279421387656,6.5731128531634875,14,86.2,0.1
S1,10.0,0.1,500.0,10,7.779,1.0,15,0,0.0,1.2006279421387656,6.5731128531634875,14,86.2,0.1
S1,10.0,0.1,500.0,11,7.779,1.0,15,0,0.0,1.2006279421387656,6.5731128531634875,14,86.2,0.1
S1,10.0,0.1,500.0,12,7.779,1.0,15,0,0.0,1.2006279421387656,6.5731128531634875,14,86.2,0.1
S1,10.0,0.1,500.0,13,7.779,1.0,15,0,0.0,1.2006279421387656,6.5731128531634875,14,86.2,0.1
S1,10.0,0.1,500.0,14,7.779,1.0,15,0,0.0,1.2006279421387656,6.5731128531634875,14,86.2,0.1
S1,10.0,0.1,500.0,15,7.779,1.0,15,0,0.0,1.2006279421387656,6.5731128531634875,14,86.2,0.1
S1,10.0,0.15,150.0,1,7.779,1.5,15,0,0.0,0.7842611941828641,1.2194485942838154,13,68.6,0.1
S1,10.0,0.15,150.0,2,7.779,1.5,15,0,0.0,0.7842611941828641,1.2194485942838154,13,68.6,0.1
S1,10.0,0.15,150.0,3,7.779,1.5,15,0,0.0,0.7842611941828641,1.2194485942838154,13,68.6,0.1
S1,10.0,0.15,150.0,4,7.779,1.5,15,0,0.0,0.7842611941828641,1.2194485942838154,13,68.6,0.1
S1,10.0,0.15,150.0,5,7.779,1.5,15,0,0.0,0.7842611941828641,1.2194485942838154,13,68.6,0.1
S1,10.0,0.15,150.0,6,7.779,1.5,15,0,0.0,0.7842611941828641,1.2194485942838154,13,68.6,0.1
S1,10.0,0.15,150.0,7,7.779,1.5,15,0,0.0,0.7842611941828641,1.2194485942838154,13,68.6,0.1
S1,10.0,0.15,150.0,8,7.779,1.5,15,0,0.0,0.7842611941828641,1.2194485942838154,13,68.6,0.1
S1,10.0,0.15,150.0,9,7.779,1.5,15,0,0.0,0.7842611941828641,1.2194485942838154,13,68.6,0.1
S1,10.0,0.15,150.0,10,7.779,1.5,15,0,0.0,0.7842611941828641,1.2194485942838154,13,68.6,0.1
S1,10.0,0.15,150.0,11,7.779,1.5,15,0,0.0,0.7842611941828641,1.2194485942838154,13,68.6,0.1
S1,10.0,0.15,150.0,12,7.779,1.5,15,0,0.0,0.7842611941828641,1.2194485942838154,13,68.6,0.1
S1,10.0,0.15,150.0,13,7.779,1.5,15,0,0.0,0.7842611941828641,1.2194485942838154,13,68.6,0.1
S1,10.0,0.15,150.0,14,7.779,1.5,15,0,0.0,0.7842611941828641,1.2194485942838154,13,68.6,0.1
S1,10.0,0.15,150.0,15,7.779,1.5,15,0,0.0,0.7842611941828641,1.2194485942838154,13,68.6,0.1
S1,10.0,0.15,300.0,1,7.779,1.5,15,0,0.0,0.2949663643181997,2.170153434485271,13,68.6,0.1
S1,10.0,0.15,300.0,2,7.779,1.5,15,0,0.0,0.2949663643181997,2.170153434485271,13,68.6,0.1
S1,10.0,0.15,300.0,3,7.779,1.5,15,0,0.0,0.2949663643181997,2.170153434485271,13,68.6,0.1
S1,10.0,0.15,300.0,4,7.779,1.5,15,0,0.0,0.2949663643181997,2.170153434485271,13,68.6,0.1
S1,10.0,0.15,300.0,5,7.779,1.5,15,0,0.0,0.2949663643181997,2.170153434485271,13,68.6,0.1
S1,10.0,0.15,300.0,6,7.779,1.5,15,0,0.0,0.2949663643181997,2.170153434485271,13,68.6,0.1
S1,10.0,0.15,300.0,7,7.779,1.5,15,0,0.0,0.2949663643181997,2.170153434485271,13,68.6,0.1
S1,10.0,0.15,300.0,8,7.779,1.5,15,0,0.0,0.2949663643181997,2.170153434485271,13,68.6,0.1
S1,10.0,0.15,300.0,9,7.779,1.5,15,0,0.0,0.2949663643181997,2.170153434485271,13,68.6,0.1
S1,10.0,0.15,300.0,10,7.779,1.5,15,0,0.0,0.2949663643181997,2.170153434485271,13,68.6,0.1
S1,10.0,0.15,300.0,11,7.779,1.5,15,0,0.0,0.2949663643181997,2.170153434485271,13,68.6,0.1
S1,10.0,0.15,300.0,12,7.779,1.5,15,0,0.0,0.2949663643181997,2.170153434485271,13,68.6,0.1
S1,10.0,0.15,300.0,13,7.779,1.5,15,0,0.0,0.2949663643181997,2.170153434485271,13,68.6,0.1
S1,10.0,0.15,300.0,14,7.779,1.5,15,0,0.0,0.2949663643181997,2.170153434485271,13,68.6,0.1
S1,10.0,0.15,300.0,15,7.779,1.5,15,0,0.0,0.2949663643181997,2.170153434485271,13,68.6,0.1
S1,10.0,0.15,500.0,1,7.779,1.5,15,0,0.0,0.6115712423621791,5.086029081980184,13,68.6,0.1
S1,10.0,0.15,500.0,2,7.779,1.5,15,0,0.0,0.6115712423621791,5.086029081980184,13,68.6,0.1
S1,10.0,0.15,500.0,3,7.779,1.5,15,0,0.0,0.6115712423621791,5.086029081980184,13,68.6,0.1
S1,10.0,0.15,500.0,4,7.779,1.5,15,0,0.0,0.6115712423621791,5.086029081980184,13,68.6,0.1
S1,10.0,0.15,500.0,5,7.779,1.5,15,0,0.0,0.6115712423621791,5.086029081980184,13,68.6,0.1
S1,10.0,0.15,500.0,6,7.779,1.5,15,0,0.0,0.6115712423621791,5.086029081980184,13,68.6,0.1
S1,10.0,0.15,500.0,7,7.779,1.5,15,0,0.0,0.6115712423621791,5.086029081980184,13,68.6,0.1
S1,10.0,0.15,500.0,8,7.779,1.5,15,0,0.0,0.6115712423621791,5.086029081980184,13,68.6,0.1
S1,10.0,0.15,500.0,9,7.779,1.5,15,0,0.0,0.6115712423621791,5.086029081980184,13,68.6,0.1
S1,10.0,0.15,500.0,10,7.779,1.5,15,0,0.0,0.6115712423621791,5.086029081980184,13,68.6,0.1
S1,10.0,0.15,500.0,11,7.779,1.5,15,0,0.0,0.6115712423621791,5.086029081980184,13,68.6,0.1
S1,10.0,0.15,500.0,12,7.779,1.5,15,0,0.0,0.6115712423621791,5.086029081980184,13,68.6,0.1
S1,10.0,0.15,500.0,13,7.779,1.5,15,0,0.0,0.6115712423621791,5.086029081980184,13,68.6,0.1
S1,10.0,0.15,500.0,14,7.779,1.5,15,0,0.0,0.6115712423621791,5.086029081980184,13,68.6,0.1
S1,10.0,0.15,500.0,15,7.779,1.5,15,0,0.0,0.6115712423621791,5.086029081980184,13,68.6,0.1
S1,15.0,0.05,150.0,1,6.352,0.75,15,0,0.0,0.048212111633857475,0.1798590782684517,14,99.6,0.1
S1,15.0,0.05,150.0,2,6.352,0.75,15,0,0.0,0.048212111633857475,0.1798590782684517,14,99.6,0.1
S1,15.0,0.05,150.0,3,6.352,0.75,15,0,0.0,0.048212111633857475,0.1798590782684517,14,99.6,0.1
S1,15.0,0.05,150.0,4,6.352,0.75,15,0,0.0,0.048212111633857475,0.1798590782684517,14,99.6,0.1
S1,15.0,0.05,150.0,5,6.352,0.75,15,0,0.0,0.048212111633857475,0.1798590782684517,14,99.6,0.1
S1,15.0,0.05,150.0,6,6.352,0.75,15,0,0.0,0.048212111633857475,0.1798590782684517,14,99.6,0.1
S1,15.0,0.05,150.0,7,6.352,0.75,15,0,0.0,0.048212111633857475,0.1798590782684517,14,99.6,0.1
S1,15.0,0.05,150.0,8,6.352,0.75,15,0,0.0,0.048212111633857475,0.1798590782684517,14,99.6,0.1
S1,15.0,0.05,150.0,9,6.352,0.75,15,0,0.0,0.048212111633857475,0.1798590782684517,14,99.6,0.1
S1,15.0,0.05,150.0,10,6.352,0.75,15,0,0.0,0.048212111633857475,0.1798590782684517,14,99.6,0.1
S1,15.0,0.05,150.0,11,6.352,0.75,15,0,0.0,0.048212111633857475,0.1798590782684517,14,99.6,0.1
S1,15.0,0.05,150.0,12,6.352,0.75,15,0,0.0,0.048212111633857475,0.1798590782684517,14,99.6,0.1
S1,15.0,0.05,150.0,13,6.352,0.75,15,0,0.0,0.048212111633857475,0.1798590782684517,14,99.6,0.1
S1,15.0,0.05,150.0,14,6.352,0.75,15,0,0.0,0.048212111633857475,0.1798590782684517,14,99.6,0.1
S1,15.0,0.05,150.0,15,6.352,0.75,15,0,0.0,0.048212111633857475,0.1798590782684517,14,99.6,0.1
S1,15.0,0.05,300.0,1,6.352,0.75,15,0,0.0,0.5568340861740027,1.2194485942836675,14,99.6,0.1
S1,15.0,0.05,300.0,2,6.352,0.75,15,0,0.0,0.5568340861740027,1.2194485942836675,14,99.6,0.1
S1,15.0,0.05,300.0,3,6.352,0.75,15,0,0.0,0.5568340861740027,1.2194485942836675,14,99.6,0.1
S1,15.0,0.05,300.0,4,6.352,0.75,15,0,0.0,0.5568340861740027,1.2194485942836675,14,99.6,0.1
S1,15.0,0.05,300.0,5,6.352,0.75,15,0,0.0,0.5568340861740027,1.2194485942836675,14,99.6,0.1
S1,15.0,0.05,300.0,6,6.352,0.75,15,0,0.0,0.5568340861740027,1.2194485942836675,14,99.6,0.1
S1,15.0,0.05,300.0,7,6.352,0.75,15,0,0.0,0.5568340861740027,1.2194485942836675,14,99.6,0.1
S1,15.0,0.05,300.0,8,6.352,0.75,15,0,0.0,0.5568340861740027,1.2194485942836675,14,99.6,0.1
S1,15.0,0.05,300.0,9,6.352,0.75,15,0,0.0,0.5568340861740027,1.2194485942836675,14,99.6,0.1
S1,15.0,0.05,300.0,10,6.352,0.75,15,0,0.0,0.5568340861740027,1.2194485942836675,14,99.6,0.1
S1,15.0,0.05,300.0,11,6.352,0.75,15,0,0.0,0.5568340861740027,1.2194485942836675,14,99.6,0.1
S1,15.0,0.05,300.0,12,6.352,0.75,15,0,0.0,0.5568340861740027,1.2194485942836675,14,99.6,0.1
S1,15.0,0.05,300.0,13,6.352,0.75,15,0,0.0,0.5568340861740027,1.2194485942836675,14,99.6,0.1
S1,15.0,0.05,300.0,14,6.352,0.75,15,0,0.0,0.5568340861740027,1.2194485942836675,14,99.6,0.1
S1,15.0,0.05,300.0,15,6.352,0.75,15,0,0.0,0.5568340861740027,1.2194485942836675,14,99.6,0.1
S1,15.0,0.05,500.0,1,6.352,0.75,15,0,0.0,0.9050882258353409,1.8880959867827378,14,99.6,0.1
S1,15.0,0.05,500.0,2,6.352,0.75,15,0,0.0,0.9050882258353409,1.8880959867827378,14,99.6,0.1
S1,15.0,0.05,500.0,3,6.352,0.75,15,0,0.0,0.9050882258353409,1.8880959867827378,14,99.6,0.1
S1,15.0,0.05,500.0,4,6.352,0.75,15,0,0.0,0.9050882258353409,1.8880959867827378,14,99.6,0.1
S1,15.0,0.05,500.0,5,6.352,0.75,15,0,0.0,0.9050882258353409,1.8880959867827378,14,99.6,0.1
S1,15.0,0.05,500.0,6,6.352,0.75,15,0,0.0,0.9050882258353409,1.8880959867827378,14,99.6,0.1
S1,15.0,0.05,500.0,7,6.352,0.75,15,0,0.0,0.9050882258353409,1.8880959867827378,14,99.6,0.1
S1,15.0,0.05,500.0,8,6.352,0.75,15,0,0.0,0.9050882258353409,1.8880959867827378,14,99.6,0.1
S1,15.0,0.05,500.0,9,6.352,0.75,15,0,0.0,0.9050882258353409,1.8880959867827378,14,99.6,0.1
S1,15.0,0.05,500.0,10,6.352,0.75,15,0,0.0,0.9050882258353409,1.8880959867827378,14,99.6,0.1
S1,15.0,0.05,500.0,11,6.352,0.75,15,0,0.0,0.9050882258353409,1.8880959867827378,14,99.6,0.1
S1,15.0,0.05,500.0,12,6.352,0.75,15,0,0.0,0.9050882258353409,1.8880959867827378,14,99.6,0.1
S1,15.0,0.05,500.0,13,6.352,0.75,15,0,0.0,0.9050882258353409,1.8880959867827378,14,99.6,0.1
S1,15.0,0.05,500.0,14,6.352,0.75,15,0,0.0,0.9050882258353409,1.8880959867827378,14,99.6,0.1
S1,15.0,0.05,500.0,15,6.352,0.75,15,0,0.0,0.9050882258353409,1.8880959867827378,14,99.6,0.1
S1,15.0,0.1,150.0,1,6.352,1.5,15,0,0.0,0.33524405485395675,0.7907821127083251,13,64.3,0.1
S1,15.0,0.1,150.0,2,6.352,1.5,15,0,0.0,0.33524405485395675,0.7907821127083251,13,64.3,0.1
S1,15.0,0.1,150.0,3,6.352,1.5,15,0,0.0,0.33524405485395675,0.7907821127083251,13,64.3,0.1
S1,15.0,0.1,150.0,4,6.352,1.5,15,0,0.0,0.33524405485395675,0.7907821127083251,13,64.3,0.1
S1,15.0,0.1,150.0,5,6.352,1.5,15,0,0.0,0.33524405485395675,0.7907821127083251,13,64.3,0.1
S1,15.0,0.1,150.0,6,6.352,1.5,15,0,0.0,0.33524405485395675,0.7907821127083251,13,64.3,0.1
S1,15.0,0.1,150.0,7,6.352,1.5,15,0,0.0,0.33524405485395675,0.7907821127083251,13,64.3,0.1
S1,15.0,0.1,150.0,8,6.352,1.5,15,0,0.0,0.33524405485395675,0.7907821127083251,13,64.3,0.1
S1,15.0,0.1,150.0,9,6.352,1.5,15,0,0.0,0.33524405485395675,0.7907821127083251,13,64.3,0.1
S1,15.0,0.1,150.0,10,6.352,1.5,15,0,0.0,0.33524405485395675,0.7907821127083251,13,64.3,0.1
S1,15.0,0.1,150.0,11,6.352,1.5,15,0,0.0,0.33524405485395675,0.7907821127083251,13,64.3,0.1
S1,15.0,0.1,150.0,12,6.352,1.5,15,0,0.0,0.33524405485395675,0.7907821127083251,13,64.3,0.1
S1,15.0,0.1,150.0,13,6.352,1.5,15,0,0.0,0.33524405485395675,0.7907821127083251,13,64.3,0.1
S1,15.0,0.1,150.0,14,6.352,1.5,15,0,0.0,0.33524405485395675,0.7907821127083251,13,64.3,0.1
S1,15.0,0.1,150.0,15,6.352,1.5,15,0,0.0,0.33524405485395675,0.7907821127083251,13,64.3,0.1
S1,15.0,0.1,300.0,1,6.352,1.5,15,0,0.0,0.5052083774872088,1.219448594283771,13,64.3,0.1
S1,15.0,0.1,300.0,2,6.352,1.5,15,0,0.0,0.5052083774872088,1.219448594283771,13,64.3,0.1
S1,15.0,0.1,300.0,3,6.352,1.5,15,0,0.0,0.5052083774872088,1.219448594283771,13,64.3,0.1
S1,15.0,0.1,300.0,4,6.352,1.5,15,0,0.0,0.5052083774872088,1.219448594283771,13,64.3,0.1
S1,15.0,0.1,300.0,5,6.352,1.5,15,0,0.0,0.5052083774872088,1.219448594283771,13,64.3,0.1
S1,15.0,0.1,300.0,6,6.352,1.5,15,0,0.0,0.5052083774872088,1.219448594283771,13,64.3,0.1
S1,15.0,0.1,300.0,7,6.352,1.5,15,0,0.0,0.5052083774872088,1.219448594283771,13,64.3,0.1
S1,15.0,0.1,300.0,8,6.352,1.5,15,0,0.0,0.5052083774872088,1.219448594283771,13,64.3,0.1
S1,15.0,0.1,300.0,9,6.352,1.5,15,0,0.0,0.5052083774872088,1.219448594283771,13,64.3,0.1
S1,15.0,0.1,300.0,10,6.352,1.5,15,0,0.0,0.5052083774872088,1.219448594283771,13,64.3,0.1
S1,15.0,0.1,300.0,11,6.352,1.5,15,0,0.0,0.5052083774872088,1.219448594283771,13,64.3,0.1
S1,15.0,0.1,300.0,12,6.352,1.5,15,0,0.0,0.5052083774872088,1.219448594283771,13,64.3,0.1
S1,15.0,0.1,300.0,13,6.352,1.5,15,0,0.0,0.5052083774872088,1.219448594283771,13,64.3,0.1
S1,15.0,0.1,300.0,14,6.352,1.5,15,0,0.0,0.5052083774872088,1.219448594283771,13,64.3,0.1
S1,15.0,0.1,300.0,15,6.352,1.5,15,0,0.0,0.5052083774872088,1.219448594283771,13,64.3,0.1
S1,15.0,0.1,500.0,1,6.352,1.5,15,0,0.0,0.606894757376779,5.086029081980184,13,64.3,0.1
S1,15.0,0.1,500.0,2,6.352,1.5,15,0,0.0,0.606894757376779,5.086029081980184,13,64.3,0.1
S1,15.0,0.1,500.0,3,6.352,1.5,15,0,0.0,0.606894757376779,5.086029081980184,13,64.3,0.1
S1,15.0,0.1,500.0,4,6.352,1.5,15,0,0.0,0.606894757376779,5.086029081980184,13,64.3,0.1
S1,15.0,0.1,500.0,5,6.352,1.5,15,0,0.0,0.606894757376779,5.086029081980184,13,64.3,0.1
S1,15.0,0.1,500.0,6,6.352,1.5,15,0,0.0,0.606894757376779,5.086029081980184,13,64.3,0.1
S1,15.0,0.1,500.0,7,6.352,1.5,15,0,0.0,0.606894757376779,5.086029081980184,13,64.3,0.1
S1,15.0,0.1,500.0,8,6.352,1.5,15,0,0.0,0.606894757376779,5.086029081980184,13,64.3,0.1
S1,15.0,0.1,500.0,9,6.352,1.5,15,0,0.0,0.606894757376779,5.086029081980184,13,64.3,0.1
S1,15.0,0.1,500.0,10,6.352,1.5,15,0,0.0,0.606894757376779,5.086029081980184,13,64.3,0.1
S1,15.0,0.1,500.0,11,6.352,1.5,15,0,0.0,0.606894757376779,5.086029081980184,13,64.3,0.1
S1,15.0,0.1,500.0,12,6.352,1.5,15,0,0.0,0.606894757376779,5.086029081980184,13,64.3,0.1
S1,15.0,0.1,500.0,13,6.352,1.5,15,0,0.0,0.606894757376779,5.086029081980184,13,64.3,0.1
S1,15.0,0.1,500.0,14,6.352,1.5,15,0,0.0,0.606894757376779,5.086029081980184,13,64.3,0.1
S1,15.0,0.1,500.0,15,6.352,1.5,15,0,0.0,0.606894757376779,5.086029081980184,13,64.3,0.1
S1,15.0,0.15,150.0,1,6.352,2.25,15,2,13.333333333333334,0.12850594338126312,2.4232915744104333,13,52.6,0.1
S1,15.0,0.15,150.0,2,6.352,2.25,15,2,13.333333333333334,0.12850594338126312,2.4232915744104333,13,52.6,0.1
S1,15.0,0.15,150.0,3,6.352,2.25,15,2,13.333333333333334,0.12850594338126312,2.4232915744104333,13,52.6,0.1
S1,15.0,0.15,150.0,4,6.352,2.25,15,2,13.333333333333334,0.12850594338126312,2.4232915744104333,13,52.6,0.1
S1,15.0,0.15,150.0,5,6.352,2.25,15,2,13.333333333333334,0.12850594338126312,2.4232915744104333,13,52.6,0.1
S1,15.0,0.15,150.0,6,6.352,2.25,15,2,13.333333333333334,0.12850594338126312,2.4232915744104333,13,52.6,0.1
S1,15.0,0.15,150.0,7,6.352,2.25,15,2,13.333333333333334,0.12850594338126312,2.4232915744104333,13,52.6,0.1
S1,15.0,0.15,150.0,8,6.352,2.25,15,2,13.333333333333334,0.12850594338126312,2.4232915744104333,13,52.6,0.1
S1,15.0,0.15,150.0,9,6.352,2.25,15,2,13.333333333333334,0.12850594338126312,2.4232915744104333,13,52.6,0.1
S1,15.0,0.15,150.0,10,6.352,2.25,15,2,13.333333333333334,0.12850594338126312,2.4232915744104333,13,52.6,0.1
S1,15.0,0.15,150.0,11,6.352,2.25,15,2,13.333333333333334,0.12850594338126312,2.4232915744104333,13,52.6,0.1
S1,15.0,0.15,150.0,12,6.352,2.25,15,2,13.333333333333334,0.12850594338126312,2.4232915744104333,13,52.6,0.1
S1,15.0,0.15,150.0,13,6.352,2.25,15,2,13.333333333333334,0.12850594338126312,2.4232915744104333,13,52.6,0.1
S1,15.0,0.15,150.0,14,6.352,2.25,15,2,13.333333333333334,0.12850594338126312,2.4232915744104333,13,52.6,0.1
S1,15.0,0.15,150.0,15,6.352,2.25,15,2,13.333333333333334,0.12850594338126312,2.4232915744104333,13,52.6,0.1
S1,15.0,0.15,300.0,1,6.352,2.25,15,0,0.0,0.20848063733574568,3.0616610349057423,12,52.6,0.1
S1,15.0,0.15,300.0,2,6.352,2.25,15,0,0.0,0.20848063733574568,3.0616610349057423,12,52.6,0.1
S1,15.0,0.15,300.0,3,6.352,2.25,15,0,0.0,0.20848063733574568,3.0616610349057423,12,52.6,0.1
S1,15.0,0.15,300.0,4,6.352,2.25,15,0,0.0,0.20848063733574568,3.0616610349057423,12,52.6,0.1
S1,15.0,0.15,300.0,5,6.352,2.25,15,0,0.0,0.20848063733574568,3.0616610349057423,12,52.6,0.1
S1,15.0,0.15,300.0,6,6.352,2.25,15,0,0.0,0.20848063733574568,3.0616610349057423,12,52.6,0.1
S1,15.0,0.15,300.0,7,6.352,2.25,15,0,0.0,0.20848063733574568,3.0616610349057423,12,52.6,0.1
S1,15.0,0.15,300.0,8,6.352,2.25,15,0,0.0,0.20848063733574568,3.0616610349057423,12,52.6,0.1
S1,15.0,0.15,300.0,9,6.352,2.25,15,0,0.0,0.20848063733574568,3.0616610349057423,12,52.6,0.1
S1,15.0,0.15,300.0,10,6.352,2.25,15,0,0.0,0.20848063733574568,3.0616610349057423,12,52.6,0.1
S1,15.0,0.15,300.0,11,6.352,2.25,15,0,0.0,0.20848063733574568,3.0616610349057423,12,52.6,0.1
S1,15.0,0.15,300.0,12,6.352,2.25,15,0,0.0,0.20848063733574568,3.0616610349057423,12,52.6,0.1
S1,15.0,0.15,300.0,13,6.352,2.25,15,0,0.0,0.20848063733574568,3.0616610349057423,12,52.6,0.1
S1,15.0,0.15,300.0,14,6.352,2.25,15,0,0.0,0.20848063733574568,3.0616610349057423,12,52.6,0.1
S1,15.0,0.15,300.0,15,6.352,2.25,15,0,0.0,0.20848063733574568,3.0616610349057423,12,52.6,0.1
S1,15.0,0.15,500.0,1,6.352,2.25,15,0,0.0,0.4226222414110039,6.206740142713782,12,52.6,0.1
S1,15.0,0.15,500.0,2,6.352,2.25,15,0,0.0,0.4226222414110039,6.206740142713782,12,52.6,0.1
S1,15.0,0.15,500.0,3,6.352,2.25,15,0,0.0,0.4226222414110039,6.206740142713782,12,52.6,0.1
S1,15.0,0.15,500.0,4,6.352,2.25,15,0,0.0,0.4226222414110039,6.206740142713782,12,52.6,0.1
S1,15.0,0.15,500.0,5,6.352,2.25,15,0,0.0,0.4226222414110039,6.206740142713782,12,52.6,0.1
S1,15.0,0.15,500.0,6,6.352,2.25,15,0,0.0,0.4226222414110039,6.206740142713782,12,52.6,0.1
S1,15.0,0.15,500.0,7,6.352,2.25,15,0,0.0,0.4226222414110039,6.206740142713782,12,52.6,0.1
S1,15.0,0.15,500.0,8,6.352,2.25,15,0,0.0,0.4226222414110039,6.206740142713782,12,52.6,0.1
S1,15.0,0.15,500.0,9,6.352,2.25,15,0,0.0,0.4226222414110039,6.206740142713782,12,52.6,0.1
S1,15.0,0.15,500.0,10,6.352,2.25,15,0,0.0,0.4226222414110039,6.206740142713782,12,52.6,0.1
S1,15.0,0.15,500.0,11,6.352,2.25,15,0,0.0,0.4226222414110039,6.206740142713782,12,52.6,0.1
S1,15.0,0.15,500.0,12,6.352,2.25,15,0,0.0,0.4226222414110039,6.206740142713782,12,52.6,0.1
S1,15.0,0.15,500.0,13,6.352,2.25,15,0,0.0,0.4226222414110039,6.206740142713782,12,52.6,0.1
S1,15.0,0.15,500.0,14,6.352,2.25,15,0,0.0,0.4226222414110039,6.206740142713782,12,52.6,0.1
S1,15.0,0.15,500.0,15,6.352,2.25,15,0,0.0,0.4226222414110039,6.206740142713782,12,52.6,0.1
S2a_10,0.1,0.05,150.0,1,77.792,0.005,15,0,0.0,,,14,10819.0,0.2705
S2a_10,0.1,0.05,150.0,2,77.792,0.005,15,0,0.0,,,14,10819.0,0.2705
S2a_10,0.1,0.05,150.0,3,77.792,0.005,15,0,0.0,,,14,10819.0,0.2705
S2a_10,0.1,0.05,150.0,4,77.792,0.005,15,0,0.0,,,14,10819.0,0.2705
S2a_10,0.1,0.05,150.0,5,77.792,0.005,15,0,0.0,,,14,10819.0,0.2705
S2a_10,0.1,0.05,150.0,6,77.792,0.005,15,0,0.0,,,14,10819.0,0.2705
S2a_10,0.1,0.05,150.0,7,77.792,0.005,15,0,0.0,,,14,10819.0,0.2705
S2a_10,0.1,0.05,150.0,8,77.792,0.005,15,0,0.0,,,14,10819.0,0.2705
S2a_10,0.1,0.05,150.0,9,77.792,0.005,15,0,0.0,,,14,10819.0,0.2705
S2a_10,0.1,0.05,150.0,10,77.792,0.005,15,0,0.0,,,14,10819.0,0.2705
S2a_10,0.1,0.05,150.0,11,77.792,0.005,15,0,0.0,,,14,10819.0,0.2705
S2a_10,0.1,0.05,150.0,12,77.792,0.005,15,0,0.0,,,14,10819.0,0.2705
S2a_10,0.1,0.05,150.0,13,77.792,0.005,15,0,0.0,,,14,10819.0,0.2705
S2a_10,0.1,0.05,150.0,14,77.792,0.005,15,0,0.0,,,14,10819.0,0.2705
S2a_10,0.1,0.05,150.0,15,77.792,0.005,15,0,0.0,,,14,10819.0,0.2705
S2a_10,0.1,0.05,300.0,1,77.792,0.005,15,0,0.0,,,14,10819.0,0.2705
S2a_10,0.1,0.05,300.0,2,77.792,0.005,15,0,0.0,,,14,10819.0,0.2705
S2a_10,0.1,0.05,300.0,3,77.792,0.005,15,0,0.0,,,14,10819.0,0.2705
S2a_10,0.1,0.05,300.0,4,77.792,0.005,15,0,0.0,,,14,10819.0,0.2705
S2a_10,0.1,0.05,300.0,5,77.792,0.005,15,0,0.0,,,14,10819.0,0.2705
S2a_10,0.1,0.05,300.0,6,77.792,0.005,15,0,0.0,,,14,10819.0,0.2705
S2a_10,0.1,0.05,300.0,7,77.792,0.005,15,0,0.0,,,14,10819.0,0.2705
S2a_10,0.1,0.05,300.0,8,77.792,0.005,15,0,0.0,,,14,10819.0,0.2705
S2a_10,0.1,0.05,300.0,9,77.792,0.005,15,0,0.0,,,14,10819.0,0.2705
S2a_10,0.1,0.05,300.0,10,77.792,0.005,15,0,0.0,,,14,10819.0,0.2705
S2a_10,0.1,0.05,300.0,11,77.792,0.005,15,0,0.0,,,14,10819.0,0.2705
S2a_10,0.1,0.05,300.0,12,77.792,0.005,15,0,0.0,,,14,10819.0,0.2705
S2a_10,0.1,0.05,300.0,13,77.792,0.005,15,0,0.0,,,14,10819.0,0.2705
S2a_10,0.1,0.05,300.0,14,77.792,0.005,15,0,0.0,,,14,10819.0,0.2705
S2a_10,0.1,0.05,300.0,15,77.792,0.005,15,0,0.0,,,14,10819.0,0.2705
S2a_10,0.1,0.05,500.0,1,77.792,0.005,15,0,0.0,,,14,10819.0,0.2705
S2a_10,0.1,0.05,500.0,2,77.792,0.005,15,0,0.0,,,14,10819.0,0.2705
S2a_10,0.1,0.05,500.0,3,77.792,0.005,15,0,0.0,,,14,10819.0,0.2705
S2a_10,0.1,0.05,500.0,4,77.792,0.005,15,0,0.0,,,14,10819.0,0.2705
S2a_10,0.1,0.05,500.0,5,77.792,0.005,15,0,0.0,,,14,10819.0,0.2705
S2a_10,0.1,0.05,500.0,6,77.792,0.005,15,0,0.0,,,14,10819.0,0.2705
S2a_10,0.1,0.05,500.0,7,77.792,0.005,15,0,0.0,,,14,10819.0,0.2705
S2a_10,0.1,0.05,500.0,8,77.792,0.005,15,0,0.0,,,14,10819.0,0.2705
S2a_10,0.1,0.05,500.0,9,77.792,0.005,15,0,0.0,,,14,10819.0,0.2705
S2a_10,0.1,0.05,500.0,10,77.792,0.005,15,0,0.0,,,14,10819.0,0.2705
S2a_10,0.1,0.05,500.0,11,77.792,0.005,15,0,0.0,,,14,10819.0,0.2705
S2a_10,0.1,0.05,500.0,12,77.792,0.005,15,0,0.0,,,14,10819.0,0.2705
S2a_10,0.1,0.05,500.0,13,77.792,0.005,15,0,0.0,,,14,10819.0,0.2705
S2a_10,0.1,0.05,500.0,14,77.792,0.005,15,0,0.0,,,14,10819.0,0.2705
S2a_10,0.1,0.05,500.0,15,77.792,0.005,15,0,0.0,,,14,10819.0,0.2705
S2a_10,0.1,0.1,150.0,1,77.792,0.01,15,0,0.0,,,14,5531.2,0.1383
S2a_10,0.1,0.1,150.0,2,77.792,0.01,15,0,0.0,,,14,5531.2,0.1383
S2a_10,0.1,0.1,150.0,3,77.792,0.01,15,0,0.0,,,14,5531.2,0.1383
S2a_10,0.1,0.1,150.0,4,77.792,0.01,15,0,0.0,,,14,5531.2,0.1383
S2a_10,0.1,0.1,150.0,5,77.792,0.01,15,0,0.0,,,14,5531.2,0.1383
S2a_10,0.1,0.1,150.0,6,77.792,0.01,15,0,0.0,,,14,5531.2,0.1383
S2a_10,0.1,0.1,150.0,7,77.792,0.01,15,0,0.0,,,14,5531.2,0.1383
S2a_10,0.1,0.1,150.0,8,77.792,0.01,15,0,0.0,,,14,5531.2,0.1383
S2a_10,0.1,0.1,150.0,9,77.792,0.01,15,0,0.0,,,14,5531.2,0.1383
S2a_10,0.1,0.1,150.0,10,77.792,0.01,15,0,0.0,,,14,5531.2,0.1383
S2a_10,0.1,0.1,150.0,11,77.792,0.01,15,0,0.0,,,14,5531.2,0.1383
S2a_10,0.1,0.1,150.0,12,77.792,0.01,15,0,0.0,,,14,5531.2,0.1383
S2a_10,0.1,0.1,150.0,13,77.792,0.01,15,0,0.0,,,14,5531.2,0.1383
S2a_10,0.1,0.1,150.0,14,77.792,0.01,15,0,0.0,,,14,5531.2,0.1383
S2a_10,0.1,0.1,150.0,15,77.792,0.01,15,0,0.0,,,14,5531.2,0.1383
S2a_10,0.1,0.1,300.0,1,77.792,0.01,15,0,0.0,,,14,5531.2,0.1383
S2a_10,0.1,0.1,300.0,2,77.792,0.01,15,0,0.0,,,14,5531.2,0.1383
S2a_10,0.1,0.1,300.0,3,77.792,0.01,15,0,0.0,,,14,5531.2,0.1383
S2a_10,0.1,0.1,300.0,4,77.792,0.01,15,0,0.0,,,14,5531.2,0.1383
S2a_10,0.1,0.1,300.0,5,77.792,0.01,15,0,0.0,,,14,5531.2,0.1383
S2a_10,0.1,0.1,300.0,6,77.792,0.01,15,0,0.0,,,14,5531.2,0.1383
S2a_10,0.1,0.1,300.0,7,77.792,0.01,15,0,0.0,,,14,5531.2,0.1383
S2a_10,0.1,0.1,300.0,8,77.792,0.01,15,0,0.0,,,14,5531.2,0.1383
S2a_10,0.1,0.1,300.0,9,77.792,0.01,15,0,0.0,,,14,5531.2,0.1383
S2a_10,0.1,0.1,300.0,10,77.792,0.01,15,0,0.0,,,14,5531.2,0.1383
S2a_10,0.1,0.1,300.0,11,77.792,0.01,15,0,0.0,,,14,5531.2,0.1383
S2a_10,0.1,0.1,300.0,12,77.792,0.01,15,0,0.0,,,14,5531.2,0.1383
S2a_10,0.1,0.1,300.0,13,77.792,0.01,15,0,0.0,,,14,5531.2,0.1383
S2a_10,0.1,0.1,300.0,14,77.792,0.01,15,0,0.0,,,14,5531.2,0.1383
S2a_10,0.1,0.1,300.0,15,77.792,0.01,15,0,0.0,,,14,5531.2,0.1383
S2a_10,0.1,0.1,500.0,1,77.792,0.01,15,0,0.0,,,14,5531.2,0.1383
S2a_10,0.1,0.1,500.0,2,77.792,0.01,15,0,0.0,,,14,5531.2,0.1383
S2a_10,0.1,0.1,500.0,3,77.792,0.01,15,0,0.0,,,14,5531.2,0.1383
S2a_10,0.1,0.1,500.0,4,77.792,0.01,15,0,0.0,,,14,5531.2,0.1383
S2a_10,0.1,0.1,500.0,5,77.792,0.01,15,0,0.0,,,14,5531.2,0.1383
S2a_10,0.1,0.1,500.0,6,77.792,0.01,15,0,0.0,,,14,5531.2,0.1383
S2a_10,0.1,0.1,500.0,7,77.792,0.01,15,0,0.0,,,14,5531.2,0.1383
S2a_10,0.1,0.1,500.0,8,77.792,0.01,15,0,0.0,,,14,5531.2,0.1383
S2a_10,0.1,0.1,500.0,9,77.792,0.01,15,0,0.0,,,14,5531.2,0.1383
S2a_10,0.1,0.1,500.0,10,77.792,0.01,15,0,0.0,,,14,5531.2,0.1383
S2a_10,0.1,0.1,500.0,11,77.792,0.01,15,0,0.0,,,14,5531.2,0.1383
S2a_10,0.1,0.1,500.0,12,77.792,0.01,15,0,0.0,,,14,5531.2,0.1383
S2a_10,0.1,0.1,500.0,13,77.792,0.01,15,0,0.0,,,14,5531.2,0.1383
S2a_10,0.1,0.1,500.0,14,77.792,0.01,15,0,0.0,,,14,5531.2,0.1383
S2a_10,0.1,0.1,500.0,15,77.792,0.01,15,0,0.0,,,14,5531.2,0.1383
S2a_10,0.1,0.15,150.0,1,77.792,0.015,15,0,0.0,,,14,3768.6,0.1
S2a_10,0.1,0.15,150.0,2,77.792,0.015,15,0,0.0,,,14,3768.6,0.1
S2a_10,0.1,0.15,150.0,3,77.792,0.015,15,0,0.0,,,14,3768.6,0.1
S2a_10,0.1,0.15,150.0,4,77.792,0.015,15,0,0.0,,,14,3768.6,0.1
S2a_10,0.1,0.15,150.0,5,77.792,0.015,15,0,0.0,,,14,3768.6,0.1
S2a_10,0.1,0.15,150.0,6,77.792,0.015,15,0,0.0,,,14,3768.6,0.1
S2a_10,0.1,0.15,150.0,7,77.792,0.015,15,0,0.0,,,14,3768.6,0.1
S2a_10,0.1,0.15,150.0,8,77.792,0.015,15,0,0.0,,,14,3768.6,0.1
S2a_10,0.1,0.15,150.0,9,77.792,0.015,15,0,0.0,,,14,3768.6,0.1
S2a_10,0.1,0.15,150.0,10,77.792,0.015,15,0,0.0,,,14,3768.6,0.1
S2a_10,0.1,0.15,150.0,11,77.792,0.015,15,0,0.0,,,14,3768.6,0.1
S2a_10,0.1,0.15,150.0,12,77.792,0.015,15,0,0.0,,,14,3768.6,0.1
S2a_10,0.1,0.15,150.0,13,77.792,0.015,15,0,0.0,,,14,3768.6,0.1
S2a_10,0.1,0.15,150.0,14,77.792,0.015,15,0,0.0,,,14,3768.6,0.1
S2a_10,0.1,0.15,150.0,15,77.792,0.015,15,0,0.0,,,14,3768.6,0.1
S2a_10,0.1,0.15,300.0,1,77.792,0.015,15,0,0.0,,,14,3768.6,0.1
S2a_10,0.1,0.15,300.0,2,77.792,0.015,15,0,0.0,,,14,3768.6,0.1
S2a_10,0.1,0.15,300.0,3,77.792,0.015,15,0,0.0,,,14,3768.6,0.1
S2a_10,0.1,0.15,300.0,4,77.792,0.015,15,0,0.0,,,14,3768.6,0.1
S2a_10,0.1,0.15,300.0,5,77.792,0.015,15,0,0.0,,,14,3768.6,0.1
S2a_10,0.1,0.15,300.0,6,77.792,0.015,15,0,0.0,,,14,3768.6,0.1
S2a_10,0.1,0.15,300.0,7,77.792,0.015,15,0,0.0,,,14,3768.6,0.1
S2a_10,0.1,0.15,300.0,8,77.792,0.015,15,0,0.0,,,14,3768.6,0.1
S2a_10,0.1,0.15,300.0,9,77.792,0.015,15,0,0.0,,,14,3768.6,0.1
S2a_10,0.1,0.15,300.0,10,77.792,0.015,15,0,0.0,,,14,3768.6,0.1
S2a_10,0.1,0.15,300.0,11,77.792,0.015,15,0,0.0,,,14,3768.6,0.1
S2a_10,0.1,0.15,300.0,12,77.792,0.015,15,0,0.0,,,14,3768.6,0.1
S2a_10,0.1,0.15,300.0,13,77.792,0.015,15,0,0.0,,,14,3768.6,0.1
S2a_10,0.1,0.15,300.0,14,77.792,0.015,15,0,0.0,,,14,3768.6,0.1
S2a_10,0.1,0.15,300.0,15,77.792,0.015,15,0,0.0,,,14,3768.6,0.1
S2a_10,0.1,0.15,500.0,1,77.792,0.015,15,0,0.0,,,14,3768.6,0.1
S2a_10,0.1,0.15,500.0,2,77.792,0.015,15,0,0.0,,,14,3768.6,0.1
S2a_10,0.1,0.15,500.0,3,77.792,0.015,15,0,0.0,,,14,3768.6,0.1
S2a_10,0.1,0.15,500.0,4,77.792,0.015,15,0,0.0,,,14,3768.6,0.1
S2a_10,0.1,0.15,500.0,5,77.792,0.015,15,0,0.0,,,14,3768.6,0.1
S2a_10,0.1,0.15,500.0,6,77.792,0.015,15,0,0.0,,,14,3768.6,0.1
S2a_10,0.1,0.15,500.0,7,77.792,0.015,15,0,0.0,,,14,3768.6,0.1
S2a_10,0.1,0.15,500.0,8,77.792,0.015,15,0,0.0,,,14,3768.6,0.1
S2a_10,0.1,0.15,500.0,9,77.792,0.015,15,0,0.0,,,14,3768.6,0.1
S2a_10,0.1,0.15,500.0,10,77.792,0.015,15,0,0.0,,,14,3768.6,0.1
S2a_10,0.1,0.15,500.0,11,77.792,0.015,15,0,0.0,,,14,3768.6,0.1
S2a_10,0.1,0.15,500.0,12,77.792,0.015,15,0,0.0,,,14,3768.6,0.1
S2a_10,0.1,0.15,500.0,13,77.792,0.015,15,0,0.0,,,14,3768.6,0.1
S2a_10,0.1,0.15,500.0,14,77.792,0.015,15,0,0.0,,,14,3768.6,0.1
S2a_10,0.1,0.15,500.0,15,77.792,0.015,15,0,0.0,,,14,3768.6,0.1
S2a_10,0.5,0.05,150.0,1,34.79,0.025,15,0,0.0,,,14,2229.5,0.1
S2a_10,0.5,0.05,150.0,2,34.79,0.025,15,0,0.0,,,14,2229.5,0.1
S2a_10,0.5,0.05,150.0,3,34.79,0.025,15,0,0.0,,,14,2229.5,0.1
S2a_10,0.5,0.05,150.0,4,34.79,0.025,15,0,0.0,,,14,2229.5,0.1
S2a_10,0.5,0.05,150.0,5,34.79,0.025,15,0,0.0,,,14,2229.5,0.1
S2a_10,0.5,0.05,150.0,6,34.79,0.025,15,0,0.0,,,14,2229.5,0.1
S2a_10,0.5,0.05,150.0,7,34.79,0.025,15,0,0.0,,,14,2229.5,0.1
S2a_10,0.5,0.05,150.0,8,34.79,0.025,15,0,0.0,,,14,2229.5,0.1
S2a_10,0.5,0.05,150.0,9,34.79,0.025,15,0,0.0,,,14,2229.5,0.1
S2a_10,0.5,0.05,150.0,10,34.79,0.025,15,0,0.0,,,14,2229.5,0.1
S2a_10,0.5,0.05,150.0,11,34.79,0.025,15,0,0.0,,,14,2229.5,0.1
S2a_10,0.5,0.05,150.0,12,34.79,0.025,15,0,0.0,,,14,2229.5,0.1
S2a_10,0.5,0.05,150.0,13,34.79,0.025,15,0,0.0,,,14,2229.5,0.1
S2a_10,0.5,0.05,150.0,14,34.79,0.025,15,0,0.0,,,14,2229.5,0.1
S2a_10,0.5,0.05,150.0,15,34.79,0.025,15,0,0.0,,,14,2229.5,0.1
S2a_10,0.5,0.05,300.0,1,34.79,0.025,15,0,0.0,,,14,2229.5,0.1
S2a_10,0.5,0.05,300.0,2,34.79,0.025,15,0,0.0,,,14,2229.5,0.1
S2a_10,0.5,0.05,300.0,3,34.79,0.025,15,0,0.0,,,14,2229.5,0.1
S2a_10,0.5,0.05,300.0,4,34.79,0.025,15,0,0.0,,,14,2229.5,0.1
S2a_10,0.5,0.05,300.0,5,34.79,0.025,15,0,0.0,,,14,2229.5,0.1
S2a_10,0.5,0.05,300.0,6,34.79,0.025,15,0,0.0,,,14,2229.5,0.1
S2a_10,0.5,0.05,300.0,7,34.79,0.025,15,0,0.0,,,14,2229.5,0.1
S2a_10,0.5,0.05,300.0,8,34.79,0.025,15,0,0.0,,,14,2229.5,0.1
S2a_10,0.5,0.05,300.0,9,34.79,0.025,15,0,0.0,,,14,2229.5,0.1
S2a_10,0.5,0.05,300.0,10,34.79,0.025,15,0,0.0,,,14,2229.5,0.1
S2a_10,0.5,0.05,300.0,11,34.79,0.025,15,0,0.0,,,14,2229.5,0.1
S2a_10,0.5,0.05,300.0,12,34.79,0.025,15,0,0.0,,,14,2229.5,0.1
S2a_10,0.5,0.05,300.0,13,34.79,0.025,15,0,0.0,,,14,2229.5,0.1
S2a_10,0.5,0.05,300.0,14,34.79,0.025,15,0,0.0,,,14,2229.5,0.1
S2a_10,0.5,0.05,300.0,15,34.79,0.025,15,0,0.0,,,14,2229.5,0.1
S2a_10,0.5,0.05,500.0,1,34.79,0.025,15,0,0.0,,,14,2229.5,0.1
S2a_10,0.5,0.05,500.0,2,34.79,0.025,15,0,0.0,,,14,2229.5,0.1
S2a_10,0.5,0.05,500.0,3,34.79,0.025,15,0,0.0,,,14,2229.5,0.1
S2a_10,0.5,0.05,500.0,4,34.79,0.025,15,0,0.0,,,14,2229.5,0.1
S2a_10,0.5,0.05,500.0,5,34.79,0.025,15,0,0.0,,,14,2229.5,0.1
S2a_10,0.5,0.05,500.0,6,34.79,0.025,15,0,0.0,,,14,2229.5,0.1
S2a_10,0.5,0.05,500.0,7,34.79,0.025,15,0,0.0,,,14,2229.5,0.1
S2a_10,0.5,0.05,500.0,8,34.79,0.025,15,0,0.0,,,14,2229.5,0.1
S2a_10,0.5,0.05,500.0,9,34.79,0.025,15,0,0.0,,,14,2229.5,0.1
S2a_10,0.5,0.05,500.0,10,34.79,0.025,15,0,0.0,,,14,2229.5,0.1
S2a_10,0.5,0.05,500.0,11,34.79,0.025,15,0,0.0,,,14,2229.5,0.1
S2a_10,0.5,0.05,500.0,12,34.79,0.025,15,0,0.0,,,14,2229.5,0.1
S2a_10,0.5,0.05,500.0,13,34.79,0.025,15,0,0.0,,,14,2229.5,0.1
S2a_10,0.5,0.05,500.0,14,34.79,0.025,15,0,0.0,,,14,2229.5,0.1
S2a_10,0.5,0.05,500.0,15,34.79,0.025,15,0,0.0,,,14,2229.5,0.1
S2a_10,0.5,0.1,150.0,1,34.79,0.05,15,0,0.0,,,14,1171.9,0.1
S2a_10,0.5,0.1,150.0,2,34.79,0.05,15,0,0.0,,,14,1171.9,0.1
S2a_10,0.5,0.1,150.0,3,34.79,0.05,15,0,0.0,,,14,1171.9,0.1
S2a_10,0.5,0.1,150.0,4,34.79,0.05,15,0,0.0,,,14,1171.9,0.1
S2a_10,0.5,0.1,150.0,5,34.79,0.05,15,0,0.0,,,14,1171.9,0.1
S2a_10,0.5,0.1,150.0,6,34.79,0.05,15,0,0.0,,,14,1171.9,0.1
S2a_10,0.5,0.1,150.0,7,34.79,0.05,15,0,0.0,,,14,1171.9,0.1
S2a_10,0.5,0.1,150.0,8,34.79,0.05,15,0,0.0,,,14,1171.9,0.1
S2a_10,0.5,0.1,150.0,9,34.79,0.05,15,0,0.0,,,14,1171.9,0.1
S2a_10,0.5,0.1,150.0,10,34.79,0.05,15,0,0.0,,,14,1171.9,0.1
S2a_10,0.5,0.1,150.0,11,34.79,0.05,15,0,0.0,,,14,1171.9,0.1
S2a_10,0.5,0.1,150.0,12,34.79,0.05,15,0,0.0,,,14,1171.9,0.1
S2a_10,0.5,0.1,150.0,13,34.79,0.05,15,0,0.0,,,14,1171.9,0.1
S2a_10,0.5,0.1,150.0,14,34.79,0.05,15,0,0.0,,,14,1171.9,0.1
S2a_10,0.5,0.1,150.0,15,34.79,0.05,15,0,0.0,,,14,1171.9,0.1
S2a_10,0.5,0.1,300.0,1,34.79,0.05,15,0,0.0,,,14,1171.9,0.1
S2a_10,0.5,0.1,300.0,2,34.79,0.05,15,0,0.0,,,14,1171.9,0.1
S2a_10,0.5,0.1,300.0,3,34.79,0.05,15,0,0.0,,,14,1171.9,0.1
S2a_10,0.5,0.1,300.0,4,34.79,0.05,15,0,0.0,,,14,1171.9,0.1
S2a_10,0.5,0.1,300.0,5,34.79,0.05,15,0,0.0,,,14,1171.9,0.1
S2a_10,0.5,0.1,300.0,6,34.79,0.05,15,0,0.0,,,14,1171.9,0.1
S2a_10,0.5,0.1,300.0,7,34.79,0.05,15,0,0.0,,,14,1171.9,0.1
S2a_10,0.5,0.1,300.0,8,34.79,0.05,15,0,0.0,,,14,1171.9,0.1
S2a_10,0.5,0.1,300.0,9,34.79,0.05,15,0,0.0,,,14,1171.9,0.1
S2a_10,0.5,0.1,300.0,10,34.79,0.05,15,0,0.0,,,14,1171.9,0.1
S2a_10,0.5,0.1,300.0,11,34.79,0.05,15,0,0.0,,,14,1171.9,0.1
S2a_10,0.5,0.1,300.0,12,34.79,0.05,15,0,0.0,,,14,1171.9,0.1
S2a_10,0.5,0.1,300.0,13,34.79,0.05,15,0,0.0,,,14,1171.9,0.1
S2a_10,0.5,0.1,300.0,14,34.79,0.05,15,0,0.0,,,14,1171.9,0.1
S2a_10,0.5,0.1,300.0,15,34.79,0.05,15,0,0.0,,,14,1171.9,0.1
S2a_10,0.5,0.1,500.0,1,34.79,0.05,15,0,0.0,,,14,1171.9,0.1
S2a_10,0.5,0.1,500.0,2,34.79,0.05,15,0,0.0,,,14,1171.9,0.1
S2a_10,0.5,0.1,500.0,3,34.79,0.05,15,0,0.0,,,14,1171.9,0.1
S2a_10,0.5,0.1,500.0,4,34.79,0.05,15,0,0.0,,,14,1171.9,0.1
S2a_10,0.5,0.1,500.0,5,34.79,0.05,15,0,0.0,,,14,1171.9,0.1
S2a_10,0.5,0.1,500.0,6,34.79,0.05,15,0,0.0,,,14,1171.9,0.1
S2a_10,0.5,0.1,500.0,7,34.79,0.05,15,0,0.0,,,14,1171.9,0.1
S2a_10,0.5,0.1,500.0,8,34.79,0.05,15,0,0.0,,,14,1171.9,0.1
S2a_10,0.5,0.1,500.0,9,34.79,0.05,15,0,0.0,,,14,1171.9,0.1
S2a_10,0.5,0.1,500.0,10,34.79,0.05,15,0,0.0,,,14,1171.9,0.1
S2a_10,0.5,0.1,500.0,11,34.79,0.05,15,0,0.0,,,14,1171.9,0.1
S2a_10,0.5,0.1,500.0,12,34.79,0.05,15,0,0.0,,,14,1171.9,0.1
S2a_10,0.5,0.1,500.0,13,34.79,0.05,15,0,0.0,,,14,1171.9,0.1
S2a_10,0.5,0.1,500.0,14,34.79,0.05,15,0,0.0,,,14,1171.9,0.1
S2a_10,0.5,0.1,500.0,15,34.79,0.05,15,0,0.0,,,14,1171.9,0.1
S2a_10,0.5,0.15,150.0,1,34.79,0.075,15,0,0.0,,,14,819.4,0.1
S2a_10,0.5,0.15,150.0,2,34.79,0.075,15,0,0.0,,,14,819.4,0.1
S2a_10,0.5,0.15,150.0,3,34.79,0.075,15,0,0.0,,,14,819.4,0.1
S2a_10,0.5,0.15,150.0,4,34.79,0.075,15,0,0.0,,,14,819.4,0.1
S2a_10,0.5,0.15,150.0,5,34.79,0.075,15,0,0.0,,,14,819.4,0.1
S2a_10,0.5,0.15,150.0,6,34.79,0.075,15,0,0.0,,,14,819.4,0.1
S2a_10,0.5,0.15,150.0,7,34.79,0.075,15,0,0.0,,,14,819.4,0.1
S2a_10,0.5,0.15,150.0,8,34.79,0.075,15,0,0.0,,,14,819.4,0.1
S2a_10,0.5,0.15,150.0,9,34.79,0.075,15,0,0.0,,,14,819.4,0.1
S2a_10,0.5,0.15,150.0,10,34.79,0.075,15,0,0.0,,,14,819.4,0.1
S2a_10,0.5,0.15,150.0,11,34.79,0.075,15,0,0.0,,,14,819.4,0.1
S2a_10,0.5,0.15,150.0,12,34.79,0.075,15,0,0.0,,,14,819.4,0.1
S2a_10,0.5,0.15,150.0,13,34.79,0.075,15,0,0.0,,,14,819.4,0.1
S2a_10,0.5,0.15,150.0,14,34.79,0.075,15,0,0.0,,,14,819.4,0.1
S2a_10,0.5,0.15,150.0,15,34.79,0.075,15,0,0.0,,,14,819.4,0.1
S2a_10,0.5,0.15,300.0,1,34.79,0.075,15,0,0.0,,,14,819.4,0.1
S2a_10,0.5,0.15,300.0,2,34.79,0.075,15,0,0.0,,,14,819.4,0.1
S2a_10,0.5,0.15,300.0,3,34.79,0.075,15,0,0.0,,,14,819.4,0.1
S2a_10,0.5,0.15,300.0,4,34.79,0.075,15,0,0.0,,,14,819.4,0.1
S2a_10,0.5,0.15,300.0,5,34.79,0.075,15,0,0.0,,,14,819.4,0.1
S2a_10,0.5,0.15,300.0,6,34.79,0.075,15,0,0.0,,,14,819.4,0.1
S2a_10,0.5,0.15,300.0,7,34.79,0.075,15,0,0.0,,,14,819.4,0.1
S2a_10,0.5,0.15,300.0,8,34.79,0.075,15,0,0.0,,,14,819.4,0.1
S2a_10,0.5,0.15,300.0,9,34.79,0.075,15,0,0.0,,,14,819.4,0.1
S2a_10,0.5,0.15,300.0,10,34.79,0.075,15,0,0.0,,,14,819.4,0.1
S2a_10,0.5,0.15,300.0,11,34.79,0.075,15,0,0.0,,,14,819.4,0.1
S2a_10,0.5,0.15,300.0,12,34.79,0.075,15,0,0.0,,,14,819.4,0.1
S2a_10,0.5,0.15,300.0,13,34.79,0.075,15,0,0.0,,,14,819.4,0.1
S2a_10,0.5,0.15,300.0,14,34.79,0.075,15,0,0.0,,,14,819.4,0.1
S2a_10,0.5,0.15,300.0,15,34.79,0.075,15,0,0.0,,,14,819.4,0.1
S2a_10,0.5,0.15,500.0,1,34.79,0.075,15,0,0.0,,,14,819.4,0.1
S2a_10,0.5,0.15,500.0,2,34.79,0.075,15,0,0.0,,,14,819.4,0.1
S2a_10,0.5,0.15,500.0,3,34.79,0.075,15,0,0.0,,,14,819.4,0.1
S2a_10,0.5,0.15,500.0,4,34.79,0.075,15,0,0.0,,,14,819.4,0.1
S2a_10,0.5,0.15,500.0,5,34.79,0.075,15,0,0.0,,,14,819.4,0.1
S2a_10,0.5,0.15,500.0,6,34.79,0.075,15,0,0.0,,,14,819.4,0.1
S2a_10,0.5,0.15,500.0,7,34.79,0.075,15,0,0.0,,,14,819.4,0.1
S2a_10,0.5,0.15,500.0,8,34.79,0.075,15,0,0.0,,,14,819.4,0.1
S2a_10,0.5,0.15,500.0,9,34.79,0.075,15,0,0.0,,,14,819.4,0.1
S2a_10,0.5,0.15,500.0,10,34.79,0.075,15,0,0.0,,,14,819.4,0.1
S2a_10,0.5,0.15,500.0,11,34.79,0.075,15,0,0.0,,,14,819.4,0.1
S2a_10,0.5,0.15,500.0,12,34.79,0.075,15,0,0.0,,,14,819.4,0.1
S2a_10,0.5,0.15,500.0,13,34.79,0.075,15,0,0.0,,,14,819.4,0.1
S2a_10,0.5,0.15,500.0,14,34.79,0.075,15,0,0.0,,,14,819.4,0.1
S2a_10,0.5,0.15,500.0,15,34.79,0.075,15,0,0.0,,,14,819.4,0.1
S2a_10,1.0,0.05,150.0,1,24.6,0.05,15,0,0.0,,,14,1141.4,0.1
S2a_10,1.0,0.05,150.0,2,24.6,0.05,15,0,0.0,,,14,1141.4,0.1
S2a_10,1.0,0.05,150.0,3,24.6,0.05,15,0,0.0,,,14,1141.4,0.1
S2a_10,1.0,0.05,150.0,4,24.6,0.05,15,0,0.0,,,14,1141.4,0.1
S2a_10,1.0,0.05,150.0,5,24.6,0.05,15,0,0.0,,,14,1141.4,0.1
S2a_10,1.0,0.05,150.0,6,24.6,0.05,15,0,0.0,,,14,1141.4,0.1
S2a_10,1.0,0.05,150.0,7,24.6,0.05,15,0,0.0,,,14,1141.4,0.1
S2a_10,1.0,0.05,150.0,8,24.6,0.05,15,0,0.0,,,14,1141.4,0.1
S2a_10,1.0,0.05,150.0,9,24.6,0.05,15,0,0.0,,,14,1141.4,0.1
S2a_10,1.0,0.05,150.0,10,24.6,0.05,15,0,0.0,,,14,1141.4,0.1
S2a_10,1.0,0.05,150.0,11,24.6,0.05,15,0,0.0,,,14,1141.4,0.1
S2a_10,1.0,0.05,150.0,12,24.6,0.05,15,0,0.0,,,14,1141.4,0.1
S2a_10,1.0,0.05,150.0,13,24.6,0.05,15,0,0.0,,,14,1141.4,0.1
S2a_10,1.0,0.05,150.0,14,24.6,0.05,15,0,0.0,,,14,1141.4,0.1
S2a_10,1.0,0.05,150.0,15,24.6,0.05,15,0,0.0,,,14,1141.4,0.1
S2a_10,1.0,0.05,300.0,1,24.6,0.05,15,0,0.0,,,14,1141.4,0.1
S2a_10,1.0,0.05,300.0,2,24.6,0.05,15,0,0.0,,,14,1141.4,0.1
S2a_10,1.0,0.05,300.0,3,24.6,0.05,15,0,0.0,,,14,1141.4,0.1
S2a_10,1.0,0.05,300.0,4,24.6,0.05,15,0,0.0,,,14,1141.4,0.1
S2a_10,1.0,0.05,300.0,5,24.6,0.05,15,0,0.0,,,14,1141.4,0.1
S2a_10,1.0,0.05,300.0,6,24.6,0.05,15,0,0.0,,,14,1141.4,0.1
S2a_10,1.0,0.05,300.0,7,24.6,0.05,15,0,0.0,,,14,1141.4,0.1
S2a_10,1.0,0.05,300.0,8,24.6,0.05,15,0,0.0,,,14,1141.4,0.1
S2a_10,1.0,0.05,300.0,9,24.6,0.05,15,0,0.0,,,14,1141.4,0.1
S2a_10,1.0,0.05,300.0,10,24.6,0.05,15,0,0.0,,,14,1141.4,0.1
S2a_10,1.0,0.05,300.0,11,24.6,0.05,15,0,0.0,,,14,1141.4,0.1
S2a_10,1.0,0.05,300.0,12,24.6,0.05,15,0,0.0,,,14,1141.4,0.1
S2a_10,1.0,0.05,300.0,13,24.6,0.05,15,0,0.0,,,14,1141.4,0.1
S2a_10,1.0,0.05,300.0,14,24.6,0.05,15,0,0.0,,,14,1141.4,0.1
S2a_10,1.0,0.05,300.0,15,24.6,0.05,15,0,0.0,,,14,1141.4,0.1
S2a_10,1.0,0.05,500.0,1,24.6,0.05,15,0,0.0,,,14,1141.4,0.1
S2a_10,1.0,0.05,500.0,2,24.6,0.05,15,0,0.0,,,14,1141.4,0.1
S2a_10,1.0,0.05,500.0,3,24.6,0.05,15,0,0.0,,,14,1141.4,0.1
S2a_10,1.0,0.05,500.0,4,24.6,0.05,15,0,0.0,,,14,1141.4,0.1
S2a_10,1.0,0.05,500.0,5,24.6,0.05,15,0,0.0,,,14,1141.4,0.1
S2a_10,1.0,0.05,500.0,6,24.6,0.05,15,0,0.0,,,14,1141.4,0.1
S2a_10,1.0,0.05,500.0,7,24.6,0.05,15,0,0.0,,,14,1141.4,0.1
S2a_10,1.0,0.05,500.0,8,24.6,0.05,15,0,0.0,,,14,1141.4,0.1
S2a_10,1.0,0.05,500.0,9,24.6,0.05,15,0,0.0,,,14,1141.4,0.1
S2a_10,1.0,0.05,500.0,10,24.6,0.05,15,0,0.0,,,14,1141.4,0.1
S2a_10,1.0,0.05,500.0,11,24.6,0.05,15,0,0.0,,,14,1141.4,0.1
S2a_10,1.0,0.05,500.0,12,24.6,0.05,15,0,0.0,,,14,1141.4,0.1
S2a_10,1.0,0.05,500.0,13,24.6,0.05,15,0,0.0,,,14,1141.4,0.1
S2a_10,1.0,0.05,500.0,14,24.6,0.05,15,0,0.0,,,14,1141.4,0.1
S2a_10,1.0,0.05,500.0,15,24.6,0.05,15,0,0.0,,,14,1141.4,0.1
S2a_10,1.0,0.1,150.0,1,24.6,0.1,15,0,0.0,,,14,612.6,0.1
S2a_10,1.0,0.1,150.0,2,24.6,0.1,15,0,0.0,,,14,612.6,0.1
S2a_10,1.0,0.1,150.0,3,24.6,0.1,15,0,0.0,,,14,612.6,0.1
S2a_10,1.0,0.1,150.0,4,24.6,0.1,15,0,0.0,,,14,612.6,0.1
S2a_10,1.0,0.1,150.0,5,24.6,0.1,15,0,0.0,,,14,612.6,0.1
S2a_10,1.0,0.1,150.0,6,24.6,0.1,15,0,0.0,,,14,612.6,0.1
S2a_10,1.0,0.1,150.0,7,24.6,0.1,15,0,0.0,,,14,612.6,0.1
S2a_10,1.0,0.1,150.0,8,24.6,0.1,15,0,0.0,,,14,612.6,0.1
S2a_10,1.0,0.1,150.0,9,24.6,0.1,15,0,0.0,,,14,612.6,0.1
S2a_10,1.0,0.1,150.0,10,24.6,0.1,15,0,0.0,,,14,612.6,0.1
S2a_10,1.0,0.1,150.0,11,24.6,0.1,15,0,0.0,,,14,612.6,0.1
S2a_10,1.0,0.1,150.0,12,24.6,0.1,15,0,0.0,,,14,612.6,0.1
S2a_10,1.0,0.1,150.0,13,24.6,0.1,15,0,0.0,,,14,612.6,0.1
S2a_10,1.0,0.1,150.0,14,24.6,0.1,15,0,0.0,,,14,612.6,0.1
S2a_10,1.0,0.1,150.0,15,24.6,0.1,15,0,0.0,,,14,612.6,0.1
S2a_10,1.0,0.1,300.0,1,24.6,0.1,15,0,0.0,,,14,612.6,0.1
S2a_10,1.0,0.1,300.0,2,24.6,0.1,15,0,0.0,,,14,612.6,0.1
S2a_10,1.0,0.1,300.0,3,24.6,0.1,15,0,0.0,,,14,612.6,0.1
S2a_10,1.0,0.1,300.0,4,24.6,0.1,15,0,0.0,,,14,612.6,0.1
S2a_10,1.0,0.1,300.0,5,24.6,0.1,15,0,0.0,,,14,612.6,0.1
S2a_10,1.0,0.1,300.0,6,24.6,0.1,15,0,0.0,,,14,612.6,0.1
S2a_10,1.0,0.1,300.0,7,24.6,0.1,15,0,0.0,,,14,612.6,0.1
S2a_10,1.0,0.1,300.0,8,24.6,0.1,15,0,0.0,,,14,612.6,0.1
S2a_10,1.0,0.1,300.0,9,24.6,0.1,15,0,0.0,,,14,612.6,0.1
S2a_10,1.0,0.1,300.0,10,24.6,0.1,15,0,0.0,,,14,612.6,0.1
S2a_10,1.0,0.1,300.0,11,24.6,0.1,15,0,0.0,,,14,612.6,0.1
S2a_10,1.0,0.1,300.0,12,24.6,0.1,15,0,0.0,,,14,612.6,0.1
S2a_10,1.0,0.1,300.0,13,24.6,0.1,15,0,0.0,,,14,612.6,0.1
S2a_10,1.0,0.1,300.0,14,24.6,0.1,15,0,0.0,,,14,612.6,0.1
S2a_10,1.0,0.1,300.0,15,24.6,0.1,15,0,0.0,,,14,612.6,0.1
S2a_10,1.0,0.1,500.0,1,24.6,0.1,15,0,0.0,,,14,612.6,0.1
S2a_10,1.0,0.1,500.0,2,24.6,0.1,15,0,0.0,,,14,612.6,0.1
S2a_10,1.0,0.1,500.0,3,24.6,0.1,15,0,0.0,,,14,612.6,0.1
S2a_10,1.0,0.1,500.0,4,24.6,0.1,15,0,0.0,,,14,612.6,0.1
S2a_10,1.0,0.1,500.0,5,24.6,0.1,15,0,0.0,,,14,612.6,0.1
S2a_10,1.0,0.1,500.0,6,24.6,0.1,15,0,0.0,,,14,612.6,0.1
S2a_10,1.0,0.1,500.0,7,24.6,0.1,15,0,0.0,,,14,612.6,0.1
S2a_10,1.0,0.1,500.0,8,24.6,0.1,15,0,0.0,,,14,612.6,0.1
S2a_10,1.0,0.1,500.0,9,24.6,0.1,15,0,0.0,,,14,612.6,0.1
S2a_10,1.0,0.1,500.0,10,24.6,0.1,15,0,0.0,,,14,612.6,0.1
S2a_10,1.0,0.1,500.0,11,24.6,0.1,15,0,0.0,,,14,612.6,0.1
S2a_10,1.0,0.1,500.0,12,24.6,0.1,15,0,0.0,,,14,612.6,0.1
S2a_10,1.0,0.1,500.0,13,24.6,0.1,15,0,0.0,,,14,612.6,0.1
S2a_10,1.0,0.1,500.0,14,24.6,0.1,15,0,0.0,,,14,612.6,0.1
S2a_10,1.0,0.1,500.0,15,24.6,0.1,15,0,0.0,,,14,612.6,0.1
S2a_10,1.0,0.15,150.0,1,24.6,0.15,15,0,0.0,,,14,436.3,0.1
S2a_10,1.0,0.15,150.0,2,24.6,0.15,15,0,0.0,,,14,436.3,0.1
S2a_10,1.0,0.15,150.0,3,24.6,0.15,15,0,0.0,,,14,436.3,0.1
S2a_10,1.0,0.15,150.0,4,24.6,0.15,15,0,0.0,,,14,436.3,0.1
S2a_10,1.0,0.15,150.0,5,24.6,0.15,15,0,0.0,,,14,436.3,0.1
S2a_10,1.0,0.15,150.0,6,24.6,0.15,15,0,0.0,,,14,436.3,0.1
S2a_10,1.0,0.15,150.0,7,24.6,0.15,15,0,0.0,,,14,436.3,0.1
S2a_10,1.0,0.15,150.0,8,24.6,0.15,15,0,0.0,,,14,436.3,0.1
S2a_10,1.0,0.15,150.0,9,24.6,0.15,15,0,0.0,,,14,436.3,0.1
S2a_10,1.0,0.15,150.0,10,24.6,0.15,15,0,0.0,,,14,436.3,0.1
S2a_10,1.0,0.15,150.0,11,24.6,0.15,15,0,0.0,,,14,436.3,0.1
S2a_10,1.0,0.15,150.0,12,24.6,0.15,15,0,0.0,,,14,436.3,0.1
S2a_10,1.0,0.15,150.0,13,24.6,0.15,15,0,0.0,,,14,436.3,0.1
S2a_10,1.0,0.15,150.0,14,24.6,0.15,15,0,0.0,,,14,436.3,0.1
S2a_10,1.0,0.15,150.0,15,24.6,0.15,15,0,0.0,,,14,436.3,0.1
S2a_10,1.0,0.15,300.0,1,24.6,0.15,15,0,0.0,,,14,436.3,0.1
S2a_10,1.0,0.15,300.0,2,24.6,0.15,15,0,0.0,,,14,436.3,0.1
S2a_10,1.0,0.15,300.0,3,24.6,0.15,15,0,0.0,,,14,436.3,0.1
S2a_10,1.0,0.15,300.0,4,24.6,0.15,15,0,0.0,,,14,436.3,0.1
S2a_10,1.0,0.15,300.0,5,24.6,0.15,15,0,0.0,,,14,436.3,0.1
S2a_10,1.0,0.15,300.0,6,24.6,0.15,15,0,0.0,,,14,436.3,0.1
S2a_10,1.0,0.15,300.0,7,24.6,0.15,15,0,0.0,,,14,436.3,0.1
S2a_10,1.0,0.15,300.0,8,24.6,0.15,15,0,0.0,,,14,436.3,0.1
S2a_10,1.0,0.15,300.0,9,24.6,0.15,15,0,0.0,,,14,436.3,0.1
S2a_10,1.0,0.15,300.0,10,24.6,0.15,15,0,0.0,,,14,436.3,0.1
S2a_10,1.0,0.15,300.0,11,24.6,0.15,15,0,0.0,,,14,436.3,0.1
S2a_10,1.0,0.15,300.0,12,24.6,0.15,15,0,0.0,,,14,436.3,0.1
S2a_10,1.0,0.15,300.0,13,24.6,0.15,15,0,0.0,,,14,436.3,0.1
S2a_10,1.0,0.15,300.0,14,24.6,0.15,15,0,0.0,,,14,436.3,0.1
S2a_10,1.0,0.15,300.0,15,24.6,0.15,15,0,0.0,,,14,436.3,0.1
S2a_10,1.0,0.15,500.0,1,24.6,0.15,15,0,0.0,,,14,436.3,0.1
S2a_10,1.0,0.15,500.0,2,24.6,0.15,15,0,0.0,,,14,436.3,0.1
S2a_10,1.0,0.15,500.0,3,24.6,0.15,15,0,0.0,,,14,436.3,0.1
S2a_10,1.0,0.15,500.0,4,24.6,0.15,15,0,0.0,,,14,436.3,0.1
S2a_10,1.0,0.15,500.0,5,24.6,0.15,15,0,0.0,,,14,436.3,0.1
S2a_10,1.0,0.15,500.0,6,24.6,0.15,15,0,0.0,,,14,436.3,0.1
S2a_10,1.0,0.15,500.0,7,24.6,0.15,15,0,0.0,,,14,436.3,0.1
S2a_10,1.0,0.15,500.0,8,24.6,0.15,15,0,0.0,,,14,436.3,0.1
S2a_10,1.0,0.15,500.0,9,24.6,0.15,15,0,0.0,,,14,436.3,0.1
S2a_10,1.0,0.15,500.0,10,24.6,0.15,15,0,0.0,,,14,436.3,0.1
S2a_10,1.0,0.15,500.0,11,24.6,0.15,15,0,0.0,,,14,436.3,0.1
S2a_10,1.0,0.15,500.0,12,24.6,0.15,15,0,0.0,,,14,436.3,0.1
S2a_10,1.0,0.15,500.0,13,24.6,0.15,15,0,0.0,,,14,436.3,0.1
S2a_10,1.0,0.15,500.0,14,24.6,0.15,15,0,0.0,,,14,436.3,0.1
S2a_10,1.0,0.15,500.0,15,24.6,0.15,15,0,0.0,,,14,436.3,0.1
S2a_10,2.0,0.05,150.0,1,17.395,0.1,15,0,0.0,,,14,591.0,0.1
S2a_10,2.0,0.05,150.0,2,17.395,0.1,15,0,0.0,,,14,591.0,0.1
S2a_10,2.0,0.05,150.0,3,17.395,0.1,15,0,0.0,,,14,591.0,0.1
S2a_10,2.0,0.05,150.0,4,17.395,0.1,15,0,0.0,,,14,591.0,0.1
S2a_10,2.0,0.05,150.0,5,17.395,0.1,15,0,0.0,,,14,591.0,0.1
S2a_10,2.0,0.05,150.0,6,17.395,0.1,15,0,0.0,,,14,591.0,0.1
S2a_10,2.0,0.05,150.0,7,17.395,0.1,15,0,0.0,,,14,591.0,0.1
S2a_10,2.0,0.05,150.0,8,17.395,0.1,15,0,0.0,,,14,591.0,0.1
S2a_10,2.0,0.05,150.0,9,17.395,0.1,15,0,0.0,,,14,591.0,0.1
S2a_10,2.0,0.05,150.0,10,17.395,0.1,15,0,0.0,,,14,591.0,0.1
S2a_10,2.0,0.05,150.0,11,17.395,0.1,15,0,0.0,,,14,591.0,0.1
S2a_10,2.0,0.05,150.0,12,17.395,0.1,15,0,0.0,,,14,591.0,0.1
S2a_10,2.0,0.05,150.0,13,17.395,0.1,15,0,0.0,,,14,591.0,0.1
S2a_10,2.0,0.05,150.0,14,17.395,0.1,15,0,0.0,,,14,591.0,0.1
S2a_10,2.0,0.05,150.0,15,17.395,0.1,15,0,0.0,,,14,591.0,0.1
S2a_10,2.0,0.05,300.0,1,17.395,0.1,15,0,0.0,,,14,591.0,0.1
S2a_10,2.0,0.05,300.0,2,17.395,0.1,15,0,0.0,,,14,591.0,0.1
S2a_10,2.0,0.05,300.0,3,17.395,0.1,15,0,0.0,,,14,591.0,0.1
S2a_10,2.0,0.05,300.0,4,17.395,0.1,15,0,0.0,,,14,591.0,0.1
S2a_10,2.0,0.05,300.0,5,17.395,0.1,15,0,0.0,,,14,591.0,0.1
S2a_10,2.0,0.05,300.0,6,17.395,0.1,15,0,0.0,,,14,591.0,0.1
S2a_10,2.0,0.05,300.0,7,17.395,0.1,15,0,0.0,,,14,591.0,0.1
S2a_10,2.0,0.05,300.0,8,17.395,0.1,15,0,0.0,,,14,591.0,0.1
S2a_10,2.0,0.05,300.0,9,17.395,0.1,15,0,0.0,,,14,591.0,0.1
S2a_10,2.0,0.05,300.0,10,17.395,0.1,15,0,0.0,,,14,591.0,0.1
S2a_10,2.0,0.05,300.0,11,17.395,0.1,15,0,0.0,,,14,591.0,0.1
S2a_10,2.0,0.05,300.0,12,17.395,0.1,15,0,0.0,,,14,591.0,0.1
S2a_10,2.0,0.05,300.0,13,17.395,0.1,15,0,0.0,,,14,591.0,0.1
S2a_10,2.0,0.05,300.0,14,17.395,0.1,15,0,0.0,,,14,591.0,0.1
S2a_10,2.0,0.05,300.0,15,17.395,0.1,15,0,0.0,,,14,591.0,0.1
S2a_10,2.0,0.05,500.0,1,17.395,0.1,15,0,0.0,,,14,591.0,0.1
S2a_10,2.0,0.05,500.0,2,17.395,0.1,15,0,0.0,,,14,591.0,0.1
S2a_10,2.0,0.05,500.0,3,17.395,0.1,15,0,0.0,,,14,591.0,0.1
S2a_10,2.0,0.05,500.0,4,17.395,0.1,15,0,0.0,,,14,591.0,0.1
S2a_10,2.0,0.05,500.0,5,17.395,0.1,15,0,0.0,,,14,591.0,0.1
S2a_10,2.0,0.05,500.0,6,17.395,0.1,15,0,0.0,,,14,591.0,0.1
S2a_10,2.0,0.05,500.0,7,17.395,0.1,15,0,0.0,,,14,591.0,0.1
S2a_10,2.0,0.05,500.0,8,17.395,0.1,15,0,0.0,,,14,591.0,0.1
S2a_10,2.0,0.05,500.0,9,17.395,0.1,15,0,0.0,,,14,591.0,0.1
S2a_10,2.0,0.05,500.0,10,17.395,0.1,15,0,0.0,,,14,591.0,0.1
S2a_10,2.0,0.05,500.0,11,17.395,0.1,15,0,0.0,,,14,591.0,0.1
S2a_10,2.0,0.05,500.0,12,17.395,0.1,15,0,0.0,,,14,591.0,0.1
S2a_10,2.0,0.05,500.0,13,17.395,0.1,15,0,0.0,,,14,591.0,0.1
S2a_10,2.0,0.05,500.0,14,17.395,0.1,15,0,0.0,,,14,591.0,0.1
S2a_10,2.0,0.05,500.0,15,17.395,0.1,15,0,0.0,,,14,591.0,0.1
S2a_10,2.0,0.1,150.0,1,17.395,0.2,15,0,0.0,,,14,326.6,0.1
S2a_10,2.0,0.1,150.0,2,17.395,0.2,15,0,0.0,,,14,326.6,0.1
S2a_10,2.0,0.1,150.0,3,17.395,0.2,15,0,0.0,,,14,326.6,0.1
S2a_10,2.0,0.1,150.0,4,17.395,0.2,15,0,0.0,,,14,326.6,0.1
S2a_10,2.0,0.1,150.0,5,17.395,0.2,15,0,0.0,,,14,326.6,0.1
S2a_10,2.0,0.1,150.0,6,17.395,0.2,15,0,0.0,,,14,326.6,0.1
S2a_10,2.0,0.1,150.0,7,17.395,0.2,15,0,0.0,,,14,326.6,0.1
S2a_10,2.0,0.1,150.0,8,17.395,0.2,15,0,0.0,,,14,326.6,0.1
S2a_10,2.0,0.1,150.0,9,17.395,0.2,15,0,0.0,,,14,326.6,0.1
S2a_10,2.0,0.1,150.0,10,17.395,0.2,15,0,0.0,,,14,326.6,0.1
S2a_10,2.0,0.1,150.0,11,17.395,0.2,15,0,0.0,,,14,326.6,0.1
S2a_10,2.0,0.1,150.0,12,17.395,0.2,15,0,0.0,,,14,326.6,0.1
S2a_10,2.0,0.1,150.0,13,17.395,0.2,15,0,0.0,,,14,326.6,0.1
S2a_10,2.0,0.1,150.0,14,17.395,0.2,15,0,0.0,,,14,326.6,0.1
S2a_10,2.0,0.1,150.0,15,17.395,0.2,15,0,0.0,,,14,326.6,0.1
S2a_10,2.0,0.1,300.0,1,17.395,0.2,15,0,0.0,,,14,326.6,0.1
S2a_10,2.0,0.1,300.0,2,17.395,0.2,15,0,0.0,,,14,326.6,0.1
S2a_10,2.0,0.1,300.0,3,17.395,0.2,15,0,0.0,,,14,326.6,0.1
S2a_10,2.0,0.1,300.0,4,17.395,0.2,15,0,0.0,,,14,326.6,0.1
S2a_10,2.0,0.1,300.0,5,17.395,0.2,15,0,0.0,,,14,326.6,0.1
S2a_10,2.0,0.1,300.0,6,17.395,0.2,15,0,0.0,,,14,326.6,0.1
S2a_10,2.0,0.1,300.0,7,17.395,0.2,15,0,0.0,,,14,326.6,0.1
S2a_10,2.0,0.1,300.0,8,17.395,0.2,15,0,0.0,,,14,326.6,0.1
S2a_10,2.0,0.1,300.0,9,17.395,0.2,15,0,0.0,,,14,326.6,0.1
S2a_10,2.0,0.1,300.0,10,17.395,0.2,15,0,0.0,,,14,326.6,0.1
S2a_10,2.0,0.1,300.0,11,17.395,0.2,15,0,0.0,,,14,326.6,0.1
S2a_10,2.0,0.1,300.0,12,17.395,0.2,15,0,0.0,,,14,326.6,0.1
S2a_10,2.0,0.1,300.0,13,17.395,0.2,15,0,0.0,,,14,326.6,0.1
S2a_10,2.0,0.1,300.0,14,17.395,0.2,15,0,0.0,,,14,326.6,0.1
S2a_10,2.0,0.1,300.0,15,17.395,0.2,15,0,0.0,,,14,326.6,0.1
S2a_10,2.0,0.1,500.0,1,17.395,0.2,15,0,0.0,,,14,326.6,0.1
S2a_10,2.0,0.1,500.0,2,17.395,0.2,15,0,0.0,,,14,326.6,0.1
S2a_10,2.0,0.1,500.0,3,17.395,0.2,15,0,0.0,,,14,326.6,0.1
S2a_10,2.0,0.1,500.0,4,17.395,0.2,15,0,0.0,,,14,326.6,0.1
S2a_10,2.0,0.1,500.0,5,17.395,0.2,15,0,0.0,8.62937773065679,304.8881650894588,14,326.6,0.1
S2a_10,2.0,0.1,500.0,6,17.395,0.2,15,0,0.0,,,14,326.6,0.1
S2a_10,2.0,0.1,500.0,7,17.395,0.2,15,0,0.0,,,14,326.6,0.1
S2a_10,2.0,0.1,500.0,8,17.395,0.2,15,0,0.0,3.434948822922123,179.5084971874741,14,326.6,0.1
S2a_10,2.0,0.1,500.0,9,17.395,0.2,15,0,0.0,,,14,326.6,0.1
S2a_10,2.0,0.1,500.0,10,17.395,0.2,15,0,0.0,,,14,326.6,0.1
S2a_10,2.0,0.1,500.0,11,17.395,0.2,15,0,0.0,60.00000000000001,609.2198581560283,14,326.6,0.1
S2a_10,2.0,0.1,500.0,12,17.395,0.2,15,0,0.0,,,14,326.6,0.1
S2a_10,2.0,0.1,500.0,13,17.395,0.2,15,0,0.0,,,14,326.6,0.1
S2a_10,2.0,0.1,500.0,14,17.395,0.2,15,0,0.0,,,14,326.6,0.1
S2a_10,2.0,0.1,500.0,15,17.395,0.2,15,0,0.0,,,14,326.6,0.1
S2a_10,2.0,0.15,150.0,1,17.395,0.3,15,0,0.0,,,14,238.4,0.1
S2a_10,2.0,0.15,150.0,2,17.395,0.3,15,0,0.0,,,14,238.4,0.1
S2a_10,2.0,0.15,150.0,3,17.395,0.3,15,0,0.0,,,14,238.4,0.1
S2a_10,2.0,0.15,150.0,4,17.395,0.3,15,0,0.0,,,14,238.4,0.1
S2a_10,2.0,0.15,150.0,5,17.395,0.3,15,0,0.0,,,14,238.4,0.1
S2a_10,2.0,0.15,150.0,6,17.395,0.3,15,0,0.0,,,14,238.4,0.1
S2a_10,2.0,0.15,150.0,7,17.395,0.3,15,0,0.0,,,14,238.4,0.1
S2a_10,2.0,0.15,150.0,8,17.395,0.3,15,0,0.0,,,14,238.4,0.1
S2a_10,2.0,0.15,150.0,9,17.395,0.3,15,0,0.0,,,14,238.4,0.1
S2a_10,2.0,0.15,150.0,10,17.395,0.3,15,0,0.0,,,14,238.4,0.1
S2a_10,2.0,0.15,150.0,11,17.395,0.3,15,0,0.0,,,14,238.4,0.1
S2a_10,2.0,0.15,150.0,12,17.395,0.3,15,0,0.0,,,14,238.4,0.1
S2a_10,2.0,0.15,150.0,13,17.395,0.3,15,0,0.0,,,14,238.4,0.1
S2a_10,2.0,0.15,150.0,14,17.395,0.3,15,0,0.0,,,14,238.4,0.1
S2a_10,2.0,0.15,150.0,15,17.395,0.3,15,0,0.0,,,14,238.4,0.1
S2a_10,2.0,0.15,300.0,1,17.395,0.3,15,0,0.0,60.00000000000001,910.10101010101,14,238.4,0.1
S2a_10,2.0,0.15,300.0,2,17.395,0.3,15,0,0.0,,,14,238.4,0.1
S2a_10,2.0,0.15,300.0,3,17.395,0.3,15,0,0.0,,,14,238.4,0.1
S2a_10,2.0,0.15,300.0,4,17.395,0.3,15,0,0.0,10.801152716147998,181.06636500392074,14,238.4,0.1
S2a_10,2.0,0.15,300.0,5,17.395,0.3,15,0,0.0,10.5599651718238,208.1667756806837,14,238.4,0.1
S2a_10,2.0,0.15,300.0,6,17.395,0.3,15,0,0.0,,,14,238.4,0.1
S2a_10,2.0,0.15,300.0,7,17.395,0.3,15,0,0.0,,,14,238.4,0.1
S2a_10,2.0,0.15,300.0,8,17.395,0.3,15,0,0.0,,,14,238.4,0.1
S2a_10,2.0,0.15,300.0,9,17.395,0.3,15,0,0.0,,,14,238.4,0.1
S2a_10,2.0,0.15,300.0,10,17.395,0.3,15,0,0.0,,,14,238.4,0.1
S2a_10,2.0,0.15,300.0,11,17.395,0.3,15,0,0.0,,,14,238.4,0.1
S2a_10,2.0,0.15,300.0,12,17.395,0.3,15,0,0.0,,,14,238.4,0.1
S2a_10,2.0,0.15,300.0,13,17.395,0.3,15,0,0.0,,,14,238.4,0.1
S2a_10,2.0,0.15,300.0,14,17.395,0.3,15,0,0.0,,,14,238.4,0.1
S2a_10,2.0,0.15,300.0,15,17.395,0.3,15,0,0.0,,,14,238.4,0.1
S2a_10,2.0,0.15,500.0,1,17.395,0.3,15,0,0.0,9.087452308632434,153.15076607657792,14,238.4,0.1
S2a_10,2.0,0.15,500.0,2,17.395,0.3,15,0,0.0,5.790725274414825,135.67280313608782,14,238.4,0.1
S2a_10,2.0,0.15,500.0,3,17.395,0.3,15,0,0.0,1.172159015782395,126.37531895986605,14,238.4,0.1
S2a_10,2.0,0.15,500.0,4,17.395,0.3,15,0,0.0,60.00000000000001,500.6006006006003,14,238.4,0.1
S2a_10,2.0,0.15,500.0,5,17.395,0.3,15,0,0.0,1.5812919189311234,132.75901075506061,14,238.4,0.1
S2a_10,2.0,0.15,500.0,6,17.395,0.3,15,0,0.0,4.405970754001333,152.6267643889835,14,238.4,0.1
S2a_10,2.0,0.15,500.0,7,17.395,0.3,15,0,0.0,3.6455941220771697,174.02608649732184,14,238.4,0.1
S2a_10,2.0,0.15,500.0,8,17.395,0.3,15,0,0.0,2.2589542929041038,118.53343056150092,14,238.4,0.1
S2a_10,2.0,0.15,500.0,9,17.395,0.3,15,0,0.0,1.8086916262067623,135.03336711773724,14,238.4,0.1
S2a_10,2.0,0.15,500.0,10,17.395,0.3,15,0,0.0,60.00000000000001,566.6666666666663,14,238.4,0.1
S2a_10,2.0,0.15,500.0,11,17.395,0.3,15,0,0.0,45.443602044780285,338.7259587306839,14,238.4,0.1
S2a_10,2.0,0.15,500.0,12,17.395,0.3,15,0,0.0,4.344329272121315,136.5911469958924,14,238.4,0.1
S2a_10,2.0,0.15,500.0,13,17.395,0.3,15,0,0.0,1.780915092983588,130.9967858406845,14,238.4,0.1
S2a_10,2.0,0.15,500.0,14,17.395,0.3,15,0,0.0,3.6669142742200513,201.76108664005707,14,238.4,0.1
S2a_10,2.0,0.15,500.0,15,17.395,0.3,15,0,0.0,4.53082574228852,151.93313050406763,14,238.4,0.1
S2a_10,5.0,0.05,150.0,1,11.001,0.25,15,0,0.0,,,14,254.5,0.1
S2a_10,5.0,0.05,150.0,2,11.001,0.25,15,0,0.0,,,14,254.5,0.1
S2a_10,5.0,0.05,150.0,3,11.001,0.25,15,0,0.0,,,14,254.5,0.1
S2a_10,5.0,0.05,150.0,4,11.001,0.25,15,0,0.0,,,14,254.5,0.1
S2a_10,5.0,0.05,150.0,5,11.001,0.25,15,0,0.0,,,14,254.5,0.1
S2a_10,5.0,0.05,150.0,6,11.001,0.25,15,0,0.0,,,14,254.5,0.1
S2a_10,5.0,0.05,150.0,7,11.001,0.25,15,0,0.0,,,14,254.5,0.1
S2a_10,5.0,0.05,150.0,8,11.001,0.25,15,0,0.0,,,14,254.5,0.1
S2a_10,5.0,0.05,150.0,9,11.001,0.25,15,0,0.0,,,14,254.5,0.1
S2a_10,5.0,0.05,150.0,10,11.001,0.25,15,0,0.0,3.267906207241121,160.76483666802082,14,254.5,0.1
S2a_10,5.0,0.05,150.0,11,11.001,0.25,15,0,0.0,,,14,254.5,0.1
S2a_10,5.0,0.05,150.0,12,11.001,0.25,15,0,0.0,,,14,254.5,0.1
S2a_10,5.0,0.05,150.0,13,11.001,0.25,15,0,0.0,,,14,254.5,0.1
S2a_10,5.0,0.05,150.0,14,11.001,0.25,15,0,0.0,,,14,254.5,0.1
S2a_10,5.0,0.05,150.0,15,11.001,0.25,15,0,0.0,,,14,254.5,0.1
S2a_10,5.0,0.05,300.0,1,11.001,0.25,15,0,0.0,60.00000000000001,779.1208791208803,14,254.5,0.1
S2a_10,5.0,0.05,300.0,2,11.001,0.25,15,0,0.0,,,14,254.5,0.1
S2a_10,5.0,0.05,300.0,3,11.001,0.25,15,0,0.0,,,14,254.5,0.1
S2a_10,5.0,0.05,300.0,4,11.001,0.25,15,0,0.0,,,14,254.5,0.1
S2a_10,5.0,0.05,300.0,5,11.001,0.25,15,0,0.0,,,14,254.5,0.1
S2a_10,5.0,0.05,300.0,6,11.001,0.25,15,0,0.0,,,14,254.5,0.1
S2a_10,5.0,0.05,300.0,7,11.001,0.25,15,0,0.0,,,14,254.5,0.1
S2a_10,5.0,0.05,300.0,8,11.001,0.25,15,0,0.0,,,14,254.5,0.1
S2a_10,5.0,0.05,300.0,9,11.001,0.25,15,0,0.0,,,14,254.5,0.1
S2a_10,5.0,0.05,300.0,10,11.001,0.25,15,0,0.0,,,14,254.5,0.1
S2a_10,5.0,0.05,300.0,11,11.001,0.25,15,0,0.0,,,14,254.5,0.1
S2a_10,5.0,0.05,300.0,12,11.001,0.25,15,0,0.0,,,14,254.5,0.1
S2a_10,5.0,0.05,300.0,13,11.001,0.25,15,0,0.0,,,14,254.5,0.1
S2a_10,5.0,0.05,300.0,14,11.001,0.25,15,0,0.0,,,14,254.5,0.1
S2a_10,5.0,0.05,300.0,15,11.001,0.25,15,0,0.0,,,14,254.5,0.1
S2a_10,5.0,0.05,500.0,1,11.001,0.25,15,0,0.0,,,14,254.5,0.1
S2a_10,5.0,0.05,500.0,2,11.001,0.25,15,0,0.0,15.837831944687323,262.4699488056319,14,254.5,0.1
S2a_10,5.0,0.05,500.0,3,11.001,0.25,15,0,0.0,1.9821064535455866,223.96364521975875,14,254.5,0.1
S2a_10,5.0,0.05,500.0,4,11.001,0.25,15,0,0.0,60.00000000000001,751.063829787234,14,254.5,0.1
S2a_10,5.0,0.05,500.0,5,11.001,0.25,15,0,0.0,1.699244233993559,238.6427307392986,14,254.5,0.1
S2a_10,5.0,0.05,500.0,6,11.001,0.25,15,0,0.0,4.632595537530483,211.57902332121193,14,254.5,0.1
S2a_10,5.0,0.05,500.0,7,11.001,0.25,15,0,0.0,8.432007547426702,222.76253904331452,14,254.5,0.1
S2a_10,5.0,0.05,500.0,8,11.001,0.25,15,0,0.0,1.0926166875633516,188.59414586580067,14,254.5,0.1
S2a_10,5.0,0.05,500.0,9,11.001,0.25,15,0,0.0,5.148672657191971,233.73916587485581,14,254.5,0.1
S2a_10,5.0,0.05,500.0,10,11.001,0.25,15,0,0.0,60.00000000000001,952.6315789473687,14,254.5,0.1
S2a_10,5.0,0.05,500.0,11,11.001,0.25,15,0,0.0,7.671343621980912,230.3642208494478,14,254.5,0.1
S2a_10,5.0,0.05,500.0,12,11.001,0.25,15,0,0.0,,,14,254.5,0.1
S2a_10,5.0,0.05,500.0,13,11.001,0.25,15,0,0.0,1.868657635938891,249.2550802454107,14,254.5,0.1
S2a_10,5.0,0.05,500.0,14,11.001,0.25,15,0,0.0,11.510675094203473,244.29069028827027,14,254.5,0.1
S2a_10,5.0,0.05,500.0,15,11.001,0.25,15,0,0.0,0.9637565320728158,242.99717028501803,14,254.5,0.1
S2a_10,5.0,0.1,150.0,1,11.001,0.5,15,0,0.0,1.879552844008546,48.7669541149383,14,148.8,0.1
S2a_10,5.0,0.1,150.0,2,11.001,0.5,15,0,0.0,0.2743185808175743,139.43941026528995,14,148.8,0.1
S2a_10,5.0,0.1,150.0,3,11.001,0.5,15,0,0.0,4.43124021197351,25.52363362483028,14,148.8,0.1
S2a_10,5.0,0.1,150.0,4,11.001,0.5,15,0,0.0,12.765040100312676,91.67975768893224,14,148.8,0.1
S2a_10,5.0,0.1,150.0,5,11.001,0.5,15,0,0.0,5.978826644953321,71.21555803733015,14,148.8,0.1
S2a_10,5.0,0.1,150.0,6,11.001,0.5,15,0,0.0,6.625835634951677,55.58196831688258,14,148.8,0.1
S2a_10,5.0,0.1,150.0,7,11.001,0.5,15,0,0.0,3.465625702862037,109.92820371112764,14,148.8,0.1
S2a_10,5.0,0.1,150.0,8,11.001,0.5,15,0,0.0,2.728446332074862,39.478696212522514,14,148.8,0.1
S2a_10,5.0,0.1,150.0,9,11.001,0.5,15,0,0.0,4.2741009479492496,74.90743921487007,14,148.8,0.1
S2a_10,5.0,0.1,150.0,10,11.001,0.5,15,0,0.0,5.9800036582000216,29.572709678347753,14,148.8,0.1
S2a_10,5.0,0.1,150.0,11,11.001,0.5,15,0,0.0,3.643590472376395,35.86947948771204,14,148.8,0.1
S2a_10,5.0,0.1,150.0,12,11.001,0.5,15,0,0.0,2.4257452902852905,30.437644680355636,14,148.8,0.1
S2a_10,5.0,0.1,150.0,13,11.001,0.5,15,0,0.0,3.6041964127870805,13.523033658829986,14,148.8,0.1
S2a_10,5.0,0.1,150.0,14,11.001,0.5,15,0,0.0,1.3005736439325584,153.50101242169018,14,148.8,0.1
S2a_10,5.0,0.1,150.0,15,11.001,0.5,15,0,0.0,27.724355685422424,122.4970797449925,14,148.8,0.1
S2a_10,5.0,0.1,300.0,1,11.001,0.5,15,0,0.0,7.699867116206686,69.22436085560348,14,148.8,0.1
S2a_10,5.0,0.1,300.0,2,11.001,0.5,15,0,0.0,2.726053404663227,29.080125719480023,14,148.8,0.1
S2a_10,5.0,0.1,300.0,3,11.001,0.5,15,0,0.0,1.5844731281435682,41.148326008549404,14,148.8,0.1
S2a_10,5.0,0.1,300.0,4,11.001,0.5,15,0,0.0,15.610193852035577,217.14086045617478,14,148.8,0.1
S2a_10,5.0,0.1,300.0,5,11.001,0.5,15,0,0.0,4.178636355542343,55.7469920435856,14,148.8,0.1
S2a_10,5.0,0.1,300.0,6,11.001,0.5,15,0,0.0,9.289917256245968,66.24581241164222,14,148.8,0.1
S2a_10,5.0,0.1,300.0,7,11.001,0.5,15,0,0.0,1.57646920504876,39.60096255195518,14,148.8,0.1
S2a_10,5.0,0.1,300.0,8,11.001,0.5,15,0,0.0,0.336421888531343,116.75485834365374,14,148.8,0.1
S2a_10,5.0,0.1,300.0,9,11.001,0.5,15,0,0.0,33.94419372234375,49.65057350449173,14,148.8,0.1
S2a_10,5.0,0.1,300.0,10,11.001,0.5,15,0,0.0,25.53087981730527,94.7870740015903,14,148.8,0.1
S2a_10,5.0,0.1,300.0,11,11.001,0.5,15,0,0.0,32.6572161512942,38.89118939018046,14,148.8,0.1
S2a_10,5.0,0.1,300.0,12,11.001,0.5,15,0,0.0,4.312659064358832,54.58886689523683,14,148.8,0.1
S2a_10,5.0,0.1,300.0,13,11.001,0.5,15,0,0.0,2.0303242292003087,43.041209523507206,14,148.8,0.1
S2a_10,5.0,0.1,300.0,14,11.001,0.5,15,0,0.0,1.913406379625424,38.875494907577114,14,148.8,0.1
S2a_10,5.0,0.1,300.0,15,11.001,0.5,15,0,0.0,1.3234375373653664,67.67104359008694,14,148.8,0.1
S2a_10,5.0,0.1,500.0,1,11.001,0.5,15,0,0.0,4.140543328948657,93.28609020287146,14,148.8,0.1
S2a_10,5.0,0.1,500.0,2,11.001,0.5,15,0,0.0,8.239080037542523,89.38850476964247,14,148.8,0.1
S2a_10,5.0,0.1,500.0,3,11.001,0.5,15,0,0.0,0.4866874691500911,95.81693744393314,14,148.8,0.1
S2a_10,5.0,0.1,500.0,4,11.001,0.5,15,0,0.0,18.673005072081278,72.03629273075714,14,148.8,0.1
S2a_10,5.0,0.1,500.0,5,11.001,0.5,15,0,0.0,0.4536792102995779,140.26732598247128,14,148.8,0.1
S2a_10,5.0,0.1,500.0,6,11.001,0.5,15,0,0.0,3.8151610632016357,83.18582636182768,14,148.8,0.1
S2a_10,5.0,0.1,500.0,7,11.001,0.5,15,0,0.0,7.381356833272247,70.24513796139018,14,148.8,0.1
S2a_10,5.0,0.1,500.0,8,11.001,0.5,15,0,0.0,1.4401414482792592,142.64165671012714,14,148.8,0.1
S2a_10,5.0,0.1,500.0,9,11.001,0.5,15,0,0.0,3.301283609241155,82.78756253377806,14,148.8,0.1
S2a_10,5.0,0.1,500.0,10,11.001,0.5,15,0,0.0,16.90065972112377,64.74706956500175,14,148.8,0.1
S2a_10,5.0,0.1,500.0,11,11.001,0.5,15,0,0.0,5.778069650479199,80.82709600486986,14,148.8,0.1
S2a_10,5.0,0.1,500.0,12,11.001,0.5,15,0,0.0,10.090468453924434,137.48390572669425,14,148.8,0.1
S2a_10,5.0,0.1,500.0,13,11.001,0.5,15,0,0.0,1.7876362359608804,140.26732598247133,14,148.8,0.1
S2a_10,5.0,0.1,500.0,14,11.001,0.5,15,0,0.0,9.339866857842342,51.45214648093257,14,148.8,0.1
S2a_10,5.0,0.1,500.0,15,11.001,0.5,15,0,0.0,2.0632677611720402,83.46015691976677,14,148.8,0.1
S2a_10,5.0,0.15,150.0,1,11.001,0.75,15,0,0.0,7.883748430901363,22.193364496574265,14,113.5,0.1
S2a_10,5.0,0.15,150.0,2,11.001,0.75,15,0,0.0,5.661878772851595,1.8435027556788313,14,113.5,0.1
S2a_10,5.0,0.15,150.0,3,11.001,0.75,15,0,0.0,45.151405206669764,4.518426594281507,14,113.5,0.1
S2a_10,5.0,0.15,150.0,4,11.001,0.75,15,0,0.0,2.679348248762818,17.280278584976458,14,113.5,0.1
S2a_10,5.0,0.15,150.0,5,11.001,0.75,15,0,0.0,4.802388773564259,19.227508322932664,14,113.5,0.1
S2a_10,5.0,0.15,150.0,6,11.001,0.75,15,0,0.0,1.1535231723214188,8.112814901414705,14,113.5,0.1
S2a_10,5.0,0.15,150.0,7,11.001,0.75,15,0,0.0,1.2762763136342432,22.996706226981832,14,113.5,0.1
S2a_10,5.0,0.15,150.0,8,11.001,0.75,15,1,6.666666666666667,1.5396017155890585,4.774873161671097,14,113.5,0.1
S2a_10,5.0,0.15,150.0,9,11.001,0.75,15,0,0.0,0.864439429947236,11.414777740265203,14,113.5,0.1
S2a_10,5.0,0.15,150.0,10,11.001,0.75,15,0,0.0,40.907740722709946,8.030407817338281,13,113.5,0.1
S2a_10,5.0,0.15,150.0,11,11.001,0.75,15,0,0.0,46.97076288010159,5.084384286459928,14,113.5,0.1
S2a_10,5.0,0.15,150.0,12,11.001,0.75,15,0,0.0,0.6724061013008985,20.349884310532985,14,113.5,0.1
S2a_10,5.0,0.15,150.0,13,11.001,0.75,15,0,0.0,0.017821957020565975,15.562540880256037,14,113.5,0.1
S2a_10,5.0,0.15,150.0,14,11.001,0.75,15,1,6.666666666666667,2.241068295102776,5.883089643952033,14,113.5,0.1
S2a_10,5.0,0.15,150.0,15,11.001,0.75,15,1,6.666666666666667,0.24913678197899872,6.854897074298997,14,113.5,0.1
S2a_10,5.0,0.15,300.0,1,11.001,0.75,15,0,0.0,2.450618748151967,17.668033228532533,14,113.5,0.1
S2a_10,5.0,0.15,300.0,2,11.001,0.75,15,0,0.0,3.287075075960351,18.82950309552472,14,113.5,0.1
S2a_10,5.0,0.15,300.0,3,11.001,0.75,15,0,0.0,0.7315094060686731,22.782308389989893,14,113.5,0.1
S2a_10,5.0,0.15,300.0,4,11.001,0.75,15,0,0.0,3.0556205110681147,23.20114601197861,14,113.5,0.1
S2a_10,5.0,0.15,300.0,5,11.001,0.75,15,0,0.0,4.496692954447666,33.16697851704607,14,113.5,0.1
S2a_10,5.0,0.15,300.0,6,11.001,0.75,15,0,0.0,4.158254002945414,6.812032483274096,14,113.5,0.1
S2a_10,5.0,0.15,300.0,7,11.001,0.75,15,0,0.0,5.281850421084251,34.904397813806476,14,113.5,0.1
S2a_10,5.0,0.15,300.0,8,11.001,0.75,15,0,0.0,0.4064485238910523,31.224443196492714,14,113.5,0.1
S2a_10,5.0,0.15,300.0,9,11.001,0.75,15,0,0.0,1.6968121319425038,8.063258825713177,14,113.5,0.1
S2a_10,5.0,0.15,300.0,10,11.001,0.75,15,0,0.0,5.269802740584452,25.159496107729257,14,113.5,0.1
S2a_10,5.0,0.15,300.0,11,11.001,0.75,15,0,0.0,3.704348562047127,13.784268276067838,14,113.5,0.1
S2a_10,5.0,0.15,300.0,12,11.001,0.75,15,0,0.0,0.6113755490286825,13.624442792203176,14,113.5,0.1
S2a_10,5.0,0.15,300.0,13,11.001,0.75,15,0,0.0,0.834963111635948,28.19691302230476,14,113.5,0.1
S2a_10,5.0,0.15,300.0,14,11.001,0.75,15,0,0.0,2.5519506100251688,23.042972456140763,14,113.5,0.1
S2a_10,5.0,0.15,300.0,15,11.001,0.75,15,0,0.0,0.5981220786047177,8.167185578857827,14,113.5,0.1
S2a_10,5.0,0.15,500.0,1,11.001,0.75,15,0,0.0,5.282856873492488,29.820295403701486,14,113.5,0.1
S2a_10,5.0,0.15,500.0,2,11.001,0.75,15,0,0.0,0.27967624975638994,23.198285781698388,13,113.5,0.1
S2a_10,5.0,0.15,500.0,3,11.001,0.75,15,0,0.0,0.5235233388908237,7.547867352816858,14,113.5,0.1
S2a_10,5.0,0.15,500.0,4,11.001,0.75,15,0,0.0,1.8308149604689532,46.83530732481944,14,113.5,0.1
S2a_10,5.0,0.15,500.0,5,11.001,0.75,15,0,0.0,4.9414373495490445,38.816983613580305,14,113.5,0.1
S2a_10,5.0,0.15,500.0,6,11.001,0.75,15,0,0.0,1.0407997309130326,51.716291989505656,14,113.5,0.1
S2a_10,5.0,0.15,500.0,7,11.001,0.75,15,0,0.0,8.783447950218266,28.692855631770946,14,113.5,0.1
S2a_10,5.0,0.15,500.0,8,11.001,0.75,15,0,0.0,1.4137133389807268,37.15490491099341,14,113.5,0.1
S2a_10,5.0,0.15,500.0,9,11.001,0.75,15,0,0.0,0.34134691013667995,33.197040114136996,14,113.5,0.1
S2a_10,5.0,0.15,500.0,10,11.001,0.75,15,0,0.0,5.912046478766512,36.129448880915646,14,113.5,0.1
S2a_10,5.0,0.15,500.0,11,11.001,0.75,15,0,0.0,3.2444061734204097,39.06252365947378,14,113.5,0.1
S2a_10,5.0,0.15,500.0,12,11.001,0.75,15,0,0.0,2.0655070885904623,9.879951340525928,13,113.5,0.1
S2a_10,5.0,0.15,500.0,13,11.001,0.75,15,0,0.0,0.5074355440065612,23.948031026370295,13,113.5,0.1
S2a_10,5.0,0.15,500.0,14,11.001,0.75,15,0,0.0,5.662714894513266,28.868092688599134,14,113.5,0.1
S2a_10,5.0,0.15,500.0,15,11.001,0.75,15,0,0.0,4.034024781168293,20.206267161255344,14,113.5,0.1
S2a_10,10.0,0.05,150.0,1,7.779,0.5,15,0,0.0,29.221908434975784,62.51571272790572,14,139.1,0.1
S2a_10,10.0,0.05,150.0,2,7.779,0.5,15,0,0.0,0.6647805469491505,163.13511740571082,14,139.1,0.1
S2a_10,10.0,0.05,150.0,3,7.779,0.5,15,0,0.0,4.309468246137576,37.63343578117677,14,139.1,0.1
S2a_10,10.0,0.05,150.0,4,7.779,0.5,15,0,0.0,4.412679167309291,101.69786666722489,14,139.1,0.1
S2a_10,10.0,0.05,150.0,5,7.779,0.5,15,0,0.0,2.7022412195356607,65.23847695440561,14,139.1,0.1
S2a_10,10.0,0.05,150.0,6,7.779,0.5,15,0,0.0,7.344767291320226,60.493796583260504,14,139.1,0.1
S2a_10,10.0,0.05,150.0,7,7.779,0.5,15,0,0.0,3.5019445892330476,108.71301276845138,14,139.1,0.1
S2a_10,10.0,0.05,150.0,8,7.779,0.5,15,0,0.0,0.6314713289091193,91.48621941217729,14,139.1,0.1
S2a_10,10.0,0.05,150.0,9,7.779,0.5,15,0,0.0,7.111358465529114,23.819955666874826,14,139.1,0.1
S2a_10,10.0,0.05,150.0,10,7.779,0.5,15,0,0.0,0.9328434655391178,104.59354390707274,14,139.1,0.1
S2a_10,10.0,0.05,150.0,11,7.779,0.5,15,0,0.0,13.156191448272596,75.61435284512463,14,139.1,0.1
S2a_10,10.0,0.05,150.0,12,7.779,0.5,15,0,0.0,26.30107695200487,80.22947860217636,14,139.1,0.1
S2a_10,10.0,0.05,150.0,13,7.779,0.5,15,0,0.0,2.5209412702070617,19.844303542395856,14,139.1,0.1
S2a_10,10.0,0.05,150.0,14,7.779,0.5,15,0,0.0,1.5058809303752025,138.02777946288938,14,139.1,0.1
S2a_10,10.0,0.05,150.0,15,7.779,0.5,15,0,0.0,1.195114027683193,265.575125067556,14,139.1,0.1
S2a_10,10.0,0.05,300.0,1,7.779,0.5,15,0,0.0,8.401387385285298,170.72652873728762,14,139.1,0.1
S2a_10,10.0,0.05,300.0,2,7.779,0.5,15,0,0.0,1.2293358972690416,16.69927111616105,14,139.1,0.1
S2a_10,10.0,0.05,300.0,3,7.779,0.5,15,0,0.0,1.6085119551366687,63.50655582459244,14,139.1,0.1
S2a_10,10.0,0.05,300.0,4,7.779,0.5,15,0,0.0,6.792546826427168,231.64232777019947,14,139.1,0.1
S2a_10,10.0,0.05,300.0,5,7.779,0.5,15,0,0.0,3.5242916531095143,133.24486610545333,14,139.1,0.1
S2a_10,10.0,0.05,300.0,6,7.779,0.5,15,0,0.0,6.754737417776535,66.29048673190223,14,139.1,0.1
S2a_10,10.0,0.05,300.0,7,7.779,0.5,15,0,0.0,3.9580913485190914,44.09386449679813,14,139.1,0.1
S2a_10,10.0,0.05,300.0,8,7.779,0.5,15,0,0.0,2.987651651600725,198.1423969999721,14,139.1,0.1
S2a_10,10.0,0.05,300.0,9,7.779,0.5,15,0,0.0,3.145728569879673,70.18336680502519,14,139.1,0.1
S2a_10,10.0,0.05,300.0,10,7.779,0.5,15,0,0.0,36.07134601791787,109.6109040751593,14,139.1,0.1
S2a_10,10.0,0.05,300.0,11,7.779,0.5,15,0,0.0,3.4164460515214903,42.711189319174395,14,139.1,0.1
S2a_10,10.0,0.05,300.0,12,7.779,0.5,15,0,0.0,1.3217072656038258,38.89248315326712,14,139.1,0.1
S2a_10,10.0,0.05,300.0,13,7.779,0.5,15,0,0.0,0.5332200782393606,37.504594007351955,14,139.1,0.1
S2a_10,10.0,0.05,300.0,14,7.779,0.5,15,0,0.0,2.324175405178709,60.86715907017604,14,139.1,0.1
S2a_10,10.0,0.05,300.0,15,7.779,0.5,15,0,0.0,0.1951976880138761,31.921350827841778,14,139.1,0.1
S2a_10,10.0,0.05,500.0,1,7.779,0.5,15,0,0.0,7.708782779433607,158.5006499683891,14,139.1,0.1
S2a_10,10.0,0.05,500.0,2,7.779,0.5,15,0,0.0,8.30062483818259,119.84660059051082,14,139.1,0.1
S2a_10,10.0,0.05,500.0,3,7.779,0.5,15,0,0.0,7.28649346402118,88.2274786060509,14,139.1,0.1
S2a_10,10.0,0.05,500.0,4,7.779,0.5,15,0,0.0,12.470078011068871,85.4875805151768,14,139.1,0.1
S2a_10,10.0,0.05,500.0,5,7.779,0.5,15,0,0.0,1.5313204533107925,91.03533830557267,14,139.1,0.1
S2a_10,10.0,0.05,500.0,6,7.779,0.5,15,0,0.0,2.6587264926417546,166.07604209509623,14,139.1,0.1
S2a_10,10.0,0.05,500.0,7,7.779,0.5,15,0,0.0,8.313546869339023,141.28717482264278,14,139.1,0.1
S2a_10,10.0,0.05,500.0,8,7.779,0.5,15,0,0.0,2.8736204373019594,108.05477856710954,14,139.1,0.1
S2a_10,10.0,0.05,500.0,9,7.779,0.5,15,0,0.0,0.6306052916935174,118.77857768166238,14,139.1,0.1
S2a_10,10.0,0.05,500.0,10,7.779,0.5,15,0,0.0,19.929597829541176,77.81079039139836,14,139.1,0.1
S2a_10,10.0,0.05,500.0,11,7.779,0.5,15,0,0.0,3.2828750432368707,81.06778171768974,14,139.1,0.1
S2a_10,10.0,0.05,500.0,12,7.779,0.5,15,0,0.0,12.163672441078335,100.27054798310053,14,139.1,0.1
S2a_10,10.0,0.05,500.0,13,7.779,0.5,15,0,0.0,4.521158454865481,170.91418459143873,14,139.1,0.1
S2a_10,10.0,0.05,500.0,14,7.779,0.5,15,0,0.0,6.514058817981694,170.5421347231649,14,139.1,0.1
S2a_10,10.0,0.05,500.0,15,7.779,0.5,15,0,0.0,4.260412909360684,91.83843856036975,14,139.1,0.1
S2a_10,10.0,0.1,150.0,1,7.779,1.0,15,1,6.666666666666667,3.74223488188357,5.583961059610898,14,86.2,0.1
S2a_10,10.0,0.1,150.0,2,7.779,1.0,15,0,0.0,7.088653093211144,16.547266879178135,14,86.2,0.1
S2a_10,10.0,0.1,150.0,3,7.779,1.0,15,0,0.0,26.44047850203862,11.550442428860785,14,86.2,0.1
S2a_10,10.0,0.1,150.0,4,7.779,1.0,15,0,0.0,1.4642596507195578,4.264356853927254,13,86.2,0.1
S2a_10,10.0,0.1,150.0,5,7.779,1.0,15,0,0.0,7.625167346089786,10.586726120859137,14,86.2,0.1
S2a_10,10.0,0.1,150.0,6,7.779,1.0,15,0,0.0,17.441510246927393,11.663906120888768,14,86.2,0.1
S2a_10,10.0,0.1,150.0,7,7.779,1.0,15,0,0.0,6.072644840905777,7.754491688073006,14,86.2,0.1
S2a_10,10.0,0.1,150.0,8,7.779,1.0,15,0,0.0,4.8086844240362305,15.937566712914597,14,86.2,0.1
S2a_10,10.0,0.1,150.0,9,7.779,1.0,15,0,0.0,3.3503164956740354,15.792933891795503,13,86.2,0.1
S2a_10,10.0,0.1,150.0,10,7.779,1.0,15,0,0.0,12.240718462216366,11.601922265920294,14,86.2,0.1
S2a_10,10.0,0.1,150.0,11,7.779,1.0,15,0,0.0,58.273043218952374,23.05413981847073,14,86.2,0.1
S2a_10,10.0,0.1,150.0,12,7.779,1.0,15,0,0.0,13.206202561606958,7.776393325716224,14,86.2,0.1
S2a_10,10.0,0.1,150.0,13,7.779,1.0,15,0,0.0,0.9568571198594047,13.188207298565025,13,86.2,0.1
S2a_10,10.0,0.1,150.0,14,7.779,1.0,15,0,0.0,0.9290536854243094,15.617023691579202,13,86.2,0.1
S2a_10,10.0,0.1,150.0,15,7.779,1.0,15,0,0.0,1.8978387656085551,8.331490209075042,13,86.2,0.1
S2a_10,10.0,0.1,300.0,1,7.779,1.0,15,0,0.0,3.489886535921665,6.9503424522025625,14,86.2,0.1
S2a_10,10.0,0.1,300.0,2,7.779,1.0,15,0,0.0,4.211085144742648,18.71114089109911,14,86.2,0.1
S2a_10,10.0,0.1,300.0,3,7.779,1.0,15,0,0.0,1.9918203733154864,15.649424213761431,14,86.2,0.1
S2a_10,10.0,0.1,300.0,4,7.779,1.0,15,0,0.0,2.411119019844284,15.314446536993254,14,86.2,0.1
S2a_10,10.0,0.1,300.0,5,7.779,1.0,15,0,0.0,6.458594673719506,9.480963125689978,14,86.2,0.1
S2a_10,10.0,0.1,300.0,6,7.779,1.0,15,0,0.0,3.560404476271459,4.978560318358949,14,86.2,0.1
S2a_10,10.0,0.1,300.0,7,7.779,1.0,15,0,0.0,7.17173710784268,21.12203922118652,14,86.2,0.1
S2a_10,10.0,0.1,300.0,8,7.779,1.0,15,0,0.0,2.8330803141907372,25.978028464570045,14,86.2,0.1
S2a_10,10.0,0.1,300.0,9,7.779,1.0,15,0,0.0,0.4346501927809607,25.081677206527008,14,86.2,0.1
S2a_10,10.0,0.1,300.0,10,7.779,1.0,15,0,0.0,1.498148245796271,27.915336544208724,14,86.2,0.1
S2a_10,10.0,0.1,300.0,11,7.779,1.0,15,0,0.0,1.9936359331037776,22.993693967485008,14,86.2,0.1
S2a_10,10.0,0.1,300.0,12,7.779,1.0,15,0,0.0,3.253459650526808,11.684796752380478,14,86.2,0.1
S2a_10,10.0,0.1,300.0,13,7.779,1.0,15,0,0.0,1.1811732049249222,20.857553664998328,14,86.2,0.1
S2a_10,10.0,0.1,300.0,14,7.779,1.0,15,0,0.0,2.8983450960008743,16.460294244991537,13,86.2,0.1
S2a_10,10.0,0.1,300.0,15,7.779,1.0,15,0,0.0,4.788540999696796,9.054019117165257,14,86.2,0.1
S2a_10,10.0,0.1,500.0,1,7.779,1.0,15,0,0.0,6.773789994643921,24.502384697818247,14,86.2,0.1
S2a_10,10.0,0.1,500.0,2,7.779,1.0,15,0,0.0,3.0527907606986484,17.994613668826265,13,86.2,0.1
S2a_10,10.0,0.1,500.0,3,7.779,1.0,15,0,0.0,0.18127389812413974,11.26919820077421,14,86.2,0.1
S2a_10,10.0,0.1,500.0,4,7.779,1.0,15,0,0.0,3.9721036589803997,18.20463094625884,13,86.2,0.1
S2a_10,10.0,0.1,500.0,5,7.779,1.0,15,0,0.0,5.891237509054956,11.345815548802406,13,86.2,0.1
S2a_10,10.0,0.1,500.0,6,7.779,1.0,15,0,0.0,0.5924648222245789,11.248539872496256,14,86.2,0.1
S2a_10,10.0,0.1,500.0,7,7.779,1.0,15,0,0.0,9.272833258404436,20.866381190519533,14,86.2,0.1
S2a_10,10.0,0.1,500.0,8,7.779,1.0,15,0,0.0,2.560702829652059,20.122222782357735,13,86.2,0.1
S2a_10,10.0,0.1,500.0,9,7.779,1.0,15,0,0.0,1.4759874583363815,42.726127973952764,14,86.2,0.1
S2a_10,10.0,0.1,500.0,10,7.779,1.0,15,0,0.0,2.9980583269810404,29.77374377590374,14,86.2,0.1
S2a_10,10.0,0.1,500.0,11,7.779,1.0,15,0,0.0,1.5047506185527872,19.864953600933077,14,86.2,0.1
S2a_10,10.0,0.1,500.0,12,7.779,1.0,15,0,0.0,5.684229581911498,8.08111173826771,14,86.2,0.1
S2a_10,10.0,0.1,500.0,13,7.779,1.0,15,0,0.0,1.0945476096827733,14.673392785900274,14,86.2,0.1
S2a_10,10.0,0.1,500.0,14,7.779,1.0,15,0,0.0,6.579775262736832,19.679648563484697,14,86.2,0.1
S2a_10,10.0,0.1,500.0,15,7.779,1.0,15,0,0.0,6.785930101416687,15.335780112543084,14,86.2,0.1
S2a_10,10.0,0.15,150.0,1,7.779,1.5,15,2,13.333333333333334,2.429820171372821,3.139457024154598,13,68.6,0.1
S2a_10,10.0,0.15,150.0,2,7.779,1.5,15,2,13.333333333333334,1.7614710621737066,5.06090660588144,13,68.6,0.1
S2a_10,10.0,0.15,150.0,3,7.779,1.5,15,2,13.333333333333334,2.473489437181009,1.2100518060324639,13,68.6,0.1
S2a_10,10.0,0.15,150.0,4,7.779,1.5,15,0,0.0,6.2090355620123825,10.91871077436033,13,68.6,0.1
S2a_10,10.0,0.15,150.0,5,7.779,1.5,15,1,6.666666666666667,8.117030624196119,2.4317978945354035,14,68.6,0.1
S2a_10,10.0,0.15,150.0,6,7.779,1.5,15,2,13.333333333333334,8.383099571642116,12.81624057040213,13,68.6,0.1
S2a_10,10.0,0.15,150.0,7,7.779,1.5,15,1,6.666666666666667,10.446403865701303,9.440704534590443,14,68.6,0.1
S2a_10,10.0,0.15,150.0,8,7.779,1.5,15,2,13.333333333333334,10.090876843262869,10.89686185338185,13,68.6,0.1
S2a_10,10.0,0.15,150.0,9,7.779,1.5,15,4,26.666666666666668,2.524699813217444,-1.0514354673918072,11,68.6,0.1
S2a_10,10.0,0.15,150.0,10,7.779,1.5,15,1,6.666666666666667,9.148925212997757,12.601393199878489,14,68.6,0.1
S2a_10,10.0,0.15,150.0,11,7.779,1.5,15,3,20.0,1.1187658176794613,2.6903386441153643,12,68.6,0.1
S2a_10,10.0,0.15,150.0,12,7.779,1.5,15,1,6.666666666666667,0.44358022258178864,7.289933594884124,14,68.6,0.1
S2a_10,10.0,0.15,150.0,13,7.779,1.5,15,2,13.333333333333334,1.8604329926002656,3.964378347850772,13,68.6,0.1
S2a_10,10.0,0.15,150.0,14,7.779,1.5,15,1,6.666666666666667,6.984057654856334,4.3553879665563375,14,68.6,0.1
S2a_10,10.0,0.15,150.0,15,7.779,1.5,15,1,6.666666666666667,4.707050040070943,4.270649491414083,14,68.6,0.1
S2a_10,10.0,0.15,300.0,1,7.779,1.5,15,0,0.0,0.41035884418152624,14.040210254532917,13,68.6,0.1
S2a_10,10.0,0.15,300.0,2,7.779,1.5,15,0,0.0,0.3677912866175352,4.278107249141971,13,68.6,0.1
S2a_10,10.0,0.15,300.0,3,7.779,1.5,15,0,0.0,2.3793994590984386,12.571505616312248,13,68.6,0.1
S2a_10,10.0,0.15,300.0,4,7.779,1.5,15,0,0.0,6.750017739329484,8.83734450499749,13,68.6,0.1
S2a_10,10.0,0.15,300.0,5,7.779,1.5,15,0,0.0,5.125082244675355,7.31442360329931,13,68.6,0.1
S2a_10,10.0,0.15,300.0,6,7.779,1.5,15,0,0.0,1.9428626041894457,13.951327538918271,13,68.6,0.1
S2a_10,10.0,0.15,300.0,7,7.779,1.5,15,0,0.0,11.382135478809046,15.702844056869983,14,68.6,0.1
S2a_10,10.0,0.15,300.0,8,7.779,1.5,15,0,0.0,0.7346987385557667,17.08526296925159,13,68.6,0.1
S2a_10,10.0,0.15,300.0,9,7.779,1.5,15,0,0.0,2.0543109684880982,16.846127630560762,14,68.6,0.1
S2a_10,10.0,0.15,300.0,10,7.779,1.5,15,0,0.0,6.784628344082846,12.105087236891698,13,68.6,0.1
S2a_10,10.0,0.15,300.0,11,7.779,1.5,15,0,0.0,3.2123767815554887,15.313559380264538,14,68.6,0.1
S2a_10,10.0,0.15,300.0,12,7.779,1.5,15,0,0.0,2.7516430580111653,0.4327935274893946,13,68.6,0.1
S2a_10,10.0,0.15,300.0,13,7.779,1.5,15,0,0.0,2.992850894839369,15.95467563212325,14,68.6,0.1
S2a_10,10.0,0.15,300.0,14,7.779,1.5,15,0,0.0,5.912298416286174,10.370307203891649,14,68.6,0.1
S2a_10,10.0,0.15,300.0,15,7.779,1.5,15,0,0.0,7.914858829886381,0.9007764231105053,13,68.6,0.1
S2a_10,10.0,0.15,500.0,1,7.779,1.5,15,0,0.0,1.3811778327213566,3.300218008883945,13,68.6,0.1
S2a_10,10.0,0.15,500.0,2,7.779,1.5,15,0,0.0,0.8375214831746735,7.933222944086271,13,68.6,0.1
S2a_10,10.0,0.15,500.0,3,7.779,1.5,15,0,0.0,2.685174442145078,15.006648115506405,13,68.6,0.1
S2a_10,10.0,0.15,500.0,4,7.779,1.5,15,0,0.0,5.281613085691348,13.737230174462209,14,68.6,0.1
S2a_10,10.0,0.15,500.0,5,7.779,1.5,15,0,0.0,4.287479807522484,6.139112492683344,13,68.6,0.1
S2a_10,10.0,0.15,500.0,6,7.779,1.5,15,0,0.0,2.938419672732859,20.88001861475076,13,68.6,0.1
S2a_10,10.0,0.15,500.0,7,7.779,1.5,15,0,0.0,13.93345045166723,16.39682946669504,14,68.6,0.1
S2a_10,10.0,0.15,500.0,8,7.779,1.5,15,0,0.0,0.29447958599654284,15.337491901573822,13,68.6,0.1
S2a_10,10.0,0.15,500.0,9,7.779,1.5,15,0,0.0,5.456514268133668,32.248971041724126,13,68.6,0.1
S2a_10,10.0,0.15,500.0,10,7.779,1.5,15,0,0.0,8.481702931548375,12.834866610424486,13,68.6,0.1
S2a_10,10.0,0.15,500.0,11,7.779,1.5,15,0,0.0,0.580100059545498,19.8024122849133,13,68.6,0.1
S2a_10,10.0,0.15,500.0,12,7.779,1.5,15,0,0.0,1.0595309196041858,6.774433200593706,13,68.6,0.1
S2a_10,10.0,0.15,500.0,13,7.779,1.5,15,0,0.0,4.07399274834548,16.33472921416518,14,68.6,0.1
S2a_10,10.0,0.15,500.0,14,7.779,1.5,15,0,0.0,9.570539483600687,19.14077641210518,13,68.6,0.1
S2a_10,10.0,0.15,500.0,15,7.779,1.5,15,0,0.0,7.893935438728355,5.019944524940664,13,68.6,0.1
S2a_10,15.0,0.05,150.0,1,6.352,0.75,15,0,0.0,7.318234382115463,17.225460518539023,14,99.6,0.1
S2a_10,15.0,0.05,150.0,2,6.352,0.75,15,0,0.0,3.9813635802497696,17.30154839872281,14,99.6,0.1
S2a_10,15.0,0.05,150.0,3,6.352,0.75,15,0,0.0,1.2631556215019841,9.03132919805878,14,99.6,0.1
S2a_10,15.0,0.05,150.0,4,6.352,0.75,15,0,0.0,0.709379319338542,25.26389486326133,14,99.6,0.1
S2a_10,15.0,0.05,150.0,5,6.352,0.75,15,0,0.0,5.608901620551874,19.408704274058408,14,99.6,0.1
S2a_10,15.0,0.05,150.0,6,6.352,0.75,15,0,0.0,2.485607873208184,4.454009736872036,14,99.6,0.1
S2a_10,15.0,0.05,150.0,7,6.352,0.75,15,0,0.0,0.5038857818800629,21.24210774735641,14,99.6,0.1
S2a_10,15.0,0.05,150.0,8,6.352,0.75,15,0,0.0,1.1270684013631913,15.355166911235877,14,99.6,0.1
S2a_10,15.0,0.05,150.0,9,6.352,0.75,15,0,0.0,0.13727270127407143,16.884086551243925,14,99.6,0.1
S2a_10,15.0,0.05,150.0,10,6.352,0.75,15,0,0.0,40.651521493382624,9.50718947599783,13,99.6,0.1
S2a_10,15.0,0.05,150.0,11,6.352,0.75,15,0,0.0,1.0059978690513691,1.6014125945795172,14,99.6,0.1
S2a_10,15.0,0.05,150.0,12,6.352,0.75,15,0,0.0,4.431060524470497,17.085262969251605,14,99.6,0.1
S2a_10,15.0,0.05,150.0,13,6.352,0.75,15,0,0.0,3.361080793405245,10.870766656808506,14,99.6,0.1
S2a_10,15.0,0.05,150.0,14,6.352,0.75,15,0,0.0,1.4287629991783342,17.478115911358007,14,99.6,0.1
S2a_10,15.0,0.05,150.0,15,6.352,0.75,15,0,0.0,1.757793268843257,12.13304451852788,14,99.6,0.1
S2a_10,15.0,0.05,300.0,1,6.352,0.75,15,0,0.0,6.361104420271353,12.699309536764444,14,99.6,0.1
S2a_10,15.0,0.05,300.0,2,6.352,0.75,15,0,0.0,1.8077948017831584,32.776836817487116,13,99.6,0.1
S2a_10,15.0,0.05,300.0,3,6.352,0.75,15,0,0.0,0.6177622175914511,21.46837859939761,14,99.6,0.1
S2a_10,15.0,0.05,300.0,4,6.352,0.75,15,0,0.0,2.0732451546114463,30.27960440479947,14,99.6,0.1
S2a_10,15.0,0.05,300.0,5,6.352,0.75,15,0,0.0,5.035479242127013,33.2371059991527,14,99.6,0.1
S2a_10,15.0,0.05,300.0,6,6.352,0.75,15,0,0.0,3.585808772583384,28.678909680133422,14,99.6,0.1
S2a_10,15.0,0.05,300.0,7,6.352,0.75,15,0,0.0,7.293603654294161,39.40470636816575,14,99.6,0.1
S2a_10,15.0,0.05,300.0,8,6.352,0.75,15,0,0.0,1.1182652457060935,36.56013583561538,14,99.6,0.1
S2a_10,15.0,0.05,300.0,9,6.352,0.75,15,0,0.0,0.5547835338108924,43.764368480656124,14,99.6,0.1
S2a_10,15.0,0.05,300.0,10,6.352,0.75,15,0,0.0,6.948882241570103,20.38040119830026,14,99.6,0.1
S2a_10,15.0,0.05,300.0,11,6.352,0.75,15,0,0.0,3.3705554345312345,32.29402601887274,14,99.6,0.1
S2a_10,15.0,0.05,300.0,12,6.352,0.75,15,0,0.0,0.6600493076678097,8.717731282703589,13,99.6,0.1
S2a_10,15.0,0.05,300.0,13,6.352,0.75,15,0,0.0,1.7134438927567754,30.694809567118302,14,99.6,0.1
S2a_10,15.0,0.05,300.0,14,6.352,0.75,15,0,0.0,6.441629286842513,30.574008246330713,14,99.6,0.1
S2a_10,15.0,0.05,300.0,15,6.352,0.75,15,0,0.0,1.255786390448967,29.015813288294073,14,99.6,0.1
S2a_10,15.0,0.05,500.0,1,6.352,0.75,15,0,0.0,7.51126424462688,60.55810663089556,14,99.6,0.1
S2a_10,15.0,0.05,500.0,2,6.352,0.75,15,0,0.0,3.9555465724859014,28.850039300476045,14,99.6,0.1
S2a_10,15.0,0.05,500.0,3,6.352,0.75,15,0,0.0,2.502170284556517,41.88945273160343,14,99.6,0.1
S2a_10,15.0,0.05,500.0,4,6.352,0.75,15,0,0.0,1.709388439018704,40.90622878038698,14,99.6,0.1
S2a_10,15.0,0.05,500.0,5,6.352,0.75,15,0,0.0,5.347367316917124,47.00915592347161,14,99.6,0.1
S2a_10,15.0,0.05,500.0,6,6.352,0.75,15,0,0.0,2.100086326747192,14.687886469697778,14,99.6,0.1
S2a_10,15.0,0.05,500.0,7,6.352,0.75,15,0,0.0,9.064309311683216,29.006754567351667,14,99.6,0.1
S2a_10,15.0,0.05,500.0,8,6.352,0.75,15,0,0.0,0.054666084837040795,76.03390035209205,14,99.6,0.1
S2a_10,15.0,0.05,500.0,9,6.352,0.75,15,0,0.0,0.08229863552246244,63.793489545992124,13,99.6,0.1
S2a_10,15.0,0.05,500.0,10,6.352,0.75,15,0,0.0,3.380581817118803,57.895857254040926,14,99.6,0.1
S2a_10,15.0,0.05,500.0,11,6.352,0.75,15,0,0.0,1.9280001551808488,57.56321405270164,14,99.6,0.1
S2a_10,15.0,0.05,500.0,12,6.352,0.75,15,0,0.0,9.187643526680372,11.308873658818703,14,99.6,0.1
S2a_10,15.0,0.05,500.0,13,6.352,0.75,15,0,0.0,1.2377015121503854,28.337836008503874,13,99.6,0.1
S2a_10,15.0,0.05,500.0,14,6.352,0.75,15,0,0.0,6.331986067694071,32.11860618279513,14,99.6,0.1
S2a_10,15.0,0.05,500.0,15,6.352,0.75,15,0,0.0,6.255563508026781,16.33413545996293,13,99.6,0.1
S2a_10,15.0,0.1,150.0,1,6.352,1.5,15,1,6.666666666666667,1.294027348154107,3.3536977063780484,14,64.3,0.1
S2a_10,15.0,0.1,150.0,2,6.352,1.5,15,0,0.0,10.249875473723094,7.92065137302959,13,64.3,0.1
S2a_10,15.0,0.1,150.0,3,6.352,1.5,15,0,0.0,3.919363777286313,5.594207176214164,13,64.3,0.1
S2a_10,15.0,0.1,150.0,4,6.352,1.5,15,0,0.0,6.053205236808122,4.5470307280278455,13,64.3,0.1
S2a_10,15.0,0.1,150.0,5,6.352,1.5,15,0,0.0,4.752617453033774,2.218715044699267,13,64.3,0.1
S2a_10,15.0,0.1,150.0,6,6.352,1.5,15,1,6.666666666666667,6.347267976068009,9.081659989203317,14,64.3,0.1
S2a_10,15.0,0.1,150.0,7,6.352,1.5,15,0,0.0,10.584323556733272,14.563613289159813,14,64.3,0.1
S2a_10,15.0,0.1,150.0,8,6.352,1.5,15,1,6.666666666666667,9.951352471220778,8.998104237176952,14,64.3,0.1
S2a_10,15.0,0.1,150.0,9,6.352,1.5,15,2,13.333333333333334,4.013019787201152,2.871620076401819,13,64.3,0.1
S2a_10,15.0,0.1,150.0,10,6.352,1.5,15,1,6.666666666666667,3.000268291301745,7.59966399372279,14,64.3,0.1
S2a_10,15.0,0.1,150.0,11,6.352,1.5,15,3,20.0,2.144615288289061,2.1982268804874456,12,64.3,0.1
S2a_10,15.0,0.1,150.0,12,6.352,1.5,15,1,6.666666666666667,2.288932977257743,5.738365305673584,14,64.3,0.1
S2a_10,15.0,0.1,150.0,13,6.352,1.5,15,1,6.666666666666667,2.355666229410745,7.723263012081431,14,64.3,0.1
S2a_10,15.0,0.1,150.0,14,6.352,1.5,15,0,0.0,5.3994175006885206,12.293435840046785,13,64.3,0.1
S2a_10,15.0,0.1,150.0,15,6.352,1.5,15,1,6.666666666666667,3.6324654303054804,-0.8102927596350303,14,64.3,0.1
S2a_10,15.0,0.1,300.0,1,6.352,1.5,15,0,0.0,1.2045568572580647,18.62283532329497,13,64.3,0.1
S2a_10,15.0,0.1,300.0,2,6.352,1.5,15,0,0.0,0.19017156385892217,3.1239561144070853,13,64.3,0.1
S2a_10,15.0,0.1,300.0,3,6.352,1.5,15,0,0.0,2.4679262570515035,12.076568174597346,13,64.3,0.1
S2a_10,15.0,0.1,300.0,4,6.352,1.5,15,0,0.0,6.626085533832927,10.39380341823235,13,64.3,0.1
S2a_10,15.0,0.1,300.0,5,6.352,1.5,15,0,0.0,4.5886681744133195,9.976933107686392,13,64.3,0.1
S2a_10,15.0,0.1,300.0,6,6.352,1.5,15,0,0.0,2.2972112695611515,16.020172139014687,13,64.3,0.1
S2a_10,15.0,0.1,300.0,7,6.352,1.5,15,0,0.0,12.018298423197942,15.078016455267326,14,64.3,0.1
S2a_10,15.0,0.1,300.0,8,6.352,1.5,15,0,0.0,0.8898303565332328,17.93879785980487,13,64.3,0.1
S2a_10,15.0,0.1,300.0,9,6.352,1.5,15,0,0.0,2.3024971175224085,19.334265582765177,14,64.3,0.1
S2a_10,15.0,0.1,300.0,10,6.352,1.5,15,0,0.0,7.258657691759492,13.320358894983894,13,64.3,0.1
S2a_10,15.0,0.1,300.0,11,6.352,1.5,15,0,0.0,3.647145599302475,16.987427541332437,14,64.3,0.1
S2a_10,15.0,0.1,300.0,12,6.352,1.5,15,0,0.0,2.6067815425821266,0.9235766453137136,13,64.3,0.1
S2a_10,15.0,0.1,300.0,13,6.352,1.5,15,0,0.0,2.8584008889250128,17.82480526682456,14,64.3,0.1
S2a_10,15.0,0.1,300.0,14,6.352,1.5,15,0,0.0,6.63364292012753,11.770189958171562,14,64.3,0.1
S2a_10,15.0,0.1,300.0,15,6.352,1.5,15,0,0.0,7.454500823566327,3.5991341427750476,13,64.3,0.1
S2a_10,15.0,0.1,500.0,1,6.352,1.5,15,0,0.0,1.6945797168540977,6.09878023495766,13,64.3,0.1
S2a_10,15.0,0.1,500.0,2,6.352,1.5,15,0,0.0,1.1642751838793235,11.942299034152065,14,64.3,0.1
S2a_10,15.0,0.1,500.0,3,6.352,1.5,15,0,0.0,1.7863881544853089,10.336536257912687,13,64.3,0.1
S2a_10,15.0,0.1,500.0,4,6.352,1.5,15,0,0.0,5.048329711769471,15.648264472865195,14,64.3,0.1
S2a_10,15.0,0.1,500.0,5,6.352,1.5,15,0,0.0,4.198403475510329,5.83954455858516,13,64.3,0.1
S2a_10,15.0,0.1,500.0,6,6.352,1.5,15,0,0.0,1.018114689561448,25.185961031446464,13,64.3,0.1
S2a_10,15.0,0.1,500.0,7,6.352,1.5,15,0,0.0,14.11822671853655,14.625688846014931,14,64.3,0.1
S2a_10,15.0,0.1,500.0,8,6.352,1.5,15,0,0.0,0.3311984612201949,10.093040410442589,13,64.3,0.1
S2a_10,15.0,0.1,500.0,9,6.352,1.5,15,0,0.0,5.678769251094721,32.92377813881171,13,64.3,0.1
S2a_10,15.0,0.1,500.0,10,6.352,1.5,15,0,0.0,8.79308788913775,15.304662221896548,13,64.3,0.1
S2a_10,15.0,0.1,500.0,11,6.352,1.5,15,0,0.0,0.11162816919436329,22.123884241218704,13,64.3,0.1
S2a_10,15.0,0.1,500.0,12,6.352,1.5,15,0,0.0,1.653043676857759,8.423200498729733,13,64.3,0.1
S2a_10,15.0,0.1,500.0,13,6.352,1.5,15,0,0.0,4.417332994515442,19.137890997902886,13,64.3,0.1
S2a_10,15.0,0.1,500.0,14,6.352,1.5,15,0,0.0,9.934316982279224,21.16588894562598,13,64.3,0.1
S2a_10,15.0,0.1,500.0,15,6.352,1.5,15,0,0.0,8.345798127975772,5.766822782578526,13,64.3,0.1
S2a_10,15.0,0.15,150.0,1,6.352,2.25,15,4,26.666666666666668,3.1369693799863976,-10.410967113417355,11,52.6,0.1
S2a_10,15.0,0.15,150.0,2,6.352,2.25,15,6,40.0,6.505059611763577,1.2307449857070552,9,52.6,0.1
S2a_10,15.0,0.15,150.0,3,6.352,2.25,15,6,40.0,2.9542751724551004,-5.893926801958907,9,52.6,0.1
S2a_10,15.0,0.15,150.0,4,6.352,2.25,15,5,33.33333333333333,10.411276735386558,0.24393970585959343,10,52.6,0.1
S2a_10,15.0,0.15,150.0,5,6.352,2.25,15,5,33.33333333333333,0.18372602495323045,-2.933798691853519,10,52.6,0.1
S2a_10,15.0,0.15,150.0,6,6.352,2.25,15,7,46.666666666666664,9.12387050513451,7.087274797985543,8,52.6,0.1
S2a_10,15.0,0.15,150.0,7,6.352,2.25,15,4,26.666666666666668,20.05549305598675,2.5641025641025155,11,52.6,0.1
S2a_10,15.0,0.15,150.0,8,6.352,2.25,15,6,40.0,3.144591326223176,-2.6426768137060463,9,52.6,0.1
S2a_10,15.0,0.15,150.0,9,6.352,2.25,15,7,46.666666666666664,7.89085268884969,-12.938510167657638,8,52.6,0.1
S2a_10,15.0,0.15,150.0,10,6.352,2.25,15,5,33.33333333333333,12.16521066147638,-3.569692965820713,10,52.6,0.1
S2a_10,15.0,0.15,150.0,11,6.352,2.25,15,6,40.0,3.07044828861088,1.166989690218815,9,52.6,0.1
S2a_10,15.0,0.15,150.0,12,6.352,2.25,15,6,40.0,6.670095645929775,-8.594825301753142,9,52.6,0.1
S2a_10,15.0,0.15,150.0,13,6.352,2.25,15,6,40.0,9.42260503093062,-6.629684697926802,9,52.6,0.1
S2a_10,15.0,0.15,150.0,14,6.352,2.25,15,6,40.0,5.6239638305644055,-11.320933736284228,9,52.6,0.1
S2a_10,15.0,0.15,150.0,15,6.352,2.25,15,8,53.333333333333336,9.794033027828414,-6.448296005752338,7,52.6,0.1
S2a_10,15.0,0.15,300.0,1,6.352,2.25,15,0,0.0,3.4745671700417327,1.8906379023926136,12,52.6,0.1
S2a_10,15.0,0.15,300.0,2,6.352,2.25,15,0,0.0,1.3890823427316397,-3.105901383049827,12,52.6,0.1
S2a_10,15.0,0.15,300.0,3,6.352,2.25,15,0,0.0,6.622831191597095,2.8075112662996955,12,52.6,0.1
S2a_10,15.0,0.15,300.0,4,6.352,2.25,15,0,0.0,6.028826398886511,10.796097819071687,13,52.6,0.1
S2a_10,15.0,0.15,300.0,5,6.352,2.25,15,0,0.0,5.4199946222240145,5.69111193323584,12,52.6,0.1
S2a_10,15.0,0.15,300.0,6,6.352,2.25,15,0,0.0,0.8411977240361671,15.325737887861854,12,52.6,0.1
S2a_10,15.0,0.15,300.0,7,6.352,2.25,15,0,0.0,15.994767802256016,6.64427372019792,13,52.6,0.1
S2a_10,15.0,0.15,300.0,8,6.352,2.25,15,0,0.0,4.4360816991895025,4.640126385823448,12,52.6,0.1
S2a_10,15.0,0.15,300.0,9,6.352,2.25,15,0,0.0,9.761222641818389,5.528781770774138,12,52.6,0.1
S2a_10,15.0,0.15,300.0,10,6.352,2.25,15,0,0.0,9.236594884358322,7.218763681763561,13,52.6,0.1
S2a_10,15.0,0.15,300.0,11,6.352,2.25,15,0,0.0,1.4835118699881416,4.130152501838522,12,52.6,0.1
S2a_10,15.0,0.15,300.0,12,6.352,2.25,15,0,0.0,1.1792165141472115,0.3417037366460226,12,52.6,0.1
S2a_10,15.0,0.15,300.0,13,6.352,2.25,15,0,0.0,6.732202463570977,0.9059131525554894,13,52.6,0.1
S2a_10,15.0,0.15,300.0,14,6.352,2.25,15,0,0.0,12.553403617879171,8.636600635951197,12,52.6,0.1
S2a_10,15.0,0.15,300.0,15,6.352,2.25,15,0,0.0,7.312735217806214,5.303938250853493,13,52.6,0.1
S2a_10,15.0,0.15,500.0,1,6.352,2.25,15,0,0.0,5.359465256519188,5.63377447967793,12,52.6,0.1
S2a_10,15.0,0.15,500.0,2,6.352,2.25,15,0,0.0,3.15229032667232,1.302104881987217,12,52.6,0.1
S2a_10,15.0,0.15,500.0,3,6.352,2.25,15,0,0.0,5.321143961076015,5.690135772144858,12,52.6,0.1
S2a_10,15.0,0.15,500.0,4,6.352,2.25,15,0,0.0,3.734702745215909,19.007305320303402,13,52.6,0.1
S2a_10,15.0,0.15,500.0,5,6.352,2.25,15,0,0.0,4.707883965843314,6.793184740491734,13,52.6,0.1
S2a_10,15.0,0.15,500.0,6,6.352,2.25,15,0,0.0,3.407565704296048,20.11981120157758,12,52.6,0.1
S2a_10,15.0,0.15,500.0,7,6.352,2.25,15,0,0.0,16.52126118843285,6.049473093623606,13,52.6,0.1
S2a_10,15.0,0.15,500.0,8,6.352,2.25,15,0,0.0,3.270031817583987,9.647403613209606,12,52.6,0.1
S2a_10,15.0,0.15,500.0,9,6.352,2.25,15,0,0.0,8.683976610756538,-0.2554676985877672,13,52.6,0.1
S2a_10,15.0,0.15,500.0,10,6.352,2.25,15,0,0.0,8.25772735641317,15.994666107915615,13,52.6,0.1
S2a_10,15.0,0.15,500.0,11,6.352,2.25,15,0,0.0,0.540363955868184,10.051707529041526,12,52.6,0.1
S2a_10,15.0,0.15,500.0,12,6.352,2.25,15,0,0.0,3.418763670865987,1.7306701331665133,12,52.6,0.1
S2a_10,15.0,0.15,500.0,13,6.352,2.25,15,0,0.0,4.8488154969941695,5.790124205728632,13,52.6,0.1
S2a_10,15.0,0.15,500.0,14,6.352,2.25,15,0,0.0,15.551742030308105,15.588177159983097,12,52.6,0.1
S2a_10,15.0,0.15,500.0,15,6.352,2.25,15,0,0.0,8.21078748576006,13.925961261255143,12,52.6,0.1
S7_worst,0.1,0.05,150.0,1,77.792,0.005,15,0,0.0,,,13,10819.0,0.2705
S7_worst,0.1,0.05,150.0,2,77.792,0.005,15,0,0.0,,,11,10819.0,0.2705
S7_worst,0.1,0.05,150.0,3,77.792,0.005,15,0,0.0,,,10,10819.0,0.2705
S7_worst,0.1,0.05,150.0,4,77.792,0.005,15,0,0.0,,,10,10819.0,0.2705
S7_worst,0.1,0.05,150.0,5,77.792,0.005,15,0,0.0,,,12,10819.0,0.2705
S7_worst,0.1,0.05,150.0,6,77.792,0.005,15,0,0.0,,,14,10819.0,0.2705
S7_worst,0.1,0.05,150.0,7,77.792,0.005,15,0,0.0,,,10,10819.0,0.2705
S7_worst,0.1,0.05,150.0,8,77.792,0.005,15,0,0.0,,,11,10819.0,0.2705
S7_worst,0.1,0.05,150.0,9,77.792,0.005,15,0,0.0,,,13,10819.0,0.2705
S7_worst,0.1,0.05,150.0,10,77.792,0.005,15,0,0.0,,,12,10819.0,0.2705
S7_worst,0.1,0.05,150.0,11,77.792,0.005,15,0,0.0,,,12,10819.0,0.2705
S7_worst,0.1,0.05,150.0,12,77.792,0.005,15,0,0.0,,,13,10819.0,0.2705
S7_worst,0.1,0.05,150.0,13,77.792,0.005,15,0,0.0,,,12,10819.0,0.2705
S7_worst,0.1,0.05,150.0,14,77.792,0.005,15,0,0.0,,,11,10819.0,0.2705
S7_worst,0.1,0.05,150.0,15,77.792,0.005,15,0,0.0,,,9,10819.0,0.2705
S7_worst,0.1,0.05,300.0,1,77.792,0.005,15,0,0.0,,,13,10819.0,0.2705
S7_worst,0.1,0.05,300.0,2,77.792,0.005,15,0,0.0,,,12,10819.0,0.2705
S7_worst,0.1,0.05,300.0,3,77.792,0.005,15,0,0.0,,,10,10819.0,0.2705
S7_worst,0.1,0.05,300.0,4,77.792,0.005,15,0,0.0,,,11,10819.0,0.2705
S7_worst,0.1,0.05,300.0,5,77.792,0.005,15,0,0.0,,,12,10819.0,0.2705
S7_worst,0.1,0.05,300.0,6,77.792,0.005,15,0,0.0,,,14,10819.0,0.2705
S7_worst,0.1,0.05,300.0,7,77.792,0.005,15,0,0.0,,,11,10819.0,0.2705
S7_worst,0.1,0.05,300.0,8,77.792,0.005,15,0,0.0,,,12,10819.0,0.2705
S7_worst,0.1,0.05,300.0,9,77.792,0.005,15,0,0.0,,,13,10819.0,0.2705
S7_worst,0.1,0.05,300.0,10,77.792,0.005,15,0,0.0,,,13,10819.0,0.2705
S7_worst,0.1,0.05,300.0,11,77.792,0.005,15,0,0.0,,,13,10819.0,0.2705
S7_worst,0.1,0.05,300.0,12,77.792,0.005,15,0,0.0,,,13,10819.0,0.2705
S7_worst,0.1,0.05,300.0,13,77.792,0.005,15,0,0.0,,,13,10819.0,0.2705
S7_worst,0.1,0.05,300.0,14,77.792,0.005,15,0,0.0,,,12,10819.0,0.2705
S7_worst,0.1,0.05,300.0,15,77.792,0.005,15,0,0.0,,,13,10819.0,0.2705
S7_worst,0.1,0.05,500.0,1,77.792,0.005,15,0,0.0,,,13,10819.0,0.2705
S7_worst,0.1,0.05,500.0,2,77.792,0.005,15,0,0.0,,,12,10819.0,0.2705
S7_worst,0.1,0.05,500.0,3,77.792,0.005,15,0,0.0,,,10,10819.0,0.2705
S7_worst,0.1,0.05,500.0,4,77.792,0.005,15,0,0.0,,,13,10819.0,0.2705
S7_worst,0.1,0.05,500.0,5,77.792,0.005,15,0,0.0,,,12,10819.0,0.2705
S7_worst,0.1,0.05,500.0,6,77.792,0.005,15,0,0.0,,,14,10819.0,0.2705
S7_worst,0.1,0.05,500.0,7,77.792,0.005,15,0,0.0,,,11,10819.0,0.2705
S7_worst,0.1,0.05,500.0,8,77.792,0.005,15,0,0.0,,,13,10819.0,0.2705
S7_worst,0.1,0.05,500.0,9,77.792,0.005,15,0,0.0,,,13,10819.0,0.2705
S7_worst,0.1,0.05,500.0,10,77.792,0.005,15,0,0.0,,,14,10819.0,0.2705
S7_worst,0.1,0.05,500.0,11,77.792,0.005,15,0,0.0,,,13,10819.0,0.2705
S7_worst,0.1,0.05,500.0,12,77.792,0.005,15,0,0.0,,,13,10819.0,0.2705
S7_worst,0.1,0.05,500.0,13,77.792,0.005,15,0,0.0,,,13,10819.0,0.2705
S7_worst,0.1,0.05,500.0,14,77.792,0.005,15,0,0.0,,,12,10819.0,0.2705
S7_worst,0.1,0.05,500.0,15,77.792,0.005,15,0,0.0,,,13,10819.0,0.2705
S7_worst,0.1,0.1,150.0,1,77.792,0.01,15,0,0.0,,,10,5531.2,0.1383
S7_worst,0.1,0.1,150.0,2,77.792,0.01,15,0,0.0,,,12,5531.2,0.1383
S7_worst,0.1,0.1,150.0,3,77.792,0.01,15,0,0.0,,,11,5531.2,0.1383
S7_worst,0.1,0.1,150.0,4,77.792,0.01,15,0,0.0,,,13,5531.2,0.1383
S7_worst,0.1,0.1,150.0,5,77.792,0.01,15,0,0.0,,,10,5531.2,0.1383
S7_worst,0.1,0.1,150.0,6,77.792,0.01,15,0,0.0,,,12,5531.2,0.1383
S7_worst,0.1,0.1,150.0,7,77.792,0.01,15,0,0.0,,,12,5531.2,0.1383
S7_worst,0.1,0.1,150.0,8,77.792,0.01,15,0,0.0,,,12,5531.2,0.1383
S7_worst,0.1,0.1,150.0,9,77.792,0.01,15,0,0.0,,,12,5531.2,0.1383
S7_worst,0.1,0.1,150.0,10,77.792,0.01,15,0,0.0,,,11,5531.2,0.1383
S7_worst,0.1,0.1,150.0,11,77.792,0.01,15,0,0.0,,,11,5531.2,0.1383
S7_worst,0.1,0.1,150.0,12,77.792,0.01,15,0,0.0,,,11,5531.2,0.1383
S7_worst,0.1,0.1,150.0,13,77.792,0.01,15,0,0.0,,,11,5531.2,0.1383
S7_worst,0.1,0.1,150.0,14,77.792,0.01,15,0,0.0,,,11,5531.2,0.1383
S7_worst,0.1,0.1,150.0,15,77.792,0.01,15,0,0.0,,,10,5531.2,0.1383
S7_worst,0.1,0.1,300.0,1,77.792,0.01,15,0,0.0,,,12,5531.2,0.1383
S7_worst,0.1,0.1,300.0,2,77.792,0.01,15,0,0.0,,,13,5531.2,0.1383
S7_worst,0.1,0.1,300.0,3,77.792,0.01,15,0,0.0,,,12,5531.2,0.1383
S7_worst,0.1,0.1,300.0,4,77.792,0.01,15,0,0.0,,,13,5531.2,0.1383
S7_worst,0.1,0.1,300.0,5,77.792,0.01,15,0,0.0,,,11,5531.2,0.1383
S7_worst,0.1,0.1,300.0,6,77.792,0.01,15,0,0.0,,,12,5531.2,0.1383
S7_worst,0.1,0.1,300.0,7,77.792,0.01,15,0,0.0,,,12,5531.2,0.1383
S7_worst,0.1,0.1,300.0,8,77.792,0.01,15,0,0.0,,,13,5531.2,0.1383
S7_worst,0.1,0.1,300.0,9,77.792,0.01,15,0,0.0,,,12,5531.2,0.1383
S7_worst,0.1,0.1,300.0,10,77.792,0.01,15,0,0.0,,,14,5531.2,0.1383
S7_worst,0.1,0.1,300.0,11,77.792,0.01,15,0,0.0,,,13,5531.2,0.1383
S7_worst,0.1,0.1,300.0,12,77.792,0.01,15,0,0.0,,,12,5531.2,0.1383
S7_worst,0.1,0.1,300.0,13,77.792,0.01,15,0,0.0,,,13,5531.2,0.1383
S7_worst,0.1,0.1,300.0,14,77.792,0.01,15,0,0.0,,,12,5531.2,0.1383
S7_worst,0.1,0.1,300.0,15,77.792,0.01,15,0,0.0,,,10,5531.2,0.1383
S7_worst,0.1,0.1,500.0,1,77.792,0.01,15,0,0.0,,,12,5531.2,0.1383
S7_worst,0.1,0.1,500.0,2,77.792,0.01,15,0,0.0,,,14,5531.2,0.1383
S7_worst,0.1,0.1,500.0,3,77.792,0.01,15,0,0.0,,,12,5531.2,0.1383
S7_worst,0.1,0.1,500.0,4,77.792,0.01,15,0,0.0,,,14,5531.2,0.1383
S7_worst,0.1,0.1,500.0,5,77.792,0.01,15,0,0.0,,,11,5531.2,0.1383
S7_worst,0.1,0.1,500.0,6,77.792,0.01,15,0,0.0,,,14,5531.2,0.1383
S7_worst,0.1,0.1,500.0,7,77.792,0.01,15,0,0.0,,,12,5531.2,0.1383
S7_worst,0.1,0.1,500.0,8,77.792,0.01,15,0,0.0,,,14,5531.2,0.1383
S7_worst,0.1,0.1,500.0,9,77.792,0.01,15,0,0.0,,,12,5531.2,0.1383
S7_worst,0.1,0.1,500.0,10,77.792,0.01,15,0,0.0,,,13,5531.2,0.1383
S7_worst,0.1,0.1,500.0,11,77.792,0.01,15,0,0.0,,,14,5531.2,0.1383
S7_worst,0.1,0.1,500.0,12,77.792,0.01,15,0,0.0,,,13,5531.2,0.1383
S7_worst,0.1,0.1,500.0,13,77.792,0.01,15,0,0.0,,,14,5531.2,0.1383
S7_worst,0.1,0.1,500.0,14,77.792,0.01,15,0,0.0,,,12,5531.2,0.1383
S7_worst,0.1,0.1,500.0,15,77.792,0.01,15,0,0.0,,,10,5531.2,0.1383
S7_worst,0.1,0.15,150.0,1,77.792,0.015,15,0,0.0,,,14,3768.6,0.1
S7_worst,0.1,0.15,150.0,2,77.792,0.015,15,0,0.0,,,14,3768.6,0.1
S7_worst,0.1,0.15,150.0,3,77.792,0.015,15,0,0.0,,,14,3768.6,0.1
S7_worst,0.1,0.15,150.0,4,77.792,0.015,15,0,0.0,,,14,3768.6,0.1
S7_worst,0.1,0.15,150.0,5,77.792,0.015,15,0,0.0,,,14,3768.6,0.1
S7_worst,0.1,0.15,150.0,6,77.792,0.015,15,0,0.0,,,14,3768.6,0.1
S7_worst,0.1,0.15,150.0,7,77.792,0.015,15,0,0.0,,,14,3768.6,0.1
S7_worst,0.1,0.15,150.0,8,77.792,0.015,15,0,0.0,,,14,3768.6,0.1
S7_worst,0.1,0.15,150.0,9,77.792,0.015,15,0,0.0,,,14,3768.6,0.1
S7_worst,0.1,0.15,150.0,10,77.792,0.015,15,0,0.0,,,14,3768.6,0.1
S7_worst,0.1,0.15,150.0,11,77.792,0.015,15,0,0.0,,,14,3768.6,0.1
S7_worst,0.1,0.15,150.0,12,77.792,0.015,15,0,0.0,,,14,3768.6,0.1
S7_worst,0.1,0.15,150.0,13,77.792,0.015,15,0,0.0,,,14,3768.6,0.1
S7_worst,0.1,0.15,150.0,14,77.792,0.015,15,0,0.0,,,14,3768.6,0.1
S7_worst,0.1,0.15,150.0,15,77.792,0.015,15,0,0.0,,,14,3768.6,0.1
S7_worst,0.1,0.15,300.0,1,77.792,0.015,15,0,0.0,,,14,3768.6,0.1
S7_worst,0.1,0.15,300.0,2,77.792,0.015,15,0,0.0,,,14,3768.6,0.1
S7_worst,0.1,0.15,300.0,3,77.792,0.015,15,0,0.0,,,14,3768.6,0.1
S7_worst,0.1,0.15,300.0,4,77.792,0.015,15,0,0.0,,,14,3768.6,0.1
S7_worst,0.1,0.15,300.0,5,77.792,0.015,15,0,0.0,,,14,3768.6,0.1
S7_worst,0.1,0.15,300.0,6,77.792,0.015,15,0,0.0,,,14,3768.6,0.1
S7_worst,0.1,0.15,300.0,7,77.792,0.015,15,0,0.0,,,14,3768.6,0.1
S7_worst,0.1,0.15,300.0,8,77.792,0.015,15,0,0.0,,,14,3768.6,0.1
S7_worst,0.1,0.15,300.0,9,77.792,0.015,15,0,0.0,,,14,3768.6,0.1
S7_worst,0.1,0.15,300.0,10,77.792,0.015,15,0,0.0,,,14,3768.6,0.1
S7_worst,0.1,0.15,300.0,11,77.792,0.015,15,0,0.0,,,14,3768.6,0.1
S7_worst,0.1,0.15,300.0,12,77.792,0.015,15,0,0.0,,,14,3768.6,0.1
S7_worst,0.1,0.15,300.0,13,77.792,0.015,15,0,0.0,,,14,3768.6,0.1
S7_worst,0.1,0.15,300.0,14,77.792,0.015,15,0,0.0,,,14,3768.6,0.1
S7_worst,0.1,0.15,300.0,15,77.792,0.015,15,0,0.0,,,14,3768.6,0.1
S7_worst,0.1,0.15,500.0,1,77.792,0.015,15,0,0.0,,,14,3768.6,0.1
S7_worst,0.1,0.15,500.0,2,77.792,0.015,15,0,0.0,,,14,3768.6,0.1
S7_worst,0.1,0.15,500.0,3,77.792,0.015,15,0,0.0,,,14,3768.6,0.1
S7_worst,0.1,0.15,500.0,4,77.792,0.015,15,0,0.0,,,14,3768.6,0.1
S7_worst,0.1,0.15,500.0,5,77.792,0.015,15,0,0.0,,,14,3768.6,0.1
S7_worst,0.1,0.15,500.0,6,77.792,0.015,15,0,0.0,,,14,3768.6,0.1
S7_worst,0.1,0.15,500.0,7,77.792,0.015,15,0,0.0,,,14,3768.6,0.1
S7_worst,0.1,0.15,500.0,8,77.792,0.015,15,0,0.0,,,14,3768.6,0.1
S7_worst,0.1,0.15,500.0,9,77.792,0.015,15,0,0.0,,,14,3768.6,0.1
S7_worst,0.1,0.15,500.0,10,77.792,0.015,15,0,0.0,,,14,3768.6,0.1
S7_worst,0.1,0.15,500.0,11,77.792,0.015,15,0,0.0,,,14,3768.6,0.1
S7_worst,0.1,0.15,500.0,12,77.792,0.015,15,0,0.0,,,14,3768.6,0.1
S7_worst,0.1,0.15,500.0,13,77.792,0.015,15,0,0.0,,,14,3768.6,0.1
S7_worst,0.1,0.15,500.0,14,77.792,0.015,15,0,0.0,,,14,3768.6,0.1
S7_worst,0.1,0.15,500.0,15,77.792,0.015,15,0,0.0,,,14,3768.6,0.1
S7_worst,0.5,0.05,150.0,1,34.79,0.025,15,0,0.0,,,14,2229.5,0.1
S7_worst,0.5,0.05,150.0,2,34.79,0.025,15,0,0.0,,,14,2229.5,0.1
S7_worst,0.5,0.05,150.0,3,34.79,0.025,15,0,0.0,,,14,2229.5,0.1
S7_worst,0.5,0.05,150.0,4,34.79,0.025,15,0,0.0,,,14,2229.5,0.1
S7_worst,0.5,0.05,150.0,5,34.79,0.025,15,0,0.0,,,14,2229.5,0.1
S7_worst,0.5,0.05,150.0,6,34.79,0.025,15,0,0.0,,,14,2229.5,0.1
S7_worst,0.5,0.05,150.0,7,34.79,0.025,15,0,0.0,,,14,2229.5,0.1
S7_worst,0.5,0.05,150.0,8,34.79,0.025,15,0,0.0,,,14,2229.5,0.1
S7_worst,0.5,0.05,150.0,9,34.79,0.025,15,0,0.0,,,14,2229.5,0.1
S7_worst,0.5,0.05,150.0,10,34.79,0.025,15,0,0.0,,,14,2229.5,0.1
S7_worst,0.5,0.05,150.0,11,34.79,0.025,15,0,0.0,,,14,2229.5,0.1
S7_worst,0.5,0.05,150.0,12,34.79,0.025,15,0,0.0,,,14,2229.5,0.1
S7_worst,0.5,0.05,150.0,13,34.79,0.025,15,0,0.0,,,14,2229.5,0.1
S7_worst,0.5,0.05,150.0,14,34.79,0.025,15,0,0.0,,,14,2229.5,0.1
S7_worst,0.5,0.05,150.0,15,34.79,0.025,15,0,0.0,,,14,2229.5,0.1
S7_worst,0.5,0.05,300.0,1,34.79,0.025,15,0,0.0,,,14,2229.5,0.1
S7_worst,0.5,0.05,300.0,2,34.79,0.025,15,0,0.0,,,14,2229.5,0.1
S7_worst,0.5,0.05,300.0,3,34.79,0.025,15,0,0.0,,,14,2229.5,0.1
S7_worst,0.5,0.05,300.0,4,34.79,0.025,15,0,0.0,,,14,2229.5,0.1
S7_worst,0.5,0.05,300.0,5,34.79,0.025,15,0,0.0,,,14,2229.5,0.1
S7_worst,0.5,0.05,300.0,6,34.79,0.025,15,0,0.0,,,14,2229.5,0.1
S7_worst,0.5,0.05,300.0,7,34.79,0.025,15,0,0.0,,,14,2229.5,0.1
S7_worst,0.5,0.05,300.0,8,34.79,0.025,15,0,0.0,,,14,2229.5,0.1
S7_worst,0.5,0.05,300.0,9,34.79,0.025,15,0,0.0,,,14,2229.5,0.1
S7_worst,0.5,0.05,300.0,10,34.79,0.025,15,0,0.0,,,14,2229.5,0.1
S7_worst,0.5,0.05,300.0,11,34.79,0.025,15,0,0.0,,,14,2229.5,0.1
S7_worst,0.5,0.05,300.0,12,34.79,0.025,15,0,0.0,,,14,2229.5,0.1
S7_worst,0.5,0.05,300.0,13,34.79,0.025,15,0,0.0,,,14,2229.5,0.1
S7_worst,0.5,0.05,300.0,14,34.79,0.025,15,0,0.0,,,14,2229.5,0.1
S7_worst,0.5,0.05,300.0,15,34.79,0.025,15,0,0.0,,,14,2229.5,0.1
S7_worst,0.5,0.05,500.0,1,34.79,0.025,15,0,0.0,,,14,2229.5,0.1
S7_worst,0.5,0.05,500.0,2,34.79,0.025,15,0,0.0,,,14,2229.5,0.1
S7_worst,0.5,0.05,500.0,3,34.79,0.025,15,0,0.0,,,14,2229.5,0.1
S7_worst,0.5,0.05,500.0,4,34.79,0.025,15,0,0.0,,,14,2229.5,0.1
S7_worst,0.5,0.05,500.0,5,34.79,0.025,15,0,0.0,,,14,2229.5,0.1
S7_worst,0.5,0.05,500.0,6,34.79,0.025,15,0,0.0,,,14,2229.5,0.1
S7_worst,0.5,0.05,500.0,7,34.79,0.025,15,0,0.0,,,14,2229.5,0.1
S7_worst,0.5,0.05,500.0,8,34.79,0.025,15,0,0.0,,,14,2229.5,0.1
S7_worst,0.5,0.05,500.0,9,34.79,0.025,15,0,0.0,,,14,2229.5,0.1
S7_worst,0.5,0.05,500.0,10,34.79,0.025,15,0,0.0,,,14,2229.5,0.1
S7_worst,0.5,0.05,500.0,11,34.79,0.025,15,0,0.0,,,14,2229.5,0.1
S7_worst,0.5,0.05,500.0,12,34.79,0.025,15,0,0.0,,,14,2229.5,0.1
S7_worst,0.5,0.05,500.0,13,34.79,0.025,15,0,0.0,,,14,2229.5,0.1
S7_worst,0.5,0.05,500.0,14,34.79,0.025,15,0,0.0,,,14,2229.5,0.1
S7_worst,0.5,0.05,500.0,15,34.79,0.025,15,0,0.0,,,14,2229.5,0.1
S7_worst,0.5,0.1,150.0,1,34.79,0.05,15,0,0.0,,,14,1171.9,0.1
S7_worst,0.5,0.1,150.0,2,34.79,0.05,15,0,0.0,,,14,1171.9,0.1
S7_worst,0.5,0.1,150.0,3,34.79,0.05,15,0,0.0,,,14,1171.9,0.1
S7_worst,0.5,0.1,150.0,4,34.79,0.05,15,0,0.0,,,14,1171.9,0.1
S7_worst,0.5,0.1,150.0,5,34.79,0.05,15,0,0.0,,,14,1171.9,0.1
S7_worst,0.5,0.1,150.0,6,34.79,0.05,15,0,0.0,,,14,1171.9,0.1
S7_worst,0.5,0.1,150.0,7,34.79,0.05,15,0,0.0,,,14,1171.9,0.1
S7_worst,0.5,0.1,150.0,8,34.79,0.05,15,0,0.0,,,14,1171.9,0.1
S7_worst,0.5,0.1,150.0,9,34.79,0.05,15,0,0.0,,,14,1171.9,0.1
S7_worst,0.5,0.1,150.0,10,34.79,0.05,15,0,0.0,,,14,1171.9,0.1
S7_worst,0.5,0.1,150.0,11,34.79,0.05,15,0,0.0,,,14,1171.9,0.1
S7_worst,0.5,0.1,150.0,12,34.79,0.05,15,0,0.0,,,14,1171.9,0.1
S7_worst,0.5,0.1,150.0,13,34.79,0.05,15,0,0.0,,,14,1171.9,0.1
S7_worst,0.5,0.1,150.0,14,34.79,0.05,15,0,0.0,,,14,1171.9,0.1
S7_worst,0.5,0.1,150.0,15,34.79,0.05,15,0,0.0,,,14,1171.9,0.1
S7_worst,0.5,0.1,300.0,1,34.79,0.05,15,0,0.0,,,14,1171.9,0.1
S7_worst,0.5,0.1,300.0,2,34.79,0.05,15,0,0.0,,,14,1171.9,0.1
S7_worst,0.5,0.1,300.0,3,34.79,0.05,15,0,0.0,,,14,1171.9,0.1
S7_worst,0.5,0.1,300.0,4,34.79,0.05,15,0,0.0,,,14,1171.9,0.1
S7_worst,0.5,0.1,300.0,5,34.79,0.05,15,0,0.0,,,14,1171.9,0.1
S7_worst,0.5,0.1,300.0,6,34.79,0.05,15,0,0.0,,,14,1171.9,0.1
S7_worst,0.5,0.1,300.0,7,34.79,0.05,15,0,0.0,,,14,1171.9,0.1
S7_worst,0.5,0.1,300.0,8,34.79,0.05,15,0,0.0,,,14,1171.9,0.1
S7_worst,0.5,0.1,300.0,9,34.79,0.05,15,0,0.0,,,14,1171.9,0.1
S7_worst,0.5,0.1,300.0,10,34.79,0.05,15,0,0.0,,,14,1171.9,0.1
S7_worst,0.5,0.1,300.0,11,34.79,0.05,15,0,0.0,,,14,1171.9,0.1
S7_worst,0.5,0.1,300.0,12,34.79,0.05,15,0,0.0,,,14,1171.9,0.1
S7_worst,0.5,0.1,300.0,13,34.79,0.05,15,0,0.0,,,14,1171.9,0.1
S7_worst,0.5,0.1,300.0,14,34.79,0.05,15,0,0.0,,,14,1171.9,0.1
S7_worst,0.5,0.1,300.0,15,34.79,0.05,15,0,0.0,,,14,1171.9,0.1
S7_worst,0.5,0.1,500.0,1,34.79,0.05,15,0,0.0,,,14,1171.9,0.1
S7_worst,0.5,0.1,500.0,2,34.79,0.05,15,0,0.0,,,14,1171.9,0.1
S7_worst,0.5,0.1,500.0,3,34.79,0.05,15,0,0.0,,,14,1171.9,0.1
S7_worst,0.5,0.1,500.0,4,34.79,0.05,15,0,0.0,,,14,1171.9,0.1
S7_worst,0.5,0.1,500.0,5,34.79,0.05,15,0,0.0,,,14,1171.9,0.1
S7_worst,0.5,0.1,500.0,6,34.79,0.05,15,0,0.0,,,14,1171.9,0.1
S7_worst,0.5,0.1,500.0,7,34.79,0.05,15,0,0.0,,,14,1171.9,0.1
S7_worst,0.5,0.1,500.0,8,34.79,0.05,15,0,0.0,,,14,1171.9,0.1
S7_worst,0.5,0.1,500.0,9,34.79,0.05,15,0,0.0,,,14,1171.9,0.1
S7_worst,0.5,0.1,500.0,10,34.79,0.05,15,0,0.0,,,14,1171.9,0.1
S7_worst,0.5,0.1,500.0,11,34.79,0.05,15,0,0.0,,,14,1171.9,0.1
S7_worst,0.5,0.1,500.0,12,34.79,0.05,15,0,0.0,,,14,1171.9,0.1
S7_worst,0.5,0.1,500.0,13,34.79,0.05,15,0,0.0,,,14,1171.9,0.1
S7_worst,0.5,0.1,500.0,14,34.79,0.05,15,0,0.0,,,14,1171.9,0.1
S7_worst,0.5,0.1,500.0,15,34.79,0.05,15,0,0.0,,,14,1171.9,0.1
S7_worst,0.5,0.15,150.0,1,34.79,0.075,15,0,0.0,,,14,819.4,0.1
S7_worst,0.5,0.15,150.0,2,34.79,0.075,15,0,0.0,,,14,819.4,0.1
S7_worst,0.5,0.15,150.0,3,34.79,0.075,15,0,0.0,,,14,819.4,0.1
S7_worst,0.5,0.15,150.0,4,34.79,0.075,15,0,0.0,,,14,819.4,0.1
S7_worst,0.5,0.15,150.0,5,34.79,0.075,15,0,0.0,,,14,819.4,0.1
S7_worst,0.5,0.15,150.0,6,34.79,0.075,15,0,0.0,,,14,819.4,0.1
S7_worst,0.5,0.15,150.0,7,34.79,0.075,15,0,0.0,,,14,819.4,0.1
S7_worst,0.5,0.15,150.0,8,34.79,0.075,15,0,0.0,,,14,819.4,0.1
S7_worst,0.5,0.15,150.0,9,34.79,0.075,15,0,0.0,,,14,819.4,0.1
S7_worst,0.5,0.15,150.0,10,34.79,0.075,15,0,0.0,,,14,819.4,0.1
S7_worst,0.5,0.15,150.0,11,34.79,0.075,15,0,0.0,,,14,819.4,0.1
S7_worst,0.5,0.15,150.0,12,34.79,0.075,15,0,0.0,,,14,819.4,0.1
S7_worst,0.5,0.15,150.0,13,34.79,0.075,15,0,0.0,,,14,819.4,0.1
S7_worst,0.5,0.15,150.0,14,34.79,0.075,15,0,0.0,,,14,819.4,0.1
S7_worst,0.5,0.15,150.0,15,34.79,0.075,15,0,0.0,,,14,819.4,0.1
S7_worst,0.5,0.15,300.0,1,34.79,0.075,15,0,0.0,,,14,819.4,0.1
S7_worst,0.5,0.15,300.0,2,34.79,0.075,15,0,0.0,,,14,819.4,0.1
S7_worst,0.5,0.15,300.0,3,34.79,0.075,15,0,0.0,,,14,819.4,0.1
S7_worst,0.5,0.15,300.0,4,34.79,0.075,15,0,0.0,,,14,819.4,0.1
S7_worst,0.5,0.15,300.0,5,34.79,0.075,15,0,0.0,,,14,819.4,0.1
S7_worst,0.5,0.15,300.0,6,34.79,0.075,15,0,0.0,,,14,819.4,0.1
S7_worst,0.5,0.15,300.0,7,34.79,0.075,15,0,0.0,,,14,819.4,0.1
S7_worst,0.5,0.15,300.0,8,34.79,0.075,15,0,0.0,,,14,819.4,0.1
S7_worst,0.5,0.15,300.0,9,34.79,0.075,15,0,0.0,,,14,819.4,0.1
S7_worst,0.5,0.15,300.0,10,34.79,0.075,15,0,0.0,,,14,819.4,0.1
S7_worst,0.5,0.15,300.0,11,34.79,0.075,15,0,0.0,,,14,819.4,0.1
S7_worst,0.5,0.15,300.0,12,34.79,0.075,15,0,0.0,,,14,819.4,0.1
S7_worst,0.5,0.15,300.0,13,34.79,0.075,15,0,0.0,,,14,819.4,0.1
S7_worst,0.5,0.15,300.0,14,34.79,0.075,15,0,0.0,,,14,819.4,0.1
S7_worst,0.5,0.15,300.0,15,34.79,0.075,15,0,0.0,,,14,819.4,0.1
S7_worst,0.5,0.15,500.0,1,34.79,0.075,15,0,0.0,,,14,819.4,0.1
S7_worst,0.5,0.15,500.0,2,34.79,0.075,15,0,0.0,,,14,819.4,0.1
S7_worst,0.5,0.15,500.0,3,34.79,0.075,15,0,0.0,,,14,819.4,0.1
S7_worst,0.5,0.15,500.0,4,34.79,0.075,15,0,0.0,,,14,819.4,0.1
S7_worst,0.5,0.15,500.0,5,34.79,0.075,15,0,0.0,,,14,819.4,0.1
S7_worst,0.5,0.15,500.0,6,34.79,0.075,15,0,0.0,,,14,819.4,0.1
S7_worst,0.5,0.15,500.0,7,34.79,0.075,15,0,0.0,5.539712823775167,383.0759699371869,14,819.4,0.1
S7_worst,0.5,0.15,500.0,8,34.79,0.075,15,0,0.0,2.146985466526365,425.94298676631365,14,819.4,0.1
S7_worst,0.5,0.15,500.0,9,34.79,0.075,15,0,0.0,,,14,819.4,0.1
S7_worst,0.5,0.15,500.0,10,34.79,0.075,15,0,0.0,,,14,819.4,0.1
S7_worst,0.5,0.15,500.0,11,34.79,0.075,15,0,0.0,,,14,819.4,0.1
S7_worst,0.5,0.15,500.0,12,34.79,0.075,15,0,0.0,,,14,819.4,0.1
S7_worst,0.5,0.15,500.0,13,34.79,0.075,15,0,0.0,,,14,819.4,0.1
S7_worst,0.5,0.15,500.0,14,34.79,0.075,15,0,0.0,,,14,819.4,0.1
S7_worst,0.5,0.15,500.0,15,34.79,0.075,15,0,0.0,,,14,819.4,0.1
S7_worst,1.0,0.05,150.0,1,24.6,0.05,15,0,0.0,,,14,1141.4,0.1
S7_worst,1.0,0.05,150.0,2,24.6,0.05,15,0,0.0,,,14,1141.4,0.1
S7_worst,1.0,0.05,150.0,3,24.6,0.05,15,0,0.0,,,14,1141.4,0.1
S7_worst,1.0,0.05,150.0,4,24.6,0.05,15,0,0.0,,,14,1141.4,0.1
S7_worst,1.0,0.05,150.0,5,24.6,0.05,15,0,0.0,,,14,1141.4,0.1
S7_worst,1.0,0.05,150.0,6,24.6,0.05,15,0,0.0,,,14,1141.4,0.1
S7_worst,1.0,0.05,150.0,7,24.6,0.05,15,0,0.0,,,14,1141.4,0.1
S7_worst,1.0,0.05,150.0,8,24.6,0.05,15,0,0.0,,,14,1141.4,0.1
S7_worst,1.0,0.05,150.0,9,24.6,0.05,15,0,0.0,,,14,1141.4,0.1
S7_worst,1.0,0.05,150.0,10,24.6,0.05,15,0,0.0,,,14,1141.4,0.1
S7_worst,1.0,0.05,150.0,11,24.6,0.05,15,0,0.0,,,14,1141.4,0.1
S7_worst,1.0,0.05,150.0,12,24.6,0.05,15,0,0.0,,,14,1141.4,0.1
S7_worst,1.0,0.05,150.0,13,24.6,0.05,15,0,0.0,,,14,1141.4,0.1
S7_worst,1.0,0.05,150.0,14,24.6,0.05,15,0,0.0,,,14,1141.4,0.1
S7_worst,1.0,0.05,150.0,15,24.6,0.05,15,0,0.0,,,14,1141.4,0.1
S7_worst,1.0,0.05,300.0,1,24.6,0.05,15,0,0.0,,,14,1141.4,0.1
S7_worst,1.0,0.05,300.0,2,24.6,0.05,15,0,0.0,,,14,1141.4,0.1
S7_worst,1.0,0.05,300.0,3,24.6,0.05,15,0,0.0,,,14,1141.4,0.1
S7_worst,1.0,0.05,300.0,4,24.6,0.05,15,0,0.0,,,14,1141.4,0.1
S7_worst,1.0,0.05,300.0,5,24.6,0.05,15,0,0.0,,,14,1141.4,0.1
S7_worst,1.0,0.05,300.0,6,24.6,0.05,15,0,0.0,,,14,1141.4,0.1
S7_worst,1.0,0.05,300.0,7,24.6,0.05,15,0,0.0,,,14,1141.4,0.1
S7_worst,1.0,0.05,300.0,8,24.6,0.05,15,0,0.0,,,14,1141.4,0.1
S7_worst,1.0,0.05,300.0,9,24.6,0.05,15,0,0.0,,,14,1141.4,0.1
S7_worst,1.0,0.05,300.0,10,24.6,0.05,15,0,0.0,,,14,1141.4,0.1
S7_worst,1.0,0.05,300.0,11,24.6,0.05,15,0,0.0,,,14,1141.4,0.1
S7_worst,1.0,0.05,300.0,12,24.6,0.05,15,0,0.0,,,14,1141.4,0.1
S7_worst,1.0,0.05,300.0,13,24.6,0.05,15,0,0.0,,,14,1141.4,0.1
S7_worst,1.0,0.05,300.0,14,24.6,0.05,15,0,0.0,,,14,1141.4,0.1
S7_worst,1.0,0.05,300.0,15,24.6,0.05,15,0,0.0,,,14,1141.4,0.1
S7_worst,1.0,0.05,500.0,1,24.6,0.05,15,0,0.0,,,14,1141.4,0.1
S7_worst,1.0,0.05,500.0,2,24.6,0.05,15,0,0.0,,,14,1141.4,0.1
S7_worst,1.0,0.05,500.0,3,24.6,0.05,15,0,0.0,,,14,1141.4,0.1
S7_worst,1.0,0.05,500.0,4,24.6,0.05,15,0,0.0,,,14,1141.4,0.1
S7_worst,1.0,0.05,500.0,5,24.6,0.05,15,0,0.0,,,14,1141.4,0.1
S7_worst,1.0,0.05,500.0,6,24.6,0.05,15,0,0.0,,,14,1141.4,0.1
S7_worst,1.0,0.05,500.0,7,24.6,0.05,15,0,0.0,2.9048662121586455,815.9590065609383,14,1141.4,0.1
S7_worst,1.0,0.05,500.0,8,24.6,0.05,15,0,0.0,1.4329286167820399,723.7394794158892,14,1141.4,0.1
S7_worst,1.0,0.05,500.0,9,24.6,0.05,15,0,0.0,,,14,1141.4,0.1
S7_worst,1.0,0.05,500.0,10,24.6,0.05,15,0,0.0,,,14,1141.4,0.1
S7_worst,1.0,0.05,500.0,11,24.6,0.05,15,0,0.0,,,14,1141.4,0.1
S7_worst,1.0,0.05,500.0,12,24.6,0.05,15,0,0.0,,,14,1141.4,0.1
S7_worst,1.0,0.05,500.0,13,24.6,0.05,15,0,0.0,,,14,1141.4,0.1
S7_worst,1.0,0.05,500.0,14,24.6,0.05,15,0,0.0,,,14,1141.4,0.1
S7_worst,1.0,0.05,500.0,15,24.6,0.05,15,0,0.0,,,14,1141.4,0.1
S7_worst,1.0,0.1,150.0,1,24.6,0.1,15,0,0.0,,,14,612.6,0.1
S7_worst,1.0,0.1,150.0,2,24.6,0.1,15,0,0.0,,,14,612.6,0.1
S7_worst,1.0,0.1,150.0,3,24.6,0.1,15,0,0.0,,,14,612.6,0.1
S7_worst,1.0,0.1,150.0,4,24.6,0.1,15,0,0.0,,,14,612.6,0.1
S7_worst,1.0,0.1,150.0,5,24.6,0.1,15,0,0.0,,,14,612.6,0.1
S7_worst,1.0,0.1,150.0,6,24.6,0.1,15,0,0.0,,,14,612.6,0.1
S7_worst,1.0,0.1,150.0,7,24.6,0.1,15,0,0.0,,,14,612.6,0.1
S7_worst,1.0,0.1,150.0,8,24.6,0.1,15,0,0.0,,,14,612.6,0.1
S7_worst,1.0,0.1,150.0,9,24.6,0.1,15,0,0.0,,,14,612.6,0.1
S7_worst,1.0,0.1,150.0,10,24.6,0.1,15,0,0.0,,,14,612.6,0.1
S7_worst,1.0,0.1,150.0,11,24.6,0.1,15,0,0.0,,,14,612.6,0.1
S7_worst,1.0,0.1,150.0,12,24.6,0.1,15,0,0.0,,,14,612.6,0.1
S7_worst,1.0,0.1,150.0,13,24.6,0.1,15,0,0.0,,,14,612.6,0.1
S7_worst,1.0,0.1,150.0,14,24.6,0.1,15,0,0.0,,,14,612.6,0.1
S7_worst,1.0,0.1,150.0,15,24.6,0.1,15,0,0.0,,,14,612.6,0.1
S7_worst,1.0,0.1,300.0,1,24.6,0.1,15,0,0.0,,,14,612.6,0.1
S7_worst,1.0,0.1,300.0,2,24.6,0.1,15,0,0.0,,,14,612.6,0.1
S7_worst,1.0,0.1,300.0,3,24.6,0.1,15,0,0.0,,,14,612.6,0.1
S7_worst,1.0,0.1,300.0,4,24.6,0.1,15,0,0.0,,,14,612.6,0.1
S7_worst,1.0,0.1,300.0,5,24.6,0.1,15,0,0.0,,,14,612.6,0.1
S7_worst,1.0,0.1,300.0,6,24.6,0.1,15,0,0.0,,,14,612.6,0.1
S7_worst,1.0,0.1,300.0,7,24.6,0.1,15,0,0.0,,,14,612.6,0.1
S7_worst,1.0,0.1,300.0,8,24.6,0.1,15,0,0.0,,,14,612.6,0.1
S7_worst,1.0,0.1,300.0,9,24.6,0.1,15,0,0.0,,,14,612.6,0.1
S7_worst,1.0,0.1,300.0,10,24.6,0.1,15,0,0.0,,,14,612.6,0.1
S7_worst,1.0,0.1,300.0,11,24.6,0.1,15,0,0.0,,,14,612.6,0.1
S7_worst,1.0,0.1,300.0,12,24.6,0.1,15,0,0.0,,,14,612.6,0.1
S7_worst,1.0,0.1,300.0,13,24.6,0.1,15,0,0.0,,,14,612.6,0.1
S7_worst,1.0,0.1,300.0,14,24.6,0.1,15,0,0.0,,,14,612.6,0.1
S7_worst,1.0,0.1,300.0,15,24.6,0.1,15,0,0.0,,,14,612.6,0.1
S7_worst,1.0,0.1,500.0,1,24.6,0.1,15,0,0.0,,,14,612.6,0.1
S7_worst,1.0,0.1,500.0,2,24.6,0.1,15,0,0.0,,,14,612.6,0.1
S7_worst,1.0,0.1,500.0,3,24.6,0.1,15,0,0.0,,,14,612.6,0.1
S7_worst,1.0,0.1,500.0,4,24.6,0.1,15,0,0.0,10.825136184788692,330.4436993914561,14,612.6,0.1
S7_worst,1.0,0.1,500.0,5,24.6,0.1,15,0,0.0,,,14,612.6,0.1
S7_worst,1.0,0.1,500.0,6,24.6,0.1,15,0,0.0,,,14,612.6,0.1
S7_worst,1.0,0.1,500.0,7,24.6,0.1,15,0,0.0,25.445086921610752,944.6491372239672,14,612.6,0.1
S7_worst,1.0,0.1,500.0,8,24.6,0.1,15,0,0.0,0.6842128933315641,368.45675183172386,14,612.6,0.1
S7_worst,1.0,0.1,500.0,9,24.6,0.1,15,0,0.0,,,14,612.6,0.1
S7_worst,1.0,0.1,500.0,10,24.6,0.1,15,0,0.0,,,14,612.6,0.1
S7_worst,1.0,0.1,500.0,11,24.6,0.1,15,0,0.0,,,14,612.6,0.1
S7_worst,1.0,0.1,500.0,12,24.6,0.1,15,0,0.0,,,14,612.6,0.1
S7_worst,1.0,0.1,500.0,13,24.6,0.1,15,0,0.0,,,14,612.6,0.1
S7_worst,1.0,0.1,500.0,14,24.6,0.1,15,0,0.0,,,14,612.6,0.1
S7_worst,1.0,0.1,500.0,15,24.6,0.1,15,0,0.0,,,14,612.6,0.1
S7_worst,1.0,0.15,150.0,1,24.6,0.15,15,0,0.0,,,14,436.3,0.1
S7_worst,1.0,0.15,150.0,2,24.6,0.15,15,0,0.0,,,14,436.3,0.1
S7_worst,1.0,0.15,150.0,3,24.6,0.15,15,0,0.0,,,14,436.3,0.1
S7_worst,1.0,0.15,150.0,4,24.6,0.15,15,0,0.0,,,14,436.3,0.1
S7_worst,1.0,0.15,150.0,5,24.6,0.15,15,0,0.0,,,14,436.3,0.1
S7_worst,1.0,0.15,150.0,6,24.6,0.15,15,0,0.0,,,14,436.3,0.1
S7_worst,1.0,0.15,150.0,7,24.6,0.15,15,0,0.0,,,14,436.3,0.1
S7_worst,1.0,0.15,150.0,8,24.6,0.15,15,0,0.0,,,14,436.3,0.1
S7_worst,1.0,0.15,150.0,9,24.6,0.15,15,0,0.0,,,14,436.3,0.1
S7_worst,1.0,0.15,150.0,10,24.6,0.15,15,0,0.0,,,14,436.3,0.1
S7_worst,1.0,0.15,150.0,11,24.6,0.15,15,0,0.0,,,14,436.3,0.1
S7_worst,1.0,0.15,150.0,12,24.6,0.15,15,0,0.0,,,14,436.3,0.1
S7_worst,1.0,0.15,150.0,13,24.6,0.15,15,0,0.0,,,14,436.3,0.1
S7_worst,1.0,0.15,150.0,14,24.6,0.15,15,0,0.0,,,14,436.3,0.1
S7_worst,1.0,0.15,150.0,15,24.6,0.15,15,0,0.0,,,14,436.3,0.1
S7_worst,1.0,0.15,300.0,1,24.6,0.15,15,0,0.0,,,14,436.3,0.1
S7_worst,1.0,0.15,300.0,2,24.6,0.15,15,0,0.0,,,14,436.3,0.1
S7_worst,1.0,0.15,300.0,3,24.6,0.15,15,0,0.0,,,14,436.3,0.1
S7_worst,1.0,0.15,300.0,4,24.6,0.15,15,0,0.0,1.0379554189329,180.16133138249296,14,436.3,0.1
S7_worst,1.0,0.15,300.0,5,24.6,0.15,15,0,0.0,,,14,436.3,0.1
S7_worst,1.0,0.15,300.0,6,24.6,0.15,15,0,0.0,,,14,436.3,0.1
S7_worst,1.0,0.15,300.0,7,24.6,0.15,15,0,0.0,9.68591033238296,177.65892602535953,14,436.3,0.1
S7_worst,1.0,0.15,300.0,8,24.6,0.15,15,0,0.0,1.5019607231260714,164.77816233365448,14,436.3,0.1
S7_worst,1.0,0.15,300.0,9,24.6,0.15,15,0,0.0,,,14,436.3,0.1
S7_worst,1.0,0.15,300.0,10,24.6,0.15,15,0,0.0,,,14,436.3,0.1
S7_worst,1.0,0.15,300.0,11,24.6,0.15,15,0,0.0,,,14,436.3,0.1
S7_worst,1.0,0.15,300.0,12,24.6,0.15,15,0,0.0,,,14,436.3,0.1
S7_worst,1.0,0.15,300.0,13,24.6,0.15,15,0,0.0,,,14,436.3,0.1
S7_worst,1.0,0.15,300.0,14,24.6,0.15,15,0,0.0,,,14,436.3,0.1
S7_worst,1.0,0.15,300.0,15,24.6,0.15,15,0,0.0,,,14,436.3,0.1
S7_worst,1.0,0.15,500.0,1,24.6,0.15,15,0,0.0,,,14,436.3,0.1
S7_worst,1.0,0.15,500.0,2,24.6,0.15,15,0,0.0,,,14,436.3,0.1
S7_worst,1.0,0.15,500.0,3,24.6,0.15,15,0,0.0,,,14,436.3,0.1
S7_worst,1.0,0.15,500.0,4,24.6,0.15,15,0,0.0,7.178860661426392,202.39464892642212,14,436.3,0.1
S7_worst,1.0,0.15,500.0,5,24.6,0.15,15,0,0.0,,,14,436.3,0.1
S7_worst,1.0,0.15,500.0,6,24.6,0.15,15,0,0.0,,,14,436.3,0.1
S7_worst,1.0,0.15,500.0,7,24.6,0.15,15,0,0.0,,,14,436.3,0.1
S7_worst,1.0,0.15,500.0,8,24.6,0.15,15,0,0.0,0.5812596240205631,253.44154070711755,14,436.3,0.1
S7_worst,1.0,0.15,500.0,9,24.6,0.15,15,0,0.0,,,14,436.3,0.1
S7_worst,1.0,0.15,500.0,10,24.6,0.15,15,0,0.0,,,14,436.3,0.1
S7_worst,1.0,0.15,500.0,11,24.6,0.15,15,0,0.0,,,14,436.3,0.1
S7_worst,1.0,0.15,500.0,12,24.6,0.15,15,0,0.0,,,14,436.3,0.1
S7_worst,1.0,0.15,500.0,13,24.6,0.15,15,0,0.0,,,14,436.3,0.1
S7_worst,1.0,0.15,500.0,14,24.6,0.15,15,0,0.0,,,14,436.3,0.1
S7_worst,1.0,0.15,500.0,15,24.6,0.15,15,0,0.0,,,14,436.3,0.1
S7_worst,2.0,0.05,150.0,1,17.395,0.1,15,0,0.0,,,14,591.0,0.1
S7_worst,2.0,0.05,150.0,2,17.395,0.1,15,0,0.0,,,14,591.0,0.1
S7_worst,2.0,0.05,150.0,3,17.395,0.1,15,0,0.0,,,14,591.0,0.1
S7_worst,2.0,0.05,150.0,4,17.395,0.1,15,0,0.0,,,14,591.0,0.1
S7_worst,2.0,0.05,150.0,5,17.395,0.1,15,0,0.0,,,14,591.0,0.1
S7_worst,2.0,0.05,150.0,6,17.395,0.1,15,0,0.0,,,14,591.0,0.1
S7_worst,2.0,0.05,150.0,7,17.395,0.1,15,0,0.0,,,14,591.0,0.1
S7_worst,2.0,0.05,150.0,8,17.395,0.1,15,0,0.0,,,14,591.0,0.1
S7_worst,2.0,0.05,150.0,9,17.395,0.1,15,0,0.0,,,14,591.0,0.1
S7_worst,2.0,0.05,150.0,10,17.395,0.1,15,0,0.0,,,14,591.0,0.1
S7_worst,2.0,0.05,150.0,11,17.395,0.1,15,0,0.0,,,14,591.0,0.1
S7_worst,2.0,0.05,150.0,12,17.395,0.1,15,0,0.0,,,14,591.0,0.1
S7_worst,2.0,0.05,150.0,13,17.395,0.1,15,0,0.0,,,14,591.0,0.1
S7_worst,2.0,0.05,150.0,14,17.395,0.1,15,0,0.0,,,14,591.0,0.1
S7_worst,2.0,0.05,150.0,15,17.395,0.1,15,0,0.0,,,14,591.0,0.1
S7_worst,2.0,0.05,300.0,1,17.395,0.1,15,0,0.0,,,14,591.0,0.1
S7_worst,2.0,0.05,300.0,2,17.395,0.1,15,0,0.0,,,14,591.0,0.1
S7_worst,2.0,0.05,300.0,3,17.395,0.1,15,0,0.0,,,14,591.0,0.1
S7_worst,2.0,0.05,300.0,4,17.395,0.1,15,0,0.0,,,14,591.0,0.1
S7_worst,2.0,0.05,300.0,5,17.395,0.1,15,0,0.0,,,14,591.0,0.1
S7_worst,2.0,0.05,300.0,6,17.395,0.1,15,0,0.0,,,14,591.0,0.1
S7_worst,2.0,0.05,300.0,7,17.395,0.1,15,0,0.0,,,14,591.0,0.1
S7_worst,2.0,0.05,300.0,8,17.395,0.1,15,0,0.0,,,14,591.0,0.1
S7_worst,2.0,0.05,300.0,9,17.395,0.1,15,0,0.0,,,14,591.0,0.1
S7_worst,2.0,0.05,300.0,10,17.395,0.1,15,0,0.0,,,14,591.0,0.1
S7_worst,2.0,0.05,300.0,11,17.395,0.1,15,0,0.0,,,14,591.0,0.1
S7_worst,2.0,0.05,300.0,12,17.395,0.1,15,0,0.0,,,14,591.0,0.1
S7_worst,2.0,0.05,300.0,13,17.395,0.1,15,0,0.0,,,14,591.0,0.1
S7_worst,2.0,0.05,300.0,14,17.395,0.1,15,0,0.0,,,14,591.0,0.1
S7_worst,2.0,0.05,300.0,15,17.395,0.1,15,0,0.0,,,14,591.0,0.1
S7_worst,2.0,0.05,500.0,1,17.395,0.1,15,0,0.0,,,14,591.0,0.1
S7_worst,2.0,0.05,500.0,2,17.395,0.1,15,0,0.0,,,14,591.0,0.1
S7_worst,2.0,0.05,500.0,3,17.395,0.1,15,0,0.0,,,14,591.0,0.1
S7_worst,2.0,0.05,500.0,4,17.395,0.1,15,0,0.0,9.206743601415518,403.97581782390733,14,591.0,0.1
S7_worst,2.0,0.05,500.0,5,17.395,0.1,15,0,0.0,,,14,591.0,0.1
S7_worst,2.0,0.05,500.0,6,17.395,0.1,15,0,0.0,,,14,591.0,0.1
S7_worst,2.0,0.05,500.0,7,17.395,0.1,15,0,0.0,,,14,591.0,0.1
S7_worst,2.0,0.05,500.0,8,17.395,0.1,15,0,0.0,0.40175189776878,532.6104851925942,14,591.0,0.1
S7_worst,2.0,0.05,500.0,9,17.395,0.1,15,0,0.0,,,14,591.0,0.1
S7_worst,2.0,0.05,500.0,10,17.395,0.1,15,0,0.0,13.739709473783853,359.9908128374758,14,591.0,0.1
S7_worst,2.0,0.05,500.0,11,17.395,0.1,15,0,0.0,,,14,591.0,0.1
S7_worst,2.0,0.05,500.0,12,17.395,0.1,15,0,0.0,,,14,591.0,0.1
S7_worst,2.0,0.05,500.0,13,17.395,0.1,15,0,0.0,,,14,591.0,0.1
S7_worst,2.0,0.05,500.0,14,17.395,0.1,15,0,0.0,,,14,591.0,0.1
S7_worst,2.0,0.05,500.0,15,17.395,0.1,15,0,0.0,,,14,591.0,0.1
S7_worst,2.0,0.1,150.0,1,17.395,0.2,15,0,0.0,,,14,326.6,0.1
S7_worst,2.0,0.1,150.0,2,17.395,0.2,15,0,0.0,,,13,326.6,0.1
S7_worst,2.0,0.1,150.0,3,17.395,0.2,15,0,0.0,,,14,326.6,0.1
S7_worst,2.0,0.1,150.0,4,17.395,0.2,15,0,0.0,,,14,326.6,0.1
S7_worst,2.0,0.1,150.0,5,17.395,0.2,15,0,0.0,7.801736770543731,21.324555781863,14,326.6,0.1
S7_worst,2.0,0.1,150.0,6,17.395,0.2,15,0,0.0,,,14,326.6,0.1
S7_worst,2.0,0.1,150.0,7,17.395,0.2,15,0,0.0,,,14,326.6,0.1
S7_worst,2.0,0.1,150.0,8,17.395,0.2,15,0,0.0,,,14,326.6,0.1
S7_worst,2.0,0.1,150.0,9,17.395,0.2,15,0,0.0,,,14,326.6,0.1
S7_worst,2.0,0.1,150.0,10,17.395,0.2,15,0,0.0,,,14,326.6,0.1
S7_worst,2.0,0.1,150.0,11,17.395,0.2,15,0,0.0,,,14,326.6,0.1
S7_worst,2.0,0.1,150.0,12,17.395,0.2,15,0,0.0,,,14,326.6,0.1
S7_worst,2.0,0.1,150.0,13,17.395,0.2,15,0,0.0,,,14,326.6,0.1
S7_worst,2.0,0.1,150.0,14,17.395,0.2,15,0,0.0,,,14,326.6,0.1
S7_worst,2.0,0.1,150.0,15,17.395,0.2,15,0,0.0,,,14,326.6,0.1
S7_worst,2.0,0.1,300.0,1,17.395,0.2,15,0,0.0,,,14,326.6,0.1
S7_worst,2.0,0.1,300.0,2,17.395,0.2,15,0,0.0,5.2106115764227106,190.04648899485673,14,326.6,0.1
S7_worst,2.0,0.1,300.0,3,17.395,0.2,15,0,0.0,4.987020104257084,175.4573783264924,14,326.6,0.1
S7_worst,2.0,0.1,300.0,4,17.395,0.2,15,0,0.0,4.6657433790071865,52.2522743684726,14,326.6,0.1
S7_worst,2.0,0.1,300.0,5,17.395,0.2,15,0,0.0,,,14,326.6,0.1
S7_worst,2.0,0.1,300.0,6,17.395,0.2,15,0,0.0,,,14,326.6,0.1
S7_worst,2.0,0.1,300.0,7,17.395,0.2,15,0,0.0,15.360552574001442,416.57857464252396,14,326.6,0.1
S7_worst,2.0,0.1,300.0,8,17.395,0.2,15,0,0.0,1.0689500185865382,133.308933168012,14,326.6,0.1
S7_worst,2.0,0.1,300.0,9,17.395,0.2,15,0,0.0,7.232712844286446,164.8022074360368,14,326.6,0.1
S7_worst,2.0,0.1,300.0,10,17.395,0.2,15,0,0.0,,,14,326.6,0.1
S7_worst,2.0,0.1,300.0,11,17.395,0.2,15,0,0.0,,,14,326.6,0.1
S7_worst,2.0,0.1,300.0,12,17.395,0.2,15,0,0.0,,,14,326.6,0.1
S7_worst,2.0,0.1,300.0,13,17.395,0.2,15,0,0.0,,,14,326.6,0.1
S7_worst,2.0,0.1,300.0,14,17.395,0.2,15,0,0.0,,,14,326.6,0.1
S7_worst,2.0,0.1,300.0,15,17.395,0.2,15,0,0.0,,,14,326.6,0.1
S7_worst,2.0,0.1,500.0,1,17.395,0.2,15,0,0.0,,,14,326.6,0.1
S7_worst,2.0,0.1,500.0,2,17.395,0.2,15,0,0.0,,,14,326.6,0.1
S7_worst,2.0,0.1,500.0,3,17.395,0.2,15,0,0.0,,,14,326.6,0.1
S7_worst,2.0,0.1,500.0,4,17.395,0.2,15,0,0.0,8.598227571399045,213.07637455808023,14,326.6,0.1
S7_worst,2.0,0.1,500.0,5,17.395,0.2,15,0,0.0,,,14,326.6,0.1
S7_worst,2.0,0.1,500.0,6,17.395,0.2,15,0,0.0,,,14,326.6,0.1
S7_worst,2.0,0.1,500.0,7,17.395,0.2,15,0,0.0,,,14,326.6,0.1
S7_worst,2.0,0.1,500.0,8,17.395,0.2,15,0,0.0,1.535477391487451,299.3127509613398,14,326.6,0.1
S7_worst,2.0,0.1,500.0,9,17.395,0.2,15,0,0.0,,,14,326.6,0.1
S7_worst,2.0,0.1,500.0,10,17.395,0.2,15,0,0.0,10.182889983314778,285.56836584951606,14,326.6,0.1
S7_worst,2.0,0.1,500.0,11,17.395,0.2,15,0,0.0,0.5365470520217966,244.05997202134623,14,326.6,0.1
S7_worst,2.0,0.1,500.0,12,17.395,0.2,15,0,0.0,,,14,326.6,0.1
S7_worst,2.0,0.1,500.0,13,17.395,0.2,15,0,0.0,0.2406218823360222,231.33892268571205,14,326.6,0.1
S7_worst,2.0,0.1,500.0,14,17.395,0.2,15,0,0.0,,,14,326.6,0.1
S7_worst,2.0,0.1,500.0,15,17.395,0.2,15,0,0.0,,,14,326.6,0.1
S7_worst,2.0,0.15,150.0,1,17.395,0.3,15,0,0.0,,,14,238.4,0.1
S7_worst,2.0,0.15,150.0,2,17.395,0.3,15,0,0.0,,,13,238.4,0.1
S7_worst,2.0,0.15,150.0,3,17.395,0.3,15,0,0.0,,,14,238.4,0.1
S7_worst,2.0,0.15,150.0,4,17.395,0.3,15,0,0.0,1.4055358560208846,55.65710229836945,14,238.4,0.1
S7_worst,2.0,0.15,150.0,5,17.395,0.3,15,0,0.0,,,14,238.4,0.1
S7_worst,2.0,0.15,150.0,6,17.395,0.3,15,0,0.0,169.41406731114915,-78.71155170877888,14,238.4,0.1
S7_worst,2.0,0.15,150.0,7,17.395,0.3,15,0,0.0,79.81161778402394,243.58937320175653,14,238.4,0.1
S7_worst,2.0,0.15,150.0,8,17.395,0.3,15,0,0.0,3.974681435160149,121.17587032196526,14,238.4,0.1
S7_worst,2.0,0.15,150.0,9,17.395,0.3,15,0,0.0,,,14,238.4,0.1
S7_worst,2.0,0.15,150.0,10,17.395,0.3,15,0,0.0,,,14,238.4,0.1
S7_worst,2.0,0.15,150.0,11,17.395,0.3,15,0,0.0,,,14,238.4,0.1
S7_worst,2.0,0.15,150.0,12,17.395,0.3,15,0,0.0,,,14,238.4,0.1
S7_worst,2.0,0.15,150.0,13,17.395,0.3,15,0,0.0,,,14,238.4,0.1
S7_worst,2.0,0.15,150.0,14,17.395,0.3,15,0,0.0,4.436510081942495,-65.3521938445444,14,238.4,0.1
S7_worst,2.0,0.15,150.0,15,17.395,0.3,15,0,0.0,4.429140435738427,26.388906431977983,14,238.4,0.1
S7_worst,2.0,0.15,300.0,1,17.395,0.3,15,0,0.0,,,14,238.4,0.1
S7_worst,2.0,0.15,300.0,2,17.395,0.3,15,0,0.0,,,13,238.4,0.1
S7_worst,2.0,0.15,300.0,3,17.395,0.3,15,0,0.0,,,14,238.4,0.1
S7_worst,2.0,0.15,300.0,4,17.395,0.3,15,0,0.0,5.121681254797337,51.3252947415237,14,238.4,0.1
S7_worst,2.0,0.15,300.0,5,17.395,0.3,15,0,0.0,,,14,238.4,0.1
S7_worst,2.0,0.15,300.0,6,17.395,0.3,15,0,0.0,,,14,238.4,0.1
S7_worst,2.0,0.15,300.0,7,17.395,0.3,15,0,0.0,,,14,238.4,0.1
S7_worst,2.0,0.15,300.0,8,17.395,0.3,15,0,0.0,0.5089864319824206,113.37005504503452,14,238.4,0.1
S7_worst,2.0,0.15,300.0,9,17.395,0.3,15,0,0.0,,,14,238.4,0.1
S7_worst,2.0,0.15,300.0,10,17.395,0.3,15,0,0.0,4.233322276989472,53.75949259370118,14,238.4,0.1
S7_worst,2.0,0.15,300.0,11,17.395,0.3,15,0,0.0,,,14,238.4,0.1
S7_worst,2.0,0.15,300.0,12,17.395,0.3,15,0,0.0,16.986272128534203,82.37733584500938,14,238.4,0.1
S7_worst,2.0,0.15,300.0,13,17.395,0.3,15,0,0.0,1.230809942045637,70.12394991838576,14,238.4,0.1
S7_worst,2.0,0.15,300.0,14,17.395,0.3,15,0,0.0,6.669351303879607,-31.01547663834606,14,238.4,0.1
S7_worst,2.0,0.15,300.0,15,17.395,0.3,15,0,0.0,17.306431787068874,232.85334417810307,14,238.4,0.1
S7_worst,2.0,0.15,500.0,1,17.395,0.3,15,0,0.0,94.78808863140485,120.60431171976458,14,238.4,0.1
S7_worst,2.0,0.15,500.0,2,17.395,0.3,15,0,0.0,,,14,238.4,0.1
S7_worst,2.0,0.15,500.0,3,17.395,0.3,15,0,0.0,1.806505448874548,38.32504034896924,14,238.4,0.1
S7_worst,2.0,0.15,500.0,4,17.395,0.3,15,0,0.0,4.848306917886603,147.46506472520977,14,238.4,0.1
S7_worst,2.0,0.15,500.0,5,17.395,0.3,15,0,0.0,0.29539788709904535,62.62406314147492,14,238.4,0.1
S7_worst,2.0,0.15,500.0,6,17.395,0.3,15,0,0.0,9.78406312628765,119.82185901652238,14,238.4,0.1
S7_worst,2.0,0.15,500.0,7,17.395,0.3,15,0,0.0,7.631695563690231,79.97499261605351,14,238.4,0.1
S7_worst,2.0,0.15,500.0,8,17.395,0.3,15,0,0.0,1.6872880825029184,208.42655882566063,14,238.4,0.1
S7_worst,2.0,0.15,500.0,9,17.395,0.3,15,0,0.0,3.357604455269284,89.79926309617264,14,238.4,0.1
S7_worst,2.0,0.15,500.0,10,17.395,0.3,15,0,0.0,7.187712759969668,248.12371636930285,14,238.4,0.1
S7_worst,2.0,0.15,500.0,11,17.395,0.3,15,0,0.0,26.297046685447427,62.42741927135145,14,238.4,0.1
S7_worst,2.0,0.15,500.0,12,17.395,0.3,15,0,0.0,,,14,238.4,0.1
S7_worst,2.0,0.15,500.0,13,17.395,0.3,15,0,0.0,1.3460417529328466,187.50255130359815,14,238.4,0.1
S7_worst,2.0,0.15,500.0,14,17.395,0.3,15,0,0.0,2.9326755449062674,151.35804682186156,14,238.4,0.1
S7_worst,2.0,0.15,500.0,15,17.395,0.3,15,0,0.0,0.573991503225277,137.94097963599313,14,238.4,0.1
S7_worst,5.0,0.05,150.0,1,11.001,0.25,15,0,0.0,,,14,254.5,0.1
S7_worst,5.0,0.05,150.0,2,11.001,0.25,15,0,0.0,4.176788728777276,98.00623126900922,14,254.5,0.1
S7_worst,5.0,0.05,150.0,3,11.001,0.25,15,0,0.0,6.881707655109376,98.8422396841618,14,254.5,0.1
S7_worst,5.0,0.05,150.0,4,11.001,0.25,15,0,0.0,1.0497363503857815,193.30925163353635,14,254.5,0.1
S7_worst,5.0,0.05,150.0,5,11.001,0.25,15,0,0.0,,,14,254.5,0.1
S7_worst,5.0,0.05,150.0,6,11.001,0.25,15,0,0.0,,,14,254.5,0.1
S7_worst,5.0,0.05,150.0,7,11.001,0.25,15,0,0.0,12.353463987779813,106.85423035498012,14,254.5,0.1
S7_worst,5.0,0.05,150.0,8,11.001,0.25,15,0,0.0,2.9901361311103547,64.20841403799191,14,254.5,0.1
S7_worst,5.0,0.05,150.0,9,11.001,0.25,15,0,0.0,3.0890190474669197,148.64963086363642,14,254.5,0.1
S7_worst,5.0,0.05,150.0,10,11.001,0.25,15,0,0.0,,,14,254.5,0.1
S7_worst,5.0,0.05,150.0,11,11.001,0.25,15,0,0.0,,,14,254.5,0.1
S7_worst,5.0,0.05,150.0,12,11.001,0.25,15,0,0.0,9.77897497273845,121.74551519704897,14,254.5,0.1
S7_worst,5.0,0.05,150.0,13,11.001,0.25,15,0,0.0,,,14,254.5,0.1
S7_worst,5.0,0.05,150.0,14,11.001,0.25,15,0,0.0,,,14,254.5,0.1
S7_worst,5.0,0.05,150.0,15,11.001,0.25,15,0,0.0,,,14,254.5,0.1
S7_worst,5.0,0.05,300.0,1,11.001,0.25,15,0,0.0,,,14,254.5,0.1
S7_worst,5.0,0.05,300.0,2,11.001,0.25,15,0,0.0,,,14,254.5,0.1
S7_worst,5.0,0.05,300.0,3,11.001,0.25,15,0,0.0,,,14,254.5,0.1
S7_worst,5.0,0.05,300.0,4,11.001,0.25,15,0,0.0,9.607577806702382,89.49219687261174,14,254.5,0.1
S7_worst,5.0,0.05,300.0,5,11.001,0.25,15,0,0.0,,,14,254.5,0.1
S7_worst,5.0,0.05,300.0,6,11.001,0.25,15,0,0.0,,,14,254.5,0.1
S7_worst,5.0,0.05,300.0,7,11.001,0.25,15,0,0.0,,,14,254.5,0.1
S7_worst,5.0,0.05,300.0,8,11.001,0.25,15,0,0.0,0.8675246003633492,154.048581579872,14,254.5,0.1
S7_worst,5.0,0.05,300.0,9,11.001,0.25,15,0,0.0,8.763312444393915,139.24105310259017,14,254.5,0.1
S7_worst,5.0,0.05,300.0,10,11.001,0.25,15,0,0.0,13.2559883371902,97.15881383100111,14,254.5,0.1
S7_worst,5.0,0.05,300.0,11,11.001,0.25,15,0,0.0,,,14,254.5,0.1
S7_worst,5.0,0.05,300.0,12,11.001,0.25,15,0,0.0,,,14,254.5,0.1
S7_worst,5.0,0.05,300.0,13,11.001,0.25,15,0,0.0,,,14,254.5,0.1
S7_worst,5.0,0.05,300.0,14,11.001,0.25,15,0,0.0,,,14,254.5,0.1
S7_worst,5.0,0.05,300.0,15,11.001,0.25,15,0,0.0,37.89241391752178,1007.581952629638,14,254.5,0.1
S7_worst,5.0,0.05,500.0,1,11.001,0.25,15,0,0.0,,,14,254.5,0.1
S7_worst,5.0,0.05,500.0,2,11.001,0.25,15,0,0.0,,,14,254.5,0.1
S7_worst,5.0,0.05,500.0,3,11.001,0.25,15,0,0.0,0.7420478867968384,239.26548855684433,14,254.5,0.1
S7_worst,5.0,0.05,500.0,4,11.001,0.25,15,0,0.0,4.419667646244908,280.17596231828145,14,254.5,0.1
S7_worst,5.0,0.05,500.0,5,11.001,0.25,15,0,0.0,0.20137815082670513,275.78741477341316,14,254.5,0.1
S7_worst,5.0,0.05,500.0,6,11.001,0.25,15,0,0.0,,,14,254.5,0.1
S7_worst,5.0,0.05,500.0,7,11.001,0.25,15,0,0.0,5.852751650281506,142.80207540840294,14,254.5,0.1
S7_worst,5.0,0.05,500.0,8,11.001,0.25,15,0,0.0,3.1070808240965713,352.55770509079474,14,254.5,0.1
S7_worst,5.0,0.05,500.0,9,11.001,0.25,15,0,0.0,,,14,254.5,0.1
S7_worst,5.0,0.05,500.0,10,11.001,0.25,15,0,0.0,9.123994083409574,324.77265063796193,14,254.5,0.1
S7_worst,5.0,0.05,500.0,11,11.001,0.25,15,0,0.0,8.872304399051588,147.38203317202246,14,254.5,0.1
S7_worst,5.0,0.05,500.0,12,11.001,0.25,15,0,0.0,,,14,254.5,0.1
S7_worst,5.0,0.05,500.0,13,11.001,0.25,15,0,0.0,2.2190352258536725,308.56715312304124,14,254.5,0.1
S7_worst,5.0,0.05,500.0,14,11.001,0.25,15,0,0.0,16.566353789066692,282.6997134401051,14,254.5,0.1
S7_worst,5.0,0.05,500.0,15,11.001,0.25,15,0,0.0,1.382619695567056,228.4341584339495,14,254.5,0.1
S7_worst,5.0,0.1,150.0,1,11.001,0.5,15,0,0.0,5.858876825513922,13.618408825743922,14,148.8,0.1
S7_worst,5.0,0.1,150.0,2,11.001,0.5,15,0,0.0,46.213433746923,88.231226825128,14,148.8,0.1
S7_worst,5.0,0.1,150.0,3,11.001,0.5,15,0,0.0,0.9075945216080398,97.10274448403835,14,148.8,0.1
S7_worst,5.0,0.1,150.0,4,11.001,0.5,15,0,0.0,45.255661982083694,63.354842205814755,14,148.8,0.1
S7_worst,5.0,0.1,150.0,5,11.001,0.5,15,0,0.0,4.5182106473961605,77.47458413187238,14,148.8,0.1
S7_worst,5.0,0.1,150.0,6,11.001,0.5,15,0,0.0,2.1809792897391365,7.797805049957285,14,148.8,0.1
S7_worst,5.0,0.1,150.0,7,11.001,0.5,15,0,0.0,106.4984135881314,89.37930440650376,14,148.8,0.1
S7_worst,5.0,0.1,150.0,8,11.001,0.5,15,0,0.0,2.9508279750892132,48.83351797047224,14,148.8,0.1
S7_worst,5.0,0.1,150.0,9,11.001,0.5,15,0,0.0,5.992696778321471,83.7113754868152,14,148.8,0.1
S7_worst,5.0,0.1,150.0,10,11.001,0.5,15,0,0.0,4.394640884595285,133.097724272639,14,148.8,0.1
S7_worst,5.0,0.1,150.0,11,11.001,0.5,15,0,0.0,1.5294469781975284,10.716217019637098,14,148.8,0.1
S7_worst,5.0,0.1,150.0,12,11.001,0.5,15,0,0.0,1.9891141814534776,52.68641815058037,14,148.8,0.1
S7_worst,5.0,0.1,150.0,13,11.001,0.5,15,0,0.0,0.46892383848869934,33.0158936233516,14,148.8,0.1
S7_worst,5.0,0.1,150.0,14,11.001,0.5,15,0,0.0,3.2960612063168626,27.927432917238647,14,148.8,0.1
S7_worst,5.0,0.1,150.0,15,11.001,0.5,15,0,0.0,2.9386295496067203,45.067862780617276,14,148.8,0.1
S7_worst,5.0,0.1,300.0,1,11.001,0.5,15,0,0.0,2.2759755053359876,30.686968308232743,14,148.8,0.1
S7_worst,5.0,0.1,300.0,2,11.001,0.5,15,0,0.0,0.22225938490269337,-2.803599702489934,14,148.8,0.1
S7_worst,5.0,0.1,300.0,3,11.001,0.5,15,0,0.0,7.756830528256074,41.9091497277426,14,148.8,0.1
S7_worst,5.0,0.1,300.0,4,11.001,0.5,15,0,0.0,2.56833225815914,94.08466312304746,14,148.8,0.1
S7_worst,5.0,0.1,300.0,5,11.001,0.5,15,0,0.0,0.7774991655790751,-5.273678302453089,14,148.8,0.1
S7_worst,5.0,0.1,300.0,6,11.001,0.5,15,0,0.0,7.026307668667195,67.79628937486339,14,148.8,0.1
S7_worst,5.0,0.1,300.0,7,11.001,0.5,15,0,0.0,4.705262153671697,110.39946606583997,14,148.8,0.1
S7_worst,5.0,0.1,300.0,8,11.001,0.5,15,0,0.0,3.4776902755972934,89.06506560838969,14,148.8,0.1
S7_worst,5.0,0.1,300.0,9,11.001,0.5,15,0,0.0,2.0253168948507034,59.04339133886465,14,148.8,0.1
S7_worst,5.0,0.1,300.0,10,11.001,0.5,15,0,0.0,2.021763808028349,94.60690484439039,14,148.8,0.1
S7_worst,5.0,0.1,300.0,11,11.001,0.5,15,0,0.0,2.747019641783842,42.977292071413316,14,148.8,0.1
S7_worst,5.0,0.1,300.0,12,11.001,0.5,15,0,0.0,32.870215222978445,48.8590541984806,14,148.8,0.1
S7_worst,5.0,0.1,300.0,13,11.001,0.5,15,0,0.0,1.2969753696876438,79.2739720908806,14,148.8,0.1
S7_worst,5.0,0.1,300.0,14,11.001,0.5,15,0,0.0,17.667138821014518,11.648208251541314,14,148.8,0.1
S7_worst,5.0,0.1,300.0,15,11.001,0.5,15,0,0.0,4.0053300228157065,20.36153008179142,14,148.8,0.1
S7_worst,5.0,0.1,500.0,1,11.001,0.5,15,0,0.0,3.516794040092115,79.78291534425162,14,148.8,0.1
S7_worst,5.0,0.1,500.0,2,11.001,0.5,15,0,0.0,69.84238801538415,73.09267922371798,14,148.8,0.1
S7_worst,5.0,0.1,500.0,3,11.001,0.5,15,0,0.0,1.0784099294370917,53.55003266619005,14,148.8,0.1
S7_worst,5.0,0.1,500.0,4,11.001,0.5,15,0,0.0,3.400147659315085,117.40144327277515,13,148.8,0.1
S7_worst,5.0,0.1,500.0,5,11.001,0.5,15,0,0.0,10.259842339030254,171.17589749459478,14,148.8,0.1
S7_worst,5.0,0.1,500.0,6,11.001,0.5,15,0,0.0,3.5230659678633907,32.88433159343984,14,148.8,0.1
S7_worst,5.0,0.1,500.0,7,11.001,0.5,15,0,0.0,19.761420864483497,60.18396972040008,14,148.8,0.1
S7_worst,5.0,0.1,500.0,8,11.001,0.5,15,0,0.0,2.816761539018315,87.99791525747096,14,148.8,0.1
S7_worst,5.0,0.1,500.0,9,11.001,0.5,15,0,0.0,2.8887761077269003,34.94803656934775,14,148.8,0.1
S7_worst,5.0,0.1,500.0,10,11.001,0.5,15,0,0.0,14.275617409128483,107.01693086502702,14,148.8,0.1
S7_worst,5.0,0.1,500.0,11,11.001,0.5,15,0,0.0,0.4802805963276779,35.68389660711393,14,148.8,0.1
S7_worst,5.0,0.1,500.0,12,11.001,0.5,15,0,0.0,8.322930445264108,26.624508131853865,14,148.8,0.1
S7_worst,5.0,0.1,500.0,13,11.001,0.5,15,0,0.0,2.9574387215696847,98.3920057887812,14,148.8,0.1
S7_worst,5.0,0.1,500.0,14,11.001,0.5,15,0,0.0,11.531304310071393,37.06946480871769,14,148.8,0.1
S7_worst,5.0,0.1,500.0,15,11.001,0.5,15,0,0.0,4.896884761590916,33.20004828282946,14,148.8,0.1
S7_worst,5.0,0.15,150.0,1,11.001,0.75,15,0,0.0,2.5181300342769775,27.37151579234938,14,113.5,0.1
S7_worst,5.0,0.15,150.0,2,11.001,0.75,15,0,0.0,5.717856915881275,35.97250389513323,13,113.5,0.1
S7_worst,5.0,0.15,150.0,3,11.001,0.75,15,0,0.0,9.612665804026514,45.05266321742596,14,113.5,0.1
S7_worst,5.0,0.15,150.0,4,11.001,0.75,15,0,0.0,5.650535335988878,33.471867629444674,13,113.5,0.1
S7_worst,5.0,0.15,150.0,5,11.001,0.75,15,1,6.666666666666667,8.341000009092081,9.71978657632991,14,113.5,0.1
S7_worst,5.0,0.15,150.0,6,11.001,0.75,15,0,0.0,0.26897399956334067,-5.86813948646876,14,113.5,0.1
S7_worst,5.0,0.15,150.0,7,11.001,0.75,15,1,6.666666666666667,1.1796690243352952,25.30671153253916,14,113.5,0.1
S7_worst,5.0,0.15,150.0,8,11.001,0.75,15,1,6.666666666666667,1.190505641097418,30.17717120286956,14,113.5,0.1
S7_worst,5.0,0.15,150.0,9,11.001,0.75,15,0,0.0,2.05921937426252,48.80619656997614,14,113.5,0.1
S7_worst,5.0,0.15,150.0,10,11.001,0.75,15,2,13.333333333333334,0.3226646180468573,29.27502690971555,13,113.5,0.1
S7_worst,5.0,0.15,150.0,11,11.001,0.75,15,0,0.0,96.4141840731788,15.243657571817234,14,113.5,0.1
S7_worst,5.0,0.15,150.0,12,11.001,0.75,15,0,0.0,4.121437236185964,18.680930702884954,14,113.5,0.1
S7_worst,5.0,0.15,150.0,13,11.001,0.75,15,0,0.0,1.5061794277163059,23.320313034812035,14,113.5,0.1
S7_worst,5.0,0.15,150.0,14,11.001,0.75,15,0,0.0,14.790069130181683,10.05100725373304,14,113.5,0.1
S7_worst,5.0,0.15,150.0,15,11.001,0.75,15,0,0.0,34.32707224182676,12.40037435460361,14,113.5,0.1
S7_worst,5.0,0.15,300.0,1,11.001,0.75,15,0,0.0,0.007592068609543327,19.400705010479026,14,113.5,0.1
S7_worst,5.0,0.15,300.0,2,11.001,0.75,15,0,0.0,1.442858161583642,35.2669545761642,13,113.5,0.1
S7_worst,5.0,0.15,300.0,3,11.001,0.75,15,0,0.0,4.025623685527084,-10.32662346979573,14,113.5,0.1
S7_worst,5.0,0.15,300.0,4,11.001,0.75,15,0,0.0,0.4657688677810038,33.47576239146264,13,113.5,0.1
S7_worst,5.0,0.15,300.0,5,11.001,0.75,15,0,0.0,3.512691603907953,26.46089223899695,14,113.5,0.1
S7_worst,5.0,0.15,300.0,6,11.001,0.75,15,0,0.0,3.9055563385469934,13.031436296619455,14,113.5,0.1
S7_worst,5.0,0.15,300.0,7,11.001,0.75,15,0,0.0,16.050492508824924,28.27718077153755,13,113.5,0.1
S7_worst,5.0,0.15,300.0,8,11.001,0.75,15,0,0.0,2.6985227857203475,44.69846502456922,14,113.5,0.1
S7_worst,5.0,0.15,300.0,9,11.001,0.75,15,0,0.0,15.36329644875543,19.827421971156767,14,113.5,0.1
S7_worst,5.0,0.15,300.0,10,11.001,0.75,15,0,0.0,3.568118827608679,53.56250033622176,14,113.5,0.1
S7_worst,5.0,0.15,300.0,11,11.001,0.75,15,0,0.0,1.4673110741164257,27.84094618928255,14,113.5,0.1
S7_worst,5.0,0.15,300.0,12,11.001,0.75,15,0,0.0,1.0716006349125617,13.441524939041546,13,113.5,0.1
S7_worst,5.0,0.15,300.0,13,11.001,0.75,15,0,0.0,1.3245906058041759,30.419943922904196,14,113.5,0.1
S7_worst,5.0,0.15,300.0,14,11.001,0.75,15,0,0.0,5.589265873586256,27.091409110461633,14,113.5,0.1
S7_worst,5.0,0.15,300.0,15,11.001,0.75,15,0,0.0,0.9669413411375505,-1.0326960938685272,14,113.5,0.1
S7_worst,5.0,0.15,500.0,1,11.001,0.75,15,0,0.0,2.615215414506461,26.66268956267208,14,113.5,0.1
S7_worst,5.0,0.15,500.0,2,11.001,0.75,15,0,0.0,0.9206801483748669,32.379643429220124,13,113.5,0.1
S7_worst,5.0,0.15,500.0,3,11.001,0.75,15,0,0.0,0.03204832931586575,36.681069146260015,14,113.5,0.1
S7_worst,5.0,0.15,500.0,4,11.001,0.75,15,0,0.0,2.210506082554743,101.24864977650543,13,113.5,0.1
S7_worst,5.0,0.15,500.0,5,11.001,0.75,15,0,0.0,5.6038370972209,26.43594207747966,14,113.5,0.1
S7_worst,5.0,0.15,500.0,6,11.001,0.75,15,0,0.0,2.7937413685465007,30.510446409010743,14,113.5,0.1
S7_worst,5.0,0.15,500.0,7,11.001,0.75,15,0,0.0,10.046442646110332,39.3430521665038,13,113.5,0.1
S7_worst,5.0,0.15,500.0,8,11.001,0.75,15,0,0.0,3.973518785566697,50.72658816508054,14,113.5,0.1
S7_worst,5.0,0.15,500.0,9,11.001,0.75,15,0,0.0,1.4093959444768933,46.427627959127534,14,113.5,0.1
S7_worst,5.0,0.15,500.0,10,11.001,0.75,15,0,0.0,5.061008823654751,70.60022306573487,14,113.5,0.1
S7_worst,5.0,0.15,500.0,11,11.001,0.75,15,0,0.0,1.8123593723527642,59.35969772677158,14,113.5,0.1
S7_worst,5.0,0.15,500.0,12,11.001,0.75,15,0,0.0,4.154643671570347,15.850365181910941,13,113.5,0.1
S7_worst,5.0,0.15,500.0,13,11.001,0.75,15,0,0.0,0.5018956144245587,47.7930714195131,14,113.5,0.1
S7_worst,5.0,0.15,500.0,14,11.001,0.75,15,0,0.0,6.432873218950753,34.78061580444208,14,113.5,0.1
S7_worst,5.0,0.15,500.0,15,11.001,0.75,15,0,0.0,4.038612149567456,18.528693421847166,14,113.5,0.1
S7_worst,10.0,0.05,150.0,1,7.779,0.5,15,0,0.0,83.12330178486329,24.509416774796655,14,139.1,0.1
S7_worst,10.0,0.05,150.0,2,7.779,0.5,15,0,0.0,23.89133873178776,77.78289550145976,14,139.1,0.1
S7_worst,10.0,0.05,150.0,3,7.779,0.5,15,0,0.0,13.110983114081314,56.27334254459735,14,139.1,0.1
S7_worst,10.0,0.05,150.0,4,7.779,0.5,15,0,0.0,1.3353239930629879,54.2052334115279,14,139.1,0.1
S7_worst,10.0,0.05,150.0,5,7.779,0.5,15,0,0.0,0.3983038349382236,90.38368039381508,14,139.1,0.1
S7_worst,10.0,0.05,150.0,6,7.779,0.5,15,0,0.0,3.8174405959120037,-10.271768960402339,14,139.1,0.1
S7_worst,10.0,0.05,150.0,7,7.779,0.5,15,0,0.0,7.080549965674026,91.42483070688874,14,139.1,0.1
S7_worst,10.0,0.05,150.0,8,7.779,0.5,15,0,0.0,1.0236602933150207,60.42014928162529,14,139.1,0.1
S7_worst,10.0,0.05,150.0,9,7.779,0.5,15,0,0.0,32.96943190193285,27.969597051472395,14,139.1,0.1
S7_worst,10.0,0.05,150.0,10,7.779,0.5,15,0,0.0,2.2160910008649197,131.8646814782465,14,139.1,0.1
S7_worst,10.0,0.05,150.0,11,7.779,0.5,15,0,0.0,0.5274052384904439,18.53746278720829,14,139.1,0.1
S7_worst,10.0,0.05,150.0,12,7.779,0.5,15,0,0.0,9.115143701816432,-2.9771758921204983,14,139.1,0.1
S7_worst,10.0,0.05,150.0,13,7.779,0.5,15,0,0.0,42.02522224481375,21.125073619778224,14,139.1,0.1
S7_worst,10.0,0.05,150.0,14,7.779,0.5,15,0,0.0,1.646884928954409,29.681288707507747,14,139.1,0.1
S7_worst,10.0,0.05,150.0,15,7.779,0.5,15,0,0.0,1.4788577392255253,67.39417754021363,14,139.1,0.1
S7_worst,10.0,0.05,300.0,1,7.779,0.5,15,0,0.0,0.6477086937476266,16.67390696926574,14,139.1,0.1
S7_worst,10.0,0.05,300.0,2,7.779,0.5,15,0,0.0,6.070512273415813,-31.474692560737694,14,139.1,0.1
S7_worst,10.0,0.05,300.0,3,7.779,0.5,15,0,0.0,9.308563092560934,33.64747049263232,14,139.1,0.1
S7_worst,10.0,0.05,300.0,4,7.779,0.5,15,0,0.0,18.645298871809878,94.13632911255748,14,139.1,0.1
S7_worst,10.0,0.05,300.0,5,7.779,0.5,15,0,0.0,0.971919783698532,51.78086527460499,14,139.1,0.1
S7_worst,10.0,0.05,300.0,6,7.779,0.5,15,0,0.0,7.175939678696293,11.373008438733766,14,139.1,0.1
S7_worst,10.0,0.05,300.0,7,7.779,0.5,15,0,0.0,20.153732037567213,59.52605848662562,14,139.1,0.1
S7_worst,10.0,0.05,300.0,8,7.779,0.5,15,0,0.0,1.3512651193841947,68.78190212462856,14,139.1,0.1
S7_worst,10.0,0.05,300.0,9,7.779,0.5,15,0,0.0,17.569774690535283,49.86663349767559,14,139.1,0.1
S7_worst,10.0,0.05,300.0,10,7.779,0.5,15,0,0.0,10.703930073868003,92.6506598941323,14,139.1,0.1
S7_worst,10.0,0.05,300.0,11,7.779,0.5,15,0,0.0,1.2733012465998932,35.886054493913356,14,139.1,0.1
S7_worst,10.0,0.05,300.0,12,7.779,0.5,15,0,0.0,18.904764837584157,37.23315842361967,14,139.1,0.1
S7_worst,10.0,0.05,300.0,13,7.779,0.5,15,0,0.0,2.278412516279222,88.81939864440929,14,139.1,0.1
S7_worst,10.0,0.05,300.0,14,7.779,0.5,15,0,0.0,7.503288103686792,34.8853292023992,14,139.1,0.1
S7_worst,10.0,0.05,300.0,15,7.779,0.5,15,0,0.0,1.3075014806156926,12.984537716099531,14,139.1,0.1
S7_worst,10.0,0.05,500.0,1,7.779,0.5,15,0,0.0,1.7132707068687156,60.31157539228869,14,139.1,0.1
S7_worst,10.0,0.05,500.0,2,7.779,0.5,15,0,0.0,10.380050882979472,110.50392180470921,14,139.1,0.1
S7_worst,10.0,0.05,500.0,3,7.779,0.5,15,0,0.0,7.268967475394015,70.10720157288266,14,139.1,0.1
S7_worst,10.0,0.05,500.0,4,7.779,0.5,15,0,0.0,0.8378414527611552,160.52097437128455,13,139.1,0.1
S7_worst,10.0,0.05,500.0,5,7.779,0.5,15,0,0.0,7.39278936785813,203.01776299034105,14,139.1,0.1
S7_worst,10.0,0.05,500.0,6,7.779,0.5,15,0,0.0,2.252599892934678,8.529732036966209,14,139.1,0.1
S7_worst,10.0,0.05,500.0,7,7.779,0.5,15,0,0.0,15.477146709363554,64.7723339251709,14,139.1,0.1
S7_worst,10.0,0.05,500.0,8,7.779,0.5,15,0,0.0,2.4135932440972367,83.14116934557731,14,139.1,0.1
S7_worst,10.0,0.05,500.0,9,7.779,0.5,15,0,0.0,4.926232089502676,107.40087058231667,14,139.1,0.1
S7_worst,10.0,0.05,500.0,10,7.779,0.5,15,0,0.0,9.745969369815345,141.6600274538724,14,139.1,0.1
S7_worst,10.0,0.05,500.0,11,7.779,0.5,15,0,0.0,1.808504168054065,72.96661628290903,14,139.1,0.1
S7_worst,10.0,0.05,500.0,12,7.779,0.5,15,0,0.0,11.97170183702466,148.2825062637988,14,139.1,0.1
S7_worst,10.0,0.05,500.0,13,7.779,0.5,15,0,0.0,3.557405266779245,138.48759939475124,14,139.1,0.1
S7_worst,10.0,0.05,500.0,14,7.779,0.5,15,0,0.0,16.850352771195126,192.56071259481803,14,139.1,0.1
S7_worst,10.0,0.05,500.0,15,7.779,0.5,15,0,0.0,2.6981578229247023,63.73366821722559,14,139.1,0.1
S7_worst,10.0,0.1,150.0,1,7.779,1.0,15,0,0.0,18.606458227674814,10.133827719753086,14,86.2,0.1
S7_worst,10.0,0.1,150.0,2,7.779,1.0,15,0,0.0,6.407297239404932,31.24910586476428,13,86.2,0.1
S7_worst,10.0,0.1,150.0,3,7.779,1.0,15,0,0.0,1.4422041613869823,-5.697835409864105,14,86.2,0.1
S7_worst,10.0,0.1,150.0,4,7.779,1.0,15,1,6.666666666666667,2.6520641640359606,5.769324301436929,14,86.2,0.1
S7_worst,10.0,0.1,150.0,5,7.779,1.0,15,0,0.0,7.221848624030455,6.288103683672697,14,86.2,0.1
S7_worst,10.0,0.1,150.0,6,7.779,1.0,15,0,0.0,1.642286407088828,0.6279235438273911,14,86.2,0.1
S7_worst,10.0,0.1,150.0,7,7.779,1.0,15,0,0.0,0.59241506046475,8.914583506330276,12,86.2,0.1
S7_worst,10.0,0.1,150.0,8,7.779,1.0,15,0,0.0,11.8790078971629,30.955198919717297,13,86.2,0.1
S7_worst,10.0,0.1,150.0,9,7.779,1.0,15,0,0.0,2.5776193912613916,21.17909170599994,13,86.2,0.1
S7_worst,10.0,0.1,150.0,10,7.779,1.0,15,1,6.666666666666667,3.0315277352626073,30.55096578695018,14,86.2,0.1
S7_worst,10.0,0.1,150.0,11,7.779,1.0,15,0,0.0,0.8354916469298163,20.06204111751866,14,86.2,0.1
S7_worst,10.0,0.1,150.0,12,7.779,1.0,15,0,0.0,1.2818094609154977,10.462623271037641,14,86.2,0.1
S7_worst,10.0,0.1,150.0,13,7.779,1.0,15,0,0.0,5.241054591560275,25.20572882634342,14,86.2,0.1
S7_worst,10.0,0.1,150.0,14,7.779,1.0,15,0,0.0,0.7817336852054314,18.81413324670809,13,86.2,0.1
S7_worst,10.0,0.1,150.0,15,7.779,1.0,15,0,0.0,0.7243118187618222,13.473512928694987,14,86.2,0.1
S7_worst,10.0,0.1,300.0,1,7.779,1.0,15,0,0.0,4.991591771764354,7.581558889131079,14,86.2,0.1
S7_worst,10.0,0.1,300.0,2,7.779,1.0,15,0,0.0,1.1988638302619496,24.365955837183794,13,86.2,0.1
S7_worst,10.0,0.1,300.0,3,7.779,1.0,15,0,0.0,0.8105419775798064,8.393876791159594,14,86.2,0.1
S7_worst,10.0,0.1,300.0,4,7.779,1.0,15,0,0.0,3.1942447099897846,8.295578928726721,12,86.2,0.1
S7_worst,10.0,0.1,300.0,5,7.779,1.0,15,0,0.0,6.730864505912035,17.086194098883457,14,86.2,0.1
S7_worst,10.0,0.1,300.0,6,7.779,1.0,15,0,0.0,1.735779923032643,18.058840318393443,14,86.2,0.1
S7_worst,10.0,0.1,300.0,7,7.779,1.0,15,0,0.0,4.169562607550616,7.6342434103131795,14,86.2,0.1
S7_worst,10.0,0.1,300.0,8,7.779,1.0,15,0,0.0,1.5173263648724233,44.63008065949467,13,86.2,0.1
S7_worst,10.0,0.1,300.0,9,7.779,1.0,15,0,0.0,2.9916900500342356,36.537518727383244,14,86.2,0.1
S7_worst,10.0,0.1,300.0,10,7.779,1.0,15,0,0.0,1.802485329303381,49.770650092782034,13,86.2,0.1
S7_worst,10.0,0.1,300.0,11,7.779,1.0,15,0,0.0,0.09720333195035698,29.398390454663037,14,86.2,0.1
S7_worst,10.0,0.1,300.0,12,7.779,1.0,15,0,0.0,3.4743408757619787,20.88221129443952,14,86.2,0.1
S7_worst,10.0,0.1,300.0,13,7.779,1.0,15,0,0.0,2.8581571525354548,39.32882044907367,14,86.2,0.1
S7_worst,10.0,0.1,300.0,14,7.779,1.0,15,0,0.0,3.929070018321449,16.83663983608461,14,86.2,0.1
S7_worst,10.0,0.1,300.0,15,7.779,1.0,15,0,0.0,3.9882019949797147,14.467558869864593,14,86.2,0.1
S7_worst,10.0,0.1,500.0,1,7.779,1.0,15,0,0.0,5.611200504915082,35.70981061232563,14,86.2,0.1
S7_worst,10.0,0.1,500.0,2,7.779,1.0,15,0,0.0,2.914278052632849,37.46587734970366,13,86.2,0.1
S7_worst,10.0,0.1,500.0,3,7.779,1.0,15,0,0.0,2.6432652872285636,5.287482827237788,14,86.2,0.1
S7_worst,10.0,0.1,500.0,4,7.779,1.0,15,0,0.0,1.8292162132043628,17.679512377808514,13,86.2,0.1
S7_worst,10.0,0.1,500.0,5,7.779,1.0,15,0,0.0,5.746546800830638,20.95727377388814,14,86.2,0.1
S7_worst,10.0,0.1,500.0,6,7.779,1.0,15,0,0.0,1.7911438271495428,5.057386209489323,14,86.2,0.1
S7_worst,10.0,0.1,500.0,7,7.779,1.0,15,0,0.0,7.996861968525639,24.696874905892674,13,86.2,0.1
S7_worst,10.0,0.1,500.0,8,7.779,1.0,15,0,0.0,0.21642707610533113,41.863054562372206,13,86.2,0.1
S7_worst,10.0,0.1,500.0,9,7.779,1.0,15,0,0.0,2.660167528596709,48.549850547965654,13,86.2,0.1
S7_worst,10.0,0.1,500.0,10,7.779,1.0,15,0,0.0,6.333603051748147,66.57389625181148,13,86.2,0.1
S7_worst,10.0,0.1,500.0,11,7.779,1.0,15,0,0.0,0.33245933020003327,34.51037678216164,14,86.2,0.1
S7_worst,10.0,0.1,500.0,12,7.779,1.0,15,0,0.0,4.6874784647745535,27.54730857049712,14,86.2,0.1
S7_worst,10.0,0.1,500.0,13,7.779,1.0,15,0,0.0,3.0731145925912036,30.548747954794564,14,86.2,0.1
S7_worst,10.0,0.1,500.0,14,7.779,1.0,15,0,0.0,6.133721201761726,23.28522406100908,14,86.2,0.1
S7_worst,10.0,0.1,500.0,15,7.779,1.0,15,0,0.0,5.413311649570393,13.184095847518273,14,86.2,0.1
S7_worst,10.0,0.15,150.0,1,7.779,1.5,15,3,20.0,8.770603002591205,6.46839266364075,12,68.6,0.1
S7_worst,10.0,0.15,150.0,2,7.779,1.5,15,5,33.33333333333333,6.275853758015347,24.38535366418552,10,68.6,0.1
S7_worst,10.0,0.15,150.0,3,7.779,1.5,15,1,6.666666666666667,3.233671332215748,-3.678414796236377,14,68.6,0.1
S7_worst,10.0,0.15,150.0,4,7.779,1.5,15,2,13.333333333333334,3.5424527188807113,-6.936047917798671,13,68.6,0.1
S7_worst,10.0,0.15,150.0,5,7.779,1.5,15,2,13.333333333333334,6.034048580637709,-0.9098819299795687,13,68.6,0.1
S7_worst,10.0,0.15,150.0,6,7.779,1.5,15,3,20.0,4.121695470145594,-15.317768528872685,12,68.6,0.1
S7_worst,10.0,0.15,150.0,7,7.779,1.5,15,2,13.333333333333334,3.3212513364815877,3.71097347189299,13,68.6,0.1
S7_worst,10.0,0.15,150.0,8,7.779,1.5,15,7,46.666666666666664,0.9701184866684066,23.268185814779883,8,68.6,0.1
S7_worst,10.0,0.15,150.0,9,7.779,1.5,15,6,40.0,6.9938541738336895,4.301126880779979,9,68.6,0.1
S7_worst,10.0,0.15,150.0,10,7.779,1.5,15,7,46.666666666666664,8.863705054169932,8.172399644005052,8,68.6,0.1
S7_worst,10.0,0.15,150.0,11,7.779,1.5,15,3,20.0,11.752248574720738,35.49856143264825,12,68.6,0.1
S7_worst,10.0,0.15,150.0,12,7.779,1.5,15,3,20.0,6.60219854546016,9.414711901961798,12,68.6,0.1
S7_worst,10.0,0.15,150.0,13,7.779,1.5,15,5,33.33333333333333,1.8149436071811926,17.259839460326454,10,68.6,0.1
S7_worst,10.0,0.15,150.0,14,7.779,1.5,15,2,13.333333333333334,6.577438584368306,-0.4380545157877928,13,68.6,0.1
S7_worst,10.0,0.15,150.0,15,7.779,1.5,15,1,6.666666666666667,5.169214025745853,8.51918366451292,14,68.6,0.1
S7_worst,10.0,0.15,300.0,1,7.779,1.5,15,0,0.0,0.32773744535596494,8.297660928981038,13,68.6,0.1
S7_worst,10.0,0.15,300.0,2,7.779,1.5,15,0,0.0,2.4830730136320613,23.392848236988726,13,68.6,0.1
S7_worst,10.0,0.15,300.0,3,7.779,1.5,15,0,0.0,2.6424372728720527,-2.6955705664048146,14,68.6,0.1
S7_worst,10.0,0.15,300.0,4,7.779,1.5,15,0,0.0,4.572752602905644,-10.276309563131242,12,68.6,0.1
S7_worst,10.0,0.15,300.0,5,7.779,1.5,15,0,0.0,4.586584125365847,11.004830260066639,13,68.6,0.1
S7_worst,10.0,0.15,300.0,6,7.779,1.5,15,0,0.0,0.6975558125633841,20.15906782222232,13,68.6,0.1
S7_worst,10.0,0.15,300.0,7,7.779,1.5,15,0,0.0,8.54017805034484,9.972496636552759,12,68.6,0.1
S7_worst,10.0,0.15,300.0,8,7.779,1.5,15,0,0.0,2.4220910896639576,25.12475938001379,12,68.6,0.1
S7_worst,10.0,0.15,300.0,9,7.779,1.5,15,0,0.0,6.703094022624019,32.225699955692406,13,68.6,0.1
S7_worst,10.0,0.15,300.0,10,7.779,1.5,15,0,0.0,8.776421464192552,28.690459642444893,12,68.6,0.1
S7_worst,10.0,0.15,300.0,11,7.779,1.5,15,0,0.0,2.80970762965135,19.53171433016291,14,68.6,0.1
S7_worst,10.0,0.15,300.0,12,7.779,1.5,15,0,0.0,1.1475188338926752,8.46096924355842,13,68.6,0.1
S7_worst,10.0,0.15,300.0,13,7.779,1.5,15,0,0.0,6.41470425491763,28.335736072884423,13,68.6,0.1
S7_worst,10.0,0.15,300.0,14,7.779,1.5,15,0,0.0,9.999002405462727,8.82624083411822,12,68.6,0.1
S7_worst,10.0,0.15,300.0,15,7.779,1.5,15,0,0.0,5.726599450288225,2.280467794330339,14,68.6,0.1
S7_worst,10.0,0.15,500.0,1,7.779,1.5,15,0,0.0,0.39194239763214805,7.9118288426587595,12,68.6,0.1
S7_worst,10.0,0.15,500.0,2,7.779,1.5,15,0,0.0,1.4197208554438678,25.494220653006884,13,68.6,0.1
S7_worst,10.0,0.15,500.0,3,7.779,1.5,15,0,0.0,1.7046967701959121,1.3041747811970281,14,68.6,0.1
S7_worst,10.0,0.15,500.0,4,7.779,1.5,15,0,0.0,3.7666110060506406,10.797887826877428,12,68.6,0.1
S7_worst,10.0,0.15,500.0,5,7.779,1.5,15,0,0.0,4.629722073700957,16.339341142570664,13,68.6,0.1
S7_worst,10.0,0.15,500.0,6,7.779,1.5,15,0,0.0,0.37819325322897096,35.01796937301484,13,68.6,0.1
S7_worst,10.0,0.15,500.0,7,7.779,1.5,15,0,0.0,12.058778571690551,15.445553415887522,12,68.6,0.1
S7_worst,10.0,0.15,500.0,8,7.779,1.5,15,0,0.0,2.7402617380997167,24.881733517377228,12,68.6,0.1
S7_worst,10.0,0.15,500.0,9,7.779,1.5,15,0,0.0,7.336730132740671,37.556585144745554,13,68.6,0.1
S7_worst,10.0,0.15,500.0,10,7.779,1.5,15,0,0.0,8.054999833970495,38.617277763028326,13,68.6,0.1
S7_worst,10.0,0.15,500.0,11,7.779,1.5,15,0,0.0,0.20852562916117046,25.700997744708303,13,68.6,0.1
S7_worst,10.0,0.15,500.0,12,7.779,1.5,15,0,0.0,3.0263442526664033,14.20294363725998,13,68.6,0.1
S7_worst,10.0,0.15,500.0,13,7.779,1.5,15,0,0.0,5.539105585506703,32.40208648001756,13,68.6,0.1
S7_worst,10.0,0.15,500.0,14,7.779,1.5,15,0,0.0,10.637732879107421,20.941057919191707,13,68.6,0.1
S7_worst,10.0,0.15,500.0,15,7.779,1.5,15,0,0.0,7.215076162428933,7.767915816435537,14,68.6,0.1
S7_worst,15.0,0.05,150.0,1,6.352,0.75,15,0,0.0,5.595669948687864,25.23421835440593,14,99.6,0.1
S7_worst,15.0,0.05,150.0,2,6.352,0.75,15,0,0.0,7.245184240494536,45.42133084368241,13,99.6,0.1
S7_worst,15.0,0.05,150.0,3,6.352,0.75,15,0,0.0,1.2663206058584249,26.608627591882517,14,99.6,0.1
S7_worst,15.0,0.05,150.0,4,6.352,0.75,15,0,0.0,1.2011235528116329,46.385845889385635,13,99.6,0.1
S7_worst,15.0,0.05,150.0,5,6.352,0.75,15,0,0.0,4.487341402122179,30.190583819161798,14,99.6,0.1
S7_worst,15.0,0.05,150.0,6,6.352,0.75,15,0,0.0,3.335238381257414,-12.681053075438253,14,99.6,0.1
S7_worst,15.0,0.05,150.0,7,6.352,0.75,15,0,0.0,2.8392634702377935,41.5791419882348,13,99.6,0.1
S7_worst,15.0,0.05,150.0,8,6.352,0.75,15,0,0.0,2.4168472528190375,31.918845846573767,14,99.6,0.1
S7_worst,15.0,0.05,150.0,9,6.352,0.75,15,0,0.0,14.66872272963751,50.0525024382641,14,99.6,0.1
S7_worst,15.0,0.05,150.0,10,6.352,0.75,15,0,0.0,1.2273147841729755,39.6852925143271,14,99.6,0.1
S7_worst,15.0,0.05,150.0,11,6.352,0.75,15,0,0.0,1.8622019955368703,15.1895313583197,14,99.6,0.1
S7_worst,15.0,0.05,150.0,12,6.352,0.75,15,0,0.0,2.361937990834686,19.360081498665135,14,99.6,0.1
S7_worst,15.0,0.05,150.0,13,6.352,0.75,15,0,0.0,0.6867792750833794,24.756199460031855,14,99.6,0.1
S7_worst,15.0,0.05,150.0,14,6.352,0.75,15,0,0.0,1.0868332818828899,10.481908304535754,14,99.6,0.1
S7_worst,15.0,0.05,150.0,15,6.352,0.75,15,0,0.0,3.024393559605514,5.913747348817658,14,99.6,0.1
S7_worst,15.0,0.05,300.0,1,6.352,0.75,15,0,0.0,1.3190133617307065,26.55732618574375,14,99.6,0.1
S7_worst,15.0,0.05,300.0,2,6.352,0.75,15,0,0.0,1.6364399286121414,54.891104557653016,13,99.6,0.1
S7_worst,15.0,0.05,300.0,3,6.352,0.75,15,0,0.0,3.384293008154267,-4.263357120106356,14,99.6,0.1
S7_worst,15.0,0.05,300.0,4,6.352,0.75,15,0,0.0,1.1544695616496181,71.43552547646644,13,99.6,0.1
S7_worst,15.0,0.05,300.0,5,6.352,0.75,15,0,0.0,4.697190467131137,48.4253233889234,14,99.6,0.1
S7_worst,15.0,0.05,300.0,6,6.352,0.75,15,0,0.0,6.836844473478747,1.5113273854566955,14,99.6,0.1
S7_worst,15.0,0.05,300.0,7,6.352,0.75,15,0,0.0,12.736509946133731,47.294958638891416,13,99.6,0.1
S7_worst,15.0,0.05,300.0,8,6.352,0.75,15,0,0.0,2.6091505644816,62.23700923971857,14,99.6,0.1
S7_worst,15.0,0.05,300.0,9,6.352,0.75,15,0,0.0,1.5086072704893394,27.620023046287585,14,99.6,0.1
S7_worst,15.0,0.05,300.0,10,6.352,0.75,15,0,0.0,4.530460264548844,71.42467419948119,14,99.6,0.1
S7_worst,15.0,0.05,300.0,11,6.352,0.75,15,0,0.0,4.324076337001008,48.215902553891965,14,99.6,0.1
S7_worst,15.0,0.05,300.0,12,6.352,0.75,15,0,0.0,7.321613238211625,22.34329653075582,13,99.6,0.1
S7_worst,15.0,0.05,300.0,13,6.352,0.75,15,0,0.0,1.8363652851785561,35.225334744162204,14,99.6,0.1
S7_worst,15.0,0.05,300.0,14,6.352,0.75,15,0,0.0,0.15955578220857658,27.671160422614705,14,99.6,0.1
S7_worst,15.0,0.05,300.0,15,6.352,0.75,15,0,0.0,1.9082842103943076,17.2952156825524,14,99.6,0.1
S7_worst,15.0,0.05,500.0,1,6.352,0.75,15,0,0.0,5.693880370869381,37.304436661061196,14,99.6,0.1
S7_worst,15.0,0.05,500.0,2,6.352,0.75,15,0,0.0,0.10851076535839094,40.70204995005205,14,99.6,0.1
S7_worst,15.0,0.05,500.0,3,6.352,0.75,15,0,0.0,8.766034097389124,4.523253402505803,14,99.6,0.1
S7_worst,15.0,0.05,500.0,4,6.352,0.75,15,0,0.0,3.346045583698832,57.60180670288623,13,99.6,0.1
S7_worst,15.0,0.05,500.0,5,6.352,0.75,15,0,0.0,6.180103780101563,59.64023120884949,14,99.6,0.1
S7_worst,15.0,0.05,500.0,6,6.352,0.75,15,0,0.0,2.8447568895246738,80.35683477681206,14,99.6,0.1
S7_worst,15.0,0.05,500.0,7,6.352,0.75,15,0,0.0,7.086496608789922,34.773609086043386,13,99.6,0.1
S7_worst,15.0,0.05,500.0,8,6.352,0.75,15,0,0.0,3.0495754733569678,43.12470899362107,13,99.6,0.1
S7_worst,15.0,0.05,500.0,9,6.352,0.75,15,0,0.0,3.9333784194353405,88.70949459175813,13,99.6,0.1
S7_worst,15.0,0.05,500.0,10,6.352,0.75,15,0,0.0,3.137346151124039,85.9972723154597,14,99.6,0.1
S7_worst,15.0,0.05,500.0,11,6.352,0.75,15,0,0.0,3.690885103958903,63.81877176610441,14,99.6,0.1
S7_worst,15.0,0.05,500.0,12,6.352,0.75,15,0,0.0,8.639941829044618,25.06602472385964,14,99.6,0.1
S7_worst,15.0,0.05,500.0,13,6.352,0.75,15,0,0.0,0.9485090683653493,50.93948227988662,14,99.6,0.1
S7_worst,15.0,0.05,500.0,14,6.352,0.75,15,0,0.0,5.730418615835905,37.67283200390808,14,99.6,0.1
S7_worst,15.0,0.05,500.0,15,6.352,0.75,15,0,0.0,5.203664104546874,24.557293138554837,14,99.6,0.1
S7_worst,15.0,0.1,150.0,1,6.352,1.5,15,2,13.333333333333334,6.664505893159251,2.8610040092341915,13,64.3,0.1
S7_worst,15.0,0.1,150.0,2,6.352,1.5,15,2,13.333333333333334,4.838858597513463,12.567105085819316,13,64.3,0.1
S7_worst,15.0,0.1,150.0,3,6.352,1.5,15,0,0.0,2.6097922257206676,-4.799852629869475,14,64.3,0.1
S7_worst,15.0,0.1,150.0,4,6.352,1.5,15,0,0.0,5.192523819936153,-5.211097945746834,13,64.3,0.1
S7_worst,15.0,0.1,150.0,5,6.352,1.5,15,0,0.0,3.3115274492522664,6.434639810860536,13,64.3,0.1
S7_worst,15.0,0.1,150.0,6,6.352,1.5,15,0,0.0,4.567863987724526,8.197750820586986,13,64.3,0.1
S7_worst,15.0,0.1,150.0,7,6.352,1.5,15,1,6.666666666666667,4.345387916129242,3.7176712580297533,14,64.3,0.1
S7_worst,15.0,0.1,150.0,8,6.352,1.5,15,3,20.0,5.72512386221365,20.293268818962286,12,64.3,0.1
S7_worst,15.0,0.1,150.0,9,6.352,1.5,15,2,13.333333333333334,10.934836067954599,14.949605908428376,13,64.3,0.1
S7_worst,15.0,0.1,150.0,10,6.352,1.5,15,0,0.0,7.629180350582005,27.245382672833312,12,64.3,0.1
S7_worst,15.0,0.1,150.0,11,6.352,1.5,15,1,6.666666666666667,6.156878740204774,25.429457786949932,14,64.3,0.1
S7_worst,15.0,0.1,150.0,12,6.352,1.5,15,0,0.0,7.651748043888576,11.389693850734856,13,64.3,0.1
S7_worst,15.0,0.1,150.0,13,6.352,1.5,15,2,13.333333333333334,0.44237878220366406,25.916666985302506,13,64.3,0.1
S7_worst,15.0,0.1,150.0,14,6.352,1.5,15,1,6.666666666666667,3.755387537704789,5.470621492098893,14,64.3,0.1
S7_worst,15.0,0.1,150.0,15,6.352,1.5,15,1,6.666666666666667,4.324610409893867,9.901511858778811,14,64.3,0.1
S7_worst,15.0,0.1,300.0,1,6.352,1.5,15,0,0.0,0.20870269359648005,10.356204666007535,13,64.3,0.1
S7_worst,15.0,0.1,300.0,2,6.352,1.5,15,0,0.0,2.70769396000235,24.26090432679913,12,64.3,0.1
S7_worst,15.0,0.1,300.0,3,6.352,1.5,15,0,0.0,2.4044260272851568,-1.5763669394173618,14,64.3,0.1
S7_worst,15.0,0.1,300.0,4,6.352,1.5,15,0,0.0,4.548635024261424,-5.2419562845913426,12,64.3,0.1
S7_worst,15.0,0.1,300.0,5,6.352,1.5,15,0,0.0,4.481480548172397,15.866946000134577,13,64.3,0.1
S7_worst,15.0,0.1,300.0,6,6.352,1.5,15,0,0.0,0.14067153604890495,23.591638060514416,13,64.3,0.1
S7_worst,15.0,0.1,300.0,7,6.352,1.5,15,0,0.0,9.40692490470103,8.921805359294854,12,64.3,0.1
S7_worst,15.0,0.1,300.0,8,6.352,1.5,15,0,0.0,2.572839048368325,25.416125864156403,12,64.3,0.1
S7_worst,15.0,0.1,300.0,9,6.352,1.5,15,0,0.0,6.906257826775641,32.19454122956386,13,64.3,0.1
S7_worst,15.0,0.1,300.0,10,6.352,1.5,15,0,0.0,8.655759173720796,30.536284878009095,12,64.3,0.1
S7_worst,15.0,0.1,300.0,11,6.352,1.5,15,0,0.0,2.9768890893029454,18.909880543653333,14,64.3,0.1
S7_worst,15.0,0.1,300.0,12,6.352,1.5,15,0,0.0,0.08757277116078252,6.905032914065219,13,64.3,0.1
S7_worst,15.0,0.1,300.0,13,6.352,1.5,15,0,0.0,6.44779598153271,28.99196216617124,13,64.3,0.1
S7_worst,15.0,0.1,300.0,14,6.352,1.5,15,0,0.0,10.730818881365694,10.770418985751224,12,64.3,0.1
S7_worst,15.0,0.1,300.0,15,6.352,1.5,15,0,0.0,4.978089268407302,3.1730813731500738,14,64.3,0.1
S7_worst,15.0,0.1,500.0,1,6.352,1.5,15,0,0.0,0.7448868878330799,8.133877005797114,12,64.3,0.1
S7_worst,15.0,0.1,500.0,2,6.352,1.5,15,0,0.0,0.7625130638153513,27.446993209660953,13,64.3,0.1
S7_worst,15.0,0.1,500.0,3,6.352,1.5,15,0,0.0,3.181729285090662,3.1598563194104776,14,64.3,0.1
S7_worst,15.0,0.1,500.0,4,6.352,1.5,15,0,0.0,3.7446047778290517,9.996515870916472,12,64.3,0.1
S7_worst,15.0,0.1,500.0,5,6.352,1.5,15,0,0.0,4.965664304150329,18.23844676969868,13,64.3,0.1
S7_worst,15.0,0.1,500.0,6,6.352,1.5,15,0,0.0,0.05772540978514016,38.225674119941644,13,64.3,0.1
S7_worst,15.0,0.1,500.0,7,6.352,1.5,15,0,0.0,13.193168587180814,14.10323647977411,12,64.3,0.1
S7_worst,15.0,0.1,500.0,8,6.352,1.5,15,0,0.0,2.2670843123933166,29.23700050676146,12,64.3,0.1
S7_worst,15.0,0.1,500.0,9,6.352,1.5,15,0,0.0,7.484942309306853,39.89109959481241,13,64.3,0.1
S7_worst,15.0,0.1,500.0,10,6.352,1.5,15,0,0.0,8.16891752359232,42.291981825255604,13,64.3,0.1
S7_worst,15.0,0.1,500.0,11,6.352,1.5,15,0,0.0,0.6855878543058884,20.851623150871198,13,64.3,0.1
S7_worst,15.0,0.1,500.0,12,6.352,1.5,15,0,0.0,1.750383106309238,18.428533511337296,13,64.3,0.1
S7_worst,15.0,0.1,500.0,13,6.352,1.5,15,0,0.0,5.3623357999765116,35.47863168047061,12,64.3,0.1
S7_worst,15.0,0.1,500.0,14,6.352,1.5,15,0,0.0,11.100774575763486,23.89733347801304,13,64.3,0.1
S7_worst,15.0,0.1,500.0,15,6.352,1.5,15,0,0.0,8.335032164012643,9.318990445660447,14,64.3,0.1
S7_worst,15.0,0.15,150.0,1,6.352,2.25,15,6,40.0,9.789246783315388,-2.312687252243882,9,52.6,0.1
S7_worst,15.0,0.15,150.0,2,6.352,2.25,15,13,86.66666666666667,,,2,52.6,0.1
S7_worst,15.0,0.15,150.0,3,6.352,2.25,15,4,26.666666666666668,3.5679854103580713,-11.256385661962307,11,52.6,0.1
S7_worst,15.0,0.15,150.0,4,6.352,2.25,15,5,33.33333333333333,8.574342211148974,-23.875910562726478,10,52.6,0.1
S7_worst,15.0,0.15,150.0,5,6.352,2.25,15,6,40.0,7.454107460915979,-4.040065583240842,9,52.6,0.1
S7_worst,15.0,0.15,150.0,6,6.352,2.25,15,5,33.33333333333333,4.440842801857868,-2.8808781099153475,10,52.6,0.1
S7_worst,15.0,0.15,150.0,7,6.352,2.25,15,5,33.33333333333333,14.662486812243346,-20.01152147487518,10,52.6,0.1
S7_worst,15.0,0.15,150.0,8,6.352,2.25,15,11,73.33333333333333,,,4,52.6,0.1
S7_worst,15.0,0.15,150.0,9,6.352,2.25,15,11,73.33333333333333,12.239014258363861,-24.34605366244912,4,52.6,0.1
S7_worst,15.0,0.15,150.0,10,6.352,2.25,15,11,73.33333333333333,16.37905013533518,14.148310408482306,4,52.6,0.1
S7_worst,15.0,0.15,150.0,11,6.352,2.25,15,9,60.0,17.258606369255002,-68.35019198947658,6,52.6,0.1
S7_worst,15.0,0.15,150.0,12,6.352,2.25,15,8,53.333333333333336,19.713357522396723,63.392483243226415,7,52.6,0.1
S7_worst,15.0,0.15,150.0,13,6.352,2.25,15,12,80.0,,,3,52.6,0.1
S7_worst,15.0,0.15,150.0,14,6.352,2.25,15,6,40.0,5.4720317739045825,-14.266481896141403,9,52.6,0.1
S7_worst,15.0,0.15,150.0,15,6.352,2.25,15,5,33.33333333333333,27.26983642393787,-10.152081231635652,10,52.6,0.1
S7_worst,15.0,0.15,300.0,1,6.352,2.25,15,0,0.0,0.09613500675405973,-1.4897463483906352,13,52.6,0.1
S7_worst,15.0,0.15,300.0,2,6.352,2.25,15,0,0.0,0.45182039670320406,14.983364874913264,10,52.6,0.1
S7_worst,15.0,0.15,300.0,3,6.352,2.25,15,0,0.0,5.0080165043060125,0.3738252203957712,14,52.6,0.1
S7_worst,15.0,0.15,300.0,4,6.352,2.25,15,0,0.0,5.864500319927855,-1.3132871187657713,12,52.6,0.1
S7_worst,15.0,0.15,300.0,5,6.352,2.25,15,0,0.0,5.077244759590253,12.518968088754276,13,52.6,0.1
S7_worst,15.0,0.15,300.0,6,6.352,2.25,15,0,0.0,1.8828979523217555,24.618008567178585,12,52.6,0.1
S7_worst,15.0,0.15,300.0,7,6.352,2.25,15,0,0.0,14.491598222851788,-13.883529792857413,12,52.6,0.1
S7_worst,15.0,0.15,300.0,8,6.352,2.25,15,0,0.0,4.779234717008005,11.446173605663052,12,52.6,0.1
S7_worst,15.0,0.15,300.0,9,6.352,2.25,15,0,0.0,9.92627346007742,17.7991382502657,12,52.6,0.1
S7_worst,15.0,0.15,300.0,10,6.352,2.25,15,0,0.0,8.807071458381433,32.61816883830117,13,52.6,0.1
S7_worst,15.0,0.15,300.0,11,6.352,2.25,15,0,0.0,0.6722303117437912,13.589152375311128,12,52.6,0.1
S7_worst,15.0,0.15,300.0,12,6.352,2.25,15,0,0.0,1.6512960240335754,0.3772000752594293,13,52.6,0.1
S7_worst,15.0,0.15,300.0,13,6.352,2.25,15,0,0.0,5.687054895777816,27.897504009087864,12,52.6,0.1
S7_worst,15.0,0.15,300.0,14,6.352,2.25,15,0,0.0,14.51427207563007,11.706118335293938,12,52.6,0.1
S7_worst,15.0,0.15,300.0,15,6.352,2.25,15,0,0.0,8.368532491759916,-9.678306278030451,13,52.6,0.1
S7_worst,15.0,0.15,500.0,1,6.352,2.25,15,0,0.0,2.997034123708314,4.617247864703819,13,52.6,0.1
S7_worst,15.0,0.15,500.0,2,6.352,2.25,15,0,0.0,6.009668146616556,26.188399433225168,10,52.6,0.1
S7_worst,15.0,0.15,500.0,3,6.352,2.25,15,0,0.0,6.15161694528701,4.3602129726253755,14,52.6,0.1
S7_worst,15.0,0.15,500.0,4,6.352,2.25,15,0,0.0,3.505302996866819,10.970444633872805,12,52.6,0.1
S7_worst,15.0,0.15,500.0,5,6.352,2.25,15,0,0.0,4.3933404943047165,22.141649681819313,13,52.6,0.1
S7_worst,15.0,0.15,500.0,6,6.352,2.25,15,0,0.0,3.4660483800268045,35.24054615898724,13,52.6,0.1
S7_worst,15.0,0.15,500.0,7,6.352,2.25,15,0,0.0,15.756945929251755,-17.001790202129275,12,52.6,0.1
S7_worst,15.0,0.15,500.0,8,6.352,2.25,15,0,0.0,1.5025073581157498,15.22178927275003,11,52.6,0.1
S7_worst,15.0,0.15,500.0,9,6.352,2.25,15,0,0.0,7.873124107396829,25.94860128089004,12,52.6,0.1
S7_worst,15.0,0.15,500.0,10,6.352,2.25,15,0,0.0,7.986647162953987,41.03331928806053,13,52.6,0.1
S7_worst,15.0,0.15,500.0,11,6.352,2.25,15,0,0.0,1.7974561614272544,16.364288128805605,14,52.6,0.1
S7_worst,15.0,0.15,500.0,12,6.352,2.25,15,0,0.0,1.024961362396744,2.1088601551716164,13,52.6,0.1
S7_worst,15.0,0.15,500.0,13,6.352,2.25,15,0,0.0,3.7534716997465996,30.04792465631121,12,52.6,0.1
S7_worst,15.0,0.15,500.0,14,6.352,2.25,15,0,0.0,16.079771747894686,15.493607842540985,13,52.6,0.1
S7_worst,15.0,0.15,500.0,15,6.352,2.25,15,0,0.0,8.048443646143067,11.220972436729939,13,52.6,0.1
