label,set,geom,wind_kmh,ignition_d_m,tau_s,seed,dir_err,estimable,grade,count_grade,dphi_hat,dphi_stat,dphi_disp,n_local,n_ok,per_node_frac,s2_med,front,jitter,wind_u,v_spread
타원[head] W10 d30 τ0,ellipse,head,10.0,30.0,0.0,1,1.9930041270958196,1,OK,OK,4.6686,1.3656,4.6686,13,6,86.7,0.4472,,,,
타원[head] W10 d30 τ0,ellipse,head,10.0,30.0,0.0,2,1.9930041270958196,1,OK,OK,4.6686,1.3656,4.6686,13,6,86.7,0.4472,,,,
타원[head] W10 d30 τ0,ellipse,head,10.0,30.0,0.0,3,1.9930041270958196,1,OK,OK,4.6686,1.3656,4.6686,13,6,86.7,0.4472,,,,
타원[head] W10 d30 τ0,ellipse,head,10.0,30.0,0.0,4,1.9930041270958196,1,OK,OK,4.6686,1.3656,4.6686,13,6,86.7,0.4472,,,,
타원[head] W10 d30 τ0,ellipse,head,10.0,30.0,0.0,5,1.9930041270958196,1,OK,OK,4.6686,1.3656,4.6686,13,6,86.7,0.4472,,,,
타원[head] W10 d30 τ0,ellipse,head,10.0,30.0,0.0,6,1.9930041270958196,1,OK,OK,4.6686,1.3656,4.6686,13,6,86.7,0.4472,,,,
타원[head] W10 d30 τ0,ellipse,head,10.0,30.0,0.0,7,1.9930041270958196,1,OK,OK,4.6686,1.3656,4.6686,13,6,86.7,0.4472,,,,
타원[head] W10 d30 τ0,ellipse,head,10.0,30.0,0.0,8,1.9930041270958196,1,OK,OK,4.6686,1.3656,4.6686,13,6,86.7,0.4472,,,,
타원[head] W10 d30 τ0,ellipse,head,10.0,30.0,0.0,9,1.9930041270958196,1,OK,OK,4.6686,1.3656,4.6686,13,6,86.7,0.4472,,,,
타원[head] W10 d30 τ0,ellipse,head,10.0,30.0,0.0,10,1.9930041270958196,1,OK,OK,4.6686,1.3656,4.6686,13,6,86.7,0.4472,,,,
타원[head] W10 d30 τ11,ellipse,head,10.0,30.0,11.0,1,1.3044079854758217,1,DEGRADED,OK,5.0427,1.4645,5.0427,13,6,86.7,0.4472,,,,
타원[head] W10 d30 τ11,ellipse,head,10.0,30.0,11.0,2,1.3044079854758217,1,DEGRADED,OK,5.0427,1.4645,5.0427,13,6,86.7,0.4472,,,,
타원[head] W10 d30 τ11,ellipse,head,10.0,30.0,11.0,3,1.3044079854758217,1,DEGRADED,OK,5.0427,1.4645,5.0427,13,6,86.7,0.4472,,,,
타원[head] W10 d30 τ11,ellipse,head,10.0,30.0,11.0,4,1.3044079854758217,1,DEGRADED,OK,5.0427,1.4645,5.0427,13,6,86.7,0.4472,,,,
타원[head] W10 d30 τ11,ellipse,head,10.0,30.0,11.0,5,1.3044079854758217,1,DEGRADED,OK,5.0427,1.4645,5.0427,13,6,86.7,0.4472,,,,
타원[head] W10 d30 τ11,ellipse,head,10.0,30.0,11.0,6,1.3044079854758217,1,DEGRADED,OK,5.0427,1.4645,5.0427,13,6,86.7,0.4472,,,,
타원[head] W10 d30 τ11,ellipse,head,10.0,30.0,11.0,7,1.3044079854758217,1,DEGRADED,OK,5.0427,1.4645,5.0427,13,6,86.7,0.4472,,,,
타원[head] W10 d30 τ11,ellipse,head,10.0,30.0,11.0,8,1.3044079854758217,1,DEGRADED,OK,5.0427,1.4645,5.0427,13,6,86.7,0.4472,,,,
타원[head] W10 d30 τ11,ellipse,head,10.0,30.0,11.0,9,1.3044079854758217,1,DEGRADED,OK,5.0427,1.4645,5.0427,13,6,86.7,0.4472,,,,
타원[head] W10 d30 τ11,ellipse,head,10.0,30.0,11.0,10,1.3044079854758217,1,DEGRADED,OK,5.0427,1.4645,5.0427,13,6,86.7,0.4472,,,,
타원[head] W10 d30 τ78,ellipse,head,10.0,30.0,78.5,1,1.2230201535475556,1,DEGRADED,OK,5.0834,1.488,5.0834,13,6,86.7,0.4472,,,,
타원[head] W10 d30 τ78,ellipse,head,10.0,30.0,78.5,2,1.2230201535475556,1,DEGRADED,OK,5.0834,1.488,5.0834,13,6,86.7,0.4472,,,,
타원[head] W10 d30 τ78,ellipse,head,10.0,30.0,78.5,3,1.2230201535475556,1,DEGRADED,OK,5.0834,1.488,5.0834,13,6,86.7,0.4472,,,,
타원[head] W10 d30 τ78,ellipse,head,10.0,30.0,78.5,4,1.2230201535475556,1,DEGRADED,OK,5.0834,1.488,5.0834,13,6,86.7,0.4472,,,,
타원[head] W10 d30 τ78,ellipse,head,10.0,30.0,78.5,5,1.2230201535475556,1,DEGRADED,OK,5.0834,1.488,5.0834,13,6,86.7,0.4472,,,,
타원[head] W10 d30 τ78,ellipse,head,10.0,30.0,78.5,6,1.2230201535475556,1,DEGRADED,OK,5.0834,1.488,5.0834,13,6,86.7,0.4472,,,,
타원[head] W10 d30 τ78,ellipse,head,10.0,30.0,78.5,7,1.2230201535475556,1,DEGRADED,OK,5.0834,1.488,5.0834,13,6,86.7,0.4472,,,,
타원[head] W10 d30 τ78,ellipse,head,10.0,30.0,78.5,8,1.2230201535475556,1,DEGRADED,OK,5.0834,1.488,5.0834,13,6,86.7,0.4472,,,,
타원[head] W10 d30 τ78,ellipse,head,10.0,30.0,78.5,9,1.2230201535475556,1,DEGRADED,OK,5.0834,1.488,5.0834,13,6,86.7,0.4472,,,,
타원[head] W10 d30 τ78,ellipse,head,10.0,30.0,78.5,10,1.2230201535475556,1,DEGRADED,OK,5.0834,1.488,5.0834,13,6,86.7,0.4472,,,,
타원[head] W10 d60 τ0,ellipse,head,10.0,60.0,0.0,1,0.9399099499133822,1,OK,OK,3.2151,0.9087,3.2151,13,8,86.7,0.4472,,,,
타원[head] W10 d60 τ0,ellipse,head,10.0,60.0,0.0,2,0.9399099499133822,1,OK,OK,3.2151,0.9087,3.2151,13,8,86.7,0.4472,,,,
타원[head] W10 d60 τ0,ellipse,head,10.0,60.0,0.0,3,0.9399099499133822,1,OK,OK,3.2151,0.9087,3.2151,13,8,86.7,0.4472,,,,
타원[head] W10 d60 τ0,ellipse,head,10.0,60.0,0.0,4,0.9399099499133822,1,OK,OK,3.2151,0.9087,3.2151,13,8,86.7,0.4472,,,,
타원[head] W10 d60 τ0,ellipse,head,10.0,60.0,0.0,5,0.9399099499133822,1,OK,OK,3.2151,0.9087,3.2151,13,8,86.7,0.4472,,,,
타원[head] W10 d60 τ0,ellipse,head,10.0,60.0,0.0,6,0.9399099499133822,1,OK,OK,3.2151,0.9087,3.2151,13,8,86.7,0.4472,,,,
타원[head] W10 d60 τ0,ellipse,head,10.0,60.0,0.0,7,0.9399099499133822,1,OK,OK,3.2151,0.9087,3.2151,13,8,86.7,0.4472,,,,
타원[head] W10 d60 τ0,ellipse,head,10.0,60.0,0.0,8,0.9399099499133822,1,OK,OK,3.2151,0.9087,3.2151,13,8,86.7,0.4472,,,,
타원[head] W10 d60 τ0,ellipse,head,10.0,60.0,0.0,9,0.9399099499133822,1,OK,OK,3.2151,0.9087,3.2151,13,8,86.7,0.4472,,,,
타원[head] W10 d60 τ0,ellipse,head,10.0,60.0,0.0,10,0.9399099499133822,1,OK,OK,3.2151,0.9087,3.2151,13,8,86.7,0.4472,,,,
타원[head] W10 d60 τ11,ellipse,head,10.0,60.0,11.0,1,0.5197698967644669,1,OK,OK,3.3634,0.9463,3.3634,13,8,86.7,0.4472,,,,
타원[head] W10 d60 τ11,ellipse,head,10.0,60.0,11.0,2,0.5197698967644669,1,OK,OK,3.3634,0.9463,3.3634,13,8,86.7,0.4472,,,,
타원[head] W10 d60 τ11,ellipse,head,10.0,60.0,11.0,3,0.5197698967644669,1,OK,OK,3.3634,0.9463,3.3634,13,8,86.7,0.4472,,,,
타원[head] W10 d60 τ11,ellipse,head,10.0,60.0,11.0,4,0.5197698967644669,1,OK,OK,3.3634,0.9463,3.3634,13,8,86.7,0.4472,,,,
타원[head] W10 d60 τ11,ellipse,head,10.0,60.0,11.0,5,0.5197698967644669,1,OK,OK,3.3634,0.9463,3.3634,13,8,86.7,0.4472,,,,
타원[head] W10 d60 τ11,ellipse,head,10.0,60.0,11.0,6,0.5197698967644669,1,OK,OK,3.3634,0.9463,3.3634,13,8,86.7,0.4472,,,,
타원[head] W10 d60 τ11,ellipse,head,10.0,60.0,11.0,7,0.5197698967644669,1,OK,OK,3.3634,0.9463,3.3634,13,8,86.7,0.4472,,,,
타원[head] W10 d60 τ11,ellipse,head,10.0,60.0,11.0,8,0.5197698967644669,1,OK,OK,3.3634,0.9463,3.3634,13,8,86.7,0.4472,,,,
타원[head] W10 d60 τ11,ellipse,head,10.0,60.0,11.0,9,0.5197698967644669,1,OK,OK,3.3634,0.9463,3.3634,13,8,86.7,0.4472,,,,
타원[head] W10 d60 τ11,ellipse,head,10.0,60.0,11.0,10,0.5197698967644669,1,OK,OK,3.3634,0.9463,3.3634,13,8,86.7,0.4472,,,,
타원[head] W10 d60 τ78,ellipse,head,10.0,60.0,78.5,1,0.5676269144513162,1,OK,OK,3.4023,0.9716,3.4023,13,8,86.7,0.4472,,,,
타원[head] W10 d60 τ78,ellipse,head,10.0,60.0,78.5,2,0.5676269144513162,1,OK,OK,3.4023,0.9716,3.4023,13,8,86.7,0.4472,,,,
타원[head] W10 d60 τ78,ellipse,head,10.0,60.0,78.5,3,0.5676269144513162,1,OK,OK,3.4023,0.9716,3.4023,13,8,86.7,0.4472,,,,
타원[head] W10 d60 τ78,ellipse,head,10.0,60.0,78.5,4,0.5676269144513162,1,OK,OK,3.4023,0.9716,3.4023,13,8,86.7,0.4472,,,,
타원[head] W10 d60 τ78,ellipse,head,10.0,60.0,78.5,5,0.5676269144513162,1,OK,OK,3.4023,0.9716,3.4023,13,8,86.7,0.4472,,,,
타원[head] W10 d60 τ78,ellipse,head,10.0,60.0,78.5,6,0.5676269144513162,1,OK,OK,3.4023,0.9716,3.4023,13,8,86.7,0.4472,,,,
타원[head] W10 d60 τ78,ellipse,head,10.0,60.0,78.5,7,0.5676269144513162,1,OK,OK,3.4023,0.9716,3.4023,13,8,86.7,0.4472,,,,
타원[head] W10 d60 τ78,ellipse,head,10.0,60.0,78.5,8,0.5676269144513162,1,OK,OK,3.4023,0.9716,3.4023,13,8,86.7,0.4472,,,,
타원[head] W10 d60 τ78,ellipse,head,10.0,60.0,78.5,9,0.5676269144513162,1,OK,OK,3.4023,0.9716,3.4023,13,8,86.7,0.4472,,,,
타원[head] W10 d60 τ78,ellipse,head,10.0,60.0,78.5,10,0.5676269144513162,1,OK,OK,3.4023,0.9716,3.4023,13,8,86.7,0.4472,,,,
타원[head] W10 d120 τ0,ellipse,head,10.0,120.0,0.0,1,0.3522298056145573,1,OK,OK,1.9375,0.5615,1.9375,13,8,86.7,0.4472,,,,
타원[head] W10 d120 τ0,ellipse,head,10.0,120.0,0.0,2,0.3522298056145573,1,OK,OK,1.9375,0.5615,1.9375,13,8,86.7,0.4472,,,,
타원[head] W10 d120 τ0,ellipse,head,10.0,120.0,0.0,3,0.3522298056145573,1,OK,OK,1.9375,0.5615,1.9375,13,8,86.7,0.4472,,,,
타원[head] W10 d120 τ0,ellipse,head,10.0,120.0,0.0,4,0.3522298056145573,1,OK,OK,1.9375,0.5615,1.9375,13,8,86.7,0.4472,,,,
타원[head] W10 d120 τ0,ellipse,head,10.0,120.0,0.0,5,0.3522298056145573,1,OK,OK,1.9375,0.5615,1.9375,13,8,86.7,0.4472,,,,
타원[head] W10 d120 τ0,ellipse,head,10.0,120.0,0.0,6,0.3522298056145573,1,OK,OK,1.9375,0.5615,1.9375,13,8,86.7,0.4472,,,,
타원[head] W10 d120 τ0,ellipse,head,10.0,120.0,0.0,7,0.3522298056145573,1,OK,OK,1.9375,0.5615,1.9375,13,8,86.7,0.4472,,,,
타원[head] W10 d120 τ0,ellipse,head,10.0,120.0,0.0,8,0.3522298056145573,1,OK,OK,1.9375,0.5615,1.9375,13,8,86.7,0.4472,,,,
타원[head] W10 d120 τ0,ellipse,head,10.0,120.0,0.0,9,0.3522298056145573,1,OK,OK,1.9375,0.5615,1.9375,13,8,86.7,0.4472,,,,
타원[head] W10 d120 τ0,ellipse,head,10.0,120.0,0.0,10,0.3522298056145573,1,OK,OK,1.9375,0.5615,1.9375,13,8,86.7,0.4472,,,,
타원[head] W10 d120 τ11,ellipse,head,10.0,120.0,11.0,1,0.23900535864050837,1,OK,OK,2.041,0.5836,2.041,13,8,86.7,0.4472,,,,
타원[head] W10 d120 τ11,ellipse,head,10.0,120.0,11.0,2,0.23900535864050837,1,OK,OK,2.041,0.5836,2.041,13,8,86.7,0.4472,,,,
타원[head] W10 d120 τ11,ellipse,head,10.0,120.0,11.0,3,0.23900535864050837,1,OK,OK,2.041,0.5836,2.041,13,8,86.7,0.4472,,,,
타원[head] W10 d120 τ11,ellipse,head,10.0,120.0,11.0,4,0.23900535864050837,1,OK,OK,2.041,0.5836,2.041,13,8,86.7,0.4472,,,,
타원[head] W10 d120 τ11,ellipse,head,10.0,120.0,11.0,5,0.23900535864050837,1,OK,OK,2.041,0.5836,2.041,13,8,86.7,0.4472,,,,
타원[head] W10 d120 τ11,ellipse,head,10.0,120.0,11.0,6,0.23900535864050837,1,OK,OK,2.041,0.5836,2.041,13,8,86.7,0.4472,,,,
타원[head] W10 d120 τ11,ellipse,head,10.0,120.0,11.0,7,0.23900535864050837,1,OK,OK,2.041,0.5836,2.041,13,8,86.7,0.4472,,,,
타원[head] W10 d120 τ11,ellipse,head,10.0,120.0,11.0,8,0.23900535864050837,1,OK,OK,2.041,0.5836,2.041,13,8,86.7,0.4472,,,,
타원[head] W10 d120 τ11,ellipse,head,10.0,120.0,11.0,9,0.23900535864050837,1,OK,OK,2.041,0.5836,2.041,13,8,86.7,0.4472,,,,
타원[head] W10 d120 τ11,ellipse,head,10.0,120.0,11.0,10,0.23900535864050837,1,OK,OK,2.041,0.5836,2.041,13,8,86.7,0.4472,,,,
타원[head] W10 d120 τ78,ellipse,head,10.0,120.0,78.5,1,0.16778318198926168,1,OK,OK,1.989,0.58,1.989,13,8,86.7,0.4472,,,,
타원[head] W10 d120 τ78,ellipse,head,10.0,120.0,78.5,2,0.16778318198926168,1,OK,OK,1.989,0.58,1.989,13,8,86.7,0.4472,,,,
타원[head] W10 d120 τ78,ellipse,head,10.0,120.0,78.5,3,0.16778318198926168,1,OK,OK,1.989,0.58,1.989,13,8,86.7,0.4472,,,,
타원[head] W10 d120 τ78,ellipse,head,10.0,120.0,78.5,4,0.16778318198926168,1,OK,OK,1.989,0.58,1.989,13,8,86.7,0.4472,,,,
타원[head] W10 d120 τ78,ellipse,head,10.0,120.0,78.5,5,0.16778318198926168,1,OK,OK,1.989,0.58,1.989,13,8,86.7,0.4472,,,,
타원[head] W10 d120 τ78,ellipse,head,10.0,120.0,78.5,6,0.16778318198926168,1,OK,OK,1.989,0.58,1.989,13,8,86.7,0.4472,,,,
타원[head] W10 d120 τ78,ellipse,head,10.0,120.0,78.5,7,0.16778318198926168,1,OK,OK,1.989,0.58,1.989,13,8,86.7,0.4472,,,,
타원[head] W10 d120 τ78,ellipse,head,10.0,120.0,78.5,8,0.16778318198926168,1,OK,OK,1.989,0.58,1.989,13,8,86.7,0.4472,,,,
타원[head] W10 d120 τ78,ellipse,head,10.0,120.0,78.5,9,0.16778318198926168,1,OK,OK,1.989,0.58,1.989,13,8,86.7,0.4472,,,,
타원[head] W10 d120 τ78,ellipse,head,10.0,120.0,78.5,10,0.16778318198926168,1,OK,OK,1.989,0.58,1.989,13,8,86.7,0.4472,,,,
타원[head] W20 d30 τ0,ellipse,head,20.0,30.0,0.0,1,18.04911124839855,1,OK,OK,3.7695,2.0155,3.7695,11,2,73.3,0.4472,,,,
타원[head] W20 d30 τ0,ellipse,head,20.0,30.0,0.0,2,18.04911124839855,1,OK,OK,3.7695,2.0155,3.7695,11,2,73.3,0.4472,,,,
타원[head] W20 d30 τ0,ellipse,head,20.0,30.0,0.0,3,18.04911124839855,1,OK,OK,3.7695,2.0155,3.7695,11,2,73.3,0.4472,,,,
타원[head] W20 d30 τ0,ellipse,head,20.0,30.0,0.0,4,18.04911124839855,1,OK,OK,3.7695,2.0155,3.7695,11,2,73.3,0.4472,,,,
타원[head] W20 d30 τ0,ellipse,head,20.0,30.0,0.0,5,18.04911124839855,1,OK,OK,3.7695,2.0155,3.7695,11,2,73.3,0.4472,,,,
타원[head] W20 d30 τ0,ellipse,head,20.0,30.0,0.0,6,18.04911124839855,1,OK,OK,3.7695,2.0155,3.7695,11,2,73.3,0.4472,,,,
타원[head] W20 d30 τ0,ellipse,head,20.0,30.0,0.0,7,18.04911124839855,1,OK,OK,3.7695,2.0155,3.7695,11,2,73.3,0.4472,,,,
타원[head] W20 d30 τ0,ellipse,head,20.0,30.0,0.0,8,18.04911124839855,1,OK,OK,3.7695,2.0155,3.7695,11,2,73.3,0.4472,,,,
타원[head] W20 d30 τ0,ellipse,head,20.0,30.0,0.0,9,18.04911124839855,1,OK,OK,3.7695,2.0155,3.7695,11,2,73.3,0.4472,,,,
타원[head] W20 d30 τ0,ellipse,head,20.0,30.0,0.0,10,18.04911124839855,1,OK,OK,3.7695,2.0155,3.7695,11,2,73.3,0.4472,,,,
타원[head] W20 d30 τ11,ellipse,head,20.0,30.0,11.0,1,16.607289485803424,1,OK,OK,4.5819,2.4805,4.5819,11,0,73.3,0.4472,,,,
타원[head] W20 d30 τ11,ellipse,head,20.0,30.0,11.0,2,16.607289485803424,1,OK,OK,4.5819,2.4805,4.5819,11,0,73.3,0.4472,,,,
타원[head] W20 d30 τ11,ellipse,head,20.0,30.0,11.0,3,16.607289485803424,1,OK,OK,4.5819,2.4805,4.5819,11,0,73.3,0.4472,,,,
타원[head] W20 d30 τ11,ellipse,head,20.0,30.0,11.0,4,16.607289485803424,1,OK,OK,4.5819,2.4805,4.5819,11,0,73.3,0.4472,,,,
타원[head] W20 d30 τ11,ellipse,head,20.0,30.0,11.0,5,16.607289485803424,1,OK,OK,4.5819,2.4805,4.5819,11,0,73.3,0.4472,,,,
타원[head] W20 d30 τ11,ellipse,head,20.0,30.0,11.0,6,16.607289485803424,1,OK,OK,4.5819,2.4805,4.5819,11,0,73.3,0.4472,,,,
타원[head] W20 d30 τ11,ellipse,head,20.0,30.0,11.0,7,16.607289485803424,1,OK,OK,4.5819,2.4805,4.5819,11,0,73.3,0.4472,,,,
타원[head] W20 d30 τ11,ellipse,head,20.0,30.0,11.0,8,16.607289485803424,1,OK,OK,4.5819,2.4805,4.5819,11,0,73.3,0.4472,,,,
타원[head] W20 d30 τ11,ellipse,head,20.0,30.0,11.0,9,16.607289485803424,1,OK,OK,4.5819,2.4805,4.5819,11,0,73.3,0.4472,,,,
타원[head] W20 d30 τ11,ellipse,head,20.0,30.0,11.0,10,16.607289485803424,1,OK,OK,4.5819,2.4805,4.5819,11,0,73.3,0.4472,,,,
타원[head] W20 d30 τ78,ellipse,head,20.0,30.0,78.5,1,7.952549896092492,1,DEGRADED,OK,5.9565,2.9261,5.9565,14,0,93.3,0.4472,,,,
타원[head] W20 d30 τ78,ellipse,head,20.0,30.0,78.5,2,7.952549896092492,1,DEGRADED,OK,5.9565,2.9261,5.9565,14,0,93.3,0.4472,,,,
타원[head] W20 d30 τ78,ellipse,head,20.0,30.0,78.5,3,7.952549896092492,1,DEGRADED,OK,5.9565,2.9261,5.9565,14,0,93.3,0.4472,,,,
타원[head] W20 d30 τ78,ellipse,head,20.0,30.0,78.5,4,7.952549896092492,1,DEGRADED,OK,5.9565,2.9261,5.9565,14,0,93.3,0.4472,,,,
타원[head] W20 d30 τ78,ellipse,head,20.0,30.0,78.5,5,7.952549896092492,1,DEGRADED,OK,5.9565,2.9261,5.9565,14,0,93.3,0.4472,,,,
타원[head] W20 d30 τ78,ellipse,head,20.0,30.0,78.5,6,7.952549896092492,1,DEGRADED,OK,5.9565,2.9261,5.9565,14,0,93.3,0.4472,,,,
타원[head] W20 d30 τ78,ellipse,head,20.0,30.0,78.5,7,7.952549896092492,1,DEGRADED,OK,5.9565,2.9261,5.9565,14,0,93.3,0.4472,,,,
타원[head] W20 d30 τ78,ellipse,head,20.0,30.0,78.5,8,7.952549896092492,1,DEGRADED,OK,5.9565,2.9261,5.9565,14,0,93.3,0.4472,,,,
타원[head] W20 d30 τ78,ellipse,head,20.0,30.0,78.5,9,7.952549896092492,1,DEGRADED,OK,5.9565,2.9261,5.9565,14,0,93.3,0.4472,,,,
타원[head] W20 d30 τ78,ellipse,head,20.0,30.0,78.5,10,7.952549896092492,1,DEGRADED,OK,5.9565,2.9261,5.9565,14,0,93.3,0.4472,,,,
타원[head] W20 d60 τ0,ellipse,head,20.0,60.0,0.0,1,5.429108488774088,1,DEGRADED,OK,5.0162,1.721,5.0162,13,5,86.7,0.4472,,,,
타원[head] W20 d60 τ0,ellipse,head,20.0,60.0,0.0,2,5.429108488774088,1,DEGRADED,OK,5.0162,1.721,5.0162,13,5,86.7,0.4472,,,,
타원[head] W20 d60 τ0,ellipse,head,20.0,60.0,0.0,3,5.429108488774088,1,DEGRADED,OK,5.0162,1.721,5.0162,13,5,86.7,0.4472,,,,
타원[head] W20 d60 τ0,ellipse,head,20.0,60.0,0.0,4,5.429108488774088,1,DEGRADED,OK,5.0162,1.721,5.0162,13,5,86.7,0.4472,,,,
타원[head] W20 d60 τ0,ellipse,head,20.0,60.0,0.0,5,5.429108488774088,1,DEGRADED,OK,5.0162,1.721,5.0162,13,5,86.7,0.4472,,,,
타원[head] W20 d60 τ0,ellipse,head,20.0,60.0,0.0,6,5.429108488774088,1,DEGRADED,OK,5.0162,1.721,5.0162,13,5,86.7,0.4472,,,,
타원[head] W20 d60 τ0,ellipse,head,20.0,60.0,0.0,7,5.429108488774088,1,DEGRADED,OK,5.0162,1.721,5.0162,13,5,86.7,0.4472,,,,
타원[head] W20 d60 τ0,ellipse,head,20.0,60.0,0.0,8,5.429108488774088,1,DEGRADED,OK,5.0162,1.721,5.0162,13,5,86.7,0.4472,,,,
타원[head] W20 d60 τ0,ellipse,head,20.0,60.0,0.0,9,5.429108488774088,1,DEGRADED,OK,5.0162,1.721,5.0162,13,5,86.7,0.4472,,,,
타원[head] W20 d60 τ0,ellipse,head,20.0,60.0,0.0,10,5.429108488774088,1,DEGRADED,OK,5.0162,1.721,5.0162,13,5,86.7,0.4472,,,,
타원[head] W20 d60 τ11,ellipse,head,20.0,60.0,11.0,1,11.085279860351806,1,DEGRADED,OK,5.3557,2.1712,5.3557,11,0,73.3,0.4472,,,,
타원[head] W20 d60 τ11,ellipse,head,20.0,60.0,11.0,2,11.085279860351806,1,DEGRADED,OK,5.3557,2.1712,5.3557,11,0,73.3,0.4472,,,,
타원[head] W20 d60 τ11,ellipse,head,20.0,60.0,11.0,3,11.085279860351806,1,DEGRADED,OK,5.3557,2.1712,5.3557,11,0,73.3,0.4472,,,,
타원[head] W20 d60 τ11,ellipse,head,20.0,60.0,11.0,4,11.085279860351806,1,DEGRADED,OK,5.3557,2.1712,5.3557,11,0,73.3,0.4472,,,,
타원[head] W20 d60 τ11,ellipse,head,20.0,60.0,11.0,5,11.085279860351806,1,DEGRADED,OK,5.3557,2.1712,5.3557,11,0,73.3,0.4472,,,,
타원[head] W20 d60 τ11,ellipse,head,20.0,60.0,11.0,6,11.085279860351806,1,DEGRADED,OK,5.3557,2.1712,5.3557,11,0,73.3,0.4472,,,,
타원[head] W20 d60 τ11,ellipse,head,20.0,60.0,11.0,7,11.085279860351806,1,DEGRADED,OK,5.3557,2.1712,5.3557,11,0,73.3,0.4472,,,,
타원[head] W20 d60 τ11,ellipse,head,20.0,60.0,11.0,8,11.085279860351806,1,DEGRADED,OK,5.3557,2.1712,5.3557,11,0,73.3,0.4472,,,,
타원[head] W20 d60 τ11,ellipse,head,20.0,60.0,11.0,9,11.085279860351806,1,DEGRADED,OK,5.3557,2.1712,5.3557,11,0,73.3,0.4472,,,,
타원[head] W20 d60 τ11,ellipse,head,20.0,60.0,11.0,10,11.085279860351806,1,DEGRADED,OK,5.3557,2.1712,5.3557,11,0,73.3,0.4472,,,,
타원[head] W20 d60 τ78,ellipse,head,20.0,60.0,78.5,1,11.015177964049286,1,DEGRADED,OK,5.2696,2.3337,5.2696,11,0,73.3,0.4472,,,,
타원[head] W20 d60 τ78,ellipse,head,20.0,60.0,78.5,2,11.015177964049286,1,DEGRADED,OK,5.2696,2.3337,5.2696,11,0,73.3,0.4472,,,,
타원[head] W20 d60 τ78,ellipse,head,20.0,60.0,78.5,3,11.015177964049286,1,DEGRADED,OK,5.2696,2.3337,5.2696,11,0,73.3,0.4472,,,,
타원[head] W20 d60 τ78,ellipse,head,20.0,60.0,78.5,4,11.015177964049286,1,DEGRADED,OK,5.2696,2.3337,5.2696,11,0,73.3,0.4472,,,,
타원[head] W20 d60 τ78,ellipse,head,20.0,60.0,78.5,5,11.015177964049286,1,DEGRADED,OK,5.2696,2.3337,5.2696,11,0,73.3,0.4472,,,,
타원[head] W20 d60 τ78,ellipse,head,20.0,60.0,78.5,6,11.015177964049286,1,DEGRADED,OK,5.2696,2.3337,5.2696,11,0,73.3,0.4472,,,,
타원[head] W20 d60 τ78,ellipse,head,20.0,60.0,78.5,7,11.015177964049286,1,DEGRADED,OK,5.2696,2.3337,5.2696,11,0,73.3,0.4472,,,,
타원[head] W20 d60 τ78,ellipse,head,20.0,60.0,78.5,8,11.015177964049286,1,DEGRADED,OK,5.2696,2.3337,5.2696,11,0,73.3,0.4472,,,,
타원[head] W20 d60 τ78,ellipse,head,20.0,60.0,78.5,9,11.015177964049286,1,DEGRADED,OK,5.2696,2.3337,5.2696,11,0,73.3,0.4472,,,,
타원[head] W20 d60 τ78,ellipse,head,20.0,60.0,78.5,10,11.015177964049286,1,DEGRADED,OK,5.2696,2.3337,5.2696,11,0,73.3,0.4472,,,,
타원[head] W20 d120 τ0,ellipse,head,20.0,120.0,0.0,1,2.6859979688611486,1,OK,OK,4.0508,1.173,4.0508,13,8,86.7,0.4472,,,,
타원[head] W20 d120 τ0,ellipse,head,20.0,120.0,0.0,2,2.6859979688611486,1,OK,OK,4.0508,1.173,4.0508,13,8,86.7,0.4472,,,,
타원[head] W20 d120 τ0,ellipse,head,20.0,120.0,0.0,3,2.6859979688611486,1,OK,OK,4.0508,1.173,4.0508,13,8,86.7,0.4472,,,,
타원[head] W20 d120 τ0,ellipse,head,20.0,120.0,0.0,4,2.6859979688611486,1,OK,OK,4.0508,1.173,4.0508,13,8,86.7,0.4472,,,,
타원[head] W20 d120 τ0,ellipse,head,20.0,120.0,0.0,5,2.6859979688611486,1,OK,OK,4.0508,1.173,4.0508,13,8,86.7,0.4472,,,,
타원[head] W20 d120 τ0,ellipse,head,20.0,120.0,0.0,6,2.6859979688611486,1,OK,OK,4.0508,1.173,4.0508,13,8,86.7,0.4472,,,,
타원[head] W20 d120 τ0,ellipse,head,20.0,120.0,0.0,7,2.6859979688611486,1,OK,OK,4.0508,1.173,4.0508,13,8,86.7,0.4472,,,,
타원[head] W20 d120 τ0,ellipse,head,20.0,120.0,0.0,8,2.6859979688611486,1,OK,OK,4.0508,1.173,4.0508,13,8,86.7,0.4472,,,,
타원[head] W20 d120 τ0,ellipse,head,20.0,120.0,0.0,9,2.6859979688611486,1,OK,OK,4.0508,1.173,4.0508,13,8,86.7,0.4472,,,,
타원[head] W20 d120 τ0,ellipse,head,20.0,120.0,0.0,10,2.6859979688611486,1,OK,OK,4.0508,1.173,4.0508,13,8,86.7,0.4472,,,,
타원[head] W20 d120 τ11,ellipse,head,20.0,120.0,11.0,1,2.204880467902273,1,OK,OK,4.4791,1.283,4.4791,13,6,86.7,0.4472,,,,
타원[head] W20 d120 τ11,ellipse,head,20.0,120.0,11.0,2,2.204880467902273,1,OK,OK,4.4791,1.283,4.4791,13,6,86.7,0.4472,,,,
타원[head] W20 d120 τ11,ellipse,head,20.0,120.0,11.0,3,2.204880467902273,1,OK,OK,4.4791,1.283,4.4791,13,6,86.7,0.4472,,,,
타원[head] W20 d120 τ11,ellipse,head,20.0,120.0,11.0,4,2.204880467902273,1,OK,OK,4.4791,1.283,4.4791,13,6,86.7,0.4472,,,,
타원[head] W20 d120 τ11,ellipse,head,20.0,120.0,11.0,5,2.204880467902273,1,OK,OK,4.4791,1.283,4.4791,13,6,86.7,0.4472,,,,
타원[head] W20 d120 τ11,ellipse,head,20.0,120.0,11.0,6,2.204880467902273,1,OK,OK,4.4791,1.283,4.4791,13,6,86.7,0.4472,,,,
타원[head] W20 d120 τ11,ellipse,head,20.0,120.0,11.0,7,2.204880467902273,1,OK,OK,4.4791,1.283,4.4791,13,6,86.7,0.4472,,,,
타원[head] W20 d120 τ11,ellipse,head,20.0,120.0,11.0,8,2.204880467902273,1,OK,OK,4.4791,1.283,4.4791,13,6,86.7,0.4472,,,,
타원[head] W20 d120 τ11,ellipse,head,20.0,120.0,11.0,9,2.204880467902273,1,OK,OK,4.4791,1.283,4.4791,13,6,86.7,0.4472,,,,
타원[head] W20 d120 τ11,ellipse,head,20.0,120.0,11.0,10,2.204880467902273,1,OK,OK,4.4791,1.283,4.4791,13,6,86.7,0.4472,,,,
타원[head] W20 d120 τ78,ellipse,head,20.0,120.0,78.5,1,1.8889268467734417,1,OK,OK,4.6124,1.3283,4.6124,13,6,86.7,0.4472,,,,
타원[head] W20 d120 τ78,ellipse,head,20.0,120.0,78.5,2,1.8889268467734417,1,OK,OK,4.6124,1.3283,4.6124,13,6,86.7,0.4472,,,,
타원[head] W20 d120 τ78,ellipse,head,20.0,120.0,78.5,3,1.8889268467734417,1,OK,OK,4.6124,1.3283,4.6124,13,6,86.7,0.4472,,,,
타원[head] W20 d120 τ78,ellipse,head,20.0,120.0,78.5,4,1.8889268467734417,1,OK,OK,4.6124,1.3283,4.6124,13,6,86.7,0.4472,,,,
타원[head] W20 d120 τ78,ellipse,head,20.0,120.0,78.5,5,1.8889268467734417,1,OK,OK,4.6124,1.3283,4.6124,13,6,86.7,0.4472,,,,
타원[head] W20 d120 τ78,ellipse,head,20.0,120.0,78.5,6,1.8889268467734417,1,OK,OK,4.6124,1.3283,4.6124,13,6,86.7,0.4472,,,,
타원[head] W20 d120 τ78,ellipse,head,20.0,120.0,78.5,7,1.8889268467734417,1,OK,OK,4.6124,1.3283,4.6124,13,6,86.7,0.4472,,,,
타원[head] W20 d120 τ78,ellipse,head,20.0,120.0,78.5,8,1.8889268467734417,1,OK,OK,4.6124,1.3283,4.6124,13,6,86.7,0.4472,,,,
타원[head] W20 d120 τ78,ellipse,head,20.0,120.0,78.5,9,1.8889268467734417,1,OK,OK,4.6124,1.3283,4.6124,13,6,86.7,0.4472,,,,
타원[head] W20 d120 τ78,ellipse,head,20.0,120.0,78.5,10,1.8889268467734417,1,OK,OK,4.6124,1.3283,4.6124,13,6,86.7,0.4472,,,,
타원[head] W30 d30 τ0,ellipse,head,30.0,30.0,0.0,1,44.73141948440017,1,DEGRADED,OK,6.6634,6.6634,4.4379,13,0,86.7,0.4472,,,,
타원[head] W30 d30 τ0,ellipse,head,30.0,30.0,0.0,2,44.73141948440017,1,DEGRADED,OK,6.6634,6.6634,4.4379,13,0,86.7,0.4472,,,,
타원[head] W30 d30 τ0,ellipse,head,30.0,30.0,0.0,3,44.73141948440017,1,DEGRADED,OK,6.6634,6.6634,4.4379,13,0,86.7,0.4472,,,,
타원[head] W30 d30 τ0,ellipse,head,30.0,30.0,0.0,4,44.73141948440017,1,DEGRADED,OK,6.6634,6.6634,4.4379,13,0,86.7,0.4472,,,,
타원[head] W30 d30 τ0,ellipse,head,30.0,30.0,0.0,5,44.73141948440017,1,DEGRADED,OK,6.6634,6.6634,4.4379,13,0,86.7,0.4472,,,,
타원[head] W30 d30 τ0,ellipse,head,30.0,30.0,0.0,6,44.73141948440017,1,DEGRADED,OK,6.6634,6.6634,4.4379,13,0,86.7,0.4472,,,,
타원[head] W30 d30 τ0,ellipse,head,30.0,30.0,0.0,7,44.73141948440017,1,DEGRADED,OK,6.6634,6.6634,4.4379,13,0,86.7,0.4472,,,,
타원[head] W30 d30 τ0,ellipse,head,30.0,30.0,0.0,8,44.73141948440017,1,DEGRADED,OK,6.6634,6.6634,4.4379,13,0,86.7,0.4472,,,,
타원[head] W30 d30 τ0,ellipse,head,30.0,30.0,0.0,9,44.73141948440017,1,DEGRADED,OK,6.6634,6.6634,4.4379,13,0,86.7,0.4472,,,,
타원[head] W30 d30 τ0,ellipse,head,30.0,30.0,0.0,10,44.73141948440017,1,DEGRADED,OK,6.6634,6.6634,4.4379,13,0,86.7,0.4472,,,,
타원[head] W30 d30 τ11,ellipse,head,30.0,30.0,11.0,1,28.319133410292732,1,OK,OK,4.5584,4.0553,4.5584,13,1,86.7,0.4472,,,,
타원[head] W30 d30 τ11,ellipse,head,30.0,30.0,11.0,2,28.319133410292732,1,OK,OK,4.5584,4.0553,4.5584,13,1,86.7,0.4472,,,,
타원[head] W30 d30 τ11,ellipse,head,30.0,30.0,11.0,3,28.319133410292732,1,OK,OK,4.5584,4.0553,4.5584,13,1,86.7,0.4472,,,,
타원[head] W30 d30 τ11,ellipse,head,30.0,30.0,11.0,4,28.319133410292732,1,OK,OK,4.5584,4.0553,4.5584,13,1,86.7,0.4472,,,,
타원[head] W30 d30 τ11,ellipse,head,30.0,30.0,11.0,5,28.319133410292732,1,OK,OK,4.5584,4.0553,4.5584,13,1,86.7,0.4472,,,,
타원[head] W30 d30 τ11,ellipse,head,30.0,30.0,11.0,6,28.319133410292732,1,OK,OK,4.5584,4.0553,4.5584,13,1,86.7,0.4472,,,,
타원[head] W30 d30 τ11,ellipse,head,30.0,30.0,11.0,7,28.319133410292732,1,OK,OK,4.5584,4.0553,4.5584,13,1,86.7,0.4472,,,,
타원[head] W30 d30 τ11,ellipse,head,30.0,30.0,11.0,8,28.319133410292732,1,OK,OK,4.5584,4.0553,4.5584,13,1,86.7,0.4472,,,,
타원[head] W30 d30 τ11,ellipse,head,30.0,30.0,11.0,9,28.319133410292732,1,OK,OK,4.5584,4.0553,4.5584,13,1,86.7,0.4472,,,,
타원[head] W30 d30 τ11,ellipse,head,30.0,30.0,11.0,10,28.319133410292732,1,OK,OK,4.5584,4.0553,4.5584,13,1,86.7,0.4472,,,,
타원[head] W30 d30 τ78,ellipse,head,30.0,30.0,78.5,1,26.271423195142944,1,DEGRADED,DEGRADED,7.4606,4.5569,7.4606,10,0,66.7,0.4472,,,,
타원[head] W30 d30 τ78,ellipse,head,30.0,30.0,78.5,2,26.271423195142944,1,DEGRADED,DEGRADED,7.4606,4.5569,7.4606,10,0,66.7,0.4472,,,,
타원[head] W30 d30 τ78,ellipse,head,30.0,30.0,78.5,3,26.271423195142944,1,DEGRADED,DEGRADED,7.4606,4.5569,7.4606,10,0,66.7,0.4472,,,,
타원[head] W30 d30 τ78,ellipse,head,30.0,30.0,78.5,4,26.271423195142944,1,DEGRADED,DEGRADED,7.4606,4.5569,7.4606,10,0,66.7,0.4472,,,,
타원[head] W30 d30 τ78,ellipse,head,30.0,30.0,78.5,5,26.271423195142944,1,DEGRADED,DEGRADED,7.4606,4.5569,7.4606,10,0,66.7,0.4472,,,,
타원[head] W30 d30 τ78,ellipse,head,30.0,30.0,78.5,6,26.271423195142944,1,DEGRADED,DEGRADED,7.4606,4.5569,7.4606,10,0,66.7,0.4472,,,,
타원[head] W30 d30 τ78,ellipse,head,30.0,30.0,78.5,7,26.271423195142944,1,DEGRADED,DEGRADED,7.4606,4.5569,7.4606,10,0,66.7,0.4472,,,,
타원[head] W30 d30 τ78,ellipse,head,30.0,30.0,78.5,8,26.271423195142944,1,DEGRADED,DEGRADED,7.4606,4.5569,7.4606,10,0,66.7,0.4472,,,,
타원[head] W30 d30 τ78,ellipse,head,30.0,30.0,78.5,9,26.271423195142944,1,DEGRADED,DEGRADED,7.4606,4.5569,7.4606,10,0,66.7,0.4472,,,,
타원[head] W30 d30 τ78,ellipse,head,30.0,30.0,78.5,10,26.271423195142944,1,DEGRADED,DEGRADED,7.4606,4.5569,7.4606,10,0,66.7,0.4472,,,,
타원[head] W30 d60 τ0,ellipse,head,30.0,60.0,0.0,1,19.163401461296893,1,OK,DEGRADED,4.2207,2.6954,4.2207,14,2,93.3,0.4472,,,,
타원[head] W30 d60 τ0,ellipse,head,30.0,60.0,0.0,2,19.163401461296893,1,OK,DEGRADED,4.2207,2.6954,4.2207,14,2,93.3,0.4472,,,,
타원[head] W30 d60 τ0,ellipse,head,30.0,60.0,0.0,3,19.163401461296893,1,OK,DEGRADED,4.2207,2.6954,4.2207,14,2,93.3,0.4472,,,,
타원[head] W30 d60 τ0,ellipse,head,30.0,60.0,0.0,4,19.163401461296893,1,OK,DEGRADED,4.2207,2.6954,4.2207,14,2,93.3,0.4472,,,,
타원[head] W30 d60 τ0,ellipse,head,30.0,60.0,0.0,5,19.163401461296893,1,OK,DEGRADED,4.2207,2.6954,4.2207,14,2,93.3,0.4472,,,,
타원[head] W30 d60 τ0,ellipse,head,30.0,60.0,0.0,6,19.163401461296893,1,OK,DEGRADED,4.2207,2.6954,4.2207,14,2,93.3,0.4472,,,,
타원[head] W30 d60 τ0,ellipse,head,30.0,60.0,0.0,7,19.163401461296893,1,OK,DEGRADED,4.2207,2.6954,4.2207,14,2,93.3,0.4472,,,,
타원[head] W30 d60 τ0,ellipse,head,30.0,60.0,0.0,8,19.163401461296893,1,OK,DEGRADED,4.2207,2.6954,4.2207,14,2,93.3,0.4472,,,,
타원[head] W30 d60 τ0,ellipse,head,30.0,60.0,0.0,9,19.163401461296893,1,OK,DEGRADED,4.2207,2.6954,4.2207,14,2,93.3,0.4472,,,,
타원[head] W30 d60 τ0,ellipse,head,30.0,60.0,0.0,10,19.163401461296893,1,OK,DEGRADED,4.2207,2.6954,4.2207,14,2,93.3,0.4472,,,,
타원[head] W30 d60 τ11,ellipse,head,30.0,60.0,11.0,1,9.385661144566535,1,OK,OK,4.2957,2.5193,4.2957,13,1,86.7,0.4472,,,,
타원[head] W30 d60 τ11,ellipse,head,30.0,60.0,11.0,2,9.385661144566535,1,OK,OK,4.2957,2.5193,4.2957,13,1,86.7,0.4472,,,,
타원[head] W30 d60 τ11,ellipse,head,30.0,60.0,11.0,3,9.385661144566535,1,OK,OK,4.2957,2.5193,4.2957,13,1,86.7,0.4472,,,,
타원[head] W30 d60 τ11,ellipse,head,30.0,60.0,11.0,4,9.385661144566535,1,OK,OK,4.2957,2.5193,4.2957,13,1,86.7,0.4472,,,,
타원[head] W30 d60 τ11,ellipse,head,30.0,60.0,11.0,5,9.385661144566535,1,OK,OK,4.2957,2.5193,4.2957,13,1,86.7,0.4472,,,,
타원[head] W30 d60 τ11,ellipse,head,30.0,60.0,11.0,6,9.385661144566535,1,OK,OK,4.2957,2.5193,4.2957,13,1,86.7,0.4472,,,,
타원[head] W30 d60 τ11,ellipse,head,30.0,60.0,11.0,7,9.385661144566535,1,OK,OK,4.2957,2.5193,4.2957,13,1,86.7,0.4472,,,,
타원[head] W30 d60 τ11,ellipse,head,30.0,60.0,11.0,8,9.385661144566535,1,OK,OK,4.2957,2.5193,4.2957,13,1,86.7,0.4472,,,,
타원[head] W30 d60 τ11,ellipse,head,30.0,60.0,11.0,9,9.385661144566535,1,OK,OK,4.2957,2.5193,4.2957,13,1,86.7,0.4472,,,,
타원[head] W30 d60 τ11,ellipse,head,30.0,60.0,11.0,10,9.385661144566535,1,OK,OK,4.2957,2.5193,4.2957,13,1,86.7,0.4472,,,,
타원[head] W30 d60 τ78,ellipse,head,30.0,60.0,78.5,1,8.819071970295127,1,DEGRADED,OK,6.3227,3.7725,6.3227,11,0,73.3,0.4472,,,,
타원[head] W30 d60 τ78,ellipse,head,30.0,60.0,78.5,2,8.819071970295127,1,DEGRADED,OK,6.3227,3.7725,6.3227,11,0,73.3,0.4472,,,,
타원[head] W30 d60 τ78,ellipse,head,30.0,60.0,78.5,3,8.819071970295127,1,DEGRADED,OK,6.3227,3.7725,6.3227,11,0,73.3,0.4472,,,,
타원[head] W30 d60 τ78,ellipse,head,30.0,60.0,78.5,4,8.819071970295127,1,DEGRADED,OK,6.3227,3.7725,6.3227,11,0,73.3,0.4472,,,,
타원[head] W30 d60 τ78,ellipse,head,30.0,60.0,78.5,5,8.819071970295127,1,DEGRADED,OK,6.3227,3.7725,6.3227,11,0,73.3,0.4472,,,,
타원[head] W30 d60 τ78,ellipse,head,30.0,60.0,78.5,6,8.819071970295127,1,DEGRADED,OK,6.3227,3.7725,6.3227,11,0,73.3,0.4472,,,,
타원[head] W30 d60 τ78,ellipse,head,30.0,60.0,78.5,7,8.819071970295127,1,DEGRADED,OK,6.3227,3.7725,6.3227,11,0,73.3,0.4472,,,,
타원[head] W30 d60 τ78,ellipse,head,30.0,60.0,78.5,8,8.819071970295127,1,DEGRADED,OK,6.3227,3.7725,6.3227,11,0,73.3,0.4472,,,,
타원[head] W30 d60 τ78,ellipse,head,30.0,60.0,78.5,9,8.819071970295127,1,DEGRADED,OK,6.3227,3.7725,6.3227,11,0,73.3,0.4472,,,,
타원[head] W30 d60 τ78,ellipse,head,30.0,60.0,78.5,10,8.819071970295127,1,DEGRADED,OK,6.3227,3.7725,6.3227,11,0,73.3,0.4472,,,,
타원[head] W30 d120 τ0,ellipse,head,30.0,120.0,0.0,1,16.68485572385762,1,OK,OK,3.746,1.9359,3.746,11,4,73.3,0.4472,,,,
타원[head] W30 d120 τ0,ellipse,head,30.0,120.0,0.0,2,16.68485572385762,1,OK,OK,3.746,1.9359,3.746,11,4,73.3,0.4472,,,,
타원[head] W30 d120 τ0,ellipse,head,30.0,120.0,0.0,3,16.68485572385762,1,OK,OK,3.746,1.9359,3.746,11,4,73.3,0.4472,,,,
타원[head] W30 d120 τ0,ellipse,head,30.0,120.0,0.0,4,16.68485572385762,1,OK,OK,3.746,1.9359,3.746,11,4,73.3,0.4472,,,,
타원[head] W30 d120 τ0,ellipse,head,30.0,120.0,0.0,5,16.68485572385762,1,OK,OK,3.746,1.9359,3.746,11,4,73.3,0.4472,,,,
타원[head] W30 d120 τ0,ellipse,head,30.0,120.0,0.0,6,16.68485572385762,1,OK,OK,3.746,1.9359,3.746,11,4,73.3,0.4472,,,,
타원[head] W30 d120 τ0,ellipse,head,30.0,120.0,0.0,7,16.68485572385762,1,OK,OK,3.746,1.9359,3.746,11,4,73.3,0.4472,,,,
타원[head] W30 d120 τ0,ellipse,head,30.0,120.0,0.0,8,16.68485572385762,1,OK,OK,3.746,1.9359,3.746,11,4,73.3,0.4472,,,,
타원[head] W30 d120 τ0,ellipse,head,30.0,120.0,0.0,9,16.68485572385762,1,OK,OK,3.746,1.9359,3.746,11,4,73.3,0.4472,,,,
타원[head] W30 d120 τ0,ellipse,head,30.0,120.0,0.0,10,16.68485572385762,1,OK,OK,3.746,1.9359,3.746,11,4,73.3,0.4472,,,,
타원[head] W30 d120 τ11,ellipse,head,30.0,120.0,11.0,1,16.078041031210635,1,OK,DEGRADED,4.0716,2.6806,4.0716,11,0,73.3,0.4472,,,,
타원[head] W30 d120 τ11,ellipse,head,30.0,120.0,11.0,2,16.078041031210635,1,OK,DEGRADED,4.0716,2.6806,4.0716,11,0,73.3,0.4472,,,,
타원[head] W30 d120 τ11,ellipse,head,30.0,120.0,11.0,3,16.078041031210635,1,OK,DEGRADED,4.0716,2.6806,4.0716,11,0,73.3,0.4472,,,,
타원[head] W30 d120 τ11,ellipse,head,30.0,120.0,11.0,4,16.078041031210635,1,OK,DEGRADED,4.0716,2.6806,4.0716,11,0,73.3,0.4472,,,,
타원[head] W30 d120 τ11,ellipse,head,30.0,120.0,11.0,5,16.078041031210635,1,OK,DEGRADED,4.0716,2.6806,4.0716,11,0,73.3,0.4472,,,,
타원[head] W30 d120 τ11,ellipse,head,30.0,120.0,11.0,6,16.078041031210635,1,OK,DEGRADED,4.0716,2.6806,4.0716,11,0,73.3,0.4472,,,,
타원[head] W30 d120 τ11,ellipse,head,30.0,120.0,11.0,7,16.078041031210635,1,OK,DEGRADED,4.0716,2.6806,4.0716,11,0,73.3,0.4472,,,,
타원[head] W30 d120 τ11,ellipse,head,30.0,120.0,11.0,8,16.078041031210635,1,OK,DEGRADED,4.0716,2.6806,4.0716,11,0,73.3,0.4472,,,,
타원[head] W30 d120 τ11,ellipse,head,30.0,120.0,11.0,9,16.078041031210635,1,OK,DEGRADED,4.0716,2.6806,4.0716,11,0,73.3,0.4472,,,,
타원[head] W30 d120 τ11,ellipse,head,30.0,120.0,11.0,10,16.078041031210635,1,OK,DEGRADED,4.0716,2.6806,4.0716,11,0,73.3,0.4472,,,,
타원[head] W30 d120 τ78,ellipse,head,30.0,120.0,78.5,1,15.772661377668369,1,OK,OK,4.9087,2.5115,4.9087,12,0,80.0,0.4472,,,,
타원[head] W30 d120 τ78,ellipse,head,30.0,120.0,78.5,2,15.772661377668369,1,OK,OK,4.9087,2.5115,4.9087,12,0,80.0,0.4472,,,,
타원[head] W30 d120 τ78,ellipse,head,30.0,120.0,78.5,3,15.772661377668369,1,OK,OK,4.9087,2.5115,4.9087,12,0,80.0,0.4472,,,,
타원[head] W30 d120 τ78,ellipse,head,30.0,120.0,78.5,4,15.772661377668369,1,OK,OK,4.9087,2.5115,4.9087,12,0,80.0,0.4472,,,,
타원[head] W30 d120 τ78,ellipse,head,30.0,120.0,78.5,5,15.772661377668369,1,OK,OK,4.9087,2.5115,4.9087,12,0,80.0,0.4472,,,,
타원[head] W30 d120 τ78,ellipse,head,30.0,120.0,78.5,6,15.772661377668369,1,OK,OK,4.9087,2.5115,4.9087,12,0,80.0,0.4472,,,,
타원[head] W30 d120 τ78,ellipse,head,30.0,120.0,78.5,7,15.772661377668369,1,OK,OK,4.9087,2.5115,4.9087,12,0,80.0,0.4472,,,,
타원[head] W30 d120 τ78,ellipse,head,30.0,120.0,78.5,8,15.772661377668369,1,OK,OK,4.9087,2.5115,4.9087,12,0,80.0,0.4472,,,,
타원[head] W30 d120 τ78,ellipse,head,30.0,120.0,78.5,9,15.772661377668369,1,OK,OK,4.9087,2.5115,4.9087,12,0,80.0,0.4472,,,,
타원[head] W30 d120 τ78,ellipse,head,30.0,120.0,78.5,10,15.772661377668369,1,OK,OK,4.9087,2.5115,4.9087,12,0,80.0,0.4472,,,,
타원[head] W50 d30 τ0,ellipse,head,50.0,30.0,0.0,1,129.98082503467714,1,DEGRADED,DEGRADED,21.2518,21.2518,6.5208,5,0,33.3,0.4656,,,,
타원[head] W50 d30 τ0,ellipse,head,50.0,30.0,0.0,2,129.98082503467714,1,DEGRADED,DEGRADED,21.2518,21.2518,6.5208,5,0,33.3,0.4656,,,,
타원[head] W50 d30 τ0,ellipse,head,50.0,30.0,0.0,3,129.98082503467714,1,DEGRADED,DEGRADED,21.2518,21.2518,6.5208,5,0,33.3,0.4656,,,,
타원[head] W50 d30 τ0,ellipse,head,50.0,30.0,0.0,4,129.98082503467714,1,DEGRADED,DEGRADED,21.2518,21.2518,6.5208,5,0,33.3,0.4656,,,,
타원[head] W50 d30 τ0,ellipse,head,50.0,30.0,0.0,5,129.98082503467714,1,DEGRADED,DEGRADED,21.2518,21.2518,6.5208,5,0,33.3,0.4656,,,,
타원[head] W50 d30 τ0,ellipse,head,50.0,30.0,0.0,6,129.98082503467714,1,DEGRADED,DEGRADED,21.2518,21.2518,6.5208,5,0,33.3,0.4656,,,,
타원[head] W50 d30 τ0,ellipse,head,50.0,30.0,0.0,7,129.98082503467714,1,DEGRADED,DEGRADED,21.2518,21.2518,6.5208,5,0,33.3,0.4656,,,,
타원[head] W50 d30 τ0,ellipse,head,50.0,30.0,0.0,8,129.98082503467714,1,DEGRADED,DEGRADED,21.2518,21.2518,6.5208,5,0,33.3,0.4656,,,,
타원[head] W50 d30 τ0,ellipse,head,50.0,30.0,0.0,9,129.98082503467714,1,DEGRADED,DEGRADED,21.2518,21.2518,6.5208,5,0,33.3,0.4656,,,,
타원[head] W50 d30 τ0,ellipse,head,50.0,30.0,0.0,10,129.98082503467714,1,DEGRADED,DEGRADED,21.2518,21.2518,6.5208,5,0,33.3,0.4656,,,,
타원[head] W50 d30 τ11,ellipse,head,50.0,30.0,11.0,1,59.88158011670008,1,DEGRADED,DEGRADED,8.6379,7.3386,8.6379,10,0,66.7,0.4656,,,,
타원[head] W50 d30 τ11,ellipse,head,50.0,30.0,11.0,2,59.88158011670008,1,DEGRADED,DEGRADED,8.6379,7.3386,8.6379,10,0,66.7,0.4656,,,,
타원[head] W50 d30 τ11,ellipse,head,50.0,30.0,11.0,3,59.88158011670008,1,DEGRADED,DEGRADED,8.6379,7.3386,8.6379,10,0,66.7,0.4656,,,,
타원[head] W50 d30 τ11,ellipse,head,50.0,30.0,11.0,4,59.88158011670008,1,DEGRADED,DEGRADED,8.6379,7.3386,8.6379,10,0,66.7,0.4656,,,,
타원[head] W50 d30 τ11,ellipse,head,50.0,30.0,11.0,5,59.88158011670008,1,DEGRADED,DEGRADED,8.6379,7.3386,8.6379,10,0,66.7,0.4656,,,,
타원[head] W50 d30 τ11,ellipse,head,50.0,30.0,11.0,6,59.88158011670008,1,DEGRADED,DEGRADED,8.6379,7.3386,8.6379,10,0,66.7,0.4656,,,,
타원[head] W50 d30 τ11,ellipse,head,50.0,30.0,11.0,7,59.88158011670008,1,DEGRADED,DEGRADED,8.6379,7.3386,8.6379,10,0,66.7,0.4656,,,,
타원[head] W50 d30 τ11,ellipse,head,50.0,30.0,11.0,8,59.88158011670008,1,DEGRADED,DEGRADED,8.6379,7.3386,8.6379,10,0,66.7,0.4656,,,,
타원[head] W50 d30 τ11,ellipse,head,50.0,30.0,11.0,9,59.88158011670008,1,DEGRADED,DEGRADED,8.6379,7.3386,8.6379,10,0,66.7,0.4656,,,,
타원[head] W50 d30 τ11,ellipse,head,50.0,30.0,11.0,10,59.88158011670008,1,DEGRADED,DEGRADED,8.6379,7.3386,8.6379,10,0,66.7,0.4656,,,,
타원[head] W50 d30 τ78,ellipse,head,50.0,30.0,78.5,1,56.82057647609861,1,DEGRADED,DEGRADED,22.5714,12.8554,22.5714,9,0,60.0,0.4472,,,,
타원[head] W50 d30 τ78,ellipse,head,50.0,30.0,78.5,2,56.82057647609861,1,DEGRADED,DEGRADED,22.5714,12.8554,22.5714,9,0,60.0,0.4472,,,,
타원[head] W50 d30 τ78,ellipse,head,50.0,30.0,78.5,3,56.82057647609861,1,DEGRADED,DEGRADED,22.5714,12.8554,22.5714,9,0,60.0,0.4472,,,,
타원[head] W50 d30 τ78,ellipse,head,50.0,30.0,78.5,4,56.82057647609861,1,DEGRADED,DEGRADED,22.5714,12.8554,22.5714,9,0,60.0,0.4472,,,,
타원[head] W50 d30 τ78,ellipse,head,50.0,30.0,78.5,5,56.82057647609861,1,DEGRADED,DEGRADED,22.5714,12.8554,22.5714,9,0,60.0,0.4472,,,,
타원[head] W50 d30 τ78,ellipse,head,50.0,30.0,78.5,6,56.82057647609861,1,DEGRADED,DEGRADED,22.5714,12.8554,22.5714,9,0,60.0,0.4472,,,,
타원[head] W50 d30 τ78,ellipse,head,50.0,30.0,78.5,7,56.82057647609861,1,DEGRADED,DEGRADED,22.5714,12.8554,22.5714,9,0,60.0,0.4472,,,,
타원[head] W50 d30 τ78,ellipse,head,50.0,30.0,78.5,8,56.82057647609861,1,DEGRADED,DEGRADED,22.5714,12.8554,22.5714,9,0,60.0,0.4472,,,,
타원[head] W50 d30 τ78,ellipse,head,50.0,30.0,78.5,9,56.82057647609861,1,DEGRADED,DEGRADED,22.5714,12.8554,22.5714,9,0,60.0,0.4472,,,,
타원[head] W50 d30 τ78,ellipse,head,50.0,30.0,78.5,10,56.82057647609861,1,DEGRADED,DEGRADED,22.5714,12.8554,22.5714,9,0,60.0,0.4472,,,,
타원[head] W50 d60 τ0,ellipse,head,50.0,60.0,0.0,1,129.3308448944295,1,DEGRADED,DEGRADED,65.2866,41.4614,65.2866,7,0,46.7,0.4656,,,,
타원[head] W50 d60 τ0,ellipse,head,50.0,60.0,0.0,2,129.3308448944295,1,DEGRADED,DEGRADED,65.2866,41.4614,65.2866,7,0,46.7,0.4656,,,,
타원[head] W50 d60 τ0,ellipse,head,50.0,60.0,0.0,3,129.3308448944295,1,DEGRADED,DEGRADED,65.2866,41.4614,65.2866,7,0,46.7,0.4656,,,,
타원[head] W50 d60 τ0,ellipse,head,50.0,60.0,0.0,4,129.3308448944295,1,DEGRADED,DEGRADED,65.2866,41.4614,65.2866,7,0,46.7,0.4656,,,,
타원[head] W50 d60 τ0,ellipse,head,50.0,60.0,0.0,5,129.3308448944295,1,DEGRADED,DEGRADED,65.2866,41.4614,65.2866,7,0,46.7,0.4656,,,,
타원[head] W50 d60 τ0,ellipse,head,50.0,60.0,0.0,6,129.3308448944295,1,DEGRADED,DEGRADED,65.2866,41.4614,65.2866,7,0,46.7,0.4656,,,,
타원[head] W50 d60 τ0,ellipse,head,50.0,60.0,0.0,7,129.3308448944295,1,DEGRADED,DEGRADED,65.2866,41.4614,65.2866,7,0,46.7,0.4656,,,,
타원[head] W50 d60 τ0,ellipse,head,50.0,60.0,0.0,8,129.3308448944295,1,DEGRADED,DEGRADED,65.2866,41.4614,65.2866,7,0,46.7,0.4656,,,,
타원[head] W50 d60 τ0,ellipse,head,50.0,60.0,0.0,9,129.3308448944295,1,DEGRADED,DEGRADED,65.2866,41.4614,65.2866,7,0,46.7,0.4656,,,,
타원[head] W50 d60 τ0,ellipse,head,50.0,60.0,0.0,10,129.3308448944295,1,DEGRADED,DEGRADED,65.2866,41.4614,65.2866,7,0,46.7,0.4656,,,,
타원[head] W50 d60 τ11,ellipse,head,50.0,60.0,11.0,1,46.68899870137154,1,DEGRADED,DEGRADED,48.1098,23.9659,48.1098,9,0,60.0,0.3333,,,,
타원[head] W50 d60 τ11,ellipse,head,50.0,60.0,11.0,2,46.68899870137154,1,DEGRADED,DEGRADED,48.1098,23.9659,48.1098,9,0,60.0,0.3333,,,,
타원[head] W50 d60 τ11,ellipse,head,50.0,60.0,11.0,3,46.68899870137154,1,DEGRADED,DEGRADED,48.1098,23.9659,48.1098,9,0,60.0,0.3333,,,,
타원[head] W50 d60 τ11,ellipse,head,50.0,60.0,11.0,4,46.68899870137154,1,DEGRADED,DEGRADED,48.1098,23.9659,48.1098,9,0,60.0,0.3333,,,,
타원[head] W50 d60 τ11,ellipse,head,50.0,60.0,11.0,5,46.68899870137154,1,DEGRADED,DEGRADED,48.1098,23.9659,48.1098,9,0,60.0,0.3333,,,,
타원[head] W50 d60 τ11,ellipse,head,50.0,60.0,11.0,6,46.68899870137154,1,DEGRADED,DEGRADED,48.1098,23.9659,48.1098,9,0,60.0,0.3333,,,,
타원[head] W50 d60 τ11,ellipse,head,50.0,60.0,11.0,7,46.68899870137154,1,DEGRADED,DEGRADED,48.1098,23.9659,48.1098,9,0,60.0,0.3333,,,,
타원[head] W50 d60 τ11,ellipse,head,50.0,60.0,11.0,8,46.68899870137154,1,DEGRADED,DEGRADED,48.1098,23.9659,48.1098,9,0,60.0,0.3333,,,,
타원[head] W50 d60 τ11,ellipse,head,50.0,60.0,11.0,9,46.68899870137154,1,DEGRADED,DEGRADED,48.1098,23.9659,48.1098,9,0,60.0,0.3333,,,,
타원[head] W50 d60 τ11,ellipse,head,50.0,60.0,11.0,10,46.68899870137154,1,DEGRADED,DEGRADED,48.1098,23.9659,48.1098,9,0,60.0,0.3333,,,,
타원[head] W50 d60 τ78,ellipse,head,50.0,60.0,78.5,1,29.767454812019817,1,DEGRADED,DEGRADED,11.8239,6.5032,11.8239,9,0,60.0,0.4472,,,,
타원[head] W50 d60 τ78,ellipse,head,50.0,60.0,78.5,2,29.767454812019817,1,DEGRADED,DEGRADED,11.8239,6.5032,11.8239,9,0,60.0,0.4472,,,,
타원[head] W50 d60 τ78,ellipse,head,50.0,60.0,78.5,3,29.767454812019817,1,DEGRADED,DEGRADED,11.8239,6.5032,11.8239,9,0,60.0,0.4472,,,,
타원[head] W50 d60 τ78,ellipse,head,50.0,60.0,78.5,4,29.767454812019817,1,DEGRADED,DEGRADED,11.8239,6.5032,11.8239,9,0,60.0,0.4472,,,,
타원[head] W50 d60 τ78,ellipse,head,50.0,60.0,78.5,5,29.767454812019817,1,DEGRADED,DEGRADED,11.8239,6.5032,11.8239,9,0,60.0,0.4472,,,,
타원[head] W50 d60 τ78,ellipse,head,50.0,60.0,78.5,6,29.767454812019817,1,DEGRADED,DEGRADED,11.8239,6.5032,11.8239,9,0,60.0,0.4472,,,,
타원[head] W50 d60 τ78,ellipse,head,50.0,60.0,78.5,7,29.767454812019817,1,DEGRADED,DEGRADED,11.8239,6.5032,11.8239,9,0,60.0,0.4472,,,,
타원[head] W50 d60 τ78,ellipse,head,50.0,60.0,78.5,8,29.767454812019817,1,DEGRADED,DEGRADED,11.8239,6.5032,11.8239,9,0,60.0,0.4472,,,,
타원[head] W50 d60 τ78,ellipse,head,50.0,60.0,78.5,9,29.767454812019817,1,DEGRADED,DEGRADED,11.8239,6.5032,11.8239,9,0,60.0,0.4472,,,,
타원[head] W50 d60 τ78,ellipse,head,50.0,60.0,78.5,10,29.767454812019817,1,DEGRADED,DEGRADED,11.8239,6.5032,11.8239,9,0,60.0,0.4472,,,,
타원[head] W50 d120 τ0,ellipse,head,50.0,120.0,0.0,1,2.1231199878306963,1,DEGRADED,DEGRADED,31.5119,28.03,31.5119,11,0,73.3,0.433,,,,
타원[head] W50 d120 τ0,ellipse,head,50.0,120.0,0.0,2,2.1231199878306963,1,DEGRADED,DEGRADED,31.5119,28.03,31.5119,11,0,73.3,0.433,,,,
타원[head] W50 d120 τ0,ellipse,head,50.0,120.0,0.0,3,2.1231199878306963,1,DEGRADED,DEGRADED,31.5119,28.03,31.5119,11,0,73.3,0.433,,,,
타원[head] W50 d120 τ0,ellipse,head,50.0,120.0,0.0,4,2.1231199878306963,1,DEGRADED,DEGRADED,31.5119,28.03,31.5119,11,0,73.3,0.433,,,,
타원[head] W50 d120 τ0,ellipse,head,50.0,120.0,0.0,5,2.1231199878306963,1,DEGRADED,DEGRADED,31.5119,28.03,31.5119,11,0,73.3,0.433,,,,
타원[head] W50 d120 τ0,ellipse,head,50.0,120.0,0.0,6,2.1231199878306963,1,DEGRADED,DEGRADED,31.5119,28.03,31.5119,11,0,73.3,0.433,,,,
타원[head] W50 d120 τ0,ellipse,head,50.0,120.0,0.0,7,2.1231199878306963,1,DEGRADED,DEGRADED,31.5119,28.03,31.5119,11,0,73.3,0.433,,,,
타원[head] W50 d120 τ0,ellipse,head,50.0,120.0,0.0,8,2.1231199878306963,1,DEGRADED,DEGRADED,31.5119,28.03,31.5119,11,0,73.3,0.433,,,,
타원[head] W50 d120 τ0,ellipse,head,50.0,120.0,0.0,9,2.1231199878306963,1,DEGRADED,DEGRADED,31.5119,28.03,31.5119,11,0,73.3,0.433,,,,
타원[head] W50 d120 τ0,ellipse,head,50.0,120.0,0.0,10,2.1231199878306963,1,DEGRADED,DEGRADED,31.5119,28.03,31.5119,11,0,73.3,0.433,,,,
타원[head] W50 d120 τ11,ellipse,head,50.0,120.0,11.0,1,135.17845260696672,1,DEGRADED,DEGRADED,27.2501,17.9238,27.2501,11,0,73.3,0.3333,,,,
타원[head] W50 d120 τ11,ellipse,head,50.0,120.0,11.0,2,135.17845260696672,1,DEGRADED,DEGRADED,27.2501,17.9238,27.2501,11,0,73.3,0.3333,,,,
타원[head] W50 d120 τ11,ellipse,head,50.0,120.0,11.0,3,135.17845260696672,1,DEGRADED,DEGRADED,27.2501,17.9238,27.2501,11,0,73.3,0.3333,,,,
타원[head] W50 d120 τ11,ellipse,head,50.0,120.0,11.0,4,135.17845260696672,1,DEGRADED,DEGRADED,27.2501,17.9238,27.2501,11,0,73.3,0.3333,,,,
타원[head] W50 d120 τ11,ellipse,head,50.0,120.0,11.0,5,135.17845260696672,1,DEGRADED,DEGRADED,27.2501,17.9238,27.2501,11,0,73.3,0.3333,,,,
타원[head] W50 d120 τ11,ellipse,head,50.0,120.0,11.0,6,135.17845260696672,1,DEGRADED,DEGRADED,27.2501,17.9238,27.2501,11,0,73.3,0.3333,,,,
타원[head] W50 d120 τ11,ellipse,head,50.0,120.0,11.0,7,135.17845260696672,1,DEGRADED,DEGRADED,27.2501,17.9238,27.2501,11,0,73.3,0.3333,,,,
타원[head] W50 d120 τ11,ellipse,head,50.0,120.0,11.0,8,135.17845260696672,1,DEGRADED,DEGRADED,27.2501,17.9238,27.2501,11,0,73.3,0.3333,,,,
타원[head] W50 d120 τ11,ellipse,head,50.0,120.0,11.0,9,135.17845260696672,1,DEGRADED,DEGRADED,27.2501,17.9238,27.2501,11,0,73.3,0.3333,,,,
타원[head] W50 d120 τ11,ellipse,head,50.0,120.0,11.0,10,135.17845260696672,1,DEGRADED,DEGRADED,27.2501,17.9238,27.2501,11,0,73.3,0.3333,,,,
타원[head] W50 d120 τ78,ellipse,head,50.0,120.0,78.5,1,26.624892046962746,1,DEGRADED,DEGRADED,7.968,5.1231,7.968,10,0,66.7,0.4736,,,,
타원[head] W50 d120 τ78,ellipse,head,50.0,120.0,78.5,2,26.624892046962746,1,DEGRADED,DEGRADED,7.968,5.1231,7.968,10,0,66.7,0.4736,,,,
타원[head] W50 d120 τ78,ellipse,head,50.0,120.0,78.5,3,26.624892046962746,1,DEGRADED,DEGRADED,7.968,5.1231,7.968,10,0,66.7,0.4736,,,,
타원[head] W50 d120 τ78,ellipse,head,50.0,120.0,78.5,4,26.624892046962746,1,DEGRADED,DEGRADED,7.968,5.1231,7.968,10,0,66.7,0.4736,,,,
타원[head] W50 d120 τ78,ellipse,head,50.0,120.0,78.5,5,26.624892046962746,1,DEGRADED,DEGRADED,7.968,5.1231,7.968,10,0,66.7,0.4736,,,,
타원[head] W50 d120 τ78,ellipse,head,50.0,120.0,78.5,6,26.624892046962746,1,DEGRADED,DEGRADED,7.968,5.1231,7.968,10,0,66.7,0.4736,,,,
타원[head] W50 d120 τ78,ellipse,head,50.0,120.0,78.5,7,26.624892046962746,1,DEGRADED,DEGRADED,7.968,5.1231,7.968,10,0,66.7,0.4736,,,,
타원[head] W50 d120 τ78,ellipse,head,50.0,120.0,78.5,8,26.624892046962746,1,DEGRADED,DEGRADED,7.968,5.1231,7.968,10,0,66.7,0.4736,,,,
타원[head] W50 d120 τ78,ellipse,head,50.0,120.0,78.5,9,26.624892046962746,1,DEGRADED,DEGRADED,7.968,5.1231,7.968,10,0,66.7,0.4736,,,,
타원[head] W50 d120 τ78,ellipse,head,50.0,120.0,78.5,10,26.624892046962746,1,DEGRADED,DEGRADED,7.968,5.1231,7.968,10,0,66.7,0.4736,,,,
타원[flank] W10 d30 τ0,ellipse,flank,10.0,30.0,0.0,1,81.81339806326216,1,OK,DEGRADED,3.5185,3.5185,0.0,9,0,60.0,0.2916,,,,
타원[flank] W10 d30 τ0,ellipse,flank,10.0,30.0,0.0,2,81.81339806326216,1,OK,DEGRADED,3.5185,3.5185,0.0,9,0,60.0,0.2916,,,,
타원[flank] W10 d30 τ0,ellipse,flank,10.0,30.0,0.0,3,81.81339806326216,1,OK,DEGRADED,3.5185,3.5185,0.0,9,0,60.0,0.2916,,,,
타원[flank] W10 d30 τ0,ellipse,flank,10.0,30.0,0.0,4,81.81339806326216,1,OK,DEGRADED,3.5185,3.5185,0.0,9,0,60.0,0.2916,,,,
타원[flank] W10 d30 τ0,ellipse,flank,10.0,30.0,0.0,5,81.81339806326216,1,OK,DEGRADED,3.5185,3.5185,0.0,9,0,60.0,0.2916,,,,
타원[flank] W10 d30 τ0,ellipse,flank,10.0,30.0,0.0,6,81.81339806326216,1,OK,DEGRADED,3.5185,3.5185,0.0,9,0,60.0,0.2916,,,,
타원[flank] W10 d30 τ0,ellipse,flank,10.0,30.0,0.0,7,81.81339806326216,1,OK,DEGRADED,3.5185,3.5185,0.0,9,0,60.0,0.2916,,,,
타원[flank] W10 d30 τ0,ellipse,flank,10.0,30.0,0.0,8,81.81339806326216,1,OK,DEGRADED,3.5185,3.5185,0.0,9,0,60.0,0.2916,,,,
타원[flank] W10 d30 τ0,ellipse,flank,10.0,30.0,0.0,9,81.81339806326216,1,OK,DEGRADED,3.5185,3.5185,0.0,9,0,60.0,0.2916,,,,
타원[flank] W10 d30 τ0,ellipse,flank,10.0,30.0,0.0,10,81.81339806326216,1,OK,DEGRADED,3.5185,3.5185,0.0,9,0,60.0,0.2916,,,,
타원[flank] W10 d30 τ11,ellipse,flank,10.0,30.0,11.0,1,75.57684596297,1,OK,DEGRADED,3.4016,3.4016,0.0,9,0,60.0,0.2916,,,,
타원[flank] W10 d30 τ11,ellipse,flank,10.0,30.0,11.0,2,75.57684596297,1,OK,DEGRADED,3.4016,3.4016,0.0,9,0,60.0,0.2916,,,,
타원[flank] W10 d30 τ11,ellipse,flank,10.0,30.0,11.0,3,75.57684596297,1,OK,DEGRADED,3.4016,3.4016,0.0,9,0,60.0,0.2916,,,,
타원[flank] W10 d30 τ11,ellipse,flank,10.0,30.0,11.0,4,75.57684596297,1,OK,DEGRADED,3.4016,3.4016,0.0,9,0,60.0,0.2916,,,,
타원[flank] W10 d30 τ11,ellipse,flank,10.0,30.0,11.0,5,75.57684596297,1,OK,DEGRADED,3.4016,3.4016,0.0,9,0,60.0,0.2916,,,,
타원[flank] W10 d30 τ11,ellipse,flank,10.0,30.0,11.0,6,75.57684596297,1,OK,DEGRADED,3.4016,3.4016,0.0,9,0,60.0,0.2916,,,,
타원[flank] W10 d30 τ11,ellipse,flank,10.0,30.0,11.0,7,75.57684596297,1,OK,DEGRADED,3.4016,3.4016,0.0,9,0,60.0,0.2916,,,,
타원[flank] W10 d30 τ11,ellipse,flank,10.0,30.0,11.0,8,75.57684596297,1,OK,DEGRADED,3.4016,3.4016,0.0,9,0,60.0,0.2916,,,,
타원[flank] W10 d30 τ11,ellipse,flank,10.0,30.0,11.0,9,75.57684596297,1,OK,DEGRADED,3.4016,3.4016,0.0,9,0,60.0,0.2916,,,,
타원[flank] W10 d30 τ11,ellipse,flank,10.0,30.0,11.0,10,75.57684596297,1,OK,DEGRADED,3.4016,3.4016,0.0,9,0,60.0,0.2916,,,,
타원[flank] W10 d30 τ78,ellipse,flank,10.0,30.0,78.5,1,71.63021594852087,1,OK,DEGRADED,3.3608,3.3608,0.0,7,0,46.7,0.2916,,,,
타원[flank] W10 d30 τ78,ellipse,flank,10.0,30.0,78.5,2,71.63021594852087,1,OK,DEGRADED,3.3608,3.3608,0.0,7,0,46.7,0.2916,,,,
타원[flank] W10 d30 τ78,ellipse,flank,10.0,30.0,78.5,3,71.63021594852087,1,OK,DEGRADED,3.3608,3.3608,0.0,7,0,46.7,0.2916,,,,
타원[flank] W10 d30 τ78,ellipse,flank,10.0,30.0,78.5,4,71.63021594852087,1,OK,DEGRADED,3.3608,3.3608,0.0,7,0,46.7,0.2916,,,,
타원[flank] W10 d30 τ78,ellipse,flank,10.0,30.0,78.5,5,71.63021594852087,1,OK,DEGRADED,3.3608,3.3608,0.0,7,0,46.7,0.2916,,,,
타원[flank] W10 d30 τ78,ellipse,flank,10.0,30.0,78.5,6,71.63021594852087,1,OK,DEGRADED,3.3608,3.3608,0.0,7,0,46.7,0.2916,,,,
타원[flank] W10 d30 τ78,ellipse,flank,10.0,30.0,78.5,7,71.63021594852087,1,OK,DEGRADED,3.3608,3.3608,0.0,7,0,46.7,0.2916,,,,
타원[flank] W10 d30 τ78,ellipse,flank,10.0,30.0,78.5,8,71.63021594852087,1,OK,DEGRADED,3.3608,3.3608,0.0,7,0,46.7,0.2916,,,,
타원[flank] W10 d30 τ78,ellipse,flank,10.0,30.0,78.5,9,71.63021594852087,1,OK,DEGRADED,3.3608,3.3608,0.0,7,0,46.7,0.2916,,,,
타원[flank] W10 d30 τ78,ellipse,flank,10.0,30.0,78.5,10,71.63021594852087,1,OK,DEGRADED,3.3608,3.3608,0.0,7,0,46.7,0.2916,,,,
타원[flank] W10 d60 τ0,ellipse,flank,10.0,60.0,0.0,1,85.72320309807321,1,INSUFFICIENT,INSUFFICIENT,,,,3,0,20.0,0.0,,,,
타원[flank] W10 d60 τ0,ellipse,flank,10.0,60.0,0.0,2,85.72320309807321,1,INSUFFICIENT,INSUFFICIENT,,,,3,0,20.0,0.0,,,,
타원[flank] W10 d60 τ0,ellipse,flank,10.0,60.0,0.0,3,85.72320309807321,1,INSUFFICIENT,INSUFFICIENT,,,,3,0,20.0,0.0,,,,
타원[flank] W10 d60 τ0,ellipse,flank,10.0,60.0,0.0,4,85.72320309807321,1,INSUFFICIENT,INSUFFICIENT,,,,3,0,20.0,0.0,,,,
타원[flank] W10 d60 τ0,ellipse,flank,10.0,60.0,0.0,5,85.72320309807321,1,INSUFFICIENT,INSUFFICIENT,,,,3,0,20.0,0.0,,,,
타원[flank] W10 d60 τ0,ellipse,flank,10.0,60.0,0.0,6,85.72320309807321,1,INSUFFICIENT,INSUFFICIENT,,,,3,0,20.0,0.0,,,,
타원[flank] W10 d60 τ0,ellipse,flank,10.0,60.0,0.0,7,85.72320309807321,1,INSUFFICIENT,INSUFFICIENT,,,,3,0,20.0,0.0,,,,
타원[flank] W10 d60 τ0,ellipse,flank,10.0,60.0,0.0,8,85.72320309807321,1,INSUFFICIENT,INSUFFICIENT,,,,3,0,20.0,0.0,,,,
타원[flank] W10 d60 τ0,ellipse,flank,10.0,60.0,0.0,9,85.72320309807321,1,INSUFFICIENT,INSUFFICIENT,,,,3,0,20.0,0.0,,,,
타원[flank] W10 d60 τ0,ellipse,flank,10.0,60.0,0.0,10,85.72320309807321,1,INSUFFICIENT,INSUFFICIENT,,,,3,0,20.0,0.0,,,,
타원[flank] W10 d60 τ11,ellipse,flank,10.0,60.0,11.0,1,85.71482875516537,1,INSUFFICIENT,INSUFFICIENT,,,,3,0,20.0,0.0,,,,
타원[flank] W10 d60 τ11,ellipse,flank,10.0,60.0,11.0,2,85.71482875516537,1,INSUFFICIENT,INSUFFICIENT,,,,3,0,20.0,0.0,,,,
타원[flank] W10 d60 τ11,ellipse,flank,10.0,60.0,11.0,3,85.71482875516537,1,INSUFFICIENT,INSUFFICIENT,,,,3,0,20.0,0.0,,,,
타원[flank] W10 d60 τ11,ellipse,flank,10.0,60.0,11.0,4,85.71482875516537,1,INSUFFICIENT,INSUFFICIENT,,,,3,0,20.0,0.0,,,,
타원[flank] W10 d60 τ11,ellipse,flank,10.0,60.0,11.0,5,85.71482875516537,1,INSUFFICIENT,INSUFFICIENT,,,,3,0,20.0,0.0,,,,
타원[flank] W10 d60 τ11,ellipse,flank,10.0,60.0,11.0,6,85.71482875516537,1,INSUFFICIENT,INSUFFICIENT,,,,3,0,20.0,0.0,,,,
타원[flank] W10 d60 τ11,ellipse,flank,10.0,60.0,11.0,7,85.71482875516537,1,INSUFFICIENT,INSUFFICIENT,,,,3,0,20.0,0.0,,,,
타원[flank] W10 d60 τ11,ellipse,flank,10.0,60.0,11.0,8,85.71482875516537,1,INSUFFICIENT,INSUFFICIENT,,,,3,0,20.0,0.0,,,,
타원[flank] W10 d60 τ11,ellipse,flank,10.0,60.0,11.0,9,85.71482875516537,1,INSUFFICIENT,INSUFFICIENT,,,,3,0,20.0,0.0,,,,
타원[flank] W10 d60 τ11,ellipse,flank,10.0,60.0,11.0,10,85.71482875516537,1,INSUFFICIENT,INSUFFICIENT,,,,3,0,20.0,0.0,,,,
타원[flank] W10 d60 τ78,ellipse,flank,10.0,60.0,78.5,1,85.6894097617652,1,INSUFFICIENT,INSUFFICIENT,,,,3,0,20.0,0.0,,,,
타원[flank] W10 d60 τ78,ellipse,flank,10.0,60.0,78.5,2,85.6894097617652,1,INSUFFICIENT,INSUFFICIENT,,,,3,0,20.0,0.0,,,,
타원[flank] W10 d60 τ78,ellipse,flank,10.0,60.0,78.5,3,85.6894097617652,1,INSUFFICIENT,INSUFFICIENT,,,,3,0,20.0,0.0,,,,
타원[flank] W10 d60 τ78,ellipse,flank,10.0,60.0,78.5,4,85.6894097617652,1,INSUFFICIENT,INSUFFICIENT,,,,3,0,20.0,0.0,,,,
타원[flank] W10 d60 τ78,ellipse,flank,10.0,60.0,78.5,5,85.6894097617652,1,INSUFFICIENT,INSUFFICIENT,,,,3,0,20.0,0.0,,,,
타원[flank] W10 d60 τ78,ellipse,flank,10.0,60.0,78.5,6,85.6894097617652,1,INSUFFICIENT,INSUFFICIENT,,,,3,0,20.0,0.0,,,,
타원[flank] W10 d60 τ78,ellipse,flank,10.0,60.0,78.5,7,85.6894097617652,1,INSUFFICIENT,INSUFFICIENT,,,,3,0,20.0,0.0,,,,
타원[flank] W10 d60 τ78,ellipse,flank,10.0,60.0,78.5,8,85.6894097617652,1,INSUFFICIENT,INSUFFICIENT,,,,3,0,20.0,0.0,,,,
타원[flank] W10 d60 τ78,ellipse,flank,10.0,60.0,78.5,9,85.6894097617652,1,INSUFFICIENT,INSUFFICIENT,,,,3,0,20.0,0.0,,,,
타원[flank] W10 d60 τ78,ellipse,flank,10.0,60.0,78.5,10,85.6894097617652,1,INSUFFICIENT,INSUFFICIENT,,,,3,0,20.0,0.0,,,,
타원[flank] W10 d120 τ0,ellipse,flank,10.0,120.0,0.0,1,82.08384243611842,1,INSUFFICIENT,INSUFFICIENT,,,,3,0,20.0,0.0,,,,
타원[flank] W10 d120 τ0,ellipse,flank,10.0,120.0,0.0,2,82.08384243611842,1,INSUFFICIENT,INSUFFICIENT,,,,3,0,20.0,0.0,,,,
타원[flank] W10 d120 τ0,ellipse,flank,10.0,120.0,0.0,3,82.08384243611842,1,INSUFFICIENT,INSUFFICIENT,,,,3,0,20.0,0.0,,,,
타원[flank] W10 d120 τ0,ellipse,flank,10.0,120.0,0.0,4,82.08384243611842,1,INSUFFICIENT,INSUFFICIENT,,,,3,0,20.0,0.0,,,,
타원[flank] W10 d120 τ0,ellipse,flank,10.0,120.0,0.0,5,82.08384243611842,1,INSUFFICIENT,INSUFFICIENT,,,,3,0,20.0,0.0,,,,
타원[flank] W10 d120 τ0,ellipse,flank,10.0,120.0,0.0,6,82.08384243611842,1,INSUFFICIENT,INSUFFICIENT,,,,3,0,20.0,0.0,,,,
타원[flank] W10 d120 τ0,ellipse,flank,10.0,120.0,0.0,7,82.08384243611842,1,INSUFFICIENT,INSUFFICIENT,,,,3,0,20.0,0.0,,,,
타원[flank] W10 d120 τ0,ellipse,flank,10.0,120.0,0.0,8,82.08384243611842,1,INSUFFICIENT,INSUFFICIENT,,,,3,0,20.0,0.0,,,,
타원[flank] W10 d120 τ0,ellipse,flank,10.0,120.0,0.0,9,82.08384243611842,1,INSUFFICIENT,INSUFFICIENT,,,,3,0,20.0,0.0,,,,
타원[flank] W10 d120 τ0,ellipse,flank,10.0,120.0,0.0,10,82.08384243611842,1,INSUFFICIENT,INSUFFICIENT,,,,3,0,20.0,0.0,,,,
타원[flank] W10 d120 τ11,ellipse,flank,10.0,120.0,11.0,1,82.07964625053765,1,INSUFFICIENT,INSUFFICIENT,,,,3,0,20.0,0.0,,,,
타원[flank] W10 d120 τ11,ellipse,flank,10.0,120.0,11.0,2,82.07964625053765,1,INSUFFICIENT,INSUFFICIENT,,,,3,0,20.0,0.0,,,,
타원[flank] W10 d120 τ11,ellipse,flank,10.0,120.0,11.0,3,82.07964625053765,1,INSUFFICIENT,INSUFFICIENT,,,,3,0,20.0,0.0,,,,
타원[flank] W10 d120 τ11,ellipse,flank,10.0,120.0,11.0,4,82.07964625053765,1,INSUFFICIENT,INSUFFICIENT,,,,3,0,20.0,0.0,,,,
타원[flank] W10 d120 τ11,ellipse,flank,10.0,120.0,11.0,5,82.07964625053765,1,INSUFFICIENT,INSUFFICIENT,,,,3,0,20.0,0.0,,,,
타원[flank] W10 d120 τ11,ellipse,flank,10.0,120.0,11.0,6,82.07964625053765,1,INSUFFICIENT,INSUFFICIENT,,,,3,0,20.0,0.0,,,,
타원[flank] W10 d120 τ11,ellipse,flank,10.0,120.0,11.0,7,82.07964625053765,1,INSUFFICIENT,INSUFFICIENT,,,,3,0,20.0,0.0,,,,
타원[flank] W10 d120 τ11,ellipse,flank,10.0,120.0,11.0,8,82.07964625053765,1,INSUFFICIENT,INSUFFICIENT,,,,3,0,20.0,0.0,,,,
타원[flank] W10 d120 τ11,ellipse,flank,10.0,120.0,11.0,9,82.07964625053765,1,INSUFFICIENT,INSUFFICIENT,,,,3,0,20.0,0.0,,,,
타원[flank] W10 d120 τ11,ellipse,flank,10.0,120.0,11.0,10,82.07964625053765,1,INSUFFICIENT,INSUFFICIENT,,,,3,0,20.0,0.0,,,,
타원[flank] W10 d120 τ78,ellipse,flank,10.0,120.0,78.5,1,82.07288223702474,1,INSUFFICIENT,INSUFFICIENT,,,,3,0,20.0,0.0,,,,
타원[flank] W10 d120 τ78,ellipse,flank,10.0,120.0,78.5,2,82.07288223702474,1,INSUFFICIENT,INSUFFICIENT,,,,3,0,20.0,0.0,,,,
타원[flank] W10 d120 τ78,ellipse,flank,10.0,120.0,78.5,3,82.07288223702474,1,INSUFFICIENT,INSUFFICIENT,,,,3,0,20.0,0.0,,,,
타원[flank] W10 d120 τ78,ellipse,flank,10.0,120.0,78.5,4,82.07288223702474,1,INSUFFICIENT,INSUFFICIENT,,,,3,0,20.0,0.0,,,,
타원[flank] W10 d120 τ78,ellipse,flank,10.0,120.0,78.5,5,82.07288223702474,1,INSUFFICIENT,INSUFFICIENT,,,,3,0,20.0,0.0,,,,
타원[flank] W10 d120 τ78,ellipse,flank,10.0,120.0,78.5,6,82.07288223702474,1,INSUFFICIENT,INSUFFICIENT,,,,3,0,20.0,0.0,,,,
타원[flank] W10 d120 τ78,ellipse,flank,10.0,120.0,78.5,7,82.07288223702474,1,INSUFFICIENT,INSUFFICIENT,,,,3,0,20.0,0.0,,,,
타원[flank] W10 d120 τ78,ellipse,flank,10.0,120.0,78.5,8,82.07288223702474,1,INSUFFICIENT,INSUFFICIENT,,,,3,0,20.0,0.0,,,,
타원[flank] W10 d120 τ78,ellipse,flank,10.0,120.0,78.5,9,82.07288223702474,1,INSUFFICIENT,INSUFFICIENT,,,,3,0,20.0,0.0,,,,
타원[flank] W10 d120 τ78,ellipse,flank,10.0,120.0,78.5,10,82.07288223702474,1,INSUFFICIENT,INSUFFICIENT,,,,3,0,20.0,0.0,,,,
타원[flank] W20 d30 τ0,ellipse,flank,20.0,30.0,0.0,1,,0,INSUFFICIENT,INSUFFICIENT,,,,0,0,0.0,,,,,
타원[flank] W20 d30 τ0,ellipse,flank,20.0,30.0,0.0,2,,0,INSUFFICIENT,INSUFFICIENT,,,,0,0,0.0,,,,,
타원[flank] W20 d30 τ0,ellipse,flank,20.0,30.0,0.0,3,,0,INSUFFICIENT,INSUFFICIENT,,,,0,0,0.0,,,,,
타원[flank] W20 d30 τ0,ellipse,flank,20.0,30.0,0.0,4,,0,INSUFFICIENT,INSUFFICIENT,,,,0,0,0.0,,,,,
타원[flank] W20 d30 τ0,ellipse,flank,20.0,30.0,0.0,5,,0,INSUFFICIENT,INSUFFICIENT,,,,0,0,0.0,,,,,
타원[flank] W20 d30 τ0,ellipse,flank,20.0,30.0,0.0,6,,0,INSUFFICIENT,INSUFFICIENT,,,,0,0,0.0,,,,,
타원[flank] W20 d30 τ0,ellipse,flank,20.0,30.0,0.0,7,,0,INSUFFICIENT,INSUFFICIENT,,,,0,0,0.0,,,,,
타원[flank] W20 d30 τ0,ellipse,flank,20.0,30.0,0.0,8,,0,INSUFFICIENT,INSUFFICIENT,,,,0,0,0.0,,,,,
타원[flank] W20 d30 τ0,ellipse,flank,20.0,30.0,0.0,9,,0,INSUFFICIENT,INSUFFICIENT,,,,0,0,0.0,,,,,
타원[flank] W20 d30 τ0,ellipse,flank,20.0,30.0,0.0,10,,0,INSUFFICIENT,INSUFFICIENT,,,,0,0,0.0,,,,,
타원[flank] W20 d30 τ11,ellipse,flank,20.0,30.0,11.0,1,,0,INSUFFICIENT,INSUFFICIENT,,,,0,0,0.0,,,,,
타원[flank] W20 d30 τ11,ellipse,flank,20.0,30.0,11.0,2,,0,INSUFFICIENT,INSUFFICIENT,,,,0,0,0.0,,,,,
타원[flank] W20 d30 τ11,ellipse,flank,20.0,30.0,11.0,3,,0,INSUFFICIENT,INSUFFICIENT,,,,0,0,0.0,,,,,
타원[flank] W20 d30 τ11,ellipse,flank,20.0,30.0,11.0,4,,0,INSUFFICIENT,INSUFFICIENT,,,,0,0,0.0,,,,,
타원[flank] W20 d30 τ11,ellipse,flank,20.0,30.0,11.0,5,,0,INSUFFICIENT,INSUFFICIENT,,,,0,0,0.0,,,,,
타원[flank] W20 d30 τ11,ellipse,flank,20.0,30.0,11.0,6,,0,INSUFFICIENT,INSUFFICIENT,,,,0,0,0.0,,,,,
타원[flank] W20 d30 τ11,ellipse,flank,20.0,30.0,11.0,7,,0,INSUFFICIENT,INSUFFICIENT,,,,0,0,0.0,,,,,
타원[flank] W20 d30 τ11,ellipse,flank,20.0,30.0,11.0,8,,0,INSUFFICIENT,INSUFFICIENT,,,,0,0,0.0,,,,,
타원[flank] W20 d30 τ11,ellipse,flank,20.0,30.0,11.0,9,,0,INSUFFICIENT,INSUFFICIENT,,,,0,0,0.0,,,,,
타원[flank] W20 d30 τ11,ellipse,flank,20.0,30.0,11.0,10,,0,INSUFFICIENT,INSUFFICIENT,,,,0,0,0.0,,,,,
타원[flank] W20 d30 τ78,ellipse,flank,20.0,30.0,78.5,1,,0,INSUFFICIENT,INSUFFICIENT,,,,0,0,0.0,,,,,
타원[flank] W20 d30 τ78,ellipse,flank,20.0,30.0,78.5,2,,0,INSUFFICIENT,INSUFFICIENT,,,,0,0,0.0,,,,,
타원[flank] W20 d30 τ78,ellipse,flank,20.0,30.0,78.5,3,,0,INSUFFICIENT,INSUFFICIENT,,,,0,0,0.0,,,,,
타원[flank] W20 d30 τ78,ellipse,flank,20.0,30.0,78.5,4,,0,INSUFFICIENT,INSUFFICIENT,,,,0,0,0.0,,,,,
타원[flank] W20 d30 τ78,ellipse,flank,20.0,30.0,78.5,5,,0,INSUFFICIENT,INSUFFICIENT,,,,0,0,0.0,,,,,
타원[flank] W20 d30 τ78,ellipse,flank,20.0,30.0,78.5,6,,0,INSUFFICIENT,INSUFFICIENT,,,,0,0,0.0,,,,,
타원[flank] W20 d30 τ78,ellipse,flank,20.0,30.0,78.5,7,,0,INSUFFICIENT,INSUFFICIENT,,,,0,0,0.0,,,,,
타원[flank] W20 d30 τ78,ellipse,flank,20.0,30.0,78.5,8,,0,INSUFFICIENT,INSUFFICIENT,,,,0,0,0.0,,,,,
타원[flank] W20 d30 τ78,ellipse,flank,20.0,30.0,78.5,9,,0,INSUFFICIENT,INSUFFICIENT,,,,0,0,0.0,,,,,
타원[flank] W20 d30 τ78,ellipse,flank,20.0,30.0,78.5,10,,0,INSUFFICIENT,INSUFFICIENT,,,,0,0,0.0,,,,,
타원[flank] W20 d60 τ0,ellipse,flank,20.0,60.0,0.0,1,,0,INSUFFICIENT,INSUFFICIENT,,,,0,0,0.0,,,,,
타원[flank] W20 d60 τ0,ellipse,flank,20.0,60.0,0.0,2,,0,INSUFFICIENT,INSUFFICIENT,,,,0,0,0.0,,,,,
타원[flank] W20 d60 τ0,ellipse,flank,20.0,60.0,0.0,3,,0,INSUFFICIENT,INSUFFICIENT,,,,0,0,0.0,,,,,
타원[flank] W20 d60 τ0,ellipse,flank,20.0,60.0,0.0,4,,0,INSUFFICIENT,INSUFFICIENT,,,,0,0,0.0,,,,,
타원[flank] W20 d60 τ0,ellipse,flank,20.0,60.0,0.0,5,,0,INSUFFICIENT,INSUFFICIENT,,,,0,0,0.0,,,,,
타원[flank] W20 d60 τ0,ellipse,flank,20.0,60.0,0.0,6,,0,INSUFFICIENT,INSUFFICIENT,,,,0,0,0.0,,,,,
타원[flank] W20 d60 τ0,ellipse,flank,20.0,60.0,0.0,7,,0,INSUFFICIENT,INSUFFICIENT,,,,0,0,0.0,,,,,
타원[flank] W20 d60 τ0,ellipse,flank,20.0,60.0,0.0,8,,0,INSUFFICIENT,INSUFFICIENT,,,,0,0,0.0,,,,,
타원[flank] W20 d60 τ0,ellipse,flank,20.0,60.0,0.0,9,,0,INSUFFICIENT,INSUFFICIENT,,,,0,0,0.0,,,,,
타원[flank] W20 d60 τ0,ellipse,flank,20.0,60.0,0.0,10,,0,INSUFFICIENT,INSUFFICIENT,,,,0,0,0.0,,,,,
타원[flank] W20 d60 τ11,ellipse,flank,20.0,60.0,11.0,1,,0,INSUFFICIENT,INSUFFICIENT,,,,0,0,0.0,,,,,
타원[flank] W20 d60 τ11,ellipse,flank,20.0,60.0,11.0,2,,0,INSUFFICIENT,INSUFFICIENT,,,,0,0,0.0,,,,,
타원[flank] W20 d60 τ11,ellipse,flank,20.0,60.0,11.0,3,,0,INSUFFICIENT,INSUFFICIENT,,,,0,0,0.0,,,,,
타원[flank] W20 d60 τ11,ellipse,flank,20.0,60.0,11.0,4,,0,INSUFFICIENT,INSUFFICIENT,,,,0,0,0.0,,,,,
타원[flank] W20 d60 τ11,ellipse,flank,20.0,60.0,11.0,5,,0,INSUFFICIENT,INSUFFICIENT,,,,0,0,0.0,,,,,
타원[flank] W20 d60 τ11,ellipse,flank,20.0,60.0,11.0,6,,0,INSUFFICIENT,INSUFFICIENT,,,,0,0,0.0,,,,,
타원[flank] W20 d60 τ11,ellipse,flank,20.0,60.0,11.0,7,,0,INSUFFICIENT,INSUFFICIENT,,,,0,0,0.0,,,,,
타원[flank] W20 d60 τ11,ellipse,flank,20.0,60.0,11.0,8,,0,INSUFFICIENT,INSUFFICIENT,,,,0,0,0.0,,,,,
타원[flank] W20 d60 τ11,ellipse,flank,20.0,60.0,11.0,9,,0,INSUFFICIENT,INSUFFICIENT,,,,0,0,0.0,,,,,
타원[flank] W20 d60 τ11,ellipse,flank,20.0,60.0,11.0,10,,0,INSUFFICIENT,INSUFFICIENT,,,,0,0,0.0,,,,,
타원[flank] W20 d60 τ78,ellipse,flank,20.0,60.0,78.5,1,,0,INSUFFICIENT,INSUFFICIENT,,,,0,0,0.0,,,,,
타원[flank] W20 d60 τ78,ellipse,flank,20.0,60.0,78.5,2,,0,INSUFFICIENT,INSUFFICIENT,,,,0,0,0.0,,,,,
타원[flank] W20 d60 τ78,ellipse,flank,20.0,60.0,78.5,3,,0,INSUFFICIENT,INSUFFICIENT,,,,0,0,0.0,,,,,
타원[flank] W20 d60 τ78,ellipse,flank,20.0,60.0,78.5,4,,0,INSUFFICIENT,INSUFFICIENT,,,,0,0,0.0,,,,,
타원[flank] W20 d60 τ78,ellipse,flank,20.0,60.0,78.5,5,,0,INSUFFICIENT,INSUFFICIENT,,,,0,0,0.0,,,,,
타원[flank] W20 d60 τ78,ellipse,flank,20.0,60.0,78.5,6,,0,INSUFFICIENT,INSUFFICIENT,,,,0,0,0.0,,,,,
타원[flank] W20 d60 τ78,ellipse,flank,20.0,60.0,78.5,7,,0,INSUFFICIENT,INSUFFICIENT,,,,0,0,0.0,,,,,
타원[flank] W20 d60 τ78,ellipse,flank,20.0,60.0,78.5,8,,0,INSUFFICIENT,INSUFFICIENT,,,,0,0,0.0,,,,,
타원[flank] W20 d60 τ78,ellipse,flank,20.0,60.0,78.5,9,,0,INSUFFICIENT,INSUFFICIENT,,,,0,0,0.0,,,,,
타원[flank] W20 d60 τ78,ellipse,flank,20.0,60.0,78.5,10,,0,INSUFFICIENT,INSUFFICIENT,,,,0,0,0.0,,,,,
타원[flank] W20 d120 τ0,ellipse,flank,20.0,120.0,0.0,1,,0,INSUFFICIENT,INSUFFICIENT,,,,0,0,0.0,,,,,
타원[flank] W20 d120 τ0,ellipse,flank,20.0,120.0,0.0,2,,0,INSUFFICIENT,INSUFFICIENT,,,,0,0,0.0,,,,,
타원[flank] W20 d120 τ0,ellipse,flank,20.0,120.0,0.0,3,,0,INSUFFICIENT,INSUFFICIENT,,,,0,0,0.0,,,,,
타원[flank] W20 d120 τ0,ellipse,flank,20.0,120.0,0.0,4,,0,INSUFFICIENT,INSUFFICIENT,,,,0,0,0.0,,,,,
타원[flank] W20 d120 τ0,ellipse,flank,20.0,120.0,0.0,5,,0,INSUFFICIENT,INSUFFICIENT,,,,0,0,0.0,,,,,
타원[flank] W20 d120 τ0,ellipse,flank,20.0,120.0,0.0,6,,0,INSUFFICIENT,INSUFFICIENT,,,,0,0,0.0,,,,,
타원[flank] W20 d120 τ0,ellipse,flank,20.0,120.0,0.0,7,,0,INSUFFICIENT,INSUFFICIENT,,,,0,0,0.0,,,,,
타원[flank] W20 d120 τ0,ellipse,flank,20.0,120.0,0.0,8,,0,INSUFFICIENT,INSUFFICIENT,,,,0,0,0.0,,,,,
타원[flank] W20 d120 τ0,ellipse,flank,20.0,120.0,0.0,9,,0,INSUFFICIENT,INSUFFICIENT,,,,0,0,0.0,,,,,
타원[flank] W20 d120 τ0,ellipse,flank,20.0,120.0,0.0,10,,0,INSUFFICIENT,INSUFFICIENT,,,,0,0,0.0,,,,,
타원[flank] W20 d120 τ11,ellipse,flank,20.0,120.0,11.0,1,,0,INSUFFICIENT,INSUFFICIENT,,,,0,0,0.0,,,,,
타원[flank] W20 d120 τ11,ellipse,flank,20.0,120.0,11.0,2,,0,INSUFFICIENT,INSUFFICIENT,,,,0,0,0.0,,,,,
타원[flank] W20 d120 τ11,ellipse,flank,20.0,120.0,11.0,3,,0,INSUFFICIENT,INSUFFICIENT,,,,0,0,0.0,,,,,
타원[flank] W20 d120 τ11,ellipse,flank,20.0,120.0,11.0,4,,0,INSUFFICIENT,INSUFFICIENT,,,,0,0,0.0,,,,,
타원[flank] W20 d120 τ11,ellipse,flank,20.0,120.0,11.0,5,,0,INSUFFICIENT,INSUFFICIENT,,,,0,0,0.0,,,,,
타원[flank] W20 d120 τ11,ellipse,flank,20.0,120.0,11.0,6,,0,INSUFFICIENT,INSUFFICIENT,,,,0,0,0.0,,,,,
타원[flank] W20 d120 τ11,ellipse,flank,20.0,120.0,11.0,7,,0,INSUFFICIENT,INSUFFICIENT,,,,0,0,0.0,,,,,
타원[flank] W20 d120 τ11,ellipse,flank,20.0,120.0,11.0,8,,0,INSUFFICIENT,INSUFFICIENT,,,,0,0,0.0,,,,,
타원[flank] W20 d120 τ11,ellipse,flank,20.0,120.0,11.0,9,,0,INSUFFICIENT,INSUFFICIENT,,,,0,0,0.0,,,,,
타원[flank] W20 d120 τ11,ellipse,flank,20.0,120.0,11.0,10,,0,INSUFFICIENT,INSUFFICIENT,,,,0,0,0.0,,,,,
타원[flank] W20 d120 τ78,ellipse,flank,20.0,120.0,78.5,1,,0,INSUFFICIENT,INSUFFICIENT,,,,0,0,0.0,,,,,
타원[flank] W20 d120 τ78,ellipse,flank,20.0,120.0,78.5,2,,0,INSUFFICIENT,INSUFFICIENT,,,,0,0,0.0,,,,,
타원[flank] W20 d120 τ78,ellipse,flank,20.0,120.0,78.5,3,,0,INSUFFICIENT,INSUFFICIENT,,,,0,0,0.0,,,,,
타원[flank] W20 d120 τ78,ellipse,flank,20.0,120.0,78.5,4,,0,INSUFFICIENT,INSUFFICIENT,,,,0,0,0.0,,,,,
타원[flank] W20 d120 τ78,ellipse,flank,20.0,120.0,78.5,5,,0,INSUFFICIENT,INSUFFICIENT,,,,0,0,0.0,,,,,
타원[flank] W20 d120 τ78,ellipse,flank,20.0,120.0,78.5,6,,0,INSUFFICIENT,INSUFFICIENT,,,,0,0,0.0,,,,,
타원[flank] W20 d120 τ78,ellipse,flank,20.0,120.0,78.5,7,,0,INSUFFICIENT,INSUFFICIENT,,,,0,0,0.0,,,,,
타원[flank] W20 d120 τ78,ellipse,flank,20.0,120.0,78.5,8,,0,INSUFFICIENT,INSUFFICIENT,,,,0,0,0.0,,,,,
타원[flank] W20 d120 τ78,ellipse,flank,20.0,120.0,78.5,9,,0,INSUFFICIENT,INSUFFICIENT,,,,0,0,0.0,,,,,
타원[flank] W20 d120 τ78,ellipse,flank,20.0,120.0,78.5,10,,0,INSUFFICIENT,INSUFFICIENT,,,,0,0,0.0,,,,,
타원[flank] W30 d30 τ0,ellipse,flank,30.0,30.0,0.0,1,,0,INSUFFICIENT,INSUFFICIENT,,,,0,0,0.0,,,,,
타원[flank] W30 d30 τ0,ellipse,flank,30.0,30.0,0.0,2,,0,INSUFFICIENT,INSUFFICIENT,,,,0,0,0.0,,,,,
타원[flank] W30 d30 τ0,ellipse,flank,30.0,30.0,0.0,3,,0,INSUFFICIENT,INSUFFICIENT,,,,0,0,0.0,,,,,
타원[flank] W30 d30 τ0,ellipse,flank,30.0,30.0,0.0,4,,0,INSUFFICIENT,INSUFFICIENT,,,,0,0,0.0,,,,,
타원[flank] W30 d30 τ0,ellipse,flank,30.0,30.0,0.0,5,,0,INSUFFICIENT,INSUFFICIENT,,,,0,0,0.0,,,,,
타원[flank] W30 d30 τ0,ellipse,flank,30.0,30.0,0.0,6,,0,INSUFFICIENT,INSUFFICIENT,,,,0,0,0.0,,,,,
타원[flank] W30 d30 τ0,ellipse,flank,30.0,30.0,0.0,7,,0,INSUFFICIENT,INSUFFICIENT,,,,0,0,0.0,,,,,
타원[flank] W30 d30 τ0,ellipse,flank,30.0,30.0,0.0,8,,0,INSUFFICIENT,INSUFFICIENT,,,,0,0,0.0,,,,,
타원[flank] W30 d30 τ0,ellipse,flank,30.0,30.0,0.0,9,,0,INSUFFICIENT,INSUFFICIENT,,,,0,0,0.0,,,,,
타원[flank] W30 d30 τ0,ellipse,flank,30.0,30.0,0.0,10,,0,INSUFFICIENT,INSUFFICIENT,,,,0,0,0.0,,,,,
타원[flank] W30 d30 τ11,ellipse,flank,30.0,30.0,11.0,1,,0,INSUFFICIENT,INSUFFICIENT,,,,0,0,0.0,,,,,
타원[flank] W30 d30 τ11,ellipse,flank,30.0,30.0,11.0,2,,0,INSUFFICIENT,INSUFFICIENT,,,,0,0,0.0,,,,,
타원[flank] W30 d30 τ11,ellipse,flank,30.0,30.0,11.0,3,,0,INSUFFICIENT,INSUFFICIENT,,,,0,0,0.0,,,,,
타원[flank] W30 d30 τ11,ellipse,flank,30.0,30.0,11.0,4,,0,INSUFFICIENT,INSUFFICIENT,,,,0,0,0.0,,,,,
타원[flank] W30 d30 τ11,ellipse,flank,30.0,30.0,11.0,5,,0,INSUFFICIENT,INSUFFICIENT,,,,0,0,0.0,,,,,
타원[flank] W30 d30 τ11,ellipse,flank,30.0,30.0,11.0,6,,0,INSUFFICIENT,INSUFFICIENT,,,,0,0,0.0,,,,,
타원[flank] W30 d30 τ11,ellipse,flank,30.0,30.0,11.0,7,,0,INSUFFICIENT,INSUFFICIENT,,,,0,0,0.0,,,,,
타원[flank] W30 d30 τ11,ellipse,flank,30.0,30.0,11.0,8,,0,INSUFFICIENT,INSUFFICIENT,,,,0,0,0.0,,,,,
타원[flank] W30 d30 τ11,ellipse,flank,30.0,30.0,11.0,9,,0,INSUFFICIENT,INSUFFICIENT,,,,0,0,0.0,,,,,
타원[flank] W30 d30 τ11,ellipse,flank,30.0,30.0,11.0,10,,0,INSUFFICIENT,INSUFFICIENT,,,,0,0,0.0,,,,,
타원[flank] W30 d30 τ78,ellipse,flank,30.0,30.0,78.5,1,,0,INSUFFICIENT,INSUFFICIENT,,,,0,0,0.0,,,,,
타원[flank] W30 d30 τ78,ellipse,flank,30.0,30.0,78.5,2,,0,INSUFFICIENT,INSUFFICIENT,,,,0,0,0.0,,,,,
타원[flank] W30 d30 τ78,ellipse,flank,30.0,30.0,78.5,3,,0,INSUFFICIENT,INSUFFICIENT,,,,0,0,0.0,,,,,
타원[flank] W30 d30 τ78,ellipse,flank,30.0,30.0,78.5,4,,0,INSUFFICIENT,INSUFFICIENT,,,,0,0,0.0,,,,,
타원[flank] W30 d30 τ78,ellipse,flank,30.0,30.0,78.5,5,,0,INSUFFICIENT,INSUFFICIENT,,,,0,0,0.0,,,,,
타원[flank] W30 d30 τ78,ellipse,flank,30.0,30.0,78.5,6,,0,INSUFFICIENT,INSUFFICIENT,,,,0,0,0.0,,,,,
타원[flank] W30 d30 τ78,ellipse,flank,30.0,30.0,78.5,7,,0,INSUFFICIENT,INSUFFICIENT,,,,0,0,0.0,,,,,
타원[flank] W30 d30 τ78,ellipse,flank,30.0,30.0,78.5,8,,0,INSUFFICIENT,INSUFFICIENT,,,,0,0,0.0,,,,,
타원[flank] W30 d30 τ78,ellipse,flank,30.0,30.0,78.5,9,,0,INSUFFICIENT,INSUFFICIENT,,,,0,0,0.0,,,,,
타원[flank] W30 d30 τ78,ellipse,flank,30.0,30.0,78.5,10,,0,INSUFFICIENT,INSUFFICIENT,,,,0,0,0.0,,,,,
타원[flank] W30 d60 τ0,ellipse,flank,30.0,60.0,0.0,1,,0,INSUFFICIENT,INSUFFICIENT,,,,0,0,0.0,,,,,
타원[flank] W30 d60 τ0,ellipse,flank,30.0,60.0,0.0,2,,0,INSUFFICIENT,INSUFFICIENT,,,,0,0,0.0,,,,,
타원[flank] W30 d60 τ0,ellipse,flank,30.0,60.0,0.0,3,,0,INSUFFICIENT,INSUFFICIENT,,,,0,0,0.0,,,,,
타원[flank] W30 d60 τ0,ellipse,flank,30.0,60.0,0.0,4,,0,INSUFFICIENT,INSUFFICIENT,,,,0,0,0.0,,,,,
타원[flank] W30 d60 τ0,ellipse,flank,30.0,60.0,0.0,5,,0,INSUFFICIENT,INSUFFICIENT,,,,0,0,0.0,,,,,
타원[flank] W30 d60 τ0,ellipse,flank,30.0,60.0,0.0,6,,0,INSUFFICIENT,INSUFFICIENT,,,,0,0,0.0,,,,,
타원[flank] W30 d60 τ0,ellipse,flank,30.0,60.0,0.0,7,,0,INSUFFICIENT,INSUFFICIENT,,,,0,0,0.0,,,,,
타원[flank] W30 d60 τ0,ellipse,flank,30.0,60.0,0.0,8,,0,INSUFFICIENT,INSUFFICIENT,,,,0,0,0.0,,,,,
타원[flank] W30 d60 τ0,ellipse,flank,30.0,60.0,0.0,9,,0,INSUFFICIENT,INSUFFICIENT,,,,0,0,0.0,,,,,
타원[flank] W30 d60 τ0,ellipse,flank,30.0,60.0,0.0,10,,0,INSUFFICIENT,INSUFFICIENT,,,,0,0,0.0,,,,,
타원[flank] W30 d60 τ11,ellipse,flank,30.0,60.0,11.0,1,,0,INSUFFICIENT,INSUFFICIENT,,,,0,0,0.0,,,,,
타원[flank] W30 d60 τ11,ellipse,flank,30.0,60.0,11.0,2,,0,INSUFFICIENT,INSUFFICIENT,,,,0,0,0.0,,,,,
타원[flank] W30 d60 τ11,ellipse,flank,30.0,60.0,11.0,3,,0,INSUFFICIENT,INSUFFICIENT,,,,0,0,0.0,,,,,
타원[flank] W30 d60 τ11,ellipse,flank,30.0,60.0,11.0,4,,0,INSUFFICIENT,INSUFFICIENT,,,,0,0,0.0,,,,,
타원[flank] W30 d60 τ11,ellipse,flank,30.0,60.0,11.0,5,,0,INSUFFICIENT,INSUFFICIENT,,,,0,0,0.0,,,,,
타원[flank] W30 d60 τ11,ellipse,flank,30.0,60.0,11.0,6,,0,INSUFFICIENT,INSUFFICIENT,,,,0,0,0.0,,,,,
타원[flank] W30 d60 τ11,ellipse,flank,30.0,60.0,11.0,7,,0,INSUFFICIENT,INSUFFICIENT,,,,0,0,0.0,,,,,
타원[flank] W30 d60 τ11,ellipse,flank,30.0,60.0,11.0,8,,0,INSUFFICIENT,INSUFFICIENT,,,,0,0,0.0,,,,,
타원[flank] W30 d60 τ11,ellipse,flank,30.0,60.0,11.0,9,,0,INSUFFICIENT,INSUFFICIENT,,,,0,0,0.0,,,,,
타원[flank] W30 d60 τ11,ellipse,flank,30.0,60.0,11.0,10,,0,INSUFFICIENT,INSUFFICIENT,,,,0,0,0.0,,,,,
타원[flank] W30 d60 τ78,ellipse,flank,30.0,60.0,78.5,1,,0,INSUFFICIENT,INSUFFICIENT,,,,0,0,0.0,,,,,
타원[flank] W30 d60 τ78,ellipse,flank,30.0,60.0,78.5,2,,0,INSUFFICIENT,INSUFFICIENT,,,,0,0,0.0,,,,,
타원[flank] W30 d60 τ78,ellipse,flank,30.0,60.0,78.5,3,,0,INSUFFICIENT,INSUFFICIENT,,,,0,0,0.0,,,,,
타원[flank] W30 d60 τ78,ellipse,flank,30.0,60.0,78.5,4,,0,INSUFFICIENT,INSUFFICIENT,,,,0,0,0.0,,,,,
타원[flank] W30 d60 τ78,ellipse,flank,30.0,60.0,78.5,5,,0,INSUFFICIENT,INSUFFICIENT,,,,0,0,0.0,,,,,
타원[flank] W30 d60 τ78,ellipse,flank,30.0,60.0,78.5,6,,0,INSUFFICIENT,INSUFFICIENT,,,,0,0,0.0,,,,,
타원[flank] W30 d60 τ78,ellipse,flank,30.0,60.0,78.5,7,,0,INSUFFICIENT,INSUFFICIENT,,,,0,0,0.0,,,,,
타원[flank] W30 d60 τ78,ellipse,flank,30.0,60.0,78.5,8,,0,INSUFFICIENT,INSUFFICIENT,,,,0,0,0.0,,,,,
타원[flank] W30 d60 τ78,ellipse,flank,30.0,60.0,78.5,9,,0,INSUFFICIENT,INSUFFICIENT,,,,0,0,0.0,,,,,
타원[flank] W30 d60 τ78,ellipse,flank,30.0,60.0,78.5,10,,0,INSUFFICIENT,INSUFFICIENT,,,,0,0,0.0,,,,,
타원[flank] W30 d120 τ0,ellipse,flank,30.0,120.0,0.0,1,,0,INSUFFICIENT,INSUFFICIENT,,,,0,0,0.0,,,,,
타원[flank] W30 d120 τ0,ellipse,flank,30.0,120.0,0.0,2,,0,INSUFFICIENT,INSUFFICIENT,,,,0,0,0.0,,,,,
타원[flank] W30 d120 τ0,ellipse,flank,30.0,120.0,0.0,3,,0,INSUFFICIENT,INSUFFICIENT,,,,0,0,0.0,,,,,
타원[flank] W30 d120 τ0,ellipse,flank,30.0,120.0,0.0,4,,0,INSUFFICIENT,INSUFFICIENT,,,,0,0,0.0,,,,,
타원[flank] W30 d120 τ0,ellipse,flank,30.0,120.0,0.0,5,,0,INSUFFICIENT,INSUFFICIENT,,,,0,0,0.0,,,,,
타원[flank] W30 d120 τ0,ellipse,flank,30.0,120.0,0.0,6,,0,INSUFFICIENT,INSUFFICIENT,,,,0,0,0.0,,,,,
타원[flank] W30 d120 τ0,ellipse,flank,30.0,120.0,0.0,7,,0,INSUFFICIENT,INSUFFICIENT,,,,0,0,0.0,,,,,
타원[flank] W30 d120 τ0,ellipse,flank,30.0,120.0,0.0,8,,0,INSUFFICIENT,INSUFFICIENT,,,,0,0,0.0,,,,,
타원[flank] W30 d120 τ0,ellipse,flank,30.0,120.0,0.0,9,,0,INSUFFICIENT,INSUFFICIENT,,,,0,0,0.0,,,,,
타원[flank] W30 d120 τ0,ellipse,flank,30.0,120.0,0.0,10,,0,INSUFFICIENT,INSUFFICIENT,,,,0,0,0.0,,,,,
타원[flank] W30 d120 τ11,ellipse,flank,30.0,120.0,11.0,1,,0,INSUFFICIENT,INSUFFICIENT,,,,0,0,0.0,,,,,
타원[flank] W30 d120 τ11,ellipse,flank,30.0,120.0,11.0,2,,0,INSUFFICIENT,INSUFFICIENT,,,,0,0,0.0,,,,,
타원[flank] W30 d120 τ11,ellipse,flank,30.0,120.0,11.0,3,,0,INSUFFICIENT,INSUFFICIENT,,,,0,0,0.0,,,,,
타원[flank] W30 d120 τ11,ellipse,flank,30.0,120.0,11.0,4,,0,INSUFFICIENT,INSUFFICIENT,,,,0,0,0.0,,,,,
타원[flank] W30 d120 τ11,ellipse,flank,30.0,120.0,11.0,5,,0,INSUFFICIENT,INSUFFICIENT,,,,0,0,0.0,,,,,
타원[flank] W30 d120 τ11,ellipse,flank,30.0,120.0,11.0,6,,0,INSUFFICIENT,INSUFFICIENT,,,,0,0,0.0,,,,,
타원[flank] W30 d120 τ11,ellipse,flank,30.0,120.0,11.0,7,,0,INSUFFICIENT,INSUFFICIENT,,,,0,0,0.0,,,,,
타원[flank] W30 d120 τ11,ellipse,flank,30.0,120.0,11.0,8,,0,INSUFFICIENT,INSUFFICIENT,,,,0,0,0.0,,,,,
타원[flank] W30 d120 τ11,ellipse,flank,30.0,120.0,11.0,9,,0,INSUFFICIENT,INSUFFICIENT,,,,0,0,0.0,,,,,
타원[flank] W30 d120 τ11,ellipse,flank,30.0,120.0,11.0,10,,0,INSUFFICIENT,INSUFFICIENT,,,,0,0,0.0,,,,,
타원[flank] W30 d120 τ78,ellipse,flank,30.0,120.0,78.5,1,,0,INSUFFICIENT,INSUFFICIENT,,,,0,0,0.0,,,,,
타원[flank] W30 d120 τ78,ellipse,flank,30.0,120.0,78.5,2,,0,INSUFFICIENT,INSUFFICIENT,,,,0,0,0.0,,,,,
타원[flank] W30 d120 τ78,ellipse,flank,30.0,120.0,78.5,3,,0,INSUFFICIENT,INSUFFICIENT,,,,0,0,0.0,,,,,
타원[flank] W30 d120 τ78,ellipse,flank,30.0,120.0,78.5,4,,0,INSUFFICIENT,INSUFFICIENT,,,,0,0,0.0,,,,,
타원[flank] W30 d120 τ78,ellipse,flank,30.0,120.0,78.5,5,,0,INSUFFICIENT,INSUFFICIENT,,,,0,0,0.0,,,,,
타원[flank] W30 d120 τ78,ellipse,flank,30.0,120.0,78.5,6,,0,INSUFFICIENT,INSUFFICIENT,,,,0,0,0.0,,,,,
타원[flank] W30 d120 τ78,ellipse,flank,30.0,120.0,78.5,7,,0,INSUFFICIENT,INSUFFICIENT,,,,0,0,0.0,,,,,
타원[flank] W30 d120 τ78,ellipse,flank,30.0,120.0,78.5,8,,0,INSUFFICIENT,INSUFFICIENT,,,,0,0,0.0,,,,,
타원[flank] W30 d120 τ78,ellipse,flank,30.0,120.0,78.5,9,,0,INSUFFICIENT,INSUFFICIENT,,,,0,0,0.0,,,,,
타원[flank] W30 d120 τ78,ellipse,flank,30.0,120.0,78.5,10,,0,INSUFFICIENT,INSUFFICIENT,,,,0,0,0.0,,,,,
타원[flank] W50 d30 τ0,ellipse,flank,50.0,30.0,0.0,1,,0,INSUFFICIENT,INSUFFICIENT,,,,0,0,0.0,,,,,
타원[flank] W50 d30 τ0,ellipse,flank,50.0,30.0,0.0,2,,0,INSUFFICIENT,INSUFFICIENT,,,,0,0,0.0,,,,,
타원[flank] W50 d30 τ0,ellipse,flank,50.0,30.0,0.0,3,,0,INSUFFICIENT,INSUFFICIENT,,,,0,0,0.0,,,,,
타원[flank] W50 d30 τ0,ellipse,flank,50.0,30.0,0.0,4,,0,INSUFFICIENT,INSUFFICIENT,,,,0,0,0.0,,,,,
타원[flank] W50 d30 τ0,ellipse,flank,50.0,30.0,0.0,5,,0,INSUFFICIENT,INSUFFICIENT,,,,0,0,0.0,,,,,
타원[flank] W50 d30 τ0,ellipse,flank,50.0,30.0,0.0,6,,0,INSUFFICIENT,INSUFFICIENT,,,,0,0,0.0,,,,,
타원[flank] W50 d30 τ0,ellipse,flank,50.0,30.0,0.0,7,,0,INSUFFICIENT,INSUFFICIENT,,,,0,0,0.0,,,,,
타원[flank] W50 d30 τ0,ellipse,flank,50.0,30.0,0.0,8,,0,INSUFFICIENT,INSUFFICIENT,,,,0,0,0.0,,,,,
타원[flank] W50 d30 τ0,ellipse,flank,50.0,30.0,0.0,9,,0,INSUFFICIENT,INSUFFICIENT,,,,0,0,0.0,,,,,
타원[flank] W50 d30 τ0,ellipse,flank,50.0,30.0,0.0,10,,0,INSUFFICIENT,INSUFFICIENT,,,,0,0,0.0,,,,,
타원[flank] W50 d30 τ11,ellipse,flank,50.0,30.0,11.0,1,,0,INSUFFICIENT,INSUFFICIENT,,,,0,0,0.0,,,,,
타원[flank] W50 d30 τ11,ellipse,flank,50.0,30.0,11.0,2,,0,INSUFFICIENT,INSUFFICIENT,,,,0,0,0.0,,,,,
타원[flank] W50 d30 τ11,ellipse,flank,50.0,30.0,11.0,3,,0,INSUFFICIENT,INSUFFICIENT,,,,0,0,0.0,,,,,
타원[flank] W50 d30 τ11,ellipse,flank,50.0,30.0,11.0,4,,0,INSUFFICIENT,INSUFFICIENT,,,,0,0,0.0,,,,,
타원[flank] W50 d30 τ11,ellipse,flank,50.0,30.0,11.0,5,,0,INSUFFICIENT,INSUFFICIENT,,,,0,0,0.0,,,,,
타원[flank] W50 d30 τ11,ellipse,flank,50.0,30.0,11.0,6,,0,INSUFFICIENT,INSUFFICIENT,,,,0,0,0.0,,,,,
타원[flank] W50 d30 τ11,ellipse,flank,50.0,30.0,11.0,7,,0,INSUFFICIENT,INSUFFICIENT,,,,0,0,0.0,,,,,
타원[flank] W50 d30 τ11,ellipse,flank,50.0,30.0,11.0,8,,0,INSUFFICIENT,INSUFFICIENT,,,,0,0,0.0,,,,,
타원[flank] W50 d30 τ11,ellipse,flank,50.0,30.0,11.0,9,,0,INSUFFICIENT,INSUFFICIENT,,,,0,0,0.0,,,,,
타원[flank] W50 d30 τ11,ellipse,flank,50.0,30.0,11.0,10,,0,INSUFFICIENT,INSUFFICIENT,,,,0,0,0.0,,,,,
타원[flank] W50 d30 τ78,ellipse,flank,50.0,30.0,78.5,1,,0,INSUFFICIENT,INSUFFICIENT,,,,0,0,0.0,,,,,
타원[flank] W50 d30 τ78,ellipse,flank,50.0,30.0,78.5,2,,0,INSUFFICIENT,INSUFFICIENT,,,,0,0,0.0,,,,,
타원[flank] W50 d30 τ78,ellipse,flank,50.0,30.0,78.5,3,,0,INSUFFICIENT,INSUFFICIENT,,,,0,0,0.0,,,,,
타원[flank] W50 d30 τ78,ellipse,flank,50.0,30.0,78.5,4,,0,INSUFFICIENT,INSUFFICIENT,,,,0,0,0.0,,,,,
타원[flank] W50 d30 τ78,ellipse,flank,50.0,30.0,78.5,5,,0,INSUFFICIENT,INSUFFICIENT,,,,0,0,0.0,,,,,
타원[flank] W50 d30 τ78,ellipse,flank,50.0,30.0,78.5,6,,0,INSUFFICIENT,INSUFFICIENT,,,,0,0,0.0,,,,,
타원[flank] W50 d30 τ78,ellipse,flank,50.0,30.0,78.5,7,,0,INSUFFICIENT,INSUFFICIENT,,,,0,0,0.0,,,,,
타원[flank] W50 d30 τ78,ellipse,flank,50.0,30.0,78.5,8,,0,INSUFFICIENT,INSUFFICIENT,,,,0,0,0.0,,,,,
타원[flank] W50 d30 τ78,ellipse,flank,50.0,30.0,78.5,9,,0,INSUFFICIENT,INSUFFICIENT,,,,0,0,0.0,,,,,
타원[flank] W50 d30 τ78,ellipse,flank,50.0,30.0,78.5,10,,0,INSUFFICIENT,INSUFFICIENT,,,,0,0,0.0,,,,,
타원[flank] W50 d60 τ0,ellipse,flank,50.0,60.0,0.0,1,,0,INSUFFICIENT,INSUFFICIENT,,,,0,0,0.0,,,,,
타원[flank] W50 d60 τ0,ellipse,flank,50.0,60.0,0.0,2,,0,INSUFFICIENT,INSUFFICIENT,,,,0,0,0.0,,,,,
타원[flank] W50 d60 τ0,ellipse,flank,50.0,60.0,0.0,3,,0,INSUFFICIENT,INSUFFICIENT,,,,0,0,0.0,,,,,
타원[flank] W50 d60 τ0,ellipse,flank,50.0,60.0,0.0,4,,0,INSUFFICIENT,INSUFFICIENT,,,,0,0,0.0,,,,,
타원[flank] W50 d60 τ0,ellipse,flank,50.0,60.0,0.0,5,,0,INSUFFICIENT,INSUFFICIENT,,,,0,0,0.0,,,,,
타원[flank] W50 d60 τ0,ellipse,flank,50.0,60.0,0.0,6,,0,INSUFFICIENT,INSUFFICIENT,,,,0,0,0.0,,,,,
타원[flank] W50 d60 τ0,ellipse,flank,50.0,60.0,0.0,7,,0,INSUFFICIENT,INSUFFICIENT,,,,0,0,0.0,,,,,
타원[flank] W50 d60 τ0,ellipse,flank,50.0,60.0,0.0,8,,0,INSUFFICIENT,INSUFFICIENT,,,,0,0,0.0,,,,,
타원[flank] W50 d60 τ0,ellipse,flank,50.0,60.0,0.0,9,,0,INSUFFICIENT,INSUFFICIENT,,,,0,0,0.0,,,,,
타원[flank] W50 d60 τ0,ellipse,flank,50.0,60.0,0.0,10,,0,INSUFFICIENT,INSUFFICIENT,,,,0,0,0.0,,,,,
타원[flank] W50 d60 τ11,ellipse,flank,50.0,60.0,11.0,1,,0,INSUFFICIENT,INSUFFICIENT,,,,0,0,0.0,,,,,
타원[flank] W50 d60 τ11,ellipse,flank,50.0,60.0,11.0,2,,0,INSUFFICIENT,INSUFFICIENT,,,,0,0,0.0,,,,,
타원[flank] W50 d60 τ11,ellipse,flank,50.0,60.0,11.0,3,,0,INSUFFICIENT,INSUFFICIENT,,,,0,0,0.0,,,,,
타원[flank] W50 d60 τ11,ellipse,flank,50.0,60.0,11.0,4,,0,INSUFFICIENT,INSUFFICIENT,,,,0,0,0.0,,,,,
타원[flank] W50 d60 τ11,ellipse,flank,50.0,60.0,11.0,5,,0,INSUFFICIENT,INSUFFICIENT,,,,0,0,0.0,,,,,
타원[flank] W50 d60 τ11,ellipse,flank,50.0,60.0,11.0,6,,0,INSUFFICIENT,INSUFFICIENT,,,,0,0,0.0,,,,,
타원[flank] W50 d60 τ11,ellipse,flank,50.0,60.0,11.0,7,,0,INSUFFICIENT,INSUFFICIENT,,,,0,0,0.0,,,,,
타원[flank] W50 d60 τ11,ellipse,flank,50.0,60.0,11.0,8,,0,INSUFFICIENT,INSUFFICIENT,,,,0,0,0.0,,,,,
타원[flank] W50 d60 τ11,ellipse,flank,50.0,60.0,11.0,9,,0,INSUFFICIENT,INSUFFICIENT,,,,0,0,0.0,,,,,
타원[flank] W50 d60 τ11,ellipse,flank,50.0,60.0,11.0,10,,0,INSUFFICIENT,INSUFFICIENT,,,,0,0,0.0,,,,,
타원[flank] W50 d60 τ78,ellipse,flank,50.0,60.0,78.5,1,,0,INSUFFICIENT,INSUFFICIENT,,,,0,0,0.0,,,,,
타원[flank] W50 d60 τ78,ellipse,flank,50.0,60.0,78.5,2,,0,INSUFFICIENT,INSUFFICIENT,,,,0,0,0.0,,,,,
타원[flank] W50 d60 τ78,ellipse,flank,50.0,60.0,78.5,3,,0,INSUFFICIENT,INSUFFICIENT,,,,0,0,0.0,,,,,
타원[flank] W50 d60 τ78,ellipse,flank,50.0,60.0,78.5,4,,0,INSUFFICIENT,INSUFFICIENT,,,,0,0,0.0,,,,,
타원[flank] W50 d60 τ78,ellipse,flank,50.0,60.0,78.5,5,,0,INSUFFICIENT,INSUFFICIENT,,,,0,0,0.0,,,,,
타원[flank] W50 d60 τ78,ellipse,flank,50.0,60.0,78.5,6,,0,INSUFFICIENT,INSUFFICIENT,,,,0,0,0.0,,,,,
타원[flank] W50 d60 τ78,ellipse,flank,50.0,60.0,78.5,7,,0,INSUFFICIENT,INSUFFICIENT,,,,0,0,0.0,,,,,
타원[flank] W50 d60 τ78,ellipse,flank,50.0,60.0,78.5,8,,0,INSUFFICIENT,INSUFFICIENT,,,,0,0,0.0,,,,,
타원[flank] W50 d60 τ78,ellipse,flank,50.0,60.0,78.5,9,,0,INSUFFICIENT,INSUFFICIENT,,,,0,0,0.0,,,,,
타원[flank] W50 d60 τ78,ellipse,flank,50.0,60.0,78.5,10,,0,INSUFFICIENT,INSUFFICIENT,,,,0,0,0.0,,,,,
타원[flank] W50 d120 τ0,ellipse,flank,50.0,120.0,0.0,1,,0,INSUFFICIENT,INSUFFICIENT,,,,0,0,0.0,,,,,
타원[flank] W50 d120 τ0,ellipse,flank,50.0,120.0,0.0,2,,0,INSUFFICIENT,INSUFFICIENT,,,,0,0,0.0,,,,,
타원[flank] W50 d120 τ0,ellipse,flank,50.0,120.0,0.0,3,,0,INSUFFICIENT,INSUFFICIENT,,,,0,0,0.0,,,,,
타원[flank] W50 d120 τ0,ellipse,flank,50.0,120.0,0.0,4,,0,INSUFFICIENT,INSUFFICIENT,,,,0,0,0.0,,,,,
타원[flank] W50 d120 τ0,ellipse,flank,50.0,120.0,0.0,5,,0,INSUFFICIENT,INSUFFICIENT,,,,0,0,0.0,,,,,
타원[flank] W50 d120 τ0,ellipse,flank,50.0,120.0,0.0,6,,0,INSUFFICIENT,INSUFFICIENT,,,,0,0,0.0,,,,,
타원[flank] W50 d120 τ0,ellipse,flank,50.0,120.0,0.0,7,,0,INSUFFICIENT,INSUFFICIENT,,,,0,0,0.0,,,,,
타원[flank] W50 d120 τ0,ellipse,flank,50.0,120.0,0.0,8,,0,INSUFFICIENT,INSUFFICIENT,,,,0,0,0.0,,,,,
타원[flank] W50 d120 τ0,ellipse,flank,50.0,120.0,0.0,9,,0,INSUFFICIENT,INSUFFICIENT,,,,0,0,0.0,,,,,
타원[flank] W50 d120 τ0,ellipse,flank,50.0,120.0,0.0,10,,0,INSUFFICIENT,INSUFFICIENT,,,,0,0,0.0,,,,,
타원[flank] W50 d120 τ11,ellipse,flank,50.0,120.0,11.0,1,,0,INSUFFICIENT,INSUFFICIENT,,,,0,0,0.0,,,,,
타원[flank] W50 d120 τ11,ellipse,flank,50.0,120.0,11.0,2,,0,INSUFFICIENT,INSUFFICIENT,,,,0,0,0.0,,,,,
타원[flank] W50 d120 τ11,ellipse,flank,50.0,120.0,11.0,3,,0,INSUFFICIENT,INSUFFICIENT,,,,0,0,0.0,,,,,
타원[flank] W50 d120 τ11,ellipse,flank,50.0,120.0,11.0,4,,0,INSUFFICIENT,INSUFFICIENT,,,,0,0,0.0,,,,,
타원[flank] W50 d120 τ11,ellipse,flank,50.0,120.0,11.0,5,,0,INSUFFICIENT,INSUFFICIENT,,,,0,0,0.0,,,,,
타원[flank] W50 d120 τ11,ellipse,flank,50.0,120.0,11.0,6,,0,INSUFFICIENT,INSUFFICIENT,,,,0,0,0.0,,,,,
타원[flank] W50 d120 τ11,ellipse,flank,50.0,120.0,11.0,7,,0,INSUFFICIENT,INSUFFICIENT,,,,0,0,0.0,,,,,
타원[flank] W50 d120 τ11,ellipse,flank,50.0,120.0,11.0,8,,0,INSUFFICIENT,INSUFFICIENT,,,,0,0,0.0,,,,,
타원[flank] W50 d120 τ11,ellipse,flank,50.0,120.0,11.0,9,,0,INSUFFICIENT,INSUFFICIENT,,,,0,0,0.0,,,,,
타원[flank] W50 d120 τ11,ellipse,flank,50.0,120.0,11.0,10,,0,INSUFFICIENT,INSUFFICIENT,,,,0,0,0.0,,,,,
타원[flank] W50 d120 τ78,ellipse,flank,50.0,120.0,78.5,1,,0,INSUFFICIENT,INSUFFICIENT,,,,0,0,0.0,,,,,
타원[flank] W50 d120 τ78,ellipse,flank,50.0,120.0,78.5,2,,0,INSUFFICIENT,INSUFFICIENT,,,,0,0,0.0,,,,,
타원[flank] W50 d120 τ78,ellipse,flank,50.0,120.0,78.5,3,,0,INSUFFICIENT,INSUFFICIENT,,,,0,0,0.0,,,,,
타원[flank] W50 d120 τ78,ellipse,flank,50.0,120.0,78.5,4,,0,INSUFFICIENT,INSUFFICIENT,,,,0,0,0.0,,,,,
타원[flank] W50 d120 τ78,ellipse,flank,50.0,120.0,78.5,5,,0,INSUFFICIENT,INSUFFICIENT,,,,0,0,0.0,,,,,
타원[flank] W50 d120 τ78,ellipse,flank,50.0,120.0,78.5,6,,0,INSUFFICIENT,INSUFFICIENT,,,,0,0,0.0,,,,,
타원[flank] W50 d120 τ78,ellipse,flank,50.0,120.0,78.5,7,,0,INSUFFICIENT,INSUFFICIENT,,,,0,0,0.0,,,,,
타원[flank] W50 d120 τ78,ellipse,flank,50.0,120.0,78.5,8,,0,INSUFFICIENT,INSUFFICIENT,,,,0,0,0.0,,,,,
타원[flank] W50 d120 τ78,ellipse,flank,50.0,120.0,78.5,9,,0,INSUFFICIENT,INSUFFICIENT,,,,0,0,0.0,,,,,
타원[flank] W50 d120 τ78,ellipse,flank,50.0,120.0,78.5,10,,0,INSUFFICIENT,INSUFFICIENT,,,,0,0,0.0,,,,,
straight_S1 τ0 균일,tau,,,,0.0,1,2.115247425243427,1,OK,OK,1.8492,1.8492,0.7713,13,6,86.7,0.4472,straight_S1,0.0,,
straight_S1 τ0 균일,tau,,,,0.0,2,2.115247425243427,1,OK,OK,1.8492,1.8492,0.7713,13,6,86.7,0.4472,straight_S1,0.0,,
straight_S1 τ0 균일,tau,,,,0.0,3,2.115247425243427,1,OK,OK,1.8492,1.8492,0.7713,13,6,86.7,0.4472,straight_S1,0.0,,
straight_S1 τ0 균일,tau,,,,0.0,4,2.115247425243427,1,OK,OK,1.8492,1.8492,0.7713,13,6,86.7,0.4472,straight_S1,0.0,,
straight_S1 τ0 균일,tau,,,,0.0,5,2.115247425243427,1,OK,OK,1.8492,1.8492,0.7713,13,6,86.7,0.4472,straight_S1,0.0,,
straight_S1 τ0 균일,tau,,,,0.0,6,2.115247425243427,1,OK,OK,1.8492,1.8492,0.7713,13,6,86.7,0.4472,straight_S1,0.0,,
straight_S1 τ0 균일,tau,,,,0.0,7,2.115247425243427,1,OK,OK,1.8492,1.8492,0.7713,13,6,86.7,0.4472,straight_S1,0.0,,
straight_S1 τ0 균일,tau,,,,0.0,8,2.115247425243427,1,OK,OK,1.8492,1.8492,0.7713,13,6,86.7,0.4472,straight_S1,0.0,,
straight_S1 τ0 균일,tau,,,,0.0,9,2.115247425243427,1,OK,OK,1.8492,1.8492,0.7713,13,6,86.7,0.4472,straight_S1,0.0,,
straight_S1 τ0 균일,tau,,,,0.0,10,2.115247425243427,1,OK,OK,1.8492,1.8492,0.7713,13,6,86.7,0.4472,straight_S1,0.0,,
straight_S1 τ0 지터,tau,,,,0.0,1,2.115247425243427,1,OK,OK,1.8492,1.8492,0.7713,13,6,86.7,0.4472,straight_S1,0.3,,
straight_S1 τ0 지터,tau,,,,0.0,2,2.115247425243427,1,OK,OK,1.8492,1.8492,0.7713,13,6,86.7,0.4472,straight_S1,0.3,,
straight_S1 τ0 지터,tau,,,,0.0,3,2.115247425243427,1,OK,OK,1.8492,1.8492,0.7713,13,6,86.7,0.4472,straight_S1,0.3,,
straight_S1 τ0 지터,tau,,,,0.0,4,2.115247425243427,1,OK,OK,1.8492,1.8492,0.7713,13,6,86.7,0.4472,straight_S1,0.3,,
straight_S1 τ0 지터,tau,,,,0.0,5,2.115247425243427,1,OK,OK,1.8492,1.8492,0.7713,13,6,86.7,0.4472,straight_S1,0.3,,
straight_S1 τ0 지터,tau,,,,0.0,6,2.115247425243427,1,OK,OK,1.8492,1.8492,0.7713,13,6,86.7,0.4472,straight_S1,0.3,,
straight_S1 τ0 지터,tau,,,,0.0,7,2.115247425243427,1,OK,OK,1.8492,1.8492,0.7713,13,6,86.7,0.4472,straight_S1,0.3,,
straight_S1 τ0 지터,tau,,,,0.0,8,2.115247425243427,1,OK,OK,1.8492,1.8492,0.7713,13,6,86.7,0.4472,straight_S1,0.3,,
straight_S1 τ0 지터,tau,,,,0.0,9,2.115247425243427,1,OK,OK,1.8492,1.8492,0.7713,13,6,86.7,0.4472,straight_S1,0.3,,
straight_S1 τ0 지터,tau,,,,0.0,10,2.115247425243427,1,OK,OK,1.8492,1.8492,0.7713,13,6,86.7,0.4472,straight_S1,0.3,,
straight_S1 τ11 균일,tau,,,,11.0,1,0.38133543576908435,1,OK,OK,0.4036,0.4036,0.1676,13,8,86.7,0.4472,straight_S1,0.0,,
straight_S1 τ11 균일,tau,,,,11.0,2,0.38133543576908435,1,OK,OK,0.4036,0.4036,0.1676,13,8,86.7,0.4472,straight_S1,0.0,,
straight_S1 τ11 균일,tau,,,,11.0,3,0.38133543576908435,1,OK,OK,0.4036,0.4036,0.1676,13,8,86.7,0.4472,straight_S1,0.0,,
straight_S1 τ11 균일,tau,,,,11.0,4,0.38133543576908435,1,OK,OK,0.4036,0.4036,0.1676,13,8,86.7,0.4472,straight_S1,0.0,,
straight_S1 τ11 균일,tau,,,,11.0,5,0.38133543576908435,1,OK,OK,0.4036,0.4036,0.1676,13,8,86.7,0.4472,straight_S1,0.0,,
straight_S1 τ11 균일,tau,,,,11.0,6,0.38133543576908435,1,OK,OK,0.4036,0.4036,0.1676,13,8,86.7,0.4472,straight_S1,0.0,,
straight_S1 τ11 균일,tau,,,,11.0,7,0.38133543576908435,1,OK,OK,0.4036,0.4036,0.1676,13,8,86.7,0.4472,straight_S1,0.0,,
straight_S1 τ11 균일,tau,,,,11.0,8,0.38133543576908435,1,OK,OK,0.4036,0.4036,0.1676,13,8,86.7,0.4472,straight_S1,0.0,,
straight_S1 τ11 균일,tau,,,,11.0,9,0.38133543576908435,1,OK,OK,0.4036,0.4036,0.1676,13,8,86.7,0.4472,straight_S1,0.0,,
straight_S1 τ11 균일,tau,,,,11.0,10,0.38133543576908435,1,OK,OK,0.4036,0.4036,0.1676,13,8,86.7,0.4472,straight_S1,0.0,,
straight_S1 τ11 지터,tau,,,,11.0,1,3.787802285541057,1,OK,OK,2.6312,2.6312,2.0894,14,1,93.3,0.4593,straight_S1,0.3,,
straight_S1 τ11 지터,tau,,,,11.0,2,4.027977477480814,1,OK,OK,2.2942,1.3424,2.2942,14,4,93.3,0.5,straight_S1,0.3,,
straight_S1 τ11 지터,tau,,,,11.0,3,4.643181097920151,1,OK,OK,2.4874,1.7791,2.4874,13,4,86.7,0.5,straight_S1,0.3,,
straight_S1 τ11 지터,tau,,,,11.0,4,1.9540868080157376,1,OK,OK,2.1413,2.1413,1.0575,13,8,86.7,0.4472,straight_S1,0.3,,
straight_S1 τ11 지터,tau,,,,11.0,5,0.1895611043435765,1,OK,OK,2.3904,1.4107,2.3904,14,5,93.3,0.4593,straight_S1,0.3,,
straight_S1 τ11 지터,tau,,,,11.0,6,0.198355231419003,1,OK,OK,1.6457,1.6457,0.6496,12,5,80.0,0.4472,straight_S1,0.3,,
straight_S1 τ11 지터,tau,,,,11.0,7,0.05384261290392326,1,OK,OK,2.0483,2.0483,1.2922,14,6,93.3,0.4593,straight_S1,0.3,,
straight_S1 τ11 지터,tau,,,,11.0,8,0.3964606483914293,1,OK,OK,1.4578,1.4578,1.1086,14,6,93.3,0.4857,straight_S1,0.3,,
straight_S1 τ11 지터,tau,,,,11.0,9,2.9736077110087793,1,OK,OK,1.9074,1.8251,1.9074,13,3,86.7,0.5,straight_S1,0.3,,
straight_S1 τ11 지터,tau,,,,11.0,10,2.7655787112477603,1,OK,OK,1.5119,1.5119,1.3158,12,5,80.0,0.4736,straight_S1,0.3,,
straight_S1 τ30 균일,tau,,,,30.0,1,0.1678349704068237,1,OK,OK,0.4167,0.4167,0.1615,13,8,86.7,0.4472,straight_S1,0.0,,
straight_S1 τ30 균일,tau,,,,30.0,2,0.1678349704068237,1,OK,OK,0.4167,0.4167,0.1615,13,8,86.7,0.4472,straight_S1,0.0,,
straight_S1 τ30 균일,tau,,,,30.0,3,0.1678349704068237,1,OK,OK,0.4167,0.4167,0.1615,13,8,86.7,0.4472,straight_S1,0.0,,
straight_S1 τ30 균일,tau,,,,30.0,4,0.1678349704068237,1,OK,OK,0.4167,0.4167,0.1615,13,8,86.7,0.4472,straight_S1,0.0,,
straight_S1 τ30 균일,tau,,,,30.0,5,0.1678349704068237,1,OK,OK,0.4167,0.4167,0.1615,13,8,86.7,0.4472,straight_S1,0.0,,
straight_S1 τ30 균일,tau,,,,30.0,6,0.1678349704068237,1,OK,OK,0.4167,0.4167,0.1615,13,8,86.7,0.4472,straight_S1,0.0,,
straight_S1 τ30 균일,tau,,,,30.0,7,0.1678349704068237,1,OK,OK,0.4167,0.4167,0.1615,13,8,86.7,0.4472,straight_S1,0.0,,
straight_S1 τ30 균일,tau,,,,30.0,8,0.1678349704068237,1,OK,OK,0.4167,0.4167,0.1615,13,8,86.7,0.4472,straight_S1,0.0,,
straight_S1 τ30 균일,tau,,,,30.0,9,0.1678349704068237,1,OK,OK,0.4167,0.4167,0.1615,13,8,86.7,0.4472,straight_S1,0.0,,
straight_S1 τ30 균일,tau,,,,30.0,10,0.1678349704068237,1,OK,OK,0.4167,0.4167,0.1615,13,8,86.7,0.4472,straight_S1,0.0,,
straight_S1 τ30 지터,tau,,,,30.0,1,28.481519921982702,1,DEGRADED,OK,8.3479,8.3479,7.7545,14,0,93.3,0.4472,straight_S1,0.3,,
straight_S1 τ30 지터,tau,,,,30.0,2,9.958428067488923,1,DEGRADED,OK,5.4802,3.2249,5.4802,14,1,93.3,0.5,straight_S1,0.3,,
straight_S1 τ30 지터,tau,,,,30.0,3,17.939868715857873,1,DEGRADED,OK,7.4719,4.8203,7.4719,13,1,86.7,0.5,straight_S1,0.3,,
straight_S1 τ30 지터,tau,,,,30.0,4,1.7655985231471023,1,OK,OK,4.0961,4.0961,1.9437,13,3,86.7,0.5,straight_S1,0.3,,
straight_S1 τ30 지터,tau,,,,30.0,5,3.479955826816742,1,DEGRADED,OK,6.1418,4.1154,6.1418,14,1,93.3,0.4593,straight_S1,0.3,,
straight_S1 τ30 지터,tau,,,,30.0,6,1.731340676719576,1,DEGRADED,OK,5.7599,5.7599,1.9068,11,0,73.3,0.4472,straight_S1,0.3,,
straight_S1 τ30 지터,tau,,,,30.0,7,2.096259533158773,1,DEGRADED,OK,5.4715,5.4715,3.0041,14,2,93.3,0.4472,straight_S1,0.3,,
straight_S1 τ30 지터,tau,,,,30.0,8,1.2726056638795875,1,OK,OK,3.6362,3.6362,2.1383,12,3,80.0,0.4857,straight_S1,0.3,,
straight_S1 τ30 지터,tau,,,,30.0,9,18.426355737791347,1,DEGRADED,OK,5.8361,5.8361,5.1099,13,2,86.7,0.5,straight_S1,0.3,,
straight_S1 τ30 지터,tau,,,,30.0,10,7.26823466112642,1,OK,OK,4.7603,4.7603,3.9791,12,0,80.0,0.4736,straight_S1,0.3,,
straight_S1 τ78 균일,tau,,,,78.5,1,0.3453143881032122,1,OK,OK,0.3788,0.3788,0.1567,13,8,86.7,0.4472,straight_S1,0.0,,
straight_S1 τ78 균일,tau,,,,78.5,2,0.3453143881032122,1,OK,OK,0.3788,0.3788,0.1567,13,8,86.7,0.4472,straight_S1,0.0,,
straight_S1 τ78 균일,tau,,,,78.5,3,0.3453143881032122,1,OK,OK,0.3788,0.3788,0.1567,13,8,86.7,0.4472,straight_S1,0.0,,
straight_S1 τ78 균일,tau,,,,78.5,4,0.3453143881032122,1,OK,OK,0.3788,0.3788,0.1567,13,8,86.7,0.4472,straight_S1,0.0,,
straight_S1 τ78 균일,tau,,,,78.5,5,0.3453143881032122,1,OK,OK,0.3788,0.3788,0.1567,13,8,86.7,0.4472,straight_S1,0.0,,
straight_S1 τ78 균일,tau,,,,78.5,6,0.3453143881032122,1,OK,OK,0.3788,0.3788,0.1567,13,8,86.7,0.4472,straight_S1,0.0,,
straight_S1 τ78 균일,tau,,,,78.5,7,0.3453143881032122,1,OK,OK,0.3788,0.3788,0.1567,13,8,86.7,0.4472,straight_S1,0.0,,
straight_S1 τ78 균일,tau,,,,78.5,8,0.3453143881032122,1,OK,OK,0.3788,0.3788,0.1567,13,8,86.7,0.4472,straight_S1,0.0,,
straight_S1 τ78 균일,tau,,,,78.5,9,0.3453143881032122,1,OK,OK,0.3788,0.3788,0.1567,13,8,86.7,0.4472,straight_S1,0.0,,
straight_S1 τ78 균일,tau,,,,78.5,10,0.3453143881032122,1,OK,OK,0.3788,0.3788,0.1567,13,8,86.7,0.4472,straight_S1,0.0,,
straight_S1 τ78 지터,tau,,,,78.5,1,26.395964274832174,1,DEGRADED,DEGRADED,36.0721,6.8694,36.0721,14,0,93.3,0.3536,straight_S1,0.3,,
straight_S1 τ78 지터,tau,,,,78.5,2,47.88388016775696,1,DEGRADED,DEGRADED,15.4987,11.569,15.4987,13,0,86.7,0.4472,straight_S1,0.3,,
straight_S1 τ78 지터,tau,,,,78.5,3,112.13361457585385,1,DEGRADED,DEGRADED,123.3233,123.3233,26.5154,8,0,53.3,0.3434,straight_S1,0.3,,
straight_S1 τ78 지터,tau,,,,78.5,4,19.575737640658353,1,DEGRADED,DEGRADED,52.533,52.533,9.1187,11,0,73.3,0.3333,straight_S1,0.3,,
straight_S1 τ78 지터,tau,,,,78.5,5,19.5287590557416,1,DEGRADED,DEGRADED,54.1768,54.1768,21.2419,12,0,80.0,0.3333,straight_S1,0.3,,
straight_S1 τ78 지터,tau,,,,78.5,6,27.51481127291284,1,DEGRADED,DEGRADED,67.655,67.655,31.2494,11,0,73.3,0.3333,straight_S1,0.3,,
straight_S1 τ78 지터,tau,,,,78.5,7,101.95190752897224,1,DEGRADED,OK,39.3845,39.3845,33.4689,11,0,73.3,0.3333,straight_S1,0.3,,
straight_S1 τ78 지터,tau,,,,78.5,8,100.61226184292046,1,DEGRADED,DEGRADED,18.4715,11.8843,18.4715,9,0,60.0,0.3333,straight_S1,0.3,,
straight_S1 τ78 지터,tau,,,,78.5,9,97.61289970023482,1,DEGRADED,DEGRADED,12.6235,12.6235,10.6324,13,2,86.7,0.4472,straight_S1,0.3,,
straight_S1 τ78 지터,tau,,,,78.5,10,8.928199823217783,1,DEGRADED,DEGRADED,28.0157,28.0157,11.5291,12,0,80.0,0.4401,straight_S1,0.3,,
curved_S2a10 τ0 균일,tau,,,,0.0,1,2.18453208669142,1,OK,OK,2.7867,2.1207,2.7867,13,6,86.7,0.4472,curved_S2a10,0.0,,
curved_S2a10 τ0 균일,tau,,,,0.0,2,3.9187933532769277,1,OK,OK,2.3713,2.0697,2.3713,13,4,86.7,0.5,curved_S2a10,0.0,,
curved_S2a10 τ0 균일,tau,,,,0.0,3,3.065734443299425,1,OK,OK,3.3437,3.3437,2.9451,13,3,86.7,0.4472,curved_S2a10,0.0,,
curved_S2a10 τ0 균일,tau,,,,0.0,4,5.195779624391109,1,OK,OK,1.9602,1.9602,1.402,13,6,86.7,0.5,curved_S2a10,0.0,,
curved_S2a10 τ0 균일,tau,,,,0.0,5,3.71053520856944,1,OK,OK,2.0482,2.0482,0.9388,13,5,86.7,0.4472,curved_S2a10,0.0,,
curved_S2a10 τ0 균일,tau,,,,0.0,6,2.0593224335266958,1,OK,OK,3.5325,3.5325,2.3798,13,0,86.7,0.5,curved_S2a10,0.0,,
curved_S2a10 τ0 균일,tau,,,,0.0,7,13.408549122086368,1,OK,OK,1.9791,1.9791,1.0329,14,7,93.3,0.4857,curved_S2a10,0.0,,
curved_S2a10 τ0 균일,tau,,,,0.0,8,1.015996841201195,1,OK,OK,2.8328,2.8328,1.748,13,2,86.7,0.4472,curved_S2a10,0.0,,
curved_S2a10 τ0 균일,tau,,,,0.0,9,4.6941672124932445,1,OK,OK,2.9815,2.9815,1.8821,12,2,80.0,0.5,curved_S2a10,0.0,,
curved_S2a10 τ0 균일,tau,,,,0.0,10,9.858425890886643,1,OK,OK,1.9449,1.9449,1.1126,13,5,86.7,0.5,curved_S2a10,0.0,,
curved_S2a10 τ0 지터,tau,,,,0.0,1,2.18453208669142,1,OK,OK,2.7867,2.1207,2.7867,13,6,86.7,0.4472,curved_S2a10,0.3,,
curved_S2a10 τ0 지터,tau,,,,0.0,2,3.9187933532769277,1,OK,OK,2.3713,2.0697,2.3713,13,4,86.7,0.5,curved_S2a10,0.3,,
curved_S2a10 τ0 지터,tau,,,,0.0,3,3.065734443299425,1,OK,OK,3.3437,3.3437,2.9451,13,3,86.7,0.4472,curved_S2a10,0.3,,
curved_S2a10 τ0 지터,tau,,,,0.0,4,5.195779624391109,1,OK,OK,1.9602,1.9602,1.402,13,6,86.7,0.5,curved_S2a10,0.3,,
curved_S2a10 τ0 지터,tau,,,,0.0,5,3.71053520856944,1,OK,OK,2.0482,2.0482,0.9388,13,5,86.7,0.4472,curved_S2a10,0.3,,
curved_S2a10 τ0 지터,tau,,,,0.0,6,2.0593224335266958,1,OK,OK,3.5325,3.5325,2.3798,13,0,86.7,0.5,curved_S2a10,0.3,,
curved_S2a10 τ0 지터,tau,,,,0.0,7,13.408549122086368,1,OK,OK,1.9791,1.9791,1.0329,14,7,93.3,0.4857,curved_S2a10,0.3,,
curved_S2a10 τ0 지터,tau,,,,0.0,8,1.015996841201195,1,OK,OK,2.8328,2.8328,1.748,13,2,86.7,0.4472,curved_S2a10,0.3,,
curved_S2a10 τ0 지터,tau,,,,0.0,9,4.6941672124932445,1,OK,OK,2.9815,2.9815,1.8821,12,2,80.0,0.5,curved_S2a10,0.3,,
curved_S2a10 τ0 지터,tau,,,,0.0,10,9.858425890886643,1,OK,OK,1.9449,1.9449,1.1126,13,5,86.7,0.5,curved_S2a10,0.3,,
curved_S2a10 τ11 균일,tau,,,,11.0,1,0.4691075559192294,1,OK,OK,1.6934,1.6934,1.2987,13,7,86.7,0.4472,curved_S2a10,0.0,,
curved_S2a10 τ11 균일,tau,,,,11.0,2,0.9656910559128751,1,OK,OK,1.4385,1.4385,0.6848,13,6,86.7,0.4472,curved_S2a10,0.0,,
curved_S2a10 τ11 균일,tau,,,,11.0,3,2.3743739948185603,1,OK,OK,0.9086,0.7126,0.9086,13,9,86.7,0.4472,curved_S2a10,0.0,,
curved_S2a10 τ11 균일,tau,,,,11.0,4,6.443268340633172,1,OK,OK,0.643,0.643,0.5749,13,8,86.7,0.5,curved_S2a10,0.0,,
curved_S2a10 τ11 균일,tau,,,,11.0,5,6.005862898891747,1,OK,OK,0.8357,0.8357,0.4397,13,8,86.7,0.4472,curved_S2a10,0.0,,
curved_S2a10 τ11 균일,tau,,,,11.0,6,2.3171495417394854,1,OK,OK,2.322,2.322,1.2917,13,6,86.7,0.4714,curved_S2a10,0.0,,
curved_S2a10 τ11 균일,tau,,,,11.0,7,10.381554501580116,1,OK,OK,1.3888,0.763,1.3888,14,9,93.3,0.5,curved_S2a10,0.0,,
curved_S2a10 τ11 균일,tau,,,,11.0,8,0.7137824807810353,1,OK,OK,1.2234,1.2234,0.9558,13,8,86.7,0.5,curved_S2a10,0.0,,
curved_S2a10 τ11 균일,tau,,,,11.0,9,1.9228877175845789,1,OK,OK,1.959,1.3321,1.959,14,6,93.3,0.5,curved_S2a10,0.0,,
curved_S2a10 τ11 균일,tau,,,,11.0,10,5.889491892603164,1,OK,OK,1.3397,1.1012,1.3397,13,8,86.7,0.5,curved_S2a10,0.0,,
curved_S2a10 τ11 지터,tau,,,,11.0,1,0.9486213641506721,1,OK,OK,2.8625,2.795,2.8625,14,1,93.3,0.4593,curved_S2a10,0.3,,
curved_S2a10 τ11 지터,tau,,,,11.0,2,1.4732272468773435,1,OK,OK,2.4648,2.4155,2.4648,14,1,93.3,0.5,curved_S2a10,0.3,,
curved_S2a10 τ11 지터,tau,,,,11.0,3,0.8899386192390906,1,OK,OK,3.0247,1.9103,3.0247,13,4,86.7,0.5,curved_S2a10,0.3,,
curved_S2a10 τ11 지터,tau,,,,11.0,4,8.117405525471446,1,OK,OK,1.685,1.685,1.0576,13,7,86.7,0.5,curved_S2a10,0.3,,
curved_S2a10 τ11 지터,tau,,,,11.0,5,3.9273896344618584,1,OK,OK,2.5081,1.6874,2.5081,13,5,86.7,0.4472,curved_S2a10,0.3,,
curved_S2a10 τ11 지터,tau,,,,11.0,6,4.769275467804192,1,OK,OK,1.9044,1.9044,1.7348,13,3,86.7,0.4472,curved_S2a10,0.3,,
curved_S2a10 τ11 지터,tau,,,,11.0,7,11.768491730217917,1,OK,OK,2.5422,2.5422,1.3303,14,5,93.3,0.5,curved_S2a10,0.3,,
curved_S2a10 τ11 지터,tau,,,,11.0,8,1.6527904276632313,1,OK,OK,3.0377,3.0377,1.8886,13,3,86.7,0.5,curved_S2a10,0.3,,
curved_S2a10 τ11 지터,tau,,,,11.0,9,7.391642941648995,1,OK,OK,3.3153,2.3259,3.3153,13,2,86.7,0.5,curved_S2a10,0.3,,
curved_S2a10 τ11 지터,tau,,,,11.0,10,4.2874462344407815,1,OK,OK,2.2626,1.943,2.2626,13,5,86.7,0.4472,curved_S2a10,0.3,,
curved_S2a10 τ30 균일,tau,,,,30.0,1,0.40287835726918186,1,OK,OK,1.6157,1.6157,1.1041,13,7,86.7,0.4472,curved_S2a10,0.0,,
curved_S2a10 τ30 균일,tau,,,,30.0,2,1.3498153116403337,1,OK,OK,1.0749,1.0749,0.5754,13,8,86.7,0.4472,curved_S2a10,0.0,,
curved_S2a10 τ30 균일,tau,,,,30.0,3,2.4539522933726494,1,OK,OK,0.7751,0.6481,0.7751,13,9,86.7,0.5,curved_S2a10,0.0,,
curved_S2a10 τ30 균일,tau,,,,30.0,4,5.955484618079461,1,OK,OK,0.7184,0.7184,0.6206,13,8,86.7,0.5,curved_S2a10,0.0,,
curved_S2a10 τ30 균일,tau,,,,30.0,5,6.598841959871833,1,OK,OK,0.923,0.923,0.637,13,8,86.7,0.4472,curved_S2a10,0.0,,
curved_S2a10 τ30 균일,tau,,,,30.0,6,0.23253664482924513,1,OK,OK,1.129,1.129,0.6307,14,7,93.3,0.4857,curved_S2a10,0.0,,
curved_S2a10 τ30 균일,tau,,,,30.0,7,9.49161609719773,1,OK,OK,1.6394,0.7477,1.6394,14,8,93.3,0.5,curved_S2a10,0.0,,
curved_S2a10 τ30 균일,tau,,,,30.0,8,2.737379223537686,1,OK,OK,1.0634,1.0634,0.6125,13,9,86.7,0.5,curved_S2a10,0.0,,
curved_S2a10 τ30 균일,tau,,,,30.0,9,1.1771366675905257,1,OK,OK,1.6665,1.2708,1.6665,13,7,86.7,0.5,curved_S2a10,0.0,,
curved_S2a10 τ30 균일,tau,,,,30.0,10,4.405085334621444,1,OK,OK,2.055,0.8441,2.055,13,8,86.7,0.4472,curved_S2a10,0.0,,
curved_S2a10 τ30 지터,tau,,,,30.0,1,1.6646969322903453,1,DEGRADED,OK,5.667,5.256,5.667,14,0,93.3,0.4593,curved_S2a10,0.3,,
curved_S2a10 τ30 지터,tau,,,,30.0,2,7.761513545213952,1,DEGRADED,OK,5.4137,4.103,5.4137,14,1,93.3,0.5,curved_S2a10,0.3,,
curved_S2a10 τ30 지터,tau,,,,30.0,3,13.989947701936442,1,DEGRADED,OK,7.496,4.2377,7.496,13,0,86.7,0.5,curved_S2a10,0.3,,
curved_S2a10 τ30 지터,tau,,,,30.0,4,7.550825077643882,1,OK,OK,3.7556,3.7556,1.6245,13,3,86.7,0.4472,curved_S2a10,0.3,,
curved_S2a10 τ30 지터,tau,,,,30.0,5,1.538391680109538,1,OK,OK,3.774,3.1456,3.774,12,1,80.0,0.4593,curved_S2a10,0.3,,
curved_S2a10 τ30 지터,tau,,,,30.0,6,6.946767944920498,1,DEGRADED,OK,6.0481,6.0481,3.8801,12,0,80.0,0.4736,curved_S2a10,0.3,,
curved_S2a10 τ30 지터,tau,,,,30.0,7,19.079866450490048,1,DEGRADED,OK,6.3314,6.3314,2.4755,14,1,93.3,0.4593,curved_S2a10,0.3,,
curved_S2a10 τ30 지터,tau,,,,30.0,8,3.697967116690784,1,OK,OK,2.8812,2.8812,2.1146,13,1,86.7,0.4472,curved_S2a10,0.3,,
curved_S2a10 τ30 지터,tau,,,,30.0,9,47.61032589532415,1,DEGRADED,OK,9.2861,5.0294,9.2861,13,2,86.7,0.5,curved_S2a10,0.3,,
curved_S2a10 τ30 지터,tau,,,,30.0,10,1.2112822438740969,1,OK,OK,4.4047,4.4029,4.4047,14,0,93.3,0.4736,curved_S2a10,0.3,,
curved_S2a10 τ78 균일,tau,,,,78.5,1,0.3578056252749813,1,OK,OK,1.5889,1.5889,1.0356,13,7,86.7,0.4472,curved_S2a10,0.0,,
curved_S2a10 τ78 균일,tau,,,,78.5,2,1.1310024692400416,1,OK,OK,1.0203,1.0203,0.5253,13,9,86.7,0.4472,curved_S2a10,0.0,,
curved_S2a10 τ78 균일,tau,,,,78.5,3,2.4821278463891665,1,OK,OK,0.865,0.6886,0.865,13,9,86.7,0.5,curved_S2a10,0.0,,
curved_S2a10 τ78 균일,tau,,,,78.5,4,5.949701428799285,1,OK,OK,0.6597,0.6597,0.5937,13,8,86.7,0.5,curved_S2a10,0.0,,
curved_S2a10 τ78 균일,tau,,,,78.5,5,6.582861990319413,1,OK,OK,0.9289,0.9289,0.6014,13,8,86.7,0.4472,curved_S2a10,0.0,,
curved_S2a10 τ78 균일,tau,,,,78.5,6,0.040155530236403315,1,OK,OK,1.0396,1.0396,0.5853,14,8,93.3,0.4857,curved_S2a10,0.0,,
curved_S2a10 τ78 균일,tau,,,,78.5,7,9.48773778786532,1,OK,OK,1.5562,0.8948,1.5562,14,8,93.3,0.5,curved_S2a10,0.0,,
curved_S2a10 τ78 균일,tau,,,,78.5,8,2.849670148920131,1,OK,OK,0.9615,0.9615,0.5523,13,9,86.7,0.5,curved_S2a10,0.0,,
curved_S2a10 τ78 균일,tau,,,,78.5,9,1.5608735649218695,1,OK,OK,1.606,1.1772,1.606,13,8,86.7,0.5,curved_S2a10,0.0,,
curved_S2a10 τ78 균일,tau,,,,78.5,10,4.712920425637641,1,OK,OK,1.857,0.8571,1.857,13,7,86.7,0.5,curved_S2a10,0.0,,
curved_S2a10 τ78 지터,tau,,,,78.5,1,58.25158788897113,1,DEGRADED,DEGRADED,28.5745,9.0845,28.5745,14,0,93.3,0.3434,curved_S2a10,0.3,,
curved_S2a10 τ78 지터,tau,,,,78.5,2,75.88768590408759,1,DEGRADED,DEGRADED,61.5693,61.5693,14.2514,13,0,86.7,0.4472,curved_S2a10,0.3,,
curved_S2a10 τ78 지터,tau,,,,78.5,3,111.53276850780318,1,DEGRADED,DEGRADED,206.2031,206.2031,24.6572,9,0,60.0,0.3333,curved_S2a10,0.3,,
curved_S2a10 τ78 지터,tau,,,,78.5,4,15.920455337883165,1,DEGRADED,OK,25.4312,25.4312,8.2855,10,0,66.7,0.4472,curved_S2a10,0.3,,
curved_S2a10 τ78 지터,tau,,,,78.5,5,21.40484751844309,1,DEGRADED,DEGRADED,16.6764,16.6764,14.7783,13,0,86.7,0.3464,curved_S2a10,0.3,,
curved_S2a10 τ78 지터,tau,,,,78.5,6,2.044208993162404,1,DEGRADED,DEGRADED,49.3445,49.3445,41.9763,10,0,66.7,0.4401,curved_S2a10,0.3,,
curved_S2a10 τ78 지터,tau,,,,78.5,7,131.49814703847338,1,DEGRADED,DEGRADED,278.1114,278.1114,25.5767,9,0,60.0,0.3333,curved_S2a10,0.3,,
curved_S2a10 τ78 지터,tau,,,,78.5,8,65.56409338317432,1,DEGRADED,DEGRADED,9.1374,8.0532,9.1374,9,0,60.0,0.3333,curved_S2a10,0.3,,
curved_S2a10 τ78 지터,tau,,,,78.5,9,87.99554701846576,1,DEGRADED,DEGRADED,13.1947,7.373,13.1947,13,0,86.7,0.4472,curved_S2a10,0.3,,
curved_S2a10 τ78 지터,tau,,,,78.5,10,21.332049780982615,1,DEGRADED,DEGRADED,46.2142,46.2142,19.0065,11,0,73.3,0.433,curved_S2a10,0.3,,
curved_S2a20 τ0 균일,tau,,,,0.0,1,2.5277243673937173,1,OK,OK,4.6905,2.1481,4.6905,12,0,80.0,0.4472,curved_S2a20,0.0,,
curved_S2a20 τ0 균일,tau,,,,0.0,2,2.0687830855713196,1,OK,OK,4.4888,2.8881,4.4888,13,1,86.7,0.5,curved_S2a20,0.0,,
curved_S2a20 τ0 균일,tau,,,,0.0,3,3.3174828068986986,1,DEGRADED,OK,8.1666,4.6277,8.1666,11,0,73.3,0.4472,curved_S2a20,0.0,,
curved_S2a20 τ0 균일,tau,,,,0.0,4,3.5435836598571373,1,DEGRADED,OK,5.1947,3.6565,5.1947,13,5,86.7,0.5,curved_S2a20,0.0,,
curved_S2a20 τ0 균일,tau,,,,0.0,5,15.159632663787749,1,OK,OK,3.9767,3.9767,1.5268,13,3,86.7,0.4472,curved_S2a20,0.0,,
curved_S2a20 τ0 균일,tau,,,,0.0,6,5.86795153472072,1,DEGRADED,OK,5.0309,5.0309,3.5151,13,0,86.7,0.4714,curved_S2a20,0.0,,
curved_S2a20 τ0 균일,tau,,,,0.0,7,29.674439551649108,1,OK,OK,2.9246,2.191,2.9246,13,5,86.7,0.5,curved_S2a20,0.0,,
curved_S2a20 τ0 균일,tau,,,,0.0,8,1.3815188928112134,1,OK,OK,2.55,2.55,2.3869,14,0,93.3,0.4736,curved_S2a20,0.0,,
curved_S2a20 τ0 균일,tau,,,,0.0,9,3.3476931274813486,1,DEGRADED,OK,5.26,3.8803,5.26,12,2,80.0,0.4593,curved_S2a20,0.0,,
curved_S2a20 τ0 균일,tau,,,,0.0,10,13.705030313633698,1,OK,OK,1.9924,1.9924,1.1165,13,4,86.7,0.5,curved_S2a20,0.0,,
curved_S2a20 τ0 지터,tau,,,,0.0,1,2.5277243673937173,1,OK,OK,4.6905,2.1481,4.6905,12,0,80.0,0.4472,curved_S2a20,0.3,,
curved_S2a20 τ0 지터,tau,,,,0.0,2,2.0687830855713196,1,OK,OK,4.4888,2.8881,4.4888,13,1,86.7,0.5,curved_S2a20,0.3,,
curved_S2a20 τ0 지터,tau,,,,0.0,3,3.3174828068986986,1,DEGRADED,OK,8.1666,4.6277,8.1666,11,0,73.3,0.4472,curved_S2a20,0.3,,
curved_S2a20 τ0 지터,tau,,,,0.0,4,3.5435836598571373,1,DEGRADED,OK,5.1947,3.6565,5.1947,13,5,86.7,0.5,curved_S2a20,0.3,,
curved_S2a20 τ0 지터,tau,,,,0.0,5,15.159632663787749,1,OK,OK,3.9767,3.9767,1.5268,13,3,86.7,0.4472,curved_S2a20,0.3,,
curved_S2a20 τ0 지터,tau,,,,0.0,6,5.86795153472072,1,DEGRADED,OK,5.0309,5.0309,3.5151,13,0,86.7,0.4714,curved_S2a20,0.3,,
curved_S2a20 τ0 지터,tau,,,,0.0,7,29.674439551649108,1,OK,OK,2.9246,2.191,2.9246,13,5,86.7,0.5,curved_S2a20,0.3,,
curved_S2a20 τ0 지터,tau,,,,0.0,8,1.3815188928112134,1,OK,OK,2.55,2.55,2.3869,14,0,93.3,0.4736,curved_S2a20,0.3,,
curved_S2a20 τ0 지터,tau,,,,0.0,9,3.3476931274813486,1,DEGRADED,OK,5.26,3.8803,5.26,12,2,80.0,0.4593,curved_S2a20,0.3,,
curved_S2a20 τ0 지터,tau,,,,0.0,10,13.705030313633698,1,OK,OK,1.9924,1.9924,1.1165,13,4,86.7,0.5,curved_S2a20,0.3,,
curved_S2a20 τ11 균일,tau,,,,11.0,1,4.117511988009892,1,OK,OK,2.8312,2.4792,2.8312,13,2,86.7,0.4472,curved_S2a20,0.0,,
curved_S2a20 τ11 균일,tau,,,,11.0,2,3.748963784747049,1,OK,DEGRADED,3.9834,2.8701,3.9834,12,3,80.0,0.35,curved_S2a20,0.0,,
curved_S2a20 τ11 균일,tau,,,,11.0,3,4.144452825792633,1,OK,OK,2.2381,1.1266,2.2381,13,7,86.7,0.4472,curved_S2a20,0.0,,
curved_S2a20 τ11 균일,tau,,,,11.0,4,13.660544051535425,1,OK,OK,1.6552,1.6552,1.4827,13,7,86.7,0.5,curved_S2a20,0.0,,
curved_S2a20 τ11 균일,tau,,,,11.0,5,12.014080300846885,1,OK,OK,2.0727,2.0727,0.779,13,7,86.7,0.4472,curved_S2a20,0.0,,
curved_S2a20 τ11 균일,tau,,,,11.0,6,5.309350522567954,1,OK,OK,3.3999,3.3999,2.0862,13,1,86.7,0.4714,curved_S2a20,0.0,,
curved_S2a20 τ11 균일,tau,,,,11.0,7,26.365290313404188,1,OK,OK,2.8722,1.5602,2.8722,12,6,80.0,0.4593,curved_S2a20,0.0,,
curved_S2a20 τ11 균일,tau,,,,11.0,8,1.3935841202446673,1,OK,OK,2.8101,2.8101,2.2557,13,4,86.7,0.4472,curved_S2a20,0.0,,
curved_S2a20 τ11 균일,tau,,,,11.0,9,2.3952570979473364,1,OK,OK,4.4507,1.9923,4.4507,14,4,93.3,0.5,curved_S2a20,0.0,,
curved_S2a20 τ11 균일,tau,,,,11.0,10,11.813350871721,1,OK,OK,3.0197,1.4418,3.0197,13,4,86.7,0.5,curved_S2a20,0.0,,
curved_S2a20 τ11 지터,tau,,,,11.0,1,3.7760379667078854,1,OK,OK,3.9368,3.9368,3.3713,13,1,86.7,0.4472,curved_S2a20,0.3,,
curved_S2a20 τ11 지터,tau,,,,11.0,2,8.146963650321165,1,DEGRADED,OK,5.3319,4.7384,5.3319,12,2,80.0,0.4472,curved_S2a20,0.3,,
curved_S2a20 τ11 지터,tau,,,,11.0,3,3.7887224997481486,1,OK,OK,4.714,1.6709,4.714,14,3,93.3,0.5,curved_S2a20,0.3,,
curved_S2a20 τ11 지터,tau,,,,11.0,4,13.125414117376096,1,OK,OK,3.3792,3.3792,1.4583,13,6,86.7,0.5,curved_S2a20,0.3,,
curved_S2a20 τ11 지터,tau,,,,11.0,5,6.312295336944465,1,OK,OK,2.3247,2.3247,2.1251,12,4,80.0,0.4472,curved_S2a20,0.3,,
curved_S2a20 τ11 지터,tau,,,,11.0,6,7.64988322648081,1,OK,OK,2.2927,2.2927,2.0717,13,0,86.7,0.4472,curved_S2a20,0.3,,
curved_S2a20 τ11 지터,tau,,,,11.0,7,25.204672132336054,1,OK,OK,3.9316,3.1761,3.9316,13,3,86.7,0.4472,curved_S2a20,0.3,,
curved_S2a20 τ11 지터,tau,,,,11.0,8,4.780039495409786,1,OK,OK,3.156,3.156,2.4252,13,2,86.7,0.5,curved_S2a20,0.3,,
curved_S2a20 τ11 지터,tau,,,,11.0,9,11.271190338384647,1,DEGRADED,OK,5.7011,2.7,5.7011,14,3,93.3,0.4857,curved_S2a20,0.3,,
curved_S2a20 τ11 지터,tau,,,,11.0,10,10.280462892999145,1,OK,OK,3.4183,2.8934,3.4183,13,3,86.7,0.5,curved_S2a20,0.3,,
curved_S2a20 τ30 균일,tau,,,,30.0,1,1.4556481584734318,1,OK,OK,2.316,2.316,2.1776,12,2,80.0,0.4472,curved_S2a20,0.0,,
curved_S2a20 τ30 균일,tau,,,,30.0,2,4.411833855159327,1,OK,OK,1.4727,1.4727,0.6183,13,7,86.7,0.4472,curved_S2a20,0.0,,
curved_S2a20 τ30 균일,tau,,,,30.0,3,3.951790515686374,1,OK,OK,1.343,1.0859,1.343,13,7,86.7,0.5,curved_S2a20,0.0,,
curved_S2a20 τ30 균일,tau,,,,30.0,4,11.367766288687342,1,OK,OK,1.8177,1.8177,1.3517,13,7,86.7,0.5,curved_S2a20,0.0,,
curved_S2a20 τ30 균일,tau,,,,30.0,5,12.313620513739425,1,OK,OK,1.8221,1.8221,0.8232,13,8,86.7,0.4472,curved_S2a20,0.0,,
curved_S2a20 τ30 균일,tau,,,,30.0,6,0.3458645068383999,1,OK,OK,1.4634,1.4634,1.15,14,5,93.3,0.4857,curved_S2a20,0.0,,
curved_S2a20 τ30 균일,tau,,,,30.0,7,20.734755456559558,1,OK,OK,3.6324,1.3279,3.6324,13,5,86.7,0.4472,curved_S2a20,0.0,,
curved_S2a20 τ30 균일,tau,,,,30.0,8,5.782150772778711,1,OK,OK,1.825,1.825,1.1924,13,6,86.7,0.5,curved_S2a20,0.0,,
curved_S2a20 τ30 균일,tau,,,,30.0,9,4.398520612788114,1,OK,OK,2.8805,1.8211,2.8805,13,4,86.7,0.5,curved_S2a20,0.0,,
curved_S2a20 τ30 균일,tau,,,,30.0,10,10.176722531962112,1,OK,OK,3.7188,1.506,3.7188,12,4,80.0,0.4857,curved_S2a20,0.0,,
curved_S2a20 τ30 지터,tau,,,,30.0,1,4.467292520596516,1,DEGRADED,OK,5.4974,3.8659,5.4974,14,0,93.3,0.4593,curved_S2a20,0.3,,
curved_S2a20 τ30 지터,tau,,,,30.0,2,11.533526111246568,1,DEGRADED,OK,6.952,5.9969,6.952,12,0,80.0,0.4857,curved_S2a20,0.3,,
curved_S2a20 τ30 지터,tau,,,,30.0,3,10.41934557182808,1,DEGRADED,OK,7.2368,3.3029,7.2368,13,1,86.7,0.5,curved_S2a20,0.3,,
curved_S2a20 τ30 지터,tau,,,,30.0,4,9.028981408896762,1,DEGRADED,OK,7.0433,7.0433,2.074,13,1,86.7,0.5,curved_S2a20,0.3,,
curved_S2a20 τ30 지터,tau,,,,30.0,5,2.322734373938702,1,OK,OK,4.4234,4.4234,4.0499,11,0,73.3,0.4714,curved_S2a20,0.3,,
curved_S2a20 τ30 지터,tau,,,,30.0,6,1.0534712603720866,1,DEGRADED,OK,6.4318,6.4318,4.6899,12,0,80.0,0.4472,curved_S2a20,0.3,,
curved_S2a20 τ30 지터,tau,,,,30.0,7,34.16364353373387,1,DEGRADED,OK,7.8205,7.8205,4.3328,13,0,86.7,0.4472,curved_S2a20,0.3,,
curved_S2a20 τ30 지터,tau,,,,30.0,8,5.6553327409831065,1,OK,OK,3.656,3.656,2.3427,13,1,86.7,0.4472,curved_S2a20,0.3,,
curved_S2a20 τ30 지터,tau,,,,30.0,9,60.233228814805805,1,DEGRADED,OK,13.6141,5.0283,13.6141,13,2,86.7,0.5,curved_S2a20,0.3,,
curved_S2a20 τ30 지터,tau,,,,30.0,10,8.269754763541291,1,DEGRADED,OK,7.1114,4.4663,7.1114,13,0,86.7,0.4472,curved_S2a20,0.3,,
curved_S2a20 τ78 균일,tau,,,,78.5,1,2.763213296217371,1,OK,OK,1.9721,1.9721,1.8115,12,5,80.0,0.4857,curved_S2a20,0.0,,
curved_S2a20 τ78 균일,tau,,,,78.5,2,4.794973508096564,1,OK,OK,1.2621,1.2621,0.7974,13,7,86.7,0.4472,curved_S2a20,0.0,,
curved_S2a20 τ78 균일,tau,,,,78.5,3,3.678364141420105,1,OK,OK,1.4019,1.0447,1.4019,13,8,86.7,0.5,curved_S2a20,0.0,,
curved_S2a20 τ78 균일,tau,,,,78.5,4,8.948653706455268,1,OK,OK,1.6284,1.6284,1.0994,13,7,86.7,0.5,curved_S2a20,0.0,,
curved_S2a20 τ78 균일,tau,,,,78.5,5,13.463121655532573,1,OK,OK,1.3362,1.3362,1.0603,13,8,86.7,0.4472,curved_S2a20,0.0,,
curved_S2a20 τ78 균일,tau,,,,78.5,6,1.7809261540512773,1,OK,OK,1.0663,0.7812,1.0663,14,9,93.3,0.4857,curved_S2a20,0.0,,
curved_S2a20 τ78 균일,tau,,,,78.5,7,21.543735546092247,1,OK,OK,3.4678,1.2614,3.4678,13,6,86.7,0.4472,curved_S2a20,0.0,,
curved_S2a20 τ78 균일,tau,,,,78.5,8,7.561383548874329,1,OK,OK,1.5917,1.3874,1.5917,13,6,86.7,0.5,curved_S2a20,0.0,,
curved_S2a20 τ78 균일,tau,,,,78.5,9,4.408005153668985,1,OK,OK,2.3139,1.477,2.3139,14,6,93.3,0.5,curved_S2a20,0.0,,
curved_S2a20 τ78 균일,tau,,,,78.5,10,3.948877622181061,1,OK,OK,3.1464,1.3983,3.1464,13,4,86.7,0.4472,curved_S2a20,0.0,,
curved_S2a20 τ78 지터,tau,,,,78.5,1,75.83241567068339,1,DEGRADED,DEGRADED,26.1693,10.6631,26.1693,14,0,93.3,0.3333,curved_S2a20,0.3,,
curved_S2a20 τ78 지터,tau,,,,78.5,2,169.19845731289828,1,DEGRADED,DEGRADED,81.9527,81.9527,12.7718,13,0,86.7,0.4472,curved_S2a20,0.3,,
curved_S2a20 τ78 지터,tau,,,,78.5,3,0.04253018698218239,1,DEGRADED,DEGRADED,397.5969,397.5969,22.9059,9,0,60.0,0.3333,curved_S2a20,0.3,,
curved_S2a20 τ78 지터,tau,,,,78.5,4,5.559939309962847,1,DEGRADED,DEGRADED,22.4178,22.4178,16.4486,10,0,66.7,0.433,curved_S2a20,0.3,,
curved_S2a20 τ78 지터,tau,,,,78.5,5,23.48163298133044,1,DEGRADED,DEGRADED,18.1456,18.1456,16.6505,13,0,86.7,0.3464,curved_S2a20,0.3,,
curved_S2a20 τ78 지터,tau,,,,78.5,6,13.174584787845143,1,DEGRADED,OK,37.4592,37.4592,35.1988,12,0,80.0,0.4472,curved_S2a20,0.3,,
curved_S2a20 τ78 지터,tau,,,,78.5,7,37.03546001401695,1,DEGRADED,DEGRADED,10.7755,7.9464,10.7755,8,0,53.3,0.3125,curved_S2a20,0.3,,
curved_S2a20 τ78 지터,tau,,,,78.5,8,29.180227545384945,1,DEGRADED,DEGRADED,19.1972,19.1972,16.3205,9,0,60.0,0.3333,curved_S2a20,0.3,,
curved_S2a20 τ78 지터,tau,,,,78.5,9,81.42391375474425,1,DEGRADED,DEGRADED,11.6616,11.6616,11.5022,11,0,73.3,0.4472,curved_S2a20,0.3,,
curved_S2a20 τ78 지터,tau,,,,78.5,10,0.6068007711425637,1,DEGRADED,DEGRADED,36.8253,36.8253,14.232,12,0,80.0,0.4564,curved_S2a20,0.3,,
바람 u=0.1 τ77.8 v0.010,wind,,,,77.79,1,,0,INSUFFICIENT,INSUFFICIENT,,,,0,0,0.0,,,,0.1,0.01
바람 u=0.1 τ77.8 v0.010,wind,,,,77.79,2,,0,INSUFFICIENT,INSUFFICIENT,,,,0,0,0.0,,,,0.1,0.01
바람 u=0.1 τ77.8 v0.010,wind,,,,77.79,3,,0,INSUFFICIENT,INSUFFICIENT,,,,0,0,0.0,,,,0.1,0.01
바람 u=0.1 τ77.8 v0.010,wind,,,,77.79,4,,0,INSUFFICIENT,INSUFFICIENT,,,,0,0,0.0,,,,0.1,0.01
바람 u=0.1 τ77.8 v0.010,wind,,,,77.79,5,,0,INSUFFICIENT,INSUFFICIENT,,,,0,0,0.0,,,,0.1,0.01
바람 u=0.1 τ77.8 v0.010,wind,,,,77.79,6,,0,INSUFFICIENT,INSUFFICIENT,,,,0,0,0.0,,,,0.1,0.01
바람 u=0.1 τ77.8 v0.010,wind,,,,77.79,7,,0,INSUFFICIENT,INSUFFICIENT,,,,0,0,0.0,,,,0.1,0.01
바람 u=0.1 τ77.8 v0.010,wind,,,,77.79,8,,0,INSUFFICIENT,INSUFFICIENT,,,,0,0,0.0,,,,0.1,0.01
바람 u=0.1 τ77.8 v0.010,wind,,,,77.79,9,,0,INSUFFICIENT,INSUFFICIENT,,,,0,0,0.0,,,,0.1,0.01
바람 u=0.1 τ77.8 v0.010,wind,,,,77.79,10,,0,INSUFFICIENT,INSUFFICIENT,,,,0,0,0.0,,,,0.1,0.01
바람 u=0.5 τ34.8 v0.050,wind,,,,34.79,1,,0,INSUFFICIENT,INSUFFICIENT,,,,0,0,0.0,,,,0.5,0.05
바람 u=0.5 τ34.8 v0.050,wind,,,,34.79,2,,0,INSUFFICIENT,INSUFFICIENT,,,,0,0,0.0,,,,0.5,0.05
바람 u=0.5 τ34.8 v0.050,wind,,,,34.79,3,,0,INSUFFICIENT,INSUFFICIENT,,,,0,0,0.0,,,,0.5,0.05
바람 u=0.5 τ34.8 v0.050,wind,,,,34.79,4,,0,INSUFFICIENT,INSUFFICIENT,,,,0,0,0.0,,,,0.5,0.05
바람 u=0.5 τ34.8 v0.050,wind,,,,34.79,5,,0,INSUFFICIENT,INSUFFICIENT,,,,0,0,0.0,,,,0.5,0.05
바람 u=0.5 τ34.8 v0.050,wind,,,,34.79,6,,0,INSUFFICIENT,INSUFFICIENT,,,,0,0,0.0,,,,0.5,0.05
바람 u=0.5 τ34.8 v0.050,wind,,,,34.79,7,,0,INSUFFICIENT,INSUFFICIENT,,,,0,0,0.0,,,,0.5,0.05
바람 u=0.5 τ34.8 v0.050,wind,,,,34.79,8,,0,INSUFFICIENT,INSUFFICIENT,,,,0,0,0.0,,,,0.5,0.05
바람 u=0.5 τ34.8 v0.050,wind,,,,34.79,9,,0,INSUFFICIENT,INSUFFICIENT,,,,0,0,0.0,,,,0.5,0.05
바람 u=0.5 τ34.8 v0.050,wind,,,,34.79,10,,0,INSUFFICIENT,INSUFFICIENT,,,,0,0,0.0,,,,0.5,0.05
바람 u=1.0 τ24.6 v0.100,wind,,,,24.6,1,,0,INSUFFICIENT,INSUFFICIENT,,,,0,0,0.0,,,,1.0,0.1
바람 u=1.0 τ24.6 v0.100,wind,,,,24.6,2,,0,INSUFFICIENT,INSUFFICIENT,,,,0,0,0.0,,,,1.0,0.1
바람 u=1.0 τ24.6 v0.100,wind,,,,24.6,3,,0,INSUFFICIENT,INSUFFICIENT,,,,0,0,0.0,,,,1.0,0.1
바람 u=1.0 τ24.6 v0.100,wind,,,,24.6,4,,0,INSUFFICIENT,INSUFFICIENT,,,,0,0,0.0,,,,1.0,0.1
바람 u=1.0 τ24.6 v0.100,wind,,,,24.6,5,,0,INSUFFICIENT,INSUFFICIENT,,,,0,0,0.0,,,,1.0,0.1
바람 u=1.0 τ24.6 v0.100,wind,,,,24.6,6,,0,INSUFFICIENT,INSUFFICIENT,,,,0,0,0.0,,,,1.0,0.1
바람 u=1.0 τ24.6 v0.100,wind,,,,24.6,7,,0,INSUFFICIENT,INSUFFICIENT,,,,0,0,0.0,,,,1.0,0.1
바람 u=1.0 τ24.6 v0.100,wind,,,,24.6,8,,0,INSUFFICIENT,INSUFFICIENT,,,,0,0,0.0,,,,1.0,0.1
바람 u=1.0 τ24.6 v0.100,wind,,,,24.6,9,,0,INSUFFICIENT,INSUFFICIENT,,,,0,0,0.0,,,,1.0,0.1
바람 u=1.0 τ24.6 v0.100,wind,,,,24.6,10,,0,INSUFFICIENT,INSUFFICIENT,,,,0,0,0.0,,,,1.0,0.1
바람 u=2.0 τ17.4 v0.200,wind,,,,17.39,1,,0,INSUFFICIENT,INSUFFICIENT,,,,0,0,0.0,,,,2.0,0.2
바람 u=2.0 τ17.4 v0.200,wind,,,,17.39,2,,0,INSUFFICIENT,INSUFFICIENT,,,,0,0,0.0,,,,2.0,0.2
바람 u=2.0 τ17.4 v0.200,wind,,,,17.39,3,,0,INSUFFICIENT,INSUFFICIENT,,,,0,0,0.0,,,,2.0,0.2
바람 u=2.0 τ17.4 v0.200,wind,,,,17.39,4,,0,INSUFFICIENT,INSUFFICIENT,,,,0,0,0.0,,,,2.0,0.2
바람 u=2.0 τ17.4 v0.200,wind,,,,17.39,5,,0,INSUFFICIENT,INSUFFICIENT,,,,0,0,0.0,,,,2.0,0.2
바람 u=2.0 τ17.4 v0.200,wind,,,,17.39,6,,0,INSUFFICIENT,INSUFFICIENT,,,,0,0,0.0,,,,2.0,0.2
바람 u=2.0 τ17.4 v0.200,wind,,,,17.39,7,,0,INSUFFICIENT,INSUFFICIENT,,,,0,0,0.0,,,,2.0,0.2
바람 u=2.0 τ17.4 v0.200,wind,,,,17.39,8,,0,INSUFFICIENT,INSUFFICIENT,,,,0,0,0.0,,,,2.0,0.2
바람 u=2.0 τ17.4 v0.200,wind,,,,17.39,9,,0,INSUFFICIENT,INSUFFICIENT,,,,0,0,0.0,,,,2.0,0.2
바람 u=2.0 τ17.4 v0.200,wind,,,,17.39,10,,0,INSUFFICIENT,INSUFFICIENT,,,,0,0,0.0,,,,2.0,0.2
바람 u=5.0 τ11.0 v0.500,wind,,,,11.0,1,1.5319567529483586,1,INSUFFICIENT,INSUFFICIENT,,,,5,0,33.3,0.0,,,5.0,0.5
바람 u=5.0 τ11.0 v0.500,wind,,,,11.0,2,1.5319567529483586,1,INSUFFICIENT,INSUFFICIENT,,,,5,0,33.3,0.0,,,5.0,0.5
바람 u=5.0 τ11.0 v0.500,wind,,,,11.0,3,1.5319567529483586,1,INSUFFICIENT,INSUFFICIENT,,,,5,0,33.3,0.0,,,5.0,0.5
바람 u=5.0 τ11.0 v0.500,wind,,,,11.0,4,1.5319567529483586,1,INSUFFICIENT,INSUFFICIENT,,,,5,0,33.3,0.0,,,5.0,0.5
바람 u=5.0 τ11.0 v0.500,wind,,,,11.0,5,1.5319567529483586,1,INSUFFICIENT,INSUFFICIENT,,,,5,0,33.3,0.0,,,5.0,0.5
바람 u=5.0 τ11.0 v0.500,wind,,,,11.0,6,1.5319567529483586,1,INSUFFICIENT,INSUFFICIENT,,,,5,0,33.3,0.0,,,5.0,0.5
바람 u=5.0 τ11.0 v0.500,wind,,,,11.0,7,1.5319567529483586,1,INSUFFICIENT,INSUFFICIENT,,,,5,0,33.3,0.0,,,5.0,0.5
바람 u=5.0 τ11.0 v0.500,wind,,,,11.0,8,1.5319567529483586,1,INSUFFICIENT,INSUFFICIENT,,,,5,0,33.3,0.0,,,5.0,0.5
바람 u=5.0 τ11.0 v0.500,wind,,,,11.0,9,1.5319567529483586,1,INSUFFICIENT,INSUFFICIENT,,,,5,0,33.3,0.0,,,5.0,0.5
바람 u=5.0 τ11.0 v0.500,wind,,,,11.0,10,1.5319567529483586,1,INSUFFICIENT,INSUFFICIENT,,,,5,0,33.3,0.0,,,5.0,0.5
바람 u=10.0 τ7.8 v1.000,wind,,,,7.78,1,0.5291612108987247,1,OK,DEGRADED,0.898,0.898,0.1502,13,5,86.7,0.3536,,,10.0,1.0
바람 u=10.0 τ7.8 v1.000,wind,,,,7.78,2,0.5291612108987247,1,OK,DEGRADED,0.898,0.898,0.1502,13,5,86.7,0.3536,,,10.0,1.0
바람 u=10.0 τ7.8 v1.000,wind,,,,7.78,3,0.5291612108987247,1,OK,DEGRADED,0.898,0.898,0.1502,13,5,86.7,0.3536,,,10.0,1.0
바람 u=10.0 τ7.8 v1.000,wind,,,,7.78,4,0.5291612108987247,1,OK,DEGRADED,0.898,0.898,0.1502,13,5,86.7,0.3536,,,10.0,1.0
바람 u=10.0 τ7.8 v1.000,wind,,,,7.78,5,0.5291612108987247,1,OK,DEGRADED,0.898,0.898,0.1502,13,5,86.7,0.3536,,,10.0,1.0
바람 u=10.0 τ7.8 v1.000,wind,,,,7.78,6,0.5291612108987247,1,OK,DEGRADED,0.898,0.898,0.1502,13,5,86.7,0.3536,,,10.0,1.0
바람 u=10.0 τ7.8 v1.000,wind,,,,7.78,7,0.5291612108987247,1,OK,DEGRADED,0.898,0.898,0.1502,13,5,86.7,0.3536,,,10.0,1.0
바람 u=10.0 τ7.8 v1.000,wind,,,,7.78,8,0.5291612108987247,1,OK,DEGRADED,0.898,0.898,0.1502,13,5,86.7,0.3536,,,10.0,1.0
바람 u=10.0 τ7.8 v1.000,wind,,,,7.78,9,0.5291612108987247,1,OK,DEGRADED,0.898,0.898,0.1502,13,5,86.7,0.3536,,,10.0,1.0
바람 u=10.0 τ7.8 v1.000,wind,,,,7.78,10,0.5291612108987247,1,OK,DEGRADED,0.898,0.898,0.1502,13,5,86.7,0.3536,,,10.0,1.0
바람 u=15.0 τ6.4 v1.500,wind,,,,6.35,1,0.5052083774872088,1,OK,OK,0.5796,0.5796,0.2187,13,8,86.7,0.4472,,,15.0,1.5
바람 u=15.0 τ6.4 v1.500,wind,,,,6.35,2,0.5052083774872088,1,OK,OK,0.5796,0.5796,0.2187,13,8,86.7,0.4472,,,15.0,1.5
바람 u=15.0 τ6.4 v1.500,wind,,,,6.35,3,0.5052083774872088,1,OK,OK,0.5796,0.5796,0.2187,13,8,86.7,0.4472,,,15.0,1.5
바람 u=15.0 τ6.4 v1.500,wind,,,,6.35,4,0.5052083774872088,1,OK,OK,0.5796,0.5796,0.2187,13,8,86.7,0.4472,,,15.0,1.5
바람 u=15.0 τ6.4 v1.500,wind,,,,6.35,5,0.5052083774872088,1,OK,OK,0.5796,0.5796,0.2187,13,8,86.7,0.4472,,,15.0,1.5
바람 u=15.0 τ6.4 v1.500,wind,,,,6.35,6,0.5052083774872088,1,OK,OK,0.5796,0.5796,0.2187,13,8,86.7,0.4472,,,15.0,1.5
바람 u=15.0 τ6.4 v1.500,wind,,,,6.35,7,0.5052083774872088,1,OK,OK,0.5796,0.5796,0.2187,13,8,86.7,0.4472,,,15.0,1.5
바람 u=15.0 τ6.4 v1.500,wind,,,,6.35,8,0.5052083774872088,1,OK,OK,0.5796,0.5796,0.2187,13,8,86.7,0.4472,,,15.0,1.5
바람 u=15.0 τ6.4 v1.500,wind,,,,6.35,9,0.5052083774872088,1,OK,OK,0.5796,0.5796,0.2187,13,8,86.7,0.4472,,,15.0,1.5
바람 u=15.0 τ6.4 v1.500,wind,,,,6.35,10,0.5052083774872088,1,OK,OK,0.5796,0.5796,0.2187,13,8,86.7,0.4472,,,15.0,1.5
