model,geom,wind_kmh,ignition_d_m,tau_s,seed,dir_err_nominal,dir_err_local,speed_est,speed_err_nominal_pct,speed_err_local_pct,speed_true_local,estimable,n_nonsink,n_died,t_max
ellipse,head,10.0,30.0,0.0,1,9.424775269914486,1.9930041270958196,1.4173383007565243,-5.510779949565045,0.1208831035578349,1.415627046847491,1,15,15,75.76833476006611
ellipse,head,10.0,30.0,0.0,2,9.424775269914486,1.9930041270958196,1.4173383007565243,-5.510779949565045,0.1208831035578349,1.415627046847491,1,15,15,75.76833476006611
ellipse,head,10.0,30.0,0.0,3,9.424775269914486,1.9930041270958196,1.4173383007565243,-5.510779949565045,0.1208831035578349,1.415627046847491,1,15,15,75.76833476006611
ellipse,head,10.0,30.0,0.0,4,9.424775269914486,1.9930041270958196,1.4173383007565243,-5.510779949565045,0.1208831035578349,1.415627046847491,1,15,15,75.76833476006611
ellipse,head,10.0,30.0,0.0,5,9.424775269914486,1.9930041270958196,1.4173383007565243,-5.510779949565045,0.1208831035578349,1.415627046847491,1,15,15,75.76833476006611
ellipse,head,10.0,30.0,0.0,6,9.424775269914486,1.9930041270958196,1.4173383007565243,-5.510779949565045,0.1208831035578349,1.415627046847491,1,15,15,75.76833476006611
ellipse,head,10.0,30.0,0.0,7,9.424775269914486,1.9930041270958196,1.4173383007565243,-5.510779949565045,0.1208831035578349,1.415627046847491,1,15,15,75.76833476006611
ellipse,head,10.0,30.0,0.0,8,9.424775269914486,1.9930041270958196,1.4173383007565243,-5.510779949565045,0.1208831035578349,1.415627046847491,1,15,15,75.76833476006611
ellipse,head,10.0,30.0,0.0,9,9.424775269914486,1.9930041270958196,1.4173383007565243,-5.510779949565045,0.1208831035578349,1.415627046847491,1,15,15,75.76833476006611
ellipse,head,10.0,30.0,0.0,10,9.424775269914486,1.9930041270958196,1.4173383007565243,-5.510779949565045,0.1208831035578349,1.415627046847491,1,15,15,75.76833476006611
ellipse,head,10.0,30.0,0.0,11,9.424775269914486,1.9930041270958196,1.4173383007565243,-5.510779949565045,0.1208831035578349,1.415627046847491,1,15,15,75.76833476006611
ellipse,head,10.0,30.0,0.0,12,9.424775269914486,1.9930041270958196,1.4173383007565243,-5.510779949565045,0.1208831035578349,1.415627046847491,1,15,15,75.76833476006611
ellipse,head,10.0,30.0,0.0,13,9.424775269914486,1.9930041270958196,1.4173383007565243,-5.510779949565045,0.1208831035578349,1.415627046847491,1,15,15,75.76833476006611
ellipse,head,10.0,30.0,0.0,14,9.424775269914486,1.9930041270958196,1.4173383007565243,-5.510779949565045,0.1208831035578349,1.415627046847491,1,15,15,75.76833476006611
ellipse,head,10.0,30.0,0.0,15,9.424775269914486,1.9930041270958196,1.4173383007565243,-5.510779949565045,0.1208831035578349,1.415627046847491,1,15,15,75.76833476006611
ellipse,head,10.0,30.0,0.0,16,9.424775269914486,1.9930041270958196,1.4173383007565243,-5.510779949565045,0.1208831035578349,1.415627046847491,1,15,15,75.76833476006611
ellipse,head,10.0,30.0,0.0,17,9.424775269914486,1.9930041270958196,1.4173383007565243,-5.510779949565045,0.1208831035578349,1.415627046847491,1,15,15,75.76833476006611
ellipse,head,10.0,30.0,0.0,18,9.424775269914486,1.9930041270958196,1.4173383007565243,-5.510779949565045,0.1208831035578349,1.415627046847491,1,15,15,75.76833476006611
ellipse,head,10.0,30.0,0.0,19,9.424775269914486,1.9930041270958196,1.4173383007565243,-5.510779949565045,0.1208831035578349,1.415627046847491,1,15,15,75.76833476006611
ellipse,head,10.0,30.0,0.0,20,9.424775269914486,1.9930041270958196,1.4173383007565243,-5.510779949565045,0.1208831035578349,1.415627046847491,1,15,15,75.76833476006611
ellipse,head,10.0,30.0,0.0,21,9.424775269914486,1.9930041270958196,1.4173383007565243,-5.510779949565045,0.1208831035578349,1.415627046847491,1,15,15,75.76833476006611
ellipse,head,10.0,30.0,0.0,22,9.424775269914486,1.9930041270958196,1.4173383007565243,-5.510779949565045,0.1208831035578349,1.415627046847491,1,15,15,75.76833476006611
ellipse,head,10.0,30.0,0.0,23,9.424775269914486,1.9930041270958196,1.4173383007565243,-5.510779949565045,0.1208831035578349,1.415627046847491,1,15,15,75.76833476006611
ellipse,head,10.0,30.0,0.0,24,9.424775269914486,1.9930041270958196,1.4173383007565243,-5.510779949565045,0.1208831035578349,1.415627046847491,1,15,15,75.76833476006611
ellipse,head,10.0,30.0,0.0,25,9.424775269914486,1.9930041270958196,1.4173383007565243,-5.510779949565045,0.1208831035578349,1.415627046847491,1,15,15,75.76833476006611
ellipse,head,10.0,30.0,0.0,26,9.424775269914486,1.9930041270958196,1.4173383007565243,-5.510779949565045,0.1208831035578349,1.415627046847491,1,15,15,75.76833476006611
ellipse,head,10.0,30.0,0.0,27,9.424775269914486,1.9930041270958196,1.4173383007565243,-5.510779949565045,0.1208831035578349,1.415627046847491,1,15,15,75.76833476006611
ellipse,head,10.0,30.0,0.0,28,9.424775269914486,1.9930041270958196,1.4173383007565243,-5.510779949565045,0.1208831035578349,1.415627046847491,1,15,15,75.76833476006611
ellipse,head,10.0,30.0,0.0,29,9.424775269914486,1.9930041270958196,1.4173383007565243,-5.510779949565045,0.1208831035578349,1.415627046847491,1,15,15,75.76833476006611
ellipse,head,10.0,30.0,0.0,30,9.424775269914486,1.9930041270958196,1.4173383007565243,-5.510779949565045,0.1208831035578349,1.415627046847491,1,15,15,75.76833476006611
ellipse,head,10.0,30.0,11.0,1,10.113371411534315,1.3044079854758217,1.4139056786578783,-5.7396214228081135,-0.12159757709108726,1.415627046847491,1,15,15,75.76833476006611
ellipse,head,10.0,30.0,11.0,2,10.113371411534315,1.3044079854758217,1.4139056786578783,-5.7396214228081135,-0.12159757709108726,1.415627046847491,1,15,15,75.76833476006611
ellipse,head,10.0,30.0,11.0,3,10.113371411534315,1.3044079854758217,1.4139056786578783,-5.7396214228081135,-0.12159757709108726,1.415627046847491,1,15,15,75.76833476006611
ellipse,head,10.0,30.0,11.0,4,10.113371411534315,1.3044079854758217,1.4139056786578783,-5.7396214228081135,-0.12159757709108726,1.415627046847491,1,15,15,75.76833476006611
ellipse,head,10.0,30.0,11.0,5,10.113371411534315,1.3044079854758217,1.4139056786578783,-5.7396214228081135,-0.12159757709108726,1.415627046847491,1,15,15,75.76833476006611
ellipse,head,10.0,30.0,11.0,6,10.113371411534315,1.3044079854758217,1.4139056786578783,-5.7396214228081135,-0.12159757709108726,1.415627046847491,1,15,15,75.76833476006611
ellipse,head,10.0,30.0,11.0,7,10.113371411534315,1.3044079854758217,1.4139056786578783,-5.7396214228081135,-0.12159757709108726,1.415627046847491,1,15,15,75.76833476006611
ellipse,head,10.0,30.0,11.0,8,10.113371411534315,1.3044079854758217,1.4139056786578783,-5.7396214228081135,-0.12159757709108726,1.415627046847491,1,15,15,75.76833476006611
ellipse,head,10.0,30.0,11.0,9,10.113371411534315,1.3044079854758217,1.4139056786578783,-5.7396214228081135,-0.12159757709108726,1.415627046847491,1,15,15,75.76833476006611
ellipse,head,10.0,30.0,11.0,10,10.113371411534315,1.3044079854758217,1.4139056786578783,-5.7396214228081135,-0.12159757709108726,1.415627046847491,1,15,15,75.76833476006611
ellipse,head,10.0,30.0,11.0,11,10.113371411534315,1.3044079854758217,1.4139056786578783,-5.7396214228081135,-0.12159757709108726,1.415627046847491,1,15,15,75.76833476006611
ellipse,head,10.0,30.0,11.0,12,10.113371411534315,1.3044079854758217,1.4139056786578783,-5.7396214228081135,-0.12159757709108726,1.415627046847491,1,15,15,75.76833476006611
ellipse,head,10.0,30.0,11.0,13,10.113371411534315,1.3044079854758217,1.4139056786578783,-5.7396214228081135,-0.12159757709108726,1.415627046847491,1,15,15,75.76833476006611
ellipse,head,10.0,30.0,11.0,14,10.113371411534315,1.3044079854758217,1.4139056786578783,-5.7396214228081135,-0.12159757709108726,1.415627046847491,1,15,15,75.76833476006611
ellipse,head,10.0,30.0,11.0,15,10.113371411534315,1.3044079854758217,1.4139056786578783,-5.7396214228081135,-0.12159757709108726,1.415627046847491,1,15,15,75.76833476006611
ellipse,head,10.0,30.0,11.0,16,10.113371411534315,1.3044079854758217,1.4139056786578783,-5.7396214228081135,-0.12159757709108726,1.415627046847491,1,15,15,75.76833476006611
ellipse,head,10.0,30.0,11.0,17,10.113371411534315,1.3044079854758217,1.4139056786578783,-5.7396214228081135,-0.12159757709108726,1.415627046847491,1,15,15,75.76833476006611
ellipse,head,10.0,30.0,11.0,18,10.113371411534315,1.3044079854758217,1.4139056786578783,-5.7396214228081135,-0.12159757709108726,1.415627046847491,1,15,15,75.76833476006611
ellipse,head,10.0,30.0,11.0,19,10.113371411534315,1.3044079854758217,1.4139056786578783,-5.7396214228081135,-0.12159757709108726,1.415627046847491,1,15,15,75.76833476006611
ellipse,head,10.0,30.0,11.0,20,10.113371411534315,1.3044079854758217,1.4139056786578783,-5.7396214228081135,-0.12159757709108726,1.415627046847491,1,15,15,75.76833476006611
ellipse,head,10.0,30.0,11.0,21,10.113371411534315,1.3044079854758217,1.4139056786578783,-5.7396214228081135,-0.12159757709108726,1.415627046847491,1,15,15,75.76833476006611
ellipse,head,10.0,30.0,11.0,22,10.113371411534315,1.3044079854758217,1.4139056786578783,-5.7396214228081135,-0.12159757709108726,1.415627046847491,1,15,15,75.76833476006611
ellipse,head,10.0,30.0,11.0,23,10.113371411534315,1.3044079854758217,1.4139056786578783,-5.7396214228081135,-0.12159757709108726,1.415627046847491,1,15,15,75.76833476006611
ellipse,head,10.0,30.0,11.0,24,10.113371411534315,1.3044079854758217,1.4139056786578783,-5.7396214228081135,-0.12159757709108726,1.415627046847491,1,15,15,75.76833476006611
ellipse,head,10.0,30.0,11.0,25,10.113371411534315,1.3044079854758217,1.4139056786578783,-5.7396214228081135,-0.12159757709108726,1.415627046847491,1,15,15,75.76833476006611
ellipse,head,10.0,30.0,11.0,26,10.113371411534315,1.3044079854758217,1.4139056786578783,-5.7396214228081135,-0.12159757709108726,1.415627046847491,1,15,15,75.76833476006611
ellipse,head,10.0,30.0,11.0,27,10.113371411534315,1.3044079854758217,1.4139056786578783,-5.7396214228081135,-0.12159757709108726,1.415627046847491,1,15,15,75.76833476006611
ellipse,head,10.0,30.0,11.0,28,10.113371411534315,1.3044079854758217,1.4139056786578783,-5.7396214228081135,-0.12159757709108726,1.415627046847491,1,15,15,75.76833476006611
ellipse,head,10.0,30.0,11.0,29,10.113371411534315,1.3044079854758217,1.4139056786578783,-5.7396214228081135,-0.12159757709108726,1.415627046847491,1,15,15,75.76833476006611
ellipse,head,10.0,30.0,11.0,30,10.113371411534315,1.3044079854758217,1.4139056786578783,-5.7396214228081135,-0.12159757709108726,1.415627046847491,1,15,15,75.76833476006611
ellipse,head,10.0,30.0,78.5,1,10.194759243462524,1.2230201535475556,1.4139056786578854,-5.739621422807639,-0.12159757709058533,1.415627046847491,1,15,15,75.76833476006611
ellipse,head,10.0,30.0,78.5,2,10.194759243462524,1.2230201535475556,1.4139056786578854,-5.739621422807639,-0.12159757709058533,1.415627046847491,1,15,15,75.76833476006611
ellipse,head,10.0,30.0,78.5,3,10.194759243462524,1.2230201535475556,1.4139056786578854,-5.739621422807639,-0.12159757709058533,1.415627046847491,1,15,15,75.76833476006611
ellipse,head,10.0,30.0,78.5,4,10.194759243462524,1.2230201535475556,1.4139056786578854,-5.739621422807639,-0.12159757709058533,1.415627046847491,1,15,15,75.76833476006611
ellipse,head,10.0,30.0,78.5,5,10.194759243462524,1.2230201535475556,1.4139056786578854,-5.739621422807639,-0.12159757709058533,1.415627046847491,1,15,15,75.76833476006611
ellipse,head,10.0,30.0,78.5,6,10.194759243462524,1.2230201535475556,1.4139056786578854,-5.739621422807639,-0.12159757709058533,1.415627046847491,1,15,15,75.76833476006611
ellipse,head,10.0,30.0,78.5,7,10.194759243462524,1.2230201535475556,1.4139056786578854,-5.739621422807639,-0.12159757709058533,1.415627046847491,1,15,15,75.76833476006611
ellipse,head,10.0,30.0,78.5,8,10.194759243462524,1.2230201535475556,1.4139056786578854,-5.739621422807639,-0.12159757709058533,1.415627046847491,1,15,15,75.76833476006611
ellipse,head,10.0,30.0,78.5,9,10.194759243462524,1.2230201535475556,1.4139056786578854,-5.739621422807639,-0.12159757709058533,1.415627046847491,1,15,15,75.76833476006611
ellipse,head,10.0,30.0,78.5,10,10.194759243462524,1.2230201535475556,1.4139056786578854,-5.739621422807639,-0.12159757709058533,1.415627046847491,1,15,15,75.76833476006611
ellipse,head,10.0,30.0,78.5,11,10.194759243462524,1.2230201535475556,1.4139056786578854,-5.739621422807639,-0.12159757709058533,1.415627046847491,1,15,15,75.76833476006611
ellipse,head,10.0,30.0,78.5,12,10.194759243462524,1.2230201535475556,1.4139056786578854,-5.739621422807639,-0.12159757709058533,1.415627046847491,1,15,15,75.76833476006611
ellipse,head,10.0,30.0,78.5,13,10.194759243462524,1.2230201535475556,1.4139056786578854,-5.739621422807639,-0.12159757709058533,1.415627046847491,1,15,15,75.76833476006611
ellipse,head,10.0,30.0,78.5,14,10.194759243462524,1.2230201535475556,1.4139056786578854,-5.739621422807639,-0.12159757709058533,1.415627046847491,1,15,15,75.76833476006611
ellipse,head,10.0,30.0,78.5,15,10.194759243462524,1.2230201535475556,1.4139056786578854,-5.739621422807639,-0.12159757709058533,1.415627046847491,1,15,15,75.76833476006611
ellipse,head,10.0,30.0,78.5,16,10.194759243462524,1.2230201535475556,1.4139056786578854,-5.739621422807639,-0.12159757709058533,1.415627046847491,1,15,15,75.76833476006611
ellipse,head,10.0,30.0,78.5,17,10.194759243462524,1.2230201535475556,1.4139056786578854,-5.739621422807639,-0.12159757709058533,1.415627046847491,1,15,15,75.76833476006611
ellipse,head,10.0,30.0,78.5,18,10.194759243462524,1.2230201535475556,1.4139056786578854,-5.739621422807639,-0.12159757709058533,1.415627046847491,1,15,15,75.76833476006611
ellipse,head,10.0,30.0,78.5,19,10.194759243462524,1.2230201535475556,1.4139056786578854,-5.739621422807639,-0.12159757709058533,1.415627046847491,1,15,15,75.76833476006611
ellipse,head,10.0,30.0,78.5,20,10.194759243462524,1.2230201535475556,1.4139056786578854,-5.739621422807639,-0.12159757709058533,1.415627046847491,1,15,15,75.76833476006611
ellipse,head,10.0,30.0,78.5,21,10.194759243462524,1.2230201535475556,1.4139056786578854,-5.739621422807639,-0.12159757709058533,1.415627046847491,1,15,15,75.76833476006611
ellipse,head,10.0,30.0,78.5,22,10.194759243462524,1.2230201535475556,1.4139056786578854,-5.739621422807639,-0.12159757709058533,1.415627046847491,1,15,15,75.76833476006611
ellipse,head,10.0,30.0,78.5,23,10.194759243462524,1.2230201535475556,1.4139056786578854,-5.739621422807639,-0.12159757709058533,1.415627046847491,1,15,15,75.76833476006611
ellipse,head,10.0,30.0,78.5,24,10.194759243462524,1.2230201535475556,1.4139056786578854,-5.739621422807639,-0.12159757709058533,1.415627046847491,1,15,15,75.76833476006611
ellipse,head,10.0,30.0,78.5,25,10.194759243462524,1.2230201535475556,1.4139056786578854,-5.739621422807639,-0.12159757709058533,1.415627046847491,1,15,15,75.76833476006611
ellipse,head,10.0,30.0,78.5,26,10.194759243462524,1.2230201535475556,1.4139056786578854,-5.739621422807639,-0.12159757709058533,1.415627046847491,1,15,15,75.76833476006611
ellipse,head,10.0,30.0,78.5,27,10.194759243462524,1.2230201535475556,1.4139056786578854,-5.739621422807639,-0.12159757709058533,1.415627046847491,1,15,15,75.76833476006611
ellipse,head,10.0,30.0,78.5,28,10.194759243462524,1.2230201535475556,1.4139056786578854,-5.739621422807639,-0.12159757709058533,1.415627046847491,1,15,15,75.76833476006611
ellipse,head,10.0,30.0,78.5,29,10.194759243462524,1.2230201535475556,1.4139056786578854,-5.739621422807639,-0.12159757709058533,1.415627046847491,1,15,15,75.76833476006611
ellipse,head,10.0,30.0,78.5,30,10.194759243462524,1.2230201535475556,1.4139056786578854,-5.739621422807639,-0.12159757709058533,1.415627046847491,1,15,15,75.76833476006611
ellipse,head,10.0,60.0,0.0,1,6.545628433677977,0.9399099499133822,1.4504945216194491,-3.3003652253700575,-0.803778203340854,1.4622477503153257,1,15,15,98.37018051561017
ellipse,head,10.0,60.0,0.0,2,6.545628433677977,0.9399099499133822,1.4504945216194491,-3.3003652253700575,-0.803778203340854,1.4622477503153257,1,15,15,98.37018051561017
ellipse,head,10.0,60.0,0.0,3,6.545628433677977,0.9399099499133822,1.4504945216194491,-3.3003652253700575,-0.803778203340854,1.4622477503153257,1,15,15,98.37018051561017
ellipse,head,10.0,60.0,0.0,4,6.545628433677977,0.9399099499133822,1.4504945216194491,-3.3003652253700575,-0.803778203340854,1.4622477503153257,1,15,15,98.37018051561017
ellipse,head,10.0,60.0,0.0,5,6.545628433677977,0.9399099499133822,1.4504945216194491,-3.3003652253700575,-0.803778203340854,1.4622477503153257,1,15,15,98.37018051561017
ellipse,head,10.0,60.0,0.0,6,6.545628433677977,0.9399099499133822,1.4504945216194491,-3.3003652253700575,-0.803778203340854,1.4622477503153257,1,15,15,98.37018051561017
ellipse,head,10.0,60.0,0.0,7,6.545628433677977,0.9399099499133822,1.4504945216194491,-3.3003652253700575,-0.803778203340854,1.4622477503153257,1,15,15,98.37018051561017
ellipse,head,10.0,60.0,0.0,8,6.545628433677977,0.9399099499133822,1.4504945216194491,-3.3003652253700575,-0.803778203340854,1.4622477503153257,1,15,15,98.37018051561017
ellipse,head,10.0,60.0,0.0,9,6.545628433677977,0.9399099499133822,1.4504945216194491,-3.3003652253700575,-0.803778203340854,1.4622477503153257,1,15,15,98.37018051561017
ellipse,head,10.0,60.0,0.0,10,6.545628433677977,0.9399099499133822,1.4504945216194491,-3.3003652253700575,-0.803778203340854,1.4622477503153257,1,15,15,98.37018051561017
ellipse,head,10.0,60.0,0.0,11,6.545628433677977,0.9399099499133822,1.4504945216194491,-3.3003652253700575,-0.803778203340854,1.4622477503153257,1,15,15,98.37018051561017
ellipse,head,10.0,60.0,0.0,12,6.545628433677977,0.9399099499133822,1.4504945216194491,-3.3003652253700575,-0.803778203340854,1.4622477503153257,1,15,15,98.37018051561017
ellipse,head,10.0,60.0,0.0,13,6.545628433677977,0.9399099499133822,1.4504945216194491,-3.3003652253700575,-0.803778203340854,1.4622477503153257,1,15,15,98.37018051561017
ellipse,head,10.0,60.0,0.0,14,6.545628433677977,0.9399099499133822,1.4504945216194491,-3.3003652253700575,-0.803778203340854,1.4622477503153257,1,15,15,98.37018051561017
ellipse,head,10.0,60.0,0.0,15,6.545628433677977,0.9399099499133822,1.4504945216194491,-3.3003652253700575,-0.803778203340854,1.4622477503153257,1,15,15,98.37018051561017
ellipse,head,10.0,60.0,0.0,16,6.545628433677977,0.9399099499133822,1.4504945216194491,-3.3003652253700575,-0.803778203340854,1.4622477503153257,1,15,15,98.37018051561017
ellipse,head,10.0,60.0,0.0,17,6.545628433677977,0.9399099499133822,1.4504945216194491,-3.3003652253700575,-0.803778203340854,1.4622477503153257,1,15,15,98.37018051561017
ellipse,head,10.0,60.0,0.0,18,6.545628433677977,0.9399099499133822,1.4504945216194491,-3.3003652253700575,-0.803778203340854,1.4622477503153257,1,15,15,98.37018051561017
ellipse,head,10.0,60.0,0.0,19,6.545628433677977,0.9399099499133822,1.4504945216194491,-3.3003652253700575,-0.803778203340854,1.4622477503153257,1,15,15,98.37018051561017
ellipse,head,10.0,60.0,0.0,20,6.545628433677977,0.9399099499133822,1.4504945216194491,-3.3003652253700575,-0.803778203340854,1.4622477503153257,1,15,15,98.37018051561017
ellipse,head,10.0,60.0,0.0,21,6.545628433677977,0.9399099499133822,1.4504945216194491,-3.3003652253700575,-0.803778203340854,1.4622477503153257,1,15,15,98.37018051561017
ellipse,head,10.0,60.0,0.0,22,6.545628433677977,0.9399099499133822,1.4504945216194491,-3.3003652253700575,-0.803778203340854,1.4622477503153257,1,15,15,98.37018051561017
ellipse,head,10.0,60.0,0.0,23,6.545628433677977,0.9399099499133822,1.4504945216194491,-3.3003652253700575,-0.803778203340854,1.4622477503153257,1,15,15,98.37018051561017
ellipse,head,10.0,60.0,0.0,24,6.545628433677977,0.9399099499133822,1.4504945216194491,-3.3003652253700575,-0.803778203340854,1.4622477503153257,1,15,15,98.37018051561017
ellipse,head,10.0,60.0,0.0,25,6.545628433677977,0.9399099499133822,1.4504945216194491,-3.3003652253700575,-0.803778203340854,1.4622477503153257,1,15,15,98.37018051561017
ellipse,head,10.0,60.0,0.0,26,6.545628433677977,0.9399099499133822,1.4504945216194491,-3.3003652253700575,-0.803778203340854,1.4622477503153257,1,15,15,98.37018051561017
ellipse,head,10.0,60.0,0.0,27,6.545628433677977,0.9399099499133822,1.4504945216194491,-3.3003652253700575,-0.803778203340854,1.4622477503153257,1,15,15,98.37018051561017
ellipse,head,10.0,60.0,0.0,28,6.545628433677977,0.9399099499133822,1.4504945216194491,-3.3003652253700575,-0.803778203340854,1.4622477503153257,1,15,15,98.37018051561017
ellipse,head,10.0,60.0,0.0,29,6.545628433677977,0.9399099499133822,1.4504945216194491,-3.3003652253700575,-0.803778203340854,1.4622477503153257,1,15,15,98.37018051561017
ellipse,head,10.0,60.0,0.0,30,6.545628433677977,0.9399099499133822,1.4504945216194491,-3.3003652253700575,-0.803778203340854,1.4622477503153257,1,15,15,98.37018051561017
ellipse,head,10.0,60.0,11.0,1,6.965768486826986,0.5197698967644669,1.447223299537922,-3.51844669747187,-1.0274900935333178,1.4622477503153257,1,15,15,98.37018051561017
ellipse,head,10.0,60.0,11.0,2,6.965768486826986,0.5197698967644669,1.447223299537922,-3.51844669747187,-1.0274900935333178,1.4622477503153257,1,15,15,98.37018051561017
ellipse,head,10.0,60.0,11.0,3,6.965768486826986,0.5197698967644669,1.447223299537922,-3.51844669747187,-1.0274900935333178,1.4622477503153257,1,15,15,98.37018051561017
ellipse,head,10.0,60.0,11.0,4,6.965768486826986,0.5197698967644669,1.447223299537922,-3.51844669747187,-1.0274900935333178,1.4622477503153257,1,15,15,98.37018051561017
ellipse,head,10.0,60.0,11.0,5,6.965768486826986,0.5197698967644669,1.447223299537922,-3.51844669747187,-1.0274900935333178,1.4622477503153257,1,15,15,98.37018051561017
ellipse,head,10.0,60.0,11.0,6,6.965768486826986,0.5197698967644669,1.447223299537922,-3.51844669747187,-1.0274900935333178,1.4622477503153257,1,15,15,98.37018051561017
ellipse,head,10.0,60.0,11.0,7,6.965768486826986,0.5197698967644669,1.447223299537922,-3.51844669747187,-1.0274900935333178,1.4622477503153257,1,15,15,98.37018051561017
ellipse,head,10.0,60.0,11.0,8,6.965768486826986,0.5197698967644669,1.447223299537922,-3.51844669747187,-1.0274900935333178,1.4622477503153257,1,15,15,98.37018051561017
ellipse,head,10.0,60.0,11.0,9,6.965768486826986,0.5197698967644669,1.447223299537922,-3.51844669747187,-1.0274900935333178,1.4622477503153257,1,15,15,98.37018051561017
ellipse,head,10.0,60.0,11.0,10,6.965768486826986,0.5197698967644669,1.447223299537922,-3.51844669747187,-1.0274900935333178,1.4622477503153257,1,15,15,98.37018051561017
ellipse,head,10.0,60.0,11.0,11,6.965768486826986,0.5197698967644669,1.447223299537922,-3.51844669747187,-1.0274900935333178,1.4622477503153257,1,15,15,98.37018051561017
ellipse,head,10.0,60.0,11.0,12,6.965768486826986,0.5197698967644669,1.447223299537922,-3.51844669747187,-1.0274900935333178,1.4622477503153257,1,15,15,98.37018051561017
ellipse,head,10.0,60.0,11.0,13,6.965768486826986,0.5197698967644669,1.447223299537922,-3.51844669747187,-1.0274900935333178,1.4622477503153257,1,15,15,98.37018051561017
ellipse,head,10.0,60.0,11.0,14,6.965768486826986,0.5197698967644669,1.447223299537922,-3.51844669747187,-1.0274900935333178,1.4622477503153257,1,15,15,98.37018051561017
ellipse,head,10.0,60.0,11.0,15,6.965768486826986,0.5197698967644669,1.447223299537922,-3.51844669747187,-1.0274900935333178,1.4622477503153257,1,15,15,98.37018051561017
ellipse,head,10.0,60.0,11.0,16,6.965768486826986,0.5197698967644669,1.447223299537922,-3.51844669747187,-1.0274900935333178,1.4622477503153257,1,15,15,98.37018051561017
ellipse,head,10.0,60.0,11.0,17,6.965768486826986,0.5197698967644669,1.447223299537922,-3.51844669747187,-1.0274900935333178,1.4622477503153257,1,15,15,98.37018051561017
ellipse,head,10.0,60.0,11.0,18,6.965768486826986,0.5197698967644669,1.447223299537922,-3.51844669747187,-1.0274900935333178,1.4622477503153257,1,15,15,98.37018051561017
ellipse,head,10.0,60.0,11.0,19,6.965768486826986,0.5197698967644669,1.447223299537922,-3.51844669747187,-1.0274900935333178,1.4622477503153257,1,15,15,98.37018051561017
ellipse,head,10.0,60.0,11.0,20,6.965768486826986,0.5197698967644669,1.447223299537922,-3.51844669747187,-1.0274900935333178,1.4622477503153257,1,15,15,98.37018051561017
ellipse,head,10.0,60.0,11.0,21,6.965768486826986,0.5197698967644669,1.447223299537922,-3.51844669747187,-1.0274900935333178,1.4622477503153257,1,15,15,98.37018051561017
ellipse,head,10.0,60.0,11.0,22,6.965768486826986,0.5197698967644669,1.447223299537922,-3.51844669747187,-1.0274900935333178,1.4622477503153257,1,15,15,98.37018051561017
ellipse,head,10.0,60.0,11.0,23,6.965768486826986,0.5197698967644669,1.447223299537922,-3.51844669747187,-1.0274900935333178,1.4622477503153257,1,15,15,98.37018051561017
ellipse,head,10.0,60.0,11.0,24,6.965768486826986,0.5197698967644669,1.447223299537922,-3.51844669747187,-1.0274900935333178,1.4622477503153257,1,15,15,98.37018051561017
ellipse,head,10.0,60.0,11.0,25,6.965768486826986,0.5197698967644669,1.447223299537922,-3.51844669747187,-1.0274900935333178,1.4622477503153257,1,15,15,98.37018051561017
ellipse,head,10.0,60.0,11.0,26,6.965768486826986,0.5197698967644669,1.447223299537922,-3.51844669747187,-1.0274900935333178,1.4622477503153257,1,15,15,98.37018051561017
ellipse,head,10.0,60.0,11.0,27,6.965768486826986,0.5197698967644669,1.447223299537922,-3.51844669747187,-1.0274900935333178,1.4622477503153257,1,15,15,98.37018051561017
ellipse,head,10.0,60.0,11.0,28,6.965768486826986,0.5197698967644669,1.447223299537922,-3.51844669747187,-1.0274900935333178,1.4622477503153257,1,15,15,98.37018051561017
ellipse,head,10.0,60.0,11.0,29,6.965768486826986,0.5197698967644669,1.447223299537922,-3.51844669747187,-1.0274900935333178,1.4622477503153257,1,15,15,98.37018051561017
ellipse,head,10.0,60.0,11.0,30,6.965768486826986,0.5197698967644669,1.447223299537922,-3.51844669747187,-1.0274900935333178,1.4622477503153257,1,15,15,98.37018051561017
ellipse,head,10.0,60.0,78.5,1,6.917911469139403,0.5676269144513162,1.4517167628488479,-3.218882476743475,-0.720191736605982,1.4622477503153257,1,15,15,98.37018051561017
ellipse,head,10.0,60.0,78.5,2,6.917911469139403,0.5676269144513162,1.4517167628488479,-3.218882476743475,-0.720191736605982,1.4622477503153257,1,15,15,98.37018051561017
ellipse,head,10.0,60.0,78.5,3,6.917911469139403,0.5676269144513162,1.4517167628488479,-3.218882476743475,-0.720191736605982,1.4622477503153257,1,15,15,98.37018051561017
ellipse,head,10.0,60.0,78.5,4,6.917911469139403,0.5676269144513162,1.4517167628488479,-3.218882476743475,-0.720191736605982,1.4622477503153257,1,15,15,98.37018051561017
ellipse,head,10.0,60.0,78.5,5,6.917911469139403,0.5676269144513162,1.4517167628488479,-3.218882476743475,-0.720191736605982,1.4622477503153257,1,15,15,98.37018051561017
ellipse,head,10.0,60.0,78.5,6,6.917911469139403,0.5676269144513162,1.4517167628488479,-3.218882476743475,-0.720191736605982,1.4622477503153257,1,15,15,98.37018051561017
ellipse,head,10.0,60.0,78.5,7,6.917911469139403,0.5676269144513162,1.4517167628488479,-3.218882476743475,-0.720191736605982,1.4622477503153257,1,15,15,98.37018051561017
ellipse,head,10.0,60.0,78.5,8,6.917911469139403,0.5676269144513162,1.4517167628488479,-3.218882476743475,-0.720191736605982,1.4622477503153257,1,15,15,98.37018051561017
ellipse,head,10.0,60.0,78.5,9,6.917911469139403,0.5676269144513162,1.4517167628488479,-3.218882476743475,-0.720191736605982,1.4622477503153257,1,15,15,98.37018051561017
ellipse,head,10.0,60.0,78.5,10,6.917911469139403,0.5676269144513162,1.4517167628488479,-3.218882476743475,-0.720191736605982,1.4622477503153257,1,15,15,98.37018051561017
ellipse,head,10.0,60.0,78.5,11,6.917911469139403,0.5676269144513162,1.4517167628488479,-3.218882476743475,-0.720191736605982,1.4622477503153257,1,15,15,98.37018051561017
ellipse,head,10.0,60.0,78.5,12,6.917911469139403,0.5676269144513162,1.4517167628488479,-3.218882476743475,-0.720191736605982,1.4622477503153257,1,15,15,98.37018051561017
ellipse,head,10.0,60.0,78.5,13,6.917911469139403,0.5676269144513162,1.4517167628488479,-3.218882476743475,-0.720191736605982,1.4622477503153257,1,15,15,98.37018051561017
ellipse,head,10.0,60.0,78.5,14,6.917911469139403,0.5676269144513162,1.4517167628488479,-3.218882476743475,-0.720191736605982,1.4622477503153257,1,15,15,98.37018051561017
ellipse,head,10.0,60.0,78.5,15,6.917911469139403,0.5676269144513162,1.4517167628488479,-3.218882476743475,-0.720191736605982,1.4622477503153257,1,15,15,98.37018051561017
ellipse,head,10.0,60.0,78.5,16,6.917911469139403,0.5676269144513162,1.4517167628488479,-3.218882476743475,-0.720191736605982,1.4622477503153257,1,15,15,98.37018051561017
ellipse,head,10.0,60.0,78.5,17,6.917911469139403,0.5676269144513162,1.4517167628488479,-3.218882476743475,-0.720191736605982,1.4622477503153257,1,15,15,98.37018051561017
ellipse,head,10.0,60.0,78.5,18,6.917911469139403,0.5676269144513162,1.4517167628488479,-3.218882476743475,-0.720191736605982,1.4622477503153257,1,15,15,98.37018051561017
ellipse,head,10.0,60.0,78.5,19,6.917911469139403,0.5676269144513162,1.4517167628488479,-3.218882476743475,-0.720191736605982,1.4622477503153257,1,15,15,98.37018051561017
ellipse,head,10.0,60.0,78.5,20,6.917911469139403,0.5676269144513162,1.4517167628488479,-3.218882476743475,-0.720191736605982,1.4622477503153257,1,15,15,98.37018051561017
ellipse,head,10.0,60.0,78.5,21,6.917911469139403,0.5676269144513162,1.4517167628488479,-3.218882476743475,-0.720191736605982,1.4622477503153257,1,15,15,98.37018051561017
ellipse,head,10.0,60.0,78.5,22,6.917911469139403,0.5676269144513162,1.4517167628488479,-3.218882476743475,-0.720191736605982,1.4622477503153257,1,15,15,98.37018051561017
ellipse,head,10.0,60.0,78.5,23,6.917911469139403,0.5676269144513162,1.4517167628488479,-3.218882476743475,-0.720191736605982,1.4622477503153257,1,15,15,98.37018051561017
ellipse,head,10.0,60.0,78.5,24,6.917911469139403,0.5676269144513162,1.4517167628488479,-3.218882476743475,-0.720191736605982,1.4622477503153257,1,15,15,98.37018051561017
ellipse,head,10.0,60.0,78.5,25,6.917911469139403,0.5676269144513162,1.4517167628488479,-3.218882476743475,-0.720191736605982,1.4622477503153257,1,15,15,98.37018051561017
ellipse,head,10.0,60.0,78.5,26,6.917911469139403,0.5676269144513162,1.4517167628488479,-3.218882476743475,-0.720191736605982,1.4622477503153257,1,15,15,98.37018051561017
ellipse,head,10.0,60.0,78.5,27,6.917911469139403,0.5676269144513162,1.4517167628488479,-3.218882476743475,-0.720191736605982,1.4622477503153257,1,15,15,98.37018051561017
ellipse,head,10.0,60.0,78.5,28,6.917911469139403,0.5676269144513162,1.4517167628488479,-3.218882476743475,-0.720191736605982,1.4622477503153257,1,15,15,98.37018051561017
ellipse,head,10.0,60.0,78.5,29,6.917911469139403,0.5676269144513162,1.4517167628488479,-3.218882476743475,-0.720191736605982,1.4622477503153257,1,15,15,98.37018051561017
ellipse,head,10.0,60.0,78.5,30,6.917911469139403,0.5676269144513162,1.4517167628488479,-3.218882476743475,-0.720191736605982,1.4622477503153257,1,15,15,98.37018051561017
ellipse,head,10.0,120.0,0.0,1,4.018067701203016,0.3522298056145573,1.4712601001075347,-1.915993326164352,-1.0445032343891527,1.486789666260186,1,15,15,144.01657063526966
ellipse,head,10.0,120.0,0.0,2,4.018067701203016,0.3522298056145573,1.4712601001075347,-1.915993326164352,-1.0445032343891527,1.486789666260186,1,15,15,144.01657063526966
ellipse,head,10.0,120.0,0.0,3,4.018067701203016,0.3522298056145573,1.4712601001075347,-1.915993326164352,-1.0445032343891527,1.486789666260186,1,15,15,144.01657063526966
ellipse,head,10.0,120.0,0.0,4,4.018067701203016,0.3522298056145573,1.4712601001075347,-1.915993326164352,-1.0445032343891527,1.486789666260186,1,15,15,144.01657063526966
ellipse,head,10.0,120.0,0.0,5,4.018067701203016,0.3522298056145573,1.4712601001075347,-1.915993326164352,-1.0445032343891527,1.486789666260186,1,15,15,144.01657063526966
ellipse,head,10.0,120.0,0.0,6,4.018067701203016,0.3522298056145573,1.4712601001075347,-1.915993326164352,-1.0445032343891527,1.486789666260186,1,15,15,144.01657063526966
ellipse,head,10.0,120.0,0.0,7,4.018067701203016,0.3522298056145573,1.4712601001075347,-1.915993326164352,-1.0445032343891527,1.486789666260186,1,15,15,144.01657063526966
ellipse,head,10.0,120.0,0.0,8,4.018067701203016,0.3522298056145573,1.4712601001075347,-1.915993326164352,-1.0445032343891527,1.486789666260186,1,15,15,144.01657063526966
ellipse,head,10.0,120.0,0.0,9,4.018067701203016,0.3522298056145573,1.4712601001075347,-1.915993326164352,-1.0445032343891527,1.486789666260186,1,15,15,144.01657063526966
ellipse,head,10.0,120.0,0.0,10,4.018067701203016,0.3522298056145573,1.4712601001075347,-1.915993326164352,-1.0445032343891527,1.486789666260186,1,15,15,144.01657063526966
ellipse,head,10.0,120.0,0.0,11,4.018067701203016,0.3522298056145573,1.4712601001075347,-1.915993326164352,-1.0445032343891527,1.486789666260186,1,15,15,144.01657063526966
ellipse,head,10.0,120.0,0.0,12,4.018067701203016,0.3522298056145573,1.4712601001075347,-1.915993326164352,-1.0445032343891527,1.486789666260186,1,15,15,144.01657063526966
ellipse,head,10.0,120.0,0.0,13,4.018067701203016,0.3522298056145573,1.4712601001075347,-1.915993326164352,-1.0445032343891527,1.486789666260186,1,15,15,144.01657063526966
ellipse,head,10.0,120.0,0.0,14,4.018067701203016,0.3522298056145573,1.4712601001075347,-1.915993326164352,-1.0445032343891527,1.486789666260186,1,15,15,144.01657063526966
ellipse,head,10.0,120.0,0.0,15,4.018067701203016,0.3522298056145573,1.4712601001075347,-1.915993326164352,-1.0445032343891527,1.486789666260186,1,15,15,144.01657063526966
ellipse,head,10.0,120.0,0.0,16,4.018067701203016,0.3522298056145573,1.4712601001075347,-1.915993326164352,-1.0445032343891527,1.486789666260186,1,15,15,144.01657063526966
ellipse,head,10.0,120.0,0.0,17,4.018067701203016,0.3522298056145573,1.4712601001075347,-1.915993326164352,-1.0445032343891527,1.486789666260186,1,15,15,144.01657063526966
ellipse,head,10.0,120.0,0.0,18,4.018067701203016,0.3522298056145573,1.4712601001075347,-1.915993326164352,-1.0445032343891527,1.486789666260186,1,15,15,144.01657063526966
ellipse,head,10.0,120.0,0.0,19,4.018067701203016,0.3522298056145573,1.4712601001075347,-1.915993326164352,-1.0445032343891527,1.486789666260186,1,15,15,144.01657063526966
ellipse,head,10.0,120.0,0.0,20,4.018067701203016,0.3522298056145573,1.4712601001075347,-1.915993326164352,-1.0445032343891527,1.486789666260186,1,15,15,144.01657063526966
ellipse,head,10.0,120.0,0.0,21,4.018067701203016,0.3522298056145573,1.4712601001075347,-1.915993326164352,-1.0445032343891527,1.486789666260186,1,15,15,144.01657063526966
ellipse,head,10.0,120.0,0.0,22,4.018067701203016,0.3522298056145573,1.4712601001075347,-1.915993326164352,-1.0445032343891527,1.486789666260186,1,15,15,144.01657063526966
ellipse,head,10.0,120.0,0.0,23,4.018067701203016,0.3522298056145573,1.4712601001075347,-1.915993326164352,-1.0445032343891527,1.486789666260186,1,15,15,144.01657063526966
ellipse,head,10.0,120.0,0.0,24,4.018067701203016,0.3522298056145573,1.4712601001075347,-1.915993326164352,-1.0445032343891527,1.486789666260186,1,15,15,144.01657063526966
ellipse,head,10.0,120.0,0.0,25,4.018067701203016,0.3522298056145573,1.4712601001075347,-1.915993326164352,-1.0445032343891527,1.486789666260186,1,15,15,144.01657063526966
ellipse,head,10.0,120.0,0.0,26,4.018067701203016,0.3522298056145573,1.4712601001075347,-1.915993326164352,-1.0445032343891527,1.486789666260186,1,15,15,144.01657063526966
ellipse,head,10.0,120.0,0.0,27,4.018067701203016,0.3522298056145573,1.4712601001075347,-1.915993326164352,-1.0445032343891527,1.486789666260186,1,15,15,144.01657063526966
ellipse,head,10.0,120.0,0.0,28,4.018067701203016,0.3522298056145573,1.4712601001075347,-1.915993326164352,-1.0445032343891527,1.486789666260186,1,15,15,144.01657063526966
ellipse,head,10.0,120.0,0.0,29,4.018067701203016,0.3522298056145573,1.4712601001075347,-1.915993326164352,-1.0445032343891527,1.486789666260186,1,15,15,144.01657063526966
ellipse,head,10.0,120.0,0.0,30,4.018067701203016,0.3522298056145573,1.4712601001075347,-1.915993326164352,-1.0445032343891527,1.486789666260186,1,15,15,144.01657063526966
ellipse,head,10.0,120.0,11.0,1,4.131292148176955,0.23900535864050837,1.4745157287542214,-1.6989514163852377,-0.825532876942709,1.486789666260186,1,15,15,144.01657063526966
ellipse,head,10.0,120.0,11.0,2,4.131292148176955,0.23900535864050837,1.4745157287542214,-1.6989514163852377,-0.825532876942709,1.486789666260186,1,15,15,144.01657063526966
ellipse,head,10.0,120.0,11.0,3,4.131292148176955,0.23900535864050837,1.4745157287542214,-1.6989514163852377,-0.825532876942709,1.486789666260186,1,15,15,144.01657063526966
ellipse,head,10.0,120.0,11.0,4,4.131292148176955,0.23900535864050837,1.4745157287542214,-1.6989514163852377,-0.825532876942709,1.486789666260186,1,15,15,144.01657063526966
ellipse,head,10.0,120.0,11.0,5,4.131292148176955,0.23900535864050837,1.4745157287542214,-1.6989514163852377,-0.825532876942709,1.486789666260186,1,15,15,144.01657063526966
ellipse,head,10.0,120.0,11.0,6,4.131292148176955,0.23900535864050837,1.4745157287542214,-1.6989514163852377,-0.825532876942709,1.486789666260186,1,15,15,144.01657063526966
ellipse,head,10.0,120.0,11.0,7,4.131292148176955,0.23900535864050837,1.4745157287542214,-1.6989514163852377,-0.825532876942709,1.486789666260186,1,15,15,144.01657063526966
ellipse,head,10.0,120.0,11.0,8,4.131292148176955,0.23900535864050837,1.4745157287542214,-1.6989514163852377,-0.825532876942709,1.486789666260186,1,15,15,144.01657063526966
ellipse,head,10.0,120.0,11.0,9,4.131292148176955,0.23900535864050837,1.4745157287542214,-1.6989514163852377,-0.825532876942709,1.486789666260186,1,15,15,144.01657063526966
ellipse,head,10.0,120.0,11.0,10,4.131292148176955,0.23900535864050837,1.4745157287542214,-1.6989514163852377,-0.825532876942709,1.486789666260186,1,15,15,144.01657063526966
ellipse,head,10.0,120.0,11.0,11,4.131292148176955,0.23900535864050837,1.4745157287542214,-1.6989514163852377,-0.825532876942709,1.486789666260186,1,15,15,144.01657063526966
ellipse,head,10.0,120.0,11.0,12,4.131292148176955,0.23900535864050837,1.4745157287542214,-1.6989514163852377,-0.825532876942709,1.486789666260186,1,15,15,144.01657063526966
ellipse,head,10.0,120.0,11.0,13,4.131292148176955,0.23900535864050837,1.4745157287542214,-1.6989514163852377,-0.825532876942709,1.486789666260186,1,15,15,144.01657063526966
ellipse,head,10.0,120.0,11.0,14,4.131292148176955,0.23900535864050837,1.4745157287542214,-1.6989514163852377,-0.825532876942709,1.486789666260186,1,15,15,144.01657063526966
ellipse,head,10.0,120.0,11.0,15,4.131292148176955,0.23900535864050837,1.4745157287542214,-1.6989514163852377,-0.825532876942709,1.486789666260186,1,15,15,144.01657063526966
ellipse,head,10.0,120.0,11.0,16,4.131292148176955,0.23900535864050837,1.4745157287542214,-1.6989514163852377,-0.825532876942709,1.486789666260186,1,15,15,144.01657063526966
ellipse,head,10.0,120.0,11.0,17,4.131292148176955,0.23900535864050837,1.4745157287542214,-1.6989514163852377,-0.825532876942709,1.486789666260186,1,15,15,144.01657063526966
ellipse,head,10.0,120.0,11.0,18,4.131292148176955,0.23900535864050837,1.4745157287542214,-1.6989514163852377,-0.825532876942709,1.486789666260186,1,15,15,144.01657063526966
ellipse,head,10.0,120.0,11.0,19,4.131292148176955,0.23900535864050837,1.4745157287542214,-1.6989514163852377,-0.825532876942709,1.486789666260186,1,15,15,144.01657063526966
ellipse,head,10.0,120.0,11.0,20,4.131292148176955,0.23900535864050837,1.4745157287542214,-1.6989514163852377,-0.825532876942709,1.486789666260186,1,15,15,144.01657063526966
ellipse,head,10.0,120.0,11.0,21,4.131292148176955,0.23900535864050837,1.4745157287542214,-1.6989514163852377,-0.825532876942709,1.486789666260186,1,15,15,144.01657063526966
ellipse,head,10.0,120.0,11.0,22,4.131292148176955,0.23900535864050837,1.4745157287542214,-1.6989514163852377,-0.825532876942709,1.486789666260186,1,15,15,144.01657063526966
ellipse,head,10.0,120.0,11.0,23,4.131292148176955,0.23900535864050837,1.4745157287542214,-1.6989514163852377,-0.825532876942709,1.486789666260186,1,15,15,144.01657063526966
ellipse,head,10.0,120.0,11.0,24,4.131292148176955,0.23900535864050837,1.4745157287542214,-1.6989514163852377,-0.825532876942709,1.486789666260186,1,15,15,144.01657063526966
ellipse,head,10.0,120.0,11.0,25,4.131292148176955,0.23900535864050837,1.4745157287542214,-1.6989514163852377,-0.825532876942709,1.486789666260186,1,15,15,144.01657063526966
ellipse,head,10.0,120.0,11.0,26,4.131292148176955,0.23900535864050837,1.4745157287542214,-1.6989514163852377,-0.825532876942709,1.486789666260186,1,15,15,144.01657063526966
ellipse,head,10.0,120.0,11.0,27,4.131292148176955,0.23900535864050837,1.4745157287542214,-1.6989514163852377,-0.825532876942709,1.486789666260186,1,15,15,144.01657063526966
ellipse,head,10.0,120.0,11.0,28,4.131292148176955,0.23900535864050837,1.4745157287542214,-1.6989514163852377,-0.825532876942709,1.486789666260186,1,15,15,144.01657063526966
ellipse,head,10.0,120.0,11.0,29,4.131292148176955,0.23900535864050837,1.4745157287542214,-1.6989514163852377,-0.825532876942709,1.486789666260186,1,15,15,144.01657063526966
ellipse,head,10.0,120.0,11.0,30,4.131292148176955,0.23900535864050837,1.4745157287542214,-1.6989514163852377,-0.825532876942709,1.486789666260186,1,15,15,144.01657063526966
ellipse,head,10.0,120.0,78.5,1,4.202514324826866,0.16778318198926168,1.4730592110627996,-1.7960525958133615,-0.9234968139053276,1.486789666260186,1,15,15,144.01657063526966
ellipse,head,10.0,120.0,78.5,2,4.202514324826866,0.16778318198926168,1.4730592110627996,-1.7960525958133615,-0.9234968139053276,1.486789666260186,1,15,15,144.01657063526966
ellipse,head,10.0,120.0,78.5,3,4.202514324826866,0.16778318198926168,1.4730592110627996,-1.7960525958133615,-0.9234968139053276,1.486789666260186,1,15,15,144.01657063526966
ellipse,head,10.0,120.0,78.5,4,4.202514324826866,0.16778318198926168,1.4730592110627996,-1.7960525958133615,-0.9234968139053276,1.486789666260186,1,15,15,144.01657063526966
ellipse,head,10.0,120.0,78.5,5,4.202514324826866,0.16778318198926168,1.4730592110627996,-1.7960525958133615,-0.9234968139053276,1.486789666260186,1,15,15,144.01657063526966
ellipse,head,10.0,120.0,78.5,6,4.202514324826866,0.16778318198926168,1.4730592110627996,-1.7960525958133615,-0.9234968139053276,1.486789666260186,1,15,15,144.01657063526966
ellipse,head,10.0,120.0,78.5,7,4.202514324826866,0.16778318198926168,1.4730592110627996,-1.7960525958133615,-0.9234968139053276,1.486789666260186,1,15,15,144.01657063526966
ellipse,head,10.0,120.0,78.5,8,4.202514324826866,0.16778318198926168,1.4730592110627996,-1.7960525958133615,-0.9234968139053276,1.486789666260186,1,15,15,144.01657063526966
ellipse,head,10.0,120.0,78.5,9,4.202514324826866,0.16778318198926168,1.4730592110627996,-1.7960525958133615,-0.9234968139053276,1.486789666260186,1,15,15,144.01657063526966
ellipse,head,10.0,120.0,78.5,10,4.202514324826866,0.16778318198926168,1.4730592110627996,-1.7960525958133615,-0.9234968139053276,1.486789666260186,1,15,15,144.01657063526966
ellipse,head,10.0,120.0,78.5,11,4.202514324826866,0.16778318198926168,1.4730592110627996,-1.7960525958133615,-0.9234968139053276,1.486789666260186,1,15,15,144.01657063526966
ellipse,head,10.0,120.0,78.5,12,4.202514324826866,0.16778318198926168,1.4730592110627996,-1.7960525958133615,-0.9234968139053276,1.486789666260186,1,15,15,144.01657063526966
ellipse,head,10.0,120.0,78.5,13,4.202514324826866,0.16778318198926168,1.4730592110627996,-1.7960525958133615,-0.9234968139053276,1.486789666260186,1,15,15,144.01657063526966
ellipse,head,10.0,120.0,78.5,14,4.202514324826866,0.16778318198926168,1.4730592110627996,-1.7960525958133615,-0.9234968139053276,1.486789666260186,1,15,15,144.01657063526966
ellipse,head,10.0,120.0,78.5,15,4.202514324826866,0.16778318198926168,1.4730592110627996,-1.7960525958133615,-0.9234968139053276,1.486789666260186,1,15,15,144.01657063526966
ellipse,head,10.0,120.0,78.5,16,4.202514324826866,0.16778318198926168,1.4730592110627996,-1.7960525958133615,-0.9234968139053276,1.486789666260186,1,15,15,144.01657063526966
ellipse,head,10.0,120.0,78.5,17,4.202514324826866,0.16778318198926168,1.4730592110627996,-1.7960525958133615,-0.9234968139053276,1.486789666260186,1,15,15,144.01657063526966
ellipse,head,10.0,120.0,78.5,18,4.202514324826866,0.16778318198926168,1.4730592110627996,-1.7960525958133615,-0.9234968139053276,1.486789666260186,1,15,15,144.01657063526966
ellipse,head,10.0,120.0,78.5,19,4.202514324826866,0.16778318198926168,1.4730592110627996,-1.7960525958133615,-0.9234968139053276,1.486789666260186,1,15,15,144.01657063526966
ellipse,head,10.0,120.0,78.5,20,4.202514324826866,0.16778318198926168,1.4730592110627996,-1.7960525958133615,-0.9234968139053276,1.486789666260186,1,15,15,144.01657063526966
ellipse,head,10.0,120.0,78.5,21,4.202514324826866,0.16778318198926168,1.4730592110627996,-1.7960525958133615,-0.9234968139053276,1.486789666260186,1,15,15,144.01657063526966
ellipse,head,10.0,120.0,78.5,22,4.202514324826866,0.16778318198926168,1.4730592110627996,-1.7960525958133615,-0.9234968139053276,1.486789666260186,1,15,15,144.01657063526966
ellipse,head,10.0,120.0,78.5,23,4.202514324826866,0.16778318198926168,1.4730592110627996,-1.7960525958133615,-0.9234968139053276,1.486789666260186,1,15,15,144.01657063526966
ellipse,head,10.0,120.0,78.5,24,4.202514324826866,0.16778318198926168,1.4730592110627996,-1.7960525958133615,-0.9234968139053276,1.486789666260186,1,15,15,144.01657063526966
ellipse,head,10.0,120.0,78.5,25,4.202514324826866,0.16778318198926168,1.4730592110627996,-1.7960525958133615,-0.9234968139053276,1.486789666260186,1,15,15,144.01657063526966
ellipse,head,10.0,120.0,78.5,26,4.202514324826866,0.16778318198926168,1.4730592110627996,-1.7960525958133615,-0.9234968139053276,1.486789666260186,1,15,15,144.01657063526966
ellipse,head,10.0,120.0,78.5,27,4.202514324826866,0.16778318198926168,1.4730592110627996,-1.7960525958133615,-0.9234968139053276,1.486789666260186,1,15,15,144.01657063526966
ellipse,head,10.0,120.0,78.5,28,4.202514324826866,0.16778318198926168,1.4730592110627996,-1.7960525958133615,-0.9234968139053276,1.486789666260186,1,15,15,144.01657063526966
ellipse,head,10.0,120.0,78.5,29,4.202514324826866,0.16778318198926168,1.4730592110627996,-1.7960525958133615,-0.9234968139053276,1.486789666260186,1,15,15,144.01657063526966
ellipse,head,10.0,120.0,78.5,30,4.202514324826866,0.16778318198926168,1.4730592110627996,-1.7960525958133615,-0.9234968139053276,1.486789666260186,1,15,15,144.01657063526966
ellipse,head,20.0,30.0,0.0,1,3.608175455657725,18.04911124839855,1.4950372381037829,-0.3308507930811425,37.88017550330733,1.0843018096302912,1,15,15,84.68924497151401
ellipse,head,20.0,30.0,0.0,2,3.608175455657725,18.04911124839855,1.4950372381037829,-0.3308507930811425,37.88017550330733,1.0843018096302912,1,15,15,84.68924497151401
ellipse,head,20.0,30.0,0.0,3,3.608175455657725,18.04911124839855,1.4950372381037829,-0.3308507930811425,37.88017550330733,1.0843018096302912,1,15,15,84.68924497151401
ellipse,head,20.0,30.0,0.0,4,3.608175455657725,18.04911124839855,1.4950372381037829,-0.3308507930811425,37.88017550330733,1.0843018096302912,1,15,15,84.68924497151401
ellipse,head,20.0,30.0,0.0,5,3.608175455657725,18.04911124839855,1.4950372381037829,-0.3308507930811425,37.88017550330733,1.0843018096302912,1,15,15,84.68924497151401
ellipse,head,20.0,30.0,0.0,6,3.608175455657725,18.04911124839855,1.4950372381037829,-0.3308507930811425,37.88017550330733,1.0843018096302912,1,15,15,84.68924497151401
ellipse,head,20.0,30.0,0.0,7,3.608175455657725,18.04911124839855,1.4950372381037829,-0.3308507930811425,37.88017550330733,1.0843018096302912,1,15,15,84.68924497151401
ellipse,head,20.0,30.0,0.0,8,3.608175455657725,18.04911124839855,1.4950372381037829,-0.3308507930811425,37.88017550330733,1.0843018096302912,1,15,15,84.68924497151401
ellipse,head,20.0,30.0,0.0,9,3.608175455657725,18.04911124839855,1.4950372381037829,-0.3308507930811425,37.88017550330733,1.0843018096302912,1,15,15,84.68924497151401
ellipse,head,20.0,30.0,0.0,10,3.608175455657725,18.04911124839855,1.4950372381037829,-0.3308507930811425,37.88017550330733,1.0843018096302912,1,15,15,84.68924497151401
ellipse,head,20.0,30.0,0.0,11,3.608175455657725,18.04911124839855,1.4950372381037829,-0.3308507930811425,37.88017550330733,1.0843018096302912,1,15,15,84.68924497151401
ellipse,head,20.0,30.0,0.0,12,3.608175455657725,18.04911124839855,1.4950372381037829,-0.3308507930811425,37.88017550330733,1.0843018096302912,1,15,15,84.68924497151401
ellipse,head,20.0,30.0,0.0,13,3.608175455657725,18.04911124839855,1.4950372381037829,-0.3308507930811425,37.88017550330733,1.0843018096302912,1,15,15,84.68924497151401
ellipse,head,20.0,30.0,0.0,14,3.608175455657725,18.04911124839855,1.4950372381037829,-0.3308507930811425,37.88017550330733,1.0843018096302912,1,15,15,84.68924497151401
ellipse,head,20.0,30.0,0.0,15,3.608175455657725,18.04911124839855,1.4950372381037829,-0.3308507930811425,37.88017550330733,1.0843018096302912,1,15,15,84.68924497151401
ellipse,head,20.0,30.0,0.0,16,3.608175455657725,18.04911124839855,1.4950372381037829,-0.3308507930811425,37.88017550330733,1.0843018096302912,1,15,15,84.68924497151401
ellipse,head,20.0,30.0,0.0,17,3.608175455657725,18.04911124839855,1.4950372381037829,-0.3308507930811425,37.88017550330733,1.0843018096302912,1,15,15,84.68924497151401
ellipse,head,20.0,30.0,0.0,18,3.608175455657725,18.04911124839855,1.4950372381037829,-0.3308507930811425,37.88017550330733,1.0843018096302912,1,15,15,84.68924497151401
ellipse,head,20.0,30.0,0.0,19,3.608175455657725,18.04911124839855,1.4950372381037829,-0.3308507930811425,37.88017550330733,1.0843018096302912,1,15,15,84.68924497151401
ellipse,head,20.0,30.0,0.0,20,3.608175455657725,18.04911124839855,1.4950372381037829,-0.3308507930811425,37.88017550330733,1.0843018096302912,1,15,15,84.68924497151401
ellipse,head,20.0,30.0,0.0,21,3.608175455657725,18.04911124839855,1.4950372381037829,-0.3308507930811425,37.88017550330733,1.0843018096302912,1,15,15,84.68924497151401
ellipse,head,20.0,30.0,0.0,22,3.608175455657725,18.04911124839855,1.4950372381037829,-0.3308507930811425,37.88017550330733,1.0843018096302912,1,15,15,84.68924497151401
ellipse,head,20.0,30.0,0.0,23,3.608175455657725,18.04911124839855,1.4950372381037829,-0.3308507930811425,37.88017550330733,1.0843018096302912,1,15,15,84.68924497151401
ellipse,head,20.0,30.0,0.0,24,3.608175455657725,18.04911124839855,1.4950372381037829,-0.3308507930811425,37.88017550330733,1.0843018096302912,1,15,15,84.68924497151401
ellipse,head,20.0,30.0,0.0,25,3.608175455657725,18.04911124839855,1.4950372381037829,-0.3308507930811425,37.88017550330733,1.0843018096302912,1,15,15,84.68924497151401
ellipse,head,20.0,30.0,0.0,26,3.608175455657725,18.04911124839855,1.4950372381037829,-0.3308507930811425,37.88017550330733,1.0843018096302912,1,15,15,84.68924497151401
ellipse,head,20.0,30.0,0.0,27,3.608175455657725,18.04911124839855,1.4950372381037829,-0.3308507930811425,37.88017550330733,1.0843018096302912,1,15,15,84.68924497151401
ellipse,head,20.0,30.0,0.0,28,3.608175455657725,18.04911124839855,1.4950372381037829,-0.3308507930811425,37.88017550330733,1.0843018096302912,1,15,15,84.68924497151401
ellipse,head,20.0,30.0,0.0,29,3.608175455657725,18.04911124839855,1.4950372381037829,-0.3308507930811425,37.88017550330733,1.0843018096302912,1,15,15,84.68924497151401
ellipse,head,20.0,30.0,0.0,30,3.608175455657725,18.04911124839855,1.4950372381037829,-0.3308507930811425,37.88017550330733,1.0843018096302912,1,15,15,84.68924497151401
ellipse,head,20.0,30.0,11.0,1,5.049997218252847,16.607289485803424,1.490504984792652,-0.6330010138232052,37.46218733148308,1.0843018096302912,1,15,15,84.68924497151401
ellipse,head,20.0,30.0,11.0,2,5.049997218252847,16.607289485803424,1.490504984792652,-0.6330010138232052,37.46218733148308,1.0843018096302912,1,15,15,84.68924497151401
ellipse,head,20.0,30.0,11.0,3,5.049997218252847,16.607289485803424,1.490504984792652,-0.6330010138232052,37.46218733148308,1.0843018096302912,1,15,15,84.68924497151401
ellipse,head,20.0,30.0,11.0,4,5.049997218252847,16.607289485803424,1.490504984792652,-0.6330010138232052,37.46218733148308,1.0843018096302912,1,15,15,84.68924497151401
ellipse,head,20.0,30.0,11.0,5,5.049997218252847,16.607289485803424,1.490504984792652,-0.6330010138232052,37.46218733148308,1.0843018096302912,1,15,15,84.68924497151401
ellipse,head,20.0,30.0,11.0,6,5.049997218252847,16.607289485803424,1.490504984792652,-0.6330010138232052,37.46218733148308,1.0843018096302912,1,15,15,84.68924497151401
ellipse,head,20.0,30.0,11.0,7,5.049997218252847,16.607289485803424,1.490504984792652,-0.6330010138232052,37.46218733148308,1.0843018096302912,1,15,15,84.68924497151401
ellipse,head,20.0,30.0,11.0,8,5.049997218252847,16.607289485803424,1.490504984792652,-0.6330010138232052,37.46218733148308,1.0843018096302912,1,15,15,84.68924497151401
ellipse,head,20.0,30.0,11.0,9,5.049997218252847,16.607289485803424,1.490504984792652,-0.6330010138232052,37.46218733148308,1.0843018096302912,1,15,15,84.68924497151401
ellipse,head,20.0,30.0,11.0,10,5.049997218252847,16.607289485803424,1.490504984792652,-0.6330010138232052,37.46218733148308,1.0843018096302912,1,15,15,84.68924497151401
ellipse,head,20.0,30.0,11.0,11,5.049997218252847,16.607289485803424,1.490504984792652,-0.6330010138232052,37.46218733148308,1.0843018096302912,1,15,15,84.68924497151401
ellipse,head,20.0,30.0,11.0,12,5.049997218252847,16.607289485803424,1.490504984792652,-0.6330010138232052,37.46218733148308,1.0843018096302912,1,15,15,84.68924497151401
ellipse,head,20.0,30.0,11.0,13,5.049997218252847,16.607289485803424,1.490504984792652,-0.6330010138232052,37.46218733148308,1.0843018096302912,1,15,15,84.68924497151401
ellipse,head,20.0,30.0,11.0,14,5.049997218252847,16.607289485803424,1.490504984792652,-0.6330010138232052,37.46218733148308,1.0843018096302912,1,15,15,84.68924497151401
ellipse,head,20.0,30.0,11.0,15,5.049997218252847,16.607289485803424,1.490504984792652,-0.6330010138232052,37.46218733148308,1.0843018096302912,1,15,15,84.68924497151401
ellipse,head,20.0,30.0,11.0,16,5.049997218252847,16.607289485803424,1.490504984792652,-0.6330010138232052,37.46218733148308,1.0843018096302912,1,15,15,84.68924497151401
ellipse,head,20.0,30.0,11.0,17,5.049997218252847,16.607289485803424,1.490504984792652,-0.6330010138232052,37.46218733148308,1.0843018096302912,1,15,15,84.68924497151401
ellipse,head,20.0,30.0,11.0,18,5.049997218252847,16.607289485803424,1.490504984792652,-0.6330010138232052,37.46218733148308,1.0843018096302912,1,15,15,84.68924497151401
ellipse,head,20.0,30.0,11.0,19,5.049997218252847,16.607289485803424,1.490504984792652,-0.6330010138232052,37.46218733148308,1.0843018096302912,1,15,15,84.68924497151401
ellipse,head,20.0,30.0,11.0,20,5.049997218252847,16.607289485803424,1.490504984792652,-0.6330010138232052,37.46218733148308,1.0843018096302912,1,15,15,84.68924497151401
ellipse,head,20.0,30.0,11.0,21,5.049997218252847,16.607289485803424,1.490504984792652,-0.6330010138232052,37.46218733148308,1.0843018096302912,1,15,15,84.68924497151401
ellipse,head,20.0,30.0,11.0,22,5.049997218252847,16.607289485803424,1.490504984792652,-0.6330010138232052,37.46218733148308,1.0843018096302912,1,15,15,84.68924497151401
ellipse,head,20.0,30.0,11.0,23,5.049997218252847,16.607289485803424,1.490504984792652,-0.6330010138232052,37.46218733148308,1.0843018096302912,1,15,15,84.68924497151401
ellipse,head,20.0,30.0,11.0,24,5.049997218252847,16.607289485803424,1.490504984792652,-0.6330010138232052,37.46218733148308,1.0843018096302912,1,15,15,84.68924497151401
ellipse,head,20.0,30.0,11.0,25,5.049997218252847,16.607289485803424,1.490504984792652,-0.6330010138232052,37.46218733148308,1.0843018096302912,1,15,15,84.68924497151401
ellipse,head,20.0,30.0,11.0,26,5.049997218252847,16.607289485803424,1.490504984792652,-0.6330010138232052,37.46218733148308,1.0843018096302912,1,15,15,84.68924497151401
ellipse,head,20.0,30.0,11.0,27,5.049997218252847,16.607289485803424,1.490504984792652,-0.6330010138232052,37.46218733148308,1.0843018096302912,1,15,15,84.68924497151401
ellipse,head,20.0,30.0,11.0,28,5.049997218252847,16.607289485803424,1.490504984792652,-0.6330010138232052,37.46218733148308,1.0843018096302912,1,15,15,84.68924497151401
ellipse,head,20.0,30.0,11.0,29,5.049997218252847,16.607289485803424,1.490504984792652,-0.6330010138232052,37.46218733148308,1.0843018096302912,1,15,15,84.68924497151401
ellipse,head,20.0,30.0,11.0,30,5.049997218252847,16.607289485803424,1.490504984792652,-0.6330010138232052,37.46218733148308,1.0843018096302912,1,15,15,84.68924497151401
ellipse,head,20.0,30.0,78.5,1,13.7047368079638,7.952549896092492,1.4554709302862845,-2.968604647581034,34.2311630728117,1.0843018096302912,1,15,15,84.68924497151401
ellipse,head,20.0,30.0,78.5,2,13.7047368079638,7.952549896092492,1.4554709302862845,-2.968604647581034,34.2311630728117,1.0843018096302912,1,15,15,84.68924497151401
ellipse,head,20.0,30.0,78.5,3,13.7047368079638,7.952549896092492,1.4554709302862845,-2.968604647581034,34.2311630728117,1.0843018096302912,1,15,15,84.68924497151401
ellipse,head,20.0,30.0,78.5,4,13.7047368079638,7.952549896092492,1.4554709302862845,-2.968604647581034,34.2311630728117,1.0843018096302912,1,15,15,84.68924497151401
ellipse,head,20.0,30.0,78.5,5,13.7047368079638,7.952549896092492,1.4554709302862845,-2.968604647581034,34.2311630728117,1.0843018096302912,1,15,15,84.68924497151401
ellipse,head,20.0,30.0,78.5,6,13.7047368079638,7.952549896092492,1.4554709302862845,-2.968604647581034,34.2311630728117,1.0843018096302912,1,15,15,84.68924497151401
ellipse,head,20.0,30.0,78.5,7,13.7047368079638,7.952549896092492,1.4554709302862845,-2.968604647581034,34.2311630728117,1.0843018096302912,1,15,15,84.68924497151401
ellipse,head,20.0,30.0,78.5,8,13.7047368079638,7.952549896092492,1.4554709302862845,-2.968604647581034,34.2311630728117,1.0843018096302912,1,15,15,84.68924497151401
ellipse,head,20.0,30.0,78.5,9,13.7047368079638,7.952549896092492,1.4554709302862845,-2.968604647581034,34.2311630728117,1.0843018096302912,1,15,15,84.68924497151401
ellipse,head,20.0,30.0,78.5,10,13.7047368079638,7.952549896092492,1.4554709302862845,-2.968604647581034,34.2311630728117,1.0843018096302912,1,15,15,84.68924497151401
ellipse,head,20.0,30.0,78.5,11,13.7047368079638,7.952549896092492,1.4554709302862845,-2.968604647581034,34.2311630728117,1.0843018096302912,1,15,15,84.68924497151401
ellipse,head,20.0,30.0,78.5,12,13.7047368079638,7.952549896092492,1.4554709302862845,-2.968604647581034,34.2311630728117,1.0843018096302912,1,15,15,84.68924497151401
ellipse,head,20.0,30.0,78.5,13,13.7047368079638,7.952549896092492,1.4554709302862845,-2.968604647581034,34.2311630728117,1.0843018096302912,1,15,15,84.68924497151401
ellipse,head,20.0,30.0,78.5,14,13.7047368079638,7.952549896092492,1.4554709302862845,-2.968604647581034,34.2311630728117,1.0843018096302912,1,15,15,84.68924497151401
ellipse,head,20.0,30.0,78.5,15,13.7047368079638,7.952549896092492,1.4554709302862845,-2.968604647581034,34.2311630728117,1.0843018096302912,1,15,15,84.68924497151401
ellipse,head,20.0,30.0,78.5,16,13.7047368079638,7.952549896092492,1.4554709302862845,-2.968604647581034,34.2311630728117,1.0843018096302912,1,15,15,84.68924497151401
ellipse,head,20.0,30.0,78.5,17,13.7047368079638,7.952549896092492,1.4554709302862845,-2.968604647581034,34.2311630728117,1.0843018096302912,1,15,15,84.68924497151401
ellipse,head,20.0,30.0,78.5,18,13.7047368079638,7.952549896092492,1.4554709302862845,-2.968604647581034,34.2311630728117,1.0843018096302912,1,15,15,84.68924497151401
ellipse,head,20.0,30.0,78.5,19,13.7047368079638,7.952549896092492,1.4554709302862845,-2.968604647581034,34.2311630728117,1.0843018096302912,1,15,15,84.68924497151401
ellipse,head,20.0,30.0,78.5,20,13.7047368079638,7.952549896092492,1.4554709302862845,-2.968604647581034,34.2311630728117,1.0843018096302912,1,15,15,84.68924497151401
ellipse,head,20.0,30.0,78.5,21,13.7047368079638,7.952549896092492,1.4554709302862845,-2.968604647581034,34.2311630728117,1.0843018096302912,1,15,15,84.68924497151401
ellipse,head,20.0,30.0,78.5,22,13.7047368079638,7.952549896092492,1.4554709302862845,-2.968604647581034,34.2311630728117,1.0843018096302912,1,15,15,84.68924497151401
ellipse,head,20.0,30.0,78.5,23,13.7047368079638,7.952549896092492,1.4554709302862845,-2.968604647581034,34.2311630728117,1.0843018096302912,1,15,15,84.68924497151401
ellipse,head,20.0,30.0,78.5,24,13.7047368079638,7.952549896092492,1.4554709302862845,-2.968604647581034,34.2311630728117,1.0843018096302912,1,15,15,84.68924497151401
ellipse,head,20.0,30.0,78.5,25,13.7047368079638,7.952549896092492,1.4554709302862845,-2.968604647581034,34.2311630728117,1.0843018096302912,1,15,15,84.68924497151401
ellipse,head,20.0,30.0,78.5,26,13.7047368079638,7.952549896092492,1.4554709302862845,-2.968604647581034,34.2311630728117,1.0843018096302912,1,15,15,84.68924497151401
ellipse,head,20.0,30.0,78.5,27,13.7047368079638,7.952549896092492,1.4554709302862845,-2.968604647581034,34.2311630728117,1.0843018096302912,1,15,15,84.68924497151401
ellipse,head,20.0,30.0,78.5,28,13.7047368079638,7.952549896092492,1.4554709302862845,-2.968604647581034,34.2311630728117,1.0843018096302912,1,15,15,84.68924497151401
ellipse,head,20.0,30.0,78.5,29,13.7047368079638,7.952549896092492,1.4554709302862845,-2.968604647581034,34.2311630728117,1.0843018096302912,1,15,15,84.68924497151401
ellipse,head,20.0,30.0,78.5,30,13.7047368079638,7.952549896092492,1.4554709302862845,-2.968604647581034,34.2311630728117,1.0843018096302912,1,15,15,84.68924497151401
ellipse,head,20.0,60.0,0.0,1,10.38193796118401,5.429108488774088,1.3850202958898707,-7.66531360734195,11.197277732280476,1.2455523409704845,1,15,15,100.00004816073388
ellipse,head,20.0,60.0,0.0,2,10.38193796118401,5.429108488774088,1.3850202958898707,-7.66531360734195,11.197277732280476,1.2455523409704845,1,15,15,100.00004816073388
ellipse,head,20.0,60.0,0.0,3,10.38193796118401,5.429108488774088,1.3850202958898707,-7.66531360734195,11.197277732280476,1.2455523409704845,1,15,15,100.00004816073388
ellipse,head,20.0,60.0,0.0,4,10.38193796118401,5.429108488774088,1.3850202958898707,-7.66531360734195,11.197277732280476,1.2455523409704845,1,15,15,100.00004816073388
ellipse,head,20.0,60.0,0.0,5,10.38193796118401,5.429108488774088,1.3850202958898707,-7.66531360734195,11.197277732280476,1.2455523409704845,1,15,15,100.00004816073388
ellipse,head,20.0,60.0,0.0,6,10.38193796118401,5.429108488774088,1.3850202958898707,-7.66531360734195,11.197277732280476,1.2455523409704845,1,15,15,100.00004816073388
ellipse,head,20.0,60.0,0.0,7,10.38193796118401,5.429108488774088,1.3850202958898707,-7.66531360734195,11.197277732280476,1.2455523409704845,1,15,15,100.00004816073388
ellipse,head,20.0,60.0,0.0,8,10.38193796118401,5.429108488774088,1.3850202958898707,-7.66531360734195,11.197277732280476,1.2455523409704845,1,15,15,100.00004816073388
ellipse,head,20.0,60.0,0.0,9,10.38193796118401,5.429108488774088,1.3850202958898707,-7.66531360734195,11.197277732280476,1.2455523409704845,1,15,15,100.00004816073388
ellipse,head,20.0,60.0,0.0,10,10.38193796118401,5.429108488774088,1.3850202958898707,-7.66531360734195,11.197277732280476,1.2455523409704845,1,15,15,100.00004816073388
ellipse,head,20.0,60.0,0.0,11,10.38193796118401,5.429108488774088,1.3850202958898707,-7.66531360734195,11.197277732280476,1.2455523409704845,1,15,15,100.00004816073388
ellipse,head,20.0,60.0,0.0,12,10.38193796118401,5.429108488774088,1.3850202958898707,-7.66531360734195,11.197277732280476,1.2455523409704845,1,15,15,100.00004816073388
ellipse,head,20.0,60.0,0.0,13,10.38193796118401,5.429108488774088,1.3850202958898707,-7.66531360734195,11.197277732280476,1.2455523409704845,1,15,15,100.00004816073388
ellipse,head,20.0,60.0,0.0,14,10.38193796118401,5.429108488774088,1.3850202958898707,-7.66531360734195,11.197277732280476,1.2455523409704845,1,15,15,100.00004816073388
ellipse,head,20.0,60.0,0.0,15,10.38193796118401,5.429108488774088,1.3850202958898707,-7.66531360734195,11.197277732280476,1.2455523409704845,1,15,15,100.00004816073388
ellipse,head,20.0,60.0,0.0,16,10.38193796118401,5.429108488774088,1.3850202958898707,-7.66531360734195,11.197277732280476,1.2455523409704845,1,15,15,100.00004816073388
ellipse,head,20.0,60.0,0.0,17,10.38193796118401,5.429108488774088,1.3850202958898707,-7.66531360734195,11.197277732280476,1.2455523409704845,1,15,15,100.00004816073388
ellipse,head,20.0,60.0,0.0,18,10.38193796118401,5.429108488774088,1.3850202958898707,-7.66531360734195,11.197277732280476,1.2455523409704845,1,15,15,100.00004816073388
ellipse,head,20.0,60.0,0.0,19,10.38193796118401,5.429108488774088,1.3850202958898707,-7.66531360734195,11.197277732280476,1.2455523409704845,1,15,15,100.00004816073388
ellipse,head,20.0,60.0,0.0,20,10.38193796118401,5.429108488774088,1.3850202958898707,-7.66531360734195,11.197277732280476,1.2455523409704845,1,15,15,100.00004816073388
ellipse,head,20.0,60.0,0.0,21,10.38193796118401,5.429108488774088,1.3850202958898707,-7.66531360734195,11.197277732280476,1.2455523409704845,1,15,15,100.00004816073388
ellipse,head,20.0,60.0,0.0,22,10.38193796118401,5.429108488774088,1.3850202958898707,-7.66531360734195,11.197277732280476,1.2455523409704845,1,15,15,100.00004816073388
ellipse,head,20.0,60.0,0.0,23,10.38193796118401,5.429108488774088,1.3850202958898707,-7.66531360734195,11.197277732280476,1.2455523409704845,1,15,15,100.00004816073388
ellipse,head,20.0,60.0,0.0,24,10.38193796118401,5.429108488774088,1.3850202958898707,-7.66531360734195,11.197277732280476,1.2455523409704845,1,15,15,100.00004816073388
ellipse,head,20.0,60.0,0.0,25,10.38193796118401,5.429108488774088,1.3850202958898707,-7.66531360734195,11.197277732280476,1.2455523409704845,1,15,15,100.00004816073388
ellipse,head,20.0,60.0,0.0,26,10.38193796118401,5.429108488774088,1.3850202958898707,-7.66531360734195,11.197277732280476,1.2455523409704845,1,15,15,100.00004816073388
ellipse,head,20.0,60.0,0.0,27,10.38193796118401,5.429108488774088,1.3850202958898707,-7.66531360734195,11.197277732280476,1.2455523409704845,1,15,15,100.00004816073388
ellipse,head,20.0,60.0,0.0,28,10.38193796118401,5.429108488774088,1.3850202958898707,-7.66531360734195,11.197277732280476,1.2455523409704845,1,15,15,100.00004816073388
ellipse,head,20.0,60.0,0.0,29,10.38193796118401,5.429108488774088,1.3850202958898707,-7.66531360734195,11.197277732280476,1.2455523409704845,1,15,15,100.00004816073388
ellipse,head,20.0,60.0,0.0,30,10.38193796118401,5.429108488774088,1.3850202958898707,-7.66531360734195,11.197277732280476,1.2455523409704845,1,15,15,100.00004816073388
ellipse,head,20.0,60.0,11.0,1,4.725766589606232,11.085279860351806,1.3829731584110454,-7.80178943926364,11.032921935138278,1.2455523409704845,1,15,15,100.00004816073388
ellipse,head,20.0,60.0,11.0,2,4.725766589606232,11.085279860351806,1.3829731584110454,-7.80178943926364,11.032921935138278,1.2455523409704845,1,15,15,100.00004816073388
ellipse,head,20.0,60.0,11.0,3,4.725766589606232,11.085279860351806,1.3829731584110454,-7.80178943926364,11.032921935138278,1.2455523409704845,1,15,15,100.00004816073388
ellipse,head,20.0,60.0,11.0,4,4.725766589606232,11.085279860351806,1.3829731584110454,-7.80178943926364,11.032921935138278,1.2455523409704845,1,15,15,100.00004816073388
ellipse,head,20.0,60.0,11.0,5,4.725766589606232,11.085279860351806,1.3829731584110454,-7.80178943926364,11.032921935138278,1.2455523409704845,1,15,15,100.00004816073388
ellipse,head,20.0,60.0,11.0,6,4.725766589606232,11.085279860351806,1.3829731584110454,-7.80178943926364,11.032921935138278,1.2455523409704845,1,15,15,100.00004816073388
ellipse,head,20.0,60.0,11.0,7,4.725766589606232,11.085279860351806,1.3829731584110454,-7.80178943926364,11.032921935138278,1.2455523409704845,1,15,15,100.00004816073388
ellipse,head,20.0,60.0,11.0,8,4.725766589606232,11.085279860351806,1.3829731584110454,-7.80178943926364,11.032921935138278,1.2455523409704845,1,15,15,100.00004816073388
ellipse,head,20.0,60.0,11.0,9,4.725766589606232,11.085279860351806,1.3829731584110454,-7.80178943926364,11.032921935138278,1.2455523409704845,1,15,15,100.00004816073388
ellipse,head,20.0,60.0,11.0,10,4.725766589606232,11.085279860351806,1.3829731584110454,-7.80178943926364,11.032921935138278,1.2455523409704845,1,15,15,100.00004816073388
ellipse,head,20.0,60.0,11.0,11,4.725766589606232,11.085279860351806,1.3829731584110454,-7.80178943926364,11.032921935138278,1.2455523409704845,1,15,15,100.00004816073388
ellipse,head,20.0,60.0,11.0,12,4.725766589606232,11.085279860351806,1.3829731584110454,-7.80178943926364,11.032921935138278,1.2455523409704845,1,15,15,100.00004816073388
ellipse,head,20.0,60.0,11.0,13,4.725766589606232,11.085279860351806,1.3829731584110454,-7.80178943926364,11.032921935138278,1.2455523409704845,1,15,15,100.00004816073388
ellipse,head,20.0,60.0,11.0,14,4.725766589606232,11.085279860351806,1.3829731584110454,-7.80178943926364,11.032921935138278,1.2455523409704845,1,15,15,100.00004816073388
ellipse,head,20.0,60.0,11.0,15,4.725766589606232,11.085279860351806,1.3829731584110454,-7.80178943926364,11.032921935138278,1.2455523409704845,1,15,15,100.00004816073388
ellipse,head,20.0,60.0,11.0,16,4.725766589606232,11.085279860351806,1.3829731584110454,-7.80178943926364,11.032921935138278,1.2455523409704845,1,15,15,100.00004816073388
ellipse,head,20.0,60.0,11.0,17,4.725766589606232,11.085279860351806,1.3829731584110454,-7.80178943926364,11.032921935138278,1.2455523409704845,1,15,15,100.00004816073388
ellipse,head,20.0,60.0,11.0,18,4.725766589606232,11.085279860351806,1.3829731584110454,-7.80178943926364,11.032921935138278,1.2455523409704845,1,15,15,100.00004816073388
ellipse,head,20.0,60.0,11.0,19,4.725766589606232,11.085279860351806,1.3829731584110454,-7.80178943926364,11.032921935138278,1.2455523409704845,1,15,15,100.00004816073388
ellipse,head,20.0,60.0,11.0,20,4.725766589606232,11.085279860351806,1.3829731584110454,-7.80178943926364,11.032921935138278,1.2455523409704845,1,15,15,100.00004816073388
ellipse,head,20.0,60.0,11.0,21,4.725766589606232,11.085279860351806,1.3829731584110454,-7.80178943926364,11.032921935138278,1.2455523409704845,1,15,15,100.00004816073388
ellipse,head,20.0,60.0,11.0,22,4.725766589606232,11.085279860351806,1.3829731584110454,-7.80178943926364,11.032921935138278,1.2455523409704845,1,15,15,100.00004816073388
ellipse,head,20.0,60.0,11.0,23,4.725766589606232,11.085279860351806,1.3829731584110454,-7.80178943926364,11.032921935138278,1.2455523409704845,1,15,15,100.00004816073388
ellipse,head,20.0,60.0,11.0,24,4.725766589606232,11.085279860351806,1.3829731584110454,-7.80178943926364,11.032921935138278,1.2455523409704845,1,15,15,100.00004816073388
ellipse,head,20.0,60.0,11.0,25,4.725766589606232,11.085279860351806,1.3829731584110454,-7.80178943926364,11.032921935138278,1.2455523409704845,1,15,15,100.00004816073388
ellipse,head,20.0,60.0,11.0,26,4.725766589606232,11.085279860351806,1.3829731584110454,-7.80178943926364,11.032921935138278,1.2455523409704845,1,15,15,100.00004816073388
ellipse,head,20.0,60.0,11.0,27,4.725766589606232,11.085279860351806,1.3829731584110454,-7.80178943926364,11.032921935138278,1.2455523409704845,1,15,15,100.00004816073388
ellipse,head,20.0,60.0,11.0,28,4.725766589606232,11.085279860351806,1.3829731584110454,-7.80178943926364,11.032921935138278,1.2455523409704845,1,15,15,100.00004816073388
ellipse,head,20.0,60.0,11.0,29,4.725766589606232,11.085279860351806,1.3829731584110454,-7.80178943926364,11.032921935138278,1.2455523409704845,1,15,15,100.00004816073388
ellipse,head,20.0,60.0,11.0,30,4.725766589606232,11.085279860351806,1.3829731584110454,-7.80178943926364,11.032921935138278,1.2455523409704845,1,15,15,100.00004816073388
ellipse,head,20.0,60.0,78.5,1,4.795868485908863,11.015177964049286,1.3946852184589258,-7.020985436071614,11.973232483529591,1.2455523409704845,1,15,15,100.00004816073388
ellipse,head,20.0,60.0,78.5,2,4.795868485908863,11.015177964049286,1.3946852184589258,-7.020985436071614,11.973232483529591,1.2455523409704845,1,15,15,100.00004816073388
ellipse,head,20.0,60.0,78.5,3,4.795868485908863,11.015177964049286,1.3946852184589258,-7.020985436071614,11.973232483529591,1.2455523409704845,1,15,15,100.00004816073388
ellipse,head,20.0,60.0,78.5,4,4.795868485908863,11.015177964049286,1.3946852184589258,-7.020985436071614,11.973232483529591,1.2455523409704845,1,15,15,100.00004816073388
ellipse,head,20.0,60.0,78.5,5,4.795868485908863,11.015177964049286,1.3946852184589258,-7.020985436071614,11.973232483529591,1.2455523409704845,1,15,15,100.00004816073388
ellipse,head,20.0,60.0,78.5,6,4.795868485908863,11.015177964049286,1.3946852184589258,-7.020985436071614,11.973232483529591,1.2455523409704845,1,15,15,100.00004816073388
ellipse,head,20.0,60.0,78.5,7,4.795868485908863,11.015177964049286,1.3946852184589258,-7.020985436071614,11.973232483529591,1.2455523409704845,1,15,15,100.00004816073388
ellipse,head,20.0,60.0,78.5,8,4.795868485908863,11.015177964049286,1.3946852184589258,-7.020985436071614,11.973232483529591,1.2455523409704845,1,15,15,100.00004816073388
ellipse,head,20.0,60.0,78.5,9,4.795868485908863,11.015177964049286,1.3946852184589258,-7.020985436071614,11.973232483529591,1.2455523409704845,1,15,15,100.00004816073388
ellipse,head,20.0,60.0,78.5,10,4.795868485908863,11.015177964049286,1.3946852184589258,-7.020985436071614,11.973232483529591,1.2455523409704845,1,15,15,100.00004816073388
ellipse,head,20.0,60.0,78.5,11,4.795868485908863,11.015177964049286,1.3946852184589258,-7.020985436071614,11.973232483529591,1.2455523409704845,1,15,15,100.00004816073388
ellipse,head,20.0,60.0,78.5,12,4.795868485908863,11.015177964049286,1.3946852184589258,-7.020985436071614,11.973232483529591,1.2455523409704845,1,15,15,100.00004816073388
ellipse,head,20.0,60.0,78.5,13,4.795868485908863,11.015177964049286,1.3946852184589258,-7.020985436071614,11.973232483529591,1.2455523409704845,1,15,15,100.00004816073388
ellipse,head,20.0,60.0,78.5,14,4.795868485908863,11.015177964049286,1.3946852184589258,-7.020985436071614,11.973232483529591,1.2455523409704845,1,15,15,100.00004816073388
ellipse,head,20.0,60.0,78.5,15,4.795868485908863,11.015177964049286,1.3946852184589258,-7.020985436071614,11.973232483529591,1.2455523409704845,1,15,15,100.00004816073388
ellipse,head,20.0,60.0,78.5,16,4.795868485908863,11.015177964049286,1.3946852184589258,-7.020985436071614,11.973232483529591,1.2455523409704845,1,15,15,100.00004816073388
ellipse,head,20.0,60.0,78.5,17,4.795868485908863,11.015177964049286,1.3946852184589258,-7.020985436071614,11.973232483529591,1.2455523409704845,1,15,15,100.00004816073388
ellipse,head,20.0,60.0,78.5,18,4.795868485908863,11.015177964049286,1.3946852184589258,-7.020985436071614,11.973232483529591,1.2455523409704845,1,15,15,100.00004816073388
ellipse,head,20.0,60.0,78.5,19,4.795868485908863,11.015177964049286,1.3946852184589258,-7.020985436071614,11.973232483529591,1.2455523409704845,1,15,15,100.00004816073388
ellipse,head,20.0,60.0,78.5,20,4.795868485908863,11.015177964049286,1.3946852184589258,-7.020985436071614,11.973232483529591,1.2455523409704845,1,15,15,100.00004816073388
ellipse,head,20.0,60.0,78.5,21,4.795868485908863,11.015177964049286,1.3946852184589258,-7.020985436071614,11.973232483529591,1.2455523409704845,1,15,15,100.00004816073388
ellipse,head,20.0,60.0,78.5,22,4.795868485908863,11.015177964049286,1.3946852184589258,-7.020985436071614,11.973232483529591,1.2455523409704845,1,15,15,100.00004816073388
ellipse,head,20.0,60.0,78.5,23,4.795868485908863,11.015177964049286,1.3946852184589258,-7.020985436071614,11.973232483529591,1.2455523409704845,1,15,15,100.00004816073388
ellipse,head,20.0,60.0,78.5,24,4.795868485908863,11.015177964049286,1.3946852184589258,-7.020985436071614,11.973232483529591,1.2455523409704845,1,15,15,100.00004816073388
ellipse,head,20.0,60.0,78.5,25,4.795868485908863,11.015177964049286,1.3946852184589258,-7.020985436071614,11.973232483529591,1.2455523409704845,1,15,15,100.00004816073388
ellipse,head,20.0,60.0,78.5,26,4.795868485908863,11.015177964049286,1.3946852184589258,-7.020985436071614,11.973232483529591,1.2455523409704845,1,15,15,100.00004816073388
ellipse,head,20.0,60.0,78.5,27,4.795868485908863,11.015177964049286,1.3946852184589258,-7.020985436071614,11.973232483529591,1.2455523409704845,1,15,15,100.00004816073388
ellipse,head,20.0,60.0,78.5,28,4.795868485908863,11.015177964049286,1.3946852184589258,-7.020985436071614,11.973232483529591,1.2455523409704845,1,15,15,100.00004816073388
ellipse,head,20.0,60.0,78.5,29,4.795868485908863,11.015177964049286,1.3946852184589258,-7.020985436071614,11.973232483529591,1.2455523409704845,1,15,15,100.00004816073388
ellipse,head,20.0,60.0,78.5,30,4.795868485908863,11.015177964049286,1.3946852184589258,-7.020985436071614,11.973232483529591,1.2455523409704845,1,15,15,100.00004816073388
ellipse,head,20.0,120.0,0.0,1,7.761614808202369,2.6859979688611486,1.4295726421082366,-4.695157192784224,3.4742933242244445,1.3815727522089376,1,15,15,145.04078507826765
ellipse,head,20.0,120.0,0.0,2,7.761614808202369,2.6859979688611486,1.4295726421082366,-4.695157192784224,3.4742933242244445,1.3815727522089376,1,15,15,145.04078507826765
ellipse,head,20.0,120.0,0.0,3,7.761614808202369,2.6859979688611486,1.4295726421082366,-4.695157192784224,3.4742933242244445,1.3815727522089376,1,15,15,145.04078507826765
ellipse,head,20.0,120.0,0.0,4,7.761614808202369,2.6859979688611486,1.4295726421082366,-4.695157192784224,3.4742933242244445,1.3815727522089376,1,15,15,145.04078507826765
ellipse,head,20.0,120.0,0.0,5,7.761614808202369,2.6859979688611486,1.4295726421082366,-4.695157192784224,3.4742933242244445,1.3815727522089376,1,15,15,145.04078507826765
ellipse,head,20.0,120.0,0.0,6,7.761614808202369,2.6859979688611486,1.4295726421082366,-4.695157192784224,3.4742933242244445,1.3815727522089376,1,15,15,145.04078507826765
ellipse,head,20.0,120.0,0.0,7,7.761614808202369,2.6859979688611486,1.4295726421082366,-4.695157192784224,3.4742933242244445,1.3815727522089376,1,15,15,145.04078507826765
ellipse,head,20.0,120.0,0.0,8,7.761614808202369,2.6859979688611486,1.4295726421082366,-4.695157192784224,3.4742933242244445,1.3815727522089376,1,15,15,145.04078507826765
ellipse,head,20.0,120.0,0.0,9,7.761614808202369,2.6859979688611486,1.4295726421082366,-4.695157192784224,3.4742933242244445,1.3815727522089376,1,15,15,145.04078507826765
ellipse,head,20.0,120.0,0.0,10,7.761614808202369,2.6859979688611486,1.4295726421082366,-4.695157192784224,3.4742933242244445,1.3815727522089376,1,15,15,145.04078507826765
ellipse,head,20.0,120.0,0.0,11,7.761614808202369,2.6859979688611486,1.4295726421082366,-4.695157192784224,3.4742933242244445,1.3815727522089376,1,15,15,145.04078507826765
ellipse,head,20.0,120.0,0.0,12,7.761614808202369,2.6859979688611486,1.4295726421082366,-4.695157192784224,3.4742933242244445,1.3815727522089376,1,15,15,145.04078507826765
ellipse,head,20.0,120.0,0.0,13,7.761614808202369,2.6859979688611486,1.4295726421082366,-4.695157192784224,3.4742933242244445,1.3815727522089376,1,15,15,145.04078507826765
ellipse,head,20.0,120.0,0.0,14,7.761614808202369,2.6859979688611486,1.4295726421082366,-4.695157192784224,3.4742933242244445,1.3815727522089376,1,15,15,145.04078507826765
ellipse,head,20.0,120.0,0.0,15,7.761614808202369,2.6859979688611486,1.4295726421082366,-4.695157192784224,3.4742933242244445,1.3815727522089376,1,15,15,145.04078507826765
ellipse,head,20.0,120.0,0.0,16,7.761614808202369,2.6859979688611486,1.4295726421082366,-4.695157192784224,3.4742933242244445,1.3815727522089376,1,15,15,145.04078507826765
ellipse,head,20.0,120.0,0.0,17,7.761614808202369,2.6859979688611486,1.4295726421082366,-4.695157192784224,3.4742933242244445,1.3815727522089376,1,15,15,145.04078507826765
ellipse,head,20.0,120.0,0.0,18,7.761614808202369,2.6859979688611486,1.4295726421082366,-4.695157192784224,3.4742933242244445,1.3815727522089376,1,15,15,145.04078507826765
ellipse,head,20.0,120.0,0.0,19,7.761614808202369,2.6859979688611486,1.4295726421082366,-4.695157192784224,3.4742933242244445,1.3815727522089376,1,15,15,145.04078507826765
ellipse,head,20.0,120.0,0.0,20,7.761614808202369,2.6859979688611486,1.4295726421082366,-4.695157192784224,3.4742933242244445,1.3815727522089376,1,15,15,145.04078507826765
ellipse,head,20.0,120.0,0.0,21,7.761614808202369,2.6859979688611486,1.4295726421082366,-4.695157192784224,3.4742933242244445,1.3815727522089376,1,15,15,145.04078507826765
ellipse,head,20.0,120.0,0.0,22,7.761614808202369,2.6859979688611486,1.4295726421082366,-4.695157192784224,3.4742933242244445,1.3815727522089376,1,15,15,145.04078507826765
ellipse,head,20.0,120.0,0.0,23,7.761614808202369,2.6859979688611486,1.4295726421082366,-4.695157192784224,3.4742933242244445,1.3815727522089376,1,15,15,145.04078507826765
ellipse,head,20.0,120.0,0.0,24,7.761614808202369,2.6859979688611486,1.4295726421082366,-4.695157192784224,3.4742933242244445,1.3815727522089376,1,15,15,145.04078507826765
ellipse,head,20.0,120.0,0.0,25,7.761614808202369,2.6859979688611486,1.4295726421082366,-4.695157192784224,3.4742933242244445,1.3815727522089376,1,15,15,145.04078507826765
ellipse,head,20.0,120.0,0.0,26,7.761614808202369,2.6859979688611486,1.4295726421082366,-4.695157192784224,3.4742933242244445,1.3815727522089376,1,15,15,145.04078507826765
ellipse,head,20.0,120.0,0.0,27,7.761614808202369,2.6859979688611486,1.4295726421082366,-4.695157192784224,3.4742933242244445,1.3815727522089376,1,15,15,145.04078507826765
ellipse,head,20.0,120.0,0.0,28,7.761614808202369,2.6859979688611486,1.4295726421082366,-4.695157192784224,3.4742933242244445,1.3815727522089376,1,15,15,145.04078507826765
ellipse,head,20.0,120.0,0.0,29,7.761614808202369,2.6859979688611486,1.4295726421082366,-4.695157192784224,3.4742933242244445,1.3815727522089376,1,15,15,145.04078507826765
ellipse,head,20.0,120.0,0.0,30,7.761614808202369,2.6859979688611486,1.4295726421082366,-4.695157192784224,3.4742933242244445,1.3815727522089376,1,15,15,145.04078507826765
ellipse,head,20.0,120.0,11.0,1,8.242732309161388,2.204880467902273,1.4183263682429257,-5.444908783804955,2.6602736609580853,1.3815727522089376,1,15,15,145.04078507826765
ellipse,head,20.0,120.0,11.0,2,8.242732309161388,2.204880467902273,1.4183263682429257,-5.444908783804955,2.6602736609580853,1.3815727522089376,1,15,15,145.04078507826765
ellipse,head,20.0,120.0,11.0,3,8.242732309161388,2.204880467902273,1.4183263682429257,-5.444908783804955,2.6602736609580853,1.3815727522089376,1,15,15,145.04078507826765
ellipse,head,20.0,120.0,11.0,4,8.242732309161388,2.204880467902273,1.4183263682429257,-5.444908783804955,2.6602736609580853,1.3815727522089376,1,15,15,145.04078507826765
ellipse,head,20.0,120.0,11.0,5,8.242732309161388,2.204880467902273,1.4183263682429257,-5.444908783804955,2.6602736609580853,1.3815727522089376,1,15,15,145.04078507826765
ellipse,head,20.0,120.0,11.0,6,8.242732309161388,2.204880467902273,1.4183263682429257,-5.444908783804955,2.6602736609580853,1.3815727522089376,1,15,15,145.04078507826765
ellipse,head,20.0,120.0,11.0,7,8.242732309161388,2.204880467902273,1.4183263682429257,-5.444908783804955,2.6602736609580853,1.3815727522089376,1,15,15,145.04078507826765
ellipse,head,20.0,120.0,11.0,8,8.242732309161388,2.204880467902273,1.4183263682429257,-5.444908783804955,2.6602736609580853,1.3815727522089376,1,15,15,145.04078507826765
ellipse,head,20.0,120.0,11.0,9,8.242732309161388,2.204880467902273,1.4183263682429257,-5.444908783804955,2.6602736609580853,1.3815727522089376,1,15,15,145.04078507826765
ellipse,head,20.0,120.0,11.0,10,8.242732309161388,2.204880467902273,1.4183263682429257,-5.444908783804955,2.6602736609580853,1.3815727522089376,1,15,15,145.04078507826765
ellipse,head,20.0,120.0,11.0,11,8.242732309161388,2.204880467902273,1.4183263682429257,-5.444908783804955,2.6602736609580853,1.3815727522089376,1,15,15,145.04078507826765
ellipse,head,20.0,120.0,11.0,12,8.242732309161388,2.204880467902273,1.4183263682429257,-5.444908783804955,2.6602736609580853,1.3815727522089376,1,15,15,145.04078507826765
ellipse,head,20.0,120.0,11.0,13,8.242732309161388,2.204880467902273,1.4183263682429257,-5.444908783804955,2.6602736609580853,1.3815727522089376,1,15,15,145.04078507826765
ellipse,head,20.0,120.0,11.0,14,8.242732309161388,2.204880467902273,1.4183263682429257,-5.444908783804955,2.6602736609580853,1.3815727522089376,1,15,15,145.04078507826765
ellipse,head,20.0,120.0,11.0,15,8.242732309161388,2.204880467902273,1.4183263682429257,-5.444908783804955,2.6602736609580853,1.3815727522089376,1,15,15,145.04078507826765
ellipse,head,20.0,120.0,11.0,16,8.242732309161388,2.204880467902273,1.4183263682429257,-5.444908783804955,2.6602736609580853,1.3815727522089376,1,15,15,145.04078507826765
ellipse,head,20.0,120.0,11.0,17,8.242732309161388,2.204880467902273,1.4183263682429257,-5.444908783804955,2.6602736609580853,1.3815727522089376,1,15,15,145.04078507826765
ellipse,head,20.0,120.0,11.0,18,8.242732309161388,2.204880467902273,1.4183263682429257,-5.444908783804955,2.6602736609580853,1.3815727522089376,1,15,15,145.04078507826765
ellipse,head,20.0,120.0,11.0,19,8.242732309161388,2.204880467902273,1.4183263682429257,-5.444908783804955,2.6602736609580853,1.3815727522089376,1,15,15,145.04078507826765
ellipse,head,20.0,120.0,11.0,20,8.242732309161388,2.204880467902273,1.4183263682429257,-5.444908783804955,2.6602736609580853,1.3815727522089376,1,15,15,145.04078507826765
ellipse,head,20.0,120.0,11.0,21,8.242732309161388,2.204880467902273,1.4183263682429257,-5.444908783804955,2.6602736609580853,1.3815727522089376,1,15,15,145.04078507826765
ellipse,head,20.0,120.0,11.0,22,8.242732309161388,2.204880467902273,1.4183263682429257,-5.444908783804955,2.6602736609580853,1.3815727522089376,1,15,15,145.04078507826765
ellipse,head,20.0,120.0,11.0,23,8.242732309161388,2.204880467902273,1.4183263682429257,-5.444908783804955,2.6602736609580853,1.3815727522089376,1,15,15,145.04078507826765
ellipse,head,20.0,120.0,11.0,24,8.242732309161388,2.204880467902273,1.4183263682429257,-5.444908783804955,2.6602736609580853,1.3815727522089376,1,15,15,145.04078507826765
ellipse,head,20.0,120.0,11.0,25,8.242732309161388,2.204880467902273,1.4183263682429257,-5.444908783804955,2.6602736609580853,1.3815727522089376,1,15,15,145.04078507826765
ellipse,head,20.0,120.0,11.0,26,8.242732309161388,2.204880467902273,1.4183263682429257,-5.444908783804955,2.6602736609580853,1.3815727522089376,1,15,15,145.04078507826765
ellipse,head,20.0,120.0,11.0,27,8.242732309161388,2.204880467902273,1.4183263682429257,-5.444908783804955,2.6602736609580853,1.3815727522089376,1,15,15,145.04078507826765
ellipse,head,20.0,120.0,11.0,28,8.242732309161388,2.204880467902273,1.4183263682429257,-5.444908783804955,2.6602736609580853,1.3815727522089376,1,15,15,145.04078507826765
ellipse,head,20.0,120.0,11.0,29,8.242732309161388,2.204880467902273,1.4183263682429257,-5.444908783804955,2.6602736609580853,1.3815727522089376,1,15,15,145.04078507826765
ellipse,head,20.0,120.0,11.0,30,8.242732309161388,2.204880467902273,1.4183263682429257,-5.444908783804955,2.6602736609580853,1.3815727522089376,1,15,15,145.04078507826765
ellipse,head,20.0,120.0,78.5,1,8.55868593029019,1.8889268467734417,1.414977856831023,-5.668142877931803,2.417904129093119,1.3815727522089376,1,15,15,145.04078507826765
ellipse,head,20.0,120.0,78.5,2,8.55868593029019,1.8889268467734417,1.414977856831023,-5.668142877931803,2.417904129093119,1.3815727522089376,1,15,15,145.04078507826765
ellipse,head,20.0,120.0,78.5,3,8.55868593029019,1.8889268467734417,1.414977856831023,-5.668142877931803,2.417904129093119,1.3815727522089376,1,15,15,145.04078507826765
ellipse,head,20.0,120.0,78.5,4,8.55868593029019,1.8889268467734417,1.414977856831023,-5.668142877931803,2.417904129093119,1.3815727522089376,1,15,15,145.04078507826765
ellipse,head,20.0,120.0,78.5,5,8.55868593029019,1.8889268467734417,1.414977856831023,-5.668142877931803,2.417904129093119,1.3815727522089376,1,15,15,145.04078507826765
ellipse,head,20.0,120.0,78.5,6,8.55868593029019,1.8889268467734417,1.414977856831023,-5.668142877931803,2.417904129093119,1.3815727522089376,1,15,15,145.04078507826765
ellipse,head,20.0,120.0,78.5,7,8.55868593029019,1.8889268467734417,1.414977856831023,-5.668142877931803,2.417904129093119,1.3815727522089376,1,15,15,145.04078507826765
ellipse,head,20.0,120.0,78.5,8,8.55868593029019,1.8889268467734417,1.414977856831023,-5.668142877931803,2.417904129093119,1.3815727522089376,1,15,15,145.04078507826765
ellipse,head,20.0,120.0,78.5,9,8.55868593029019,1.8889268467734417,1.414977856831023,-5.668142877931803,2.417904129093119,1.3815727522089376,1,15,15,145.04078507826765
ellipse,head,20.0,120.0,78.5,10,8.55868593029019,1.8889268467734417,1.414977856831023,-5.668142877931803,2.417904129093119,1.3815727522089376,1,15,15,145.04078507826765
ellipse,head,20.0,120.0,78.5,11,8.55868593029019,1.8889268467734417,1.414977856831023,-5.668142877931803,2.417904129093119,1.3815727522089376,1,15,15,145.04078507826765
ellipse,head,20.0,120.0,78.5,12,8.55868593029019,1.8889268467734417,1.414977856831023,-5.668142877931803,2.417904129093119,1.3815727522089376,1,15,15,145.04078507826765
ellipse,head,20.0,120.0,78.5,13,8.55868593029019,1.8889268467734417,1.414977856831023,-5.668142877931803,2.417904129093119,1.3815727522089376,1,15,15,145.04078507826765
ellipse,head,20.0,120.0,78.5,14,8.55868593029019,1.8889268467734417,1.414977856831023,-5.668142877931803,2.417904129093119,1.3815727522089376,1,15,15,145.04078507826765
ellipse,head,20.0,120.0,78.5,15,8.55868593029019,1.8889268467734417,1.414977856831023,-5.668142877931803,2.417904129093119,1.3815727522089376,1,15,15,145.04078507826765
ellipse,head,20.0,120.0,78.5,16,8.55868593029019,1.8889268467734417,1.414977856831023,-5.668142877931803,2.417904129093119,1.3815727522089376,1,15,15,145.04078507826765
ellipse,head,20.0,120.0,78.5,17,8.55868593029019,1.8889268467734417,1.414977856831023,-5.668142877931803,2.417904129093119,1.3815727522089376,1,15,15,145.04078507826765
ellipse,head,20.0,120.0,78.5,18,8.55868593029019,1.8889268467734417,1.414977856831023,-5.668142877931803,2.417904129093119,1.3815727522089376,1,15,15,145.04078507826765
ellipse,head,20.0,120.0,78.5,19,8.55868593029019,1.8889268467734417,1.414977856831023,-5.668142877931803,2.417904129093119,1.3815727522089376,1,15,15,145.04078507826765
ellipse,head,20.0,120.0,78.5,20,8.55868593029019,1.8889268467734417,1.414977856831023,-5.668142877931803,2.417904129093119,1.3815727522089376,1,15,15,145.04078507826765
ellipse,head,20.0,120.0,78.5,21,8.55868593029019,1.8889268467734417,1.414977856831023,-5.668142877931803,2.417904129093119,1.3815727522089376,1,15,15,145.04078507826765
ellipse,head,20.0,120.0,78.5,22,8.55868593029019,1.8889268467734417,1.414977856831023,-5.668142877931803,2.417904129093119,1.3815727522089376,1,15,15,145.04078507826765
ellipse,head,20.0,120.0,78.5,23,8.55868593029019,1.8889268467734417,1.414977856831023,-5.668142877931803,2.417904129093119,1.3815727522089376,1,15,15,145.04078507826765
ellipse,head,20.0,120.0,78.5,24,8.55868593029019,1.8889268467734417,1.414977856831023,-5.668142877931803,2.417904129093119,1.3815727522089376,1,15,15,145.04078507826765
ellipse,head,20.0,120.0,78.5,25,8.55868593029019,1.8889268467734417,1.414977856831023,-5.668142877931803,2.417904129093119,1.3815727522089376,1,15,15,145.04078507826765
ellipse,head,20.0,120.0,78.5,26,8.55868593029019,1.8889268467734417,1.414977856831023,-5.668142877931803,2.417904129093119,1.3815727522089376,1,15,15,145.04078507826765
ellipse,head,20.0,120.0,78.5,27,8.55868593029019,1.8889268467734417,1.414977856831023,-5.668142877931803,2.417904129093119,1.3815727522089376,1,15,15,145.04078507826765
ellipse,head,20.0,120.0,78.5,28,8.55868593029019,1.8889268467734417,1.414977856831023,-5.668142877931803,2.417904129093119,1.3815727522089376,1,15,15,145.04078507826765
ellipse,head,20.0,120.0,78.5,29,8.55868593029019,1.8889268467734417,1.414977856831023,-5.668142877931803,2.417904129093119,1.3815727522089376,1,15,15,145.04078507826765
ellipse,head,20.0,120.0,78.5,30,8.55868593029019,1.8889268467734417,1.414977856831023,-5.668142877931803,2.417904129093119,1.3815727522089376,1,15,15,145.04078507826765
ellipse,head,30.0,30.0,0.0,1,7.220163064238119,44.73141948440017,1.6637806616154058,10.91871077436039,147.21428968171745,0.6730115252469767,1,15,15,136.83811937927027
ellipse,head,30.0,30.0,0.0,2,7.220163064238119,44.73141948440017,1.6637806616154058,10.91871077436039,147.21428968171745,0.6730115252469767,1,15,15,136.83811937927027
ellipse,head,30.0,30.0,0.0,3,7.220163064238119,44.73141948440017,1.6637806616154058,10.91871077436039,147.21428968171745,0.6730115252469767,1,15,15,136.83811937927027
ellipse,head,30.0,30.0,0.0,4,7.220163064238119,44.73141948440017,1.6637806616154058,10.91871077436039,147.21428968171745,0.6730115252469767,1,15,15,136.83811937927027
ellipse,head,30.0,30.0,0.0,5,7.220163064238119,44.73141948440017,1.6637806616154058,10.91871077436039,147.21428968171745,0.6730115252469767,1,15,15,136.83811937927027
ellipse,head,30.0,30.0,0.0,6,7.220163064238119,44.73141948440017,1.6637806616154058,10.91871077436039,147.21428968171745,0.6730115252469767,1,15,15,136.83811937927027
ellipse,head,30.0,30.0,0.0,7,7.220163064238119,44.73141948440017,1.6637806616154058,10.91871077436039,147.21428968171745,0.6730115252469767,1,15,15,136.83811937927027
ellipse,head,30.0,30.0,0.0,8,7.220163064238119,44.73141948440017,1.6637806616154058,10.91871077436039,147.21428968171745,0.6730115252469767,1,15,15,136.83811937927027
ellipse,head,30.0,30.0,0.0,9,7.220163064238119,44.73141948440017,1.6637806616154058,10.91871077436039,147.21428968171745,0.6730115252469767,1,15,15,136.83811937927027
ellipse,head,30.0,30.0,0.0,10,7.220163064238119,44.73141948440017,1.6637806616154058,10.91871077436039,147.21428968171745,0.6730115252469767,1,15,15,136.83811937927027
ellipse,head,30.0,30.0,0.0,11,7.220163064238119,44.73141948440017,1.6637806616154058,10.91871077436039,147.21428968171745,0.6730115252469767,1,15,15,136.83811937927027
ellipse,head,30.0,30.0,0.0,12,7.220163064238119,44.73141948440017,1.6637806616154058,10.91871077436039,147.21428968171745,0.6730115252469767,1,15,15,136.83811937927027
ellipse,head,30.0,30.0,0.0,13,7.220163064238119,44.73141948440017,1.6637806616154058,10.91871077436039,147.21428968171745,0.6730115252469767,1,15,15,136.83811937927027
ellipse,head,30.0,30.0,0.0,14,7.220163064238119,44.73141948440017,1.6637806616154058,10.91871077436039,147.21428968171745,0.6730115252469767,1,15,15,136.83811937927027
ellipse,head,30.0,30.0,0.0,15,7.220163064238119,44.73141948440017,1.6637806616154058,10.91871077436039,147.21428968171745,0.6730115252469767,1,15,15,136.83811937927027
ellipse,head,30.0,30.0,0.0,16,7.220163064238119,44.73141948440017,1.6637806616154058,10.91871077436039,147.21428968171745,0.6730115252469767,1,15,15,136.83811937927027
ellipse,head,30.0,30.0,0.0,17,7.220163064238119,44.73141948440017,1.6637806616154058,10.91871077436039,147.21428968171745,0.6730115252469767,1,15,15,136.83811937927027
ellipse,head,30.0,30.0,0.0,18,7.220163064238119,44.73141948440017,1.6637806616154058,10.91871077436039,147.21428968171745,0.6730115252469767,1,15,15,136.83811937927027
ellipse,head,30.0,30.0,0.0,19,7.220163064238119,44.73141948440017,1.6637806616154058,10.91871077436039,147.21428968171745,0.6730115252469767,1,15,15,136.83811937927027
ellipse,head,30.0,30.0,0.0,20,7.220163064238119,44.73141948440017,1.6637806616154058,10.91871077436039,147.21428968171745,0.6730115252469767,1,15,15,136.83811937927027
ellipse,head,30.0,30.0,0.0,21,7.220163064238119,44.73141948440017,1.6637806616154058,10.91871077436039,147.21428968171745,0.6730115252469767,1,15,15,136.83811937927027
ellipse,head,30.0,30.0,0.0,22,7.220163064238119,44.73141948440017,1.6637806616154058,10.91871077436039,147.21428968171745,0.6730115252469767,1,15,15,136.83811937927027
ellipse,head,30.0,30.0,0.0,23,7.220163064238119,44.73141948440017,1.6637806616154058,10.91871077436039,147.21428968171745,0.6730115252469767,1,15,15,136.83811937927027
ellipse,head,30.0,30.0,0.0,24,7.220163064238119,44.73141948440017,1.6637806616154058,10.91871077436039,147.21428968171745,0.6730115252469767,1,15,15,136.83811937927027
ellipse,head,30.0,30.0,0.0,25,7.220163064238119,44.73141948440017,1.6637806616154058,10.91871077436039,147.21428968171745,0.6730115252469767,1,15,15,136.83811937927027
ellipse,head,30.0,30.0,0.0,26,7.220163064238119,44.73141948440017,1.6637806616154058,10.91871077436039,147.21428968171745,0.6730115252469767,1,15,15,136.83811937927027
ellipse,head,30.0,30.0,0.0,27,7.220163064238119,44.73141948440017,1.6637806616154058,10.91871077436039,147.21428968171745,0.6730115252469767,1,15,15,136.83811937927027
ellipse,head,30.0,30.0,0.0,28,7.220163064238119,44.73141948440017,1.6637806616154058,10.91871077436039,147.21428968171745,0.6730115252469767,1,15,15,136.83811937927027
ellipse,head,30.0,30.0,0.0,29,7.220163064238119,44.73141948440017,1.6637806616154058,10.91871077436039,147.21428968171745,0.6730115252469767,1,15,15,136.83811937927027
ellipse,head,30.0,30.0,0.0,30,7.220163064238119,44.73141948440017,1.6637806616154058,10.91871077436039,147.21428968171745,0.6730115252469767,1,15,15,136.83811937927027
ellipse,head,30.0,30.0,11.0,1,9.192123009869253,28.319133410292732,1.6027205229701014,6.848034864673425,138.14161613086003,0.6730115252469767,1,15,15,136.83811937927027
ellipse,head,30.0,30.0,11.0,2,9.192123009869253,28.319133410292732,1.6027205229701014,6.848034864673425,138.14161613086003,0.6730115252469767,1,15,15,136.83811937927027
ellipse,head,30.0,30.0,11.0,3,9.192123009869253,28.319133410292732,1.6027205229701014,6.848034864673425,138.14161613086003,0.6730115252469767,1,15,15,136.83811937927027
ellipse,head,30.0,30.0,11.0,4,9.192123009869253,28.319133410292732,1.6027205229701014,6.848034864673425,138.14161613086003,0.6730115252469767,1,15,15,136.83811937927027
ellipse,head,30.0,30.0,11.0,5,9.192123009869253,28.319133410292732,1.6027205229701014,6.848034864673425,138.14161613086003,0.6730115252469767,1,15,15,136.83811937927027
ellipse,head,30.0,30.0,11.0,6,9.192123009869253,28.319133410292732,1.6027205229701014,6.848034864673425,138.14161613086003,0.6730115252469767,1,15,15,136.83811937927027
ellipse,head,30.0,30.0,11.0,7,9.192123009869253,28.319133410292732,1.6027205229701014,6.848034864673425,138.14161613086003,0.6730115252469767,1,15,15,136.83811937927027
ellipse,head,30.0,30.0,11.0,8,9.192123009869253,28.319133410292732,1.6027205229701014,6.848034864673425,138.14161613086003,0.6730115252469767,1,15,15,136.83811937927027
ellipse,head,30.0,30.0,11.0,9,9.192123009869253,28.319133410292732,1.6027205229701014,6.848034864673425,138.14161613086003,0.6730115252469767,1,15,15,136.83811937927027
ellipse,head,30.0,30.0,11.0,10,9.192123009869253,28.319133410292732,1.6027205229701014,6.848034864673425,138.14161613086003,0.6730115252469767,1,15,15,136.83811937927027
ellipse,head,30.0,30.0,11.0,11,9.192123009869253,28.319133410292732,1.6027205229701014,6.848034864673425,138.14161613086003,0.6730115252469767,1,15,15,136.83811937927027
ellipse,head,30.0,30.0,11.0,12,9.192123009869253,28.319133410292732,1.6027205229701014,6.848034864673425,138.14161613086003,0.6730115252469767,1,15,15,136.83811937927027
ellipse,head,30.0,30.0,11.0,13,9.192123009869253,28.319133410292732,1.6027205229701014,6.848034864673425,138.14161613086003,0.6730115252469767,1,15,15,136.83811937927027
ellipse,head,30.0,30.0,11.0,14,9.192123009869253,28.319133410292732,1.6027205229701014,6.848034864673425,138.14161613086003,0.6730115252469767,1,15,15,136.83811937927027
ellipse,head,30.0,30.0,11.0,15,9.192123009869253,28.319133410292732,1.6027205229701014,6.848034864673425,138.14161613086003,0.6730115252469767,1,15,15,136.83811937927027
ellipse,head,30.0,30.0,11.0,16,9.192123009869253,28.319133410292732,1.6027205229701014,6.848034864673425,138.14161613086003,0.6730115252469767,1,15,15,136.83811937927027
ellipse,head,30.0,30.0,11.0,17,9.192123009869253,28.319133410292732,1.6027205229701014,6.848034864673425,138.14161613086003,0.6730115252469767,1,15,15,136.83811937927027
ellipse,head,30.0,30.0,11.0,18,9.192123009869253,28.319133410292732,1.6027205229701014,6.848034864673425,138.14161613086003,0.6730115252469767,1,15,15,136.83811937927027
ellipse,head,30.0,30.0,11.0,19,9.192123009869253,28.319133410292732,1.6027205229701014,6.848034864673425,138.14161613086003,0.6730115252469767,1,15,15,136.83811937927027
ellipse,head,30.0,30.0,11.0,20,9.192123009869253,28.319133410292732,1.6027205229701014,6.848034864673425,138.14161613086003,0.6730115252469767,1,15,15,136.83811937927027
ellipse,head,30.0,30.0,11.0,21,9.192123009869253,28.319133410292732,1.6027205229701014,6.848034864673425,138.14161613086003,0.6730115252469767,1,15,15,136.83811937927027
ellipse,head,30.0,30.0,11.0,22,9.192123009869253,28.319133410292732,1.6027205229701014,6.848034864673425,138.14161613086003,0.6730115252469767,1,15,15,136.83811937927027
ellipse,head,30.0,30.0,11.0,23,9.192123009869253,28.319133410292732,1.6027205229701014,6.848034864673425,138.14161613086003,0.6730115252469767,1,15,15,136.83811937927027
ellipse,head,30.0,30.0,11.0,24,9.192123009869253,28.319133410292732,1.6027205229701014,6.848034864673425,138.14161613086003,0.6730115252469767,1,15,15,136.83811937927027
ellipse,head,30.0,30.0,11.0,25,9.192123009869253,28.319133410292732,1.6027205229701014,6.848034864673425,138.14161613086003,0.6730115252469767,1,15,15,136.83811937927027
ellipse,head,30.0,30.0,11.0,26,9.192123009869253,28.319133410292732,1.6027205229701014,6.848034864673425,138.14161613086003,0.6730115252469767,1,15,15,136.83811937927027
ellipse,head,30.0,30.0,11.0,27,9.192123009869253,28.319133410292732,1.6027205229701014,6.848034864673425,138.14161613086003,0.6730115252469767,1,15,15,136.83811937927027
ellipse,head,30.0,30.0,11.0,28,9.192123009869253,28.319133410292732,1.6027205229701014,6.848034864673425,138.14161613086003,0.6730115252469767,1,15,15,136.83811937927027
ellipse,head,30.0,30.0,11.0,29,9.192123009869253,28.319133410292732,1.6027205229701014,6.848034864673425,138.14161613086003,0.6730115252469767,1,15,15,136.83811937927027
ellipse,head,30.0,30.0,11.0,30,9.192123009869253,28.319133410292732,1.6027205229701014,6.848034864673425,138.14161613086003,0.6730115252469767,1,15,15,136.83811937927027
ellipse,head,30.0,30.0,78.5,1,11.239833225019078,26.271423195142944,1.661941467286081,10.79609781907207,146.94101140039083,0.6730115252469767,1,15,15,136.83811937927027
ellipse,head,30.0,30.0,78.5,2,11.239833225019078,26.271423195142944,1.661941467286081,10.79609781907207,146.94101140039083,0.6730115252469767,1,15,15,136.83811937927027
ellipse,head,30.0,30.0,78.5,3,11.239833225019078,26.271423195142944,1.661941467286081,10.79609781907207,146.94101140039083,0.6730115252469767,1,15,15,136.83811937927027
ellipse,head,30.0,30.0,78.5,4,11.239833225019078,26.271423195142944,1.661941467286081,10.79609781907207,146.94101140039083,0.6730115252469767,1,15,15,136.83811937927027
ellipse,head,30.0,30.0,78.5,5,11.239833225019078,26.271423195142944,1.661941467286081,10.79609781907207,146.94101140039083,0.6730115252469767,1,15,15,136.83811937927027
ellipse,head,30.0,30.0,78.5,6,11.239833225019078,26.271423195142944,1.661941467286081,10.79609781907207,146.94101140039083,0.6730115252469767,1,15,15,136.83811937927027
ellipse,head,30.0,30.0,78.5,7,11.239833225019078,26.271423195142944,1.661941467286081,10.79609781907207,146.94101140039083,0.6730115252469767,1,15,15,136.83811937927027
ellipse,head,30.0,30.0,78.5,8,11.239833225019078,26.271423195142944,1.661941467286081,10.79609781907207,146.94101140039083,0.6730115252469767,1,15,15,136.83811937927027
ellipse,head,30.0,30.0,78.5,9,11.239833225019078,26.271423195142944,1.661941467286081,10.79609781907207,146.94101140039083,0.6730115252469767,1,15,15,136.83811937927027
ellipse,head,30.0,30.0,78.5,10,11.239833225019078,26.271423195142944,1.661941467286081,10.79609781907207,146.94101140039083,0.6730115252469767,1,15,15,136.83811937927027
ellipse,head,30.0,30.0,78.5,11,11.239833225019078,26.271423195142944,1.661941467286081,10.79609781907207,146.94101140039083,0.6730115252469767,1,15,15,136.83811937927027
ellipse,head,30.0,30.0,78.5,12,11.239833225019078,26.271423195142944,1.661941467286081,10.79609781907207,146.94101140039083,0.6730115252469767,1,15,15,136.83811937927027
ellipse,head,30.0,30.0,78.5,13,11.239833225019078,26.271423195142944,1.661941467286081,10.79609781907207,146.94101140039083,0.6730115252469767,1,15,15,136.83811937927027
ellipse,head,30.0,30.0,78.5,14,11.239833225019078,26.271423195142944,1.661941467286081,10.79609781907207,146.94101140039083,0.6730115252469767,1,15,15,136.83811937927027
ellipse,head,30.0,30.0,78.5,15,11.239833225019078,26.271423195142944,1.661941467286081,10.79609781907207,146.94101140039083,0.6730115252469767,1,15,15,136.83811937927027
ellipse,head,30.0,30.0,78.5,16,11.239833225019078,26.271423195142944,1.661941467286081,10.79609781907207,146.94101140039083,0.6730115252469767,1,15,15,136.83811937927027
ellipse,head,30.0,30.0,78.5,17,11.239833225019078,26.271423195142944,1.661941467286081,10.79609781907207,146.94101140039083,0.6730115252469767,1,15,15,136.83811937927027
ellipse,head,30.0,30.0,78.5,18,11.239833225019078,26.271423195142944,1.661941467286081,10.79609781907207,146.94101140039083,0.6730115252469767,1,15,15,136.83811937927027
ellipse,head,30.0,30.0,78.5,19,11.239833225019078,26.271423195142944,1.661941467286081,10.79609781907207,146.94101140039083,0.6730115252469767,1,15,15,136.83811937927027
ellipse,head,30.0,30.0,78.5,20,11.239833225019078,26.271423195142944,1.661941467286081,10.79609781907207,146.94101140039083,0.6730115252469767,1,15,15,136.83811937927027
ellipse,head,30.0,30.0,78.5,21,11.239833225019078,26.271423195142944,1.661941467286081,10.79609781907207,146.94101140039083,0.6730115252469767,1,15,15,136.83811937927027
ellipse,head,30.0,30.0,78.5,22,11.239833225019078,26.271423195142944,1.661941467286081,10.79609781907207,146.94101140039083,0.6730115252469767,1,15,15,136.83811937927027
ellipse,head,30.0,30.0,78.5,23,11.239833225019078,26.271423195142944,1.661941467286081,10.79609781907207,146.94101140039083,0.6730115252469767,1,15,15,136.83811937927027
ellipse,head,30.0,30.0,78.5,24,11.239833225019078,26.271423195142944,1.661941467286081,10.79609781907207,146.94101140039083,0.6730115252469767,1,15,15,136.83811937927027
ellipse,head,30.0,30.0,78.5,25,11.239833225019078,26.271423195142944,1.661941467286081,10.79609781907207,146.94101140039083,0.6730115252469767,1,15,15,136.83811937927027
ellipse,head,30.0,30.0,78.5,26,11.239833225019078,26.271423195142944,1.661941467286081,10.79609781907207,146.94101140039083,0.6730115252469767,1,15,15,136.83811937927027
ellipse,head,30.0,30.0,78.5,27,11.239833225019078,26.271423195142944,1.661941467286081,10.79609781907207,146.94101140039083,0.6730115252469767,1,15,15,136.83811937927027
ellipse,head,30.0,30.0,78.5,28,11.239833225019078,26.271423195142944,1.661941467286081,10.79609781907207,146.94101140039083,0.6730115252469767,1,15,15,136.83811937927027
ellipse,head,30.0,30.0,78.5,29,11.239833225019078,26.271423195142944,1.661941467286081,10.79609781907207,146.94101140039083,0.6730115252469767,1,15,15,136.83811937927027
ellipse,head,30.0,30.0,78.5,30,11.239833225019078,26.271423195142944,1.661941467286081,10.79609781907207,146.94101140039083,0.6730115252469767,1,15,15,136.83811937927027
ellipse,head,30.0,60.0,0.0,1,8.322373911321078,19.163401461296893,1.4878609341367626,-0.8092710575491621,75.46493959715376,0.8479534074172943,1,15,15,129.21664333277226
ellipse,head,30.0,60.0,0.0,2,8.322373911321078,19.163401461296893,1.4878609341367626,-0.8092710575491621,75.46493959715376,0.8479534074172943,1,15,15,129.21664333277226
ellipse,head,30.0,60.0,0.0,3,8.322373911321078,19.163401461296893,1.4878609341367626,-0.8092710575491621,75.46493959715376,0.8479534074172943,1,15,15,129.21664333277226
ellipse,head,30.0,60.0,0.0,4,8.322373911321078,19.163401461296893,1.4878609341367626,-0.8092710575491621,75.46493959715376,0.8479534074172943,1,15,15,129.21664333277226
ellipse,head,30.0,60.0,0.0,5,8.322373911321078,19.163401461296893,1.4878609341367626,-0.8092710575491621,75.46493959715376,0.8479534074172943,1,15,15,129.21664333277226
ellipse,head,30.0,60.0,0.0,6,8.322373911321078,19.163401461296893,1.4878609341367626,-0.8092710575491621,75.46493959715376,0.8479534074172943,1,15,15,129.21664333277226
ellipse,head,30.0,60.0,0.0,7,8.322373911321078,19.163401461296893,1.4878609341367626,-0.8092710575491621,75.46493959715376,0.8479534074172943,1,15,15,129.21664333277226
ellipse,head,30.0,60.0,0.0,8,8.322373911321078,19.163401461296893,1.4878609341367626,-0.8092710575491621,75.46493959715376,0.8479534074172943,1,15,15,129.21664333277226
ellipse,head,30.0,60.0,0.0,9,8.322373911321078,19.163401461296893,1.4878609341367626,-0.8092710575491621,75.46493959715376,0.8479534074172943,1,15,15,129.21664333277226
ellipse,head,30.0,60.0,0.0,10,8.322373911321078,19.163401461296893,1.4878609341367626,-0.8092710575491621,75.46493959715376,0.8479534074172943,1,15,15,129.21664333277226
ellipse,head,30.0,60.0,0.0,11,8.322373911321078,19.163401461296893,1.4878609341367626,-0.8092710575491621,75.46493959715376,0.8479534074172943,1,15,15,129.21664333277226
ellipse,head,30.0,60.0,0.0,12,8.322373911321078,19.163401461296893,1.4878609341367626,-0.8092710575491621,75.46493959715376,0.8479534074172943,1,15,15,129.21664333277226
ellipse,head,30.0,60.0,0.0,13,8.322373911321078,19.163401461296893,1.4878609341367626,-0.8092710575491621,75.46493959715376,0.8479534074172943,1,15,15,129.21664333277226
ellipse,head,30.0,60.0,0.0,14,8.322373911321078,19.163401461296893,1.4878609341367626,-0.8092710575491621,75.46493959715376,0.8479534074172943,1,15,15,129.21664333277226
ellipse,head,30.0,60.0,0.0,15,8.322373911321078,19.163401461296893,1.4878609341367626,-0.8092710575491621,75.46493959715376,0.8479534074172943,1,15,15,129.21664333277226
ellipse,head,30.0,60.0,0.0,16,8.322373911321078,19.163401461296893,1.4878609341367626,-0.8092710575491621,75.46493959715376,0.8479534074172943,1,15,15,129.21664333277226
ellipse,head,30.0,60.0,0.0,17,8.322373911321078,19.163401461296893,1.4878609341367626,-0.8092710575491621,75.46493959715376,0.8479534074172943,1,15,15,129.21664333277226
ellipse,head,30.0,60.0,0.0,18,8.322373911321078,19.163401461296893,1.4878609341367626,-0.8092710575491621,75.46493959715376,0.8479534074172943,1,15,15,129.21664333277226
ellipse,head,30.0,60.0,0.0,19,8.322373911321078,19.163401461296893,1.4878609341367626,-0.8092710575491621,75.46493959715376,0.8479534074172943,1,15,15,129.21664333277226
ellipse,head,30.0,60.0,0.0,20,8.322373911321078,19.163401461296893,1.4878609341367626,-0.8092710575491621,75.46493959715376,0.8479534074172943,1,15,15,129.21664333277226
ellipse,head,30.0,60.0,0.0,21,8.322373911321078,19.163401461296893,1.4878609341367626,-0.8092710575491621,75.46493959715376,0.8479534074172943,1,15,15,129.21664333277226
ellipse,head,30.0,60.0,0.0,22,8.322373911321078,19.163401461296893,1.4878609341367626,-0.8092710575491621,75.46493959715376,0.8479534074172943,1,15,15,129.21664333277226
ellipse,head,30.0,60.0,0.0,23,8.322373911321078,19.163401461296893,1.4878609341367626,-0.8092710575491621,75.46493959715376,0.8479534074172943,1,15,15,129.21664333277226
ellipse,head,30.0,60.0,0.0,24,8.322373911321078,19.163401461296893,1.4878609341367626,-0.8092710575491621,75.46493959715376,0.8479534074172943,1,15,15,129.21664333277226
ellipse,head,30.0,60.0,0.0,25,8.322373911321078,19.163401461296893,1.4878609341367626,-0.8092710575491621,75.46493959715376,0.8479534074172943,1,15,15,129.21664333277226
ellipse,head,30.0,60.0,0.0,26,8.322373911321078,19.163401461296893,1.4878609341367626,-0.8092710575491621,75.46493959715376,0.8479534074172943,1,15,15,129.21664333277226
ellipse,head,30.0,60.0,0.0,27,8.322373911321078,19.163401461296893,1.4878609341367626,-0.8092710575491621,75.46493959715376,0.8479534074172943,1,15,15,129.21664333277226
ellipse,head,30.0,60.0,0.0,28,8.322373911321078,19.163401461296893,1.4878609341367626,-0.8092710575491621,75.46493959715376,0.8479534074172943,1,15,15,129.21664333277226
ellipse,head,30.0,60.0,0.0,29,8.322373911321078,19.163401461296893,1.4878609341367626,-0.8092710575491621,75.46493959715376,0.8479534074172943,1,15,15,129.21664333277226
ellipse,head,30.0,60.0,0.0,30,8.322373911321078,19.163401461296893,1.4878609341367626,-0.8092710575491621,75.46493959715376,0.8479534074172943,1,15,15,129.21664333277226
ellipse,head,30.0,60.0,11.0,1,18.100114228051375,9.385661144566535,1.5397903201558982,2.6526880103932156,81.58902443069465,0.8479534074172943,1,15,15,129.21664333277226
ellipse,head,30.0,60.0,11.0,2,18.100114228051375,9.385661144566535,1.5397903201558982,2.6526880103932156,81.58902443069465,0.8479534074172943,1,15,15,129.21664333277226
ellipse,head,30.0,60.0,11.0,3,18.100114228051375,9.385661144566535,1.5397903201558982,2.6526880103932156,81.58902443069465,0.8479534074172943,1,15,15,129.21664333277226
ellipse,head,30.0,60.0,11.0,4,18.100114228051375,9.385661144566535,1.5397903201558982,2.6526880103932156,81.58902443069465,0.8479534074172943,1,15,15,129.21664333277226
ellipse,head,30.0,60.0,11.0,5,18.100114228051375,9.385661144566535,1.5397903201558982,2.6526880103932156,81.58902443069465,0.8479534074172943,1,15,15,129.21664333277226
ellipse,head,30.0,60.0,11.0,6,18.100114228051375,9.385661144566535,1.5397903201558982,2.6526880103932156,81.58902443069465,0.8479534074172943,1,15,15,129.21664333277226
ellipse,head,30.0,60.0,11.0,7,18.100114228051375,9.385661144566535,1.5397903201558982,2.6526880103932156,81.58902443069465,0.8479534074172943,1,15,15,129.21664333277226
ellipse,head,30.0,60.0,11.0,8,18.100114228051375,9.385661144566535,1.5397903201558982,2.6526880103932156,81.58902443069465,0.8479534074172943,1,15,15,129.21664333277226
ellipse,head,30.0,60.0,11.0,9,18.100114228051375,9.385661144566535,1.5397903201558982,2.6526880103932156,81.58902443069465,0.8479534074172943,1,15,15,129.21664333277226
ellipse,head,30.0,60.0,11.0,10,18.100114228051375,9.385661144566535,1.5397903201558982,2.6526880103932156,81.58902443069465,0.8479534074172943,1,15,15,129.21664333277226
ellipse,head,30.0,60.0,11.0,11,18.100114228051375,9.385661144566535,1.5397903201558982,2.6526880103932156,81.58902443069465,0.8479534074172943,1,15,15,129.21664333277226
ellipse,head,30.0,60.0,11.0,12,18.100114228051375,9.385661144566535,1.5397903201558982,2.6526880103932156,81.58902443069465,0.8479534074172943,1,15,15,129.21664333277226
ellipse,head,30.0,60.0,11.0,13,18.100114228051375,9.385661144566535,1.5397903201558982,2.6526880103932156,81.58902443069465,0.8479534074172943,1,15,15,129.21664333277226
ellipse,head,30.0,60.0,11.0,14,18.100114228051375,9.385661144566535,1.5397903201558982,2.6526880103932156,81.58902443069465,0.8479534074172943,1,15,15,129.21664333277226
ellipse,head,30.0,60.0,11.0,15,18.100114228051375,9.385661144566535,1.5397903201558982,2.6526880103932156,81.58902443069465,0.8479534074172943,1,15,15,129.21664333277226
ellipse,head,30.0,60.0,11.0,16,18.100114228051375,9.385661144566535,1.5397903201558982,2.6526880103932156,81.58902443069465,0.8479534074172943,1,15,15,129.21664333277226
ellipse,head,30.0,60.0,11.0,17,18.100114228051375,9.385661144566535,1.5397903201558982,2.6526880103932156,81.58902443069465,0.8479534074172943,1,15,15,129.21664333277226
ellipse,head,30.0,60.0,11.0,18,18.100114228051375,9.385661144566535,1.5397903201558982,2.6526880103932156,81.58902443069465,0.8479534074172943,1,15,15,129.21664333277226
ellipse,head,30.0,60.0,11.0,19,18.100114228051375,9.385661144566535,1.5397903201558982,2.6526880103932156,81.58902443069465,0.8479534074172943,1,15,15,129.21664333277226
ellipse,head,30.0,60.0,11.0,20,18.100114228051375,9.385661144566535,1.5397903201558982,2.6526880103932156,81.58902443069465,0.8479534074172943,1,15,15,129.21664333277226
ellipse,head,30.0,60.0,11.0,21,18.100114228051375,9.385661144566535,1.5397903201558982,2.6526880103932156,81.58902443069465,0.8479534074172943,1,15,15,129.21664333277226
ellipse,head,30.0,60.0,11.0,22,18.100114228051375,9.385661144566535,1.5397903201558982,2.6526880103932156,81.58902443069465,0.8479534074172943,1,15,15,129.21664333277226
ellipse,head,30.0,60.0,11.0,23,18.100114228051375,9.385661144566535,1.5397903201558982,2.6526880103932156,81.58902443069465,0.8479534074172943,1,15,15,129.21664333277226
ellipse,head,30.0,60.0,11.0,24,18.100114228051375,9.385661144566535,1.5397903201558982,2.6526880103932156,81.58902443069465,0.8479534074172943,1,15,15,129.21664333277226
ellipse,head,30.0,60.0,11.0,25,18.100114228051375,9.385661144566535,1.5397903201558982,2.6526880103932156,81.58902443069465,0.8479534074172943,1,15,15,129.21664333277226
ellipse,head,30.0,60.0,11.0,26,18.100114228051375,9.385661144566535,1.5397903201558982,2.6526880103932156,81.58902443069465,0.8479534074172943,1,15,15,129.21664333277226
ellipse,head,30.0,60.0,11.0,27,18.100114228051375,9.385661144566535,1.5397903201558982,2.6526880103932156,81.58902443069465,0.8479534074172943,1,15,15,129.21664333277226
ellipse,head,30.0,60.0,11.0,28,18.100114228051375,9.385661144566535,1.5397903201558982,2.6526880103932156,81.58902443069465,0.8479534074172943,1,15,15,129.21664333277226
ellipse,head,30.0,60.0,11.0,29,18.100114228051375,9.385661144566535,1.5397903201558982,2.6526880103932156,81.58902443069465,0.8479534074172943,1,15,15,129.21664333277226
ellipse,head,30.0,60.0,11.0,30,18.100114228051375,9.385661144566535,1.5397903201558982,2.6526880103932156,81.58902443069465,0.8479534074172943,1,15,15,129.21664333277226
ellipse,head,30.0,60.0,78.5,1,18.666703402322796,8.819071970295127,1.4393166595185831,-4.045556032094458,69.74006436302548,0.8479534074172943,1,15,15,129.21664333277226
ellipse,head,30.0,60.0,78.5,2,18.666703402322796,8.819071970295127,1.4393166595185831,-4.045556032094458,69.74006436302548,0.8479534074172943,1,15,15,129.21664333277226
ellipse,head,30.0,60.0,78.5,3,18.666703402322796,8.819071970295127,1.4393166595185831,-4.045556032094458,69.74006436302548,0.8479534074172943,1,15,15,129.21664333277226
ellipse,head,30.0,60.0,78.5,4,18.666703402322796,8.819071970295127,1.4393166595185831,-4.045556032094458,69.74006436302548,0.8479534074172943,1,15,15,129.21664333277226
ellipse,head,30.0,60.0,78.5,5,18.666703402322796,8.819071970295127,1.4393166595185831,-4.045556032094458,69.74006436302548,0.8479534074172943,1,15,15,129.21664333277226
ellipse,head,30.0,60.0,78.5,6,18.666703402322796,8.819071970295127,1.4393166595185831,-4.045556032094458,69.74006436302548,0.8479534074172943,1,15,15,129.21664333277226
ellipse,head,30.0,60.0,78.5,7,18.666703402322796,8.819071970295127,1.4393166595185831,-4.045556032094458,69.74006436302548,0.8479534074172943,1,15,15,129.21664333277226
ellipse,head,30.0,60.0,78.5,8,18.666703402322796,8.819071970295127,1.4393166595185831,-4.045556032094458,69.74006436302548,0.8479534074172943,1,15,15,129.21664333277226
ellipse,head,30.0,60.0,78.5,9,18.666703402322796,8.819071970295127,1.4393166595185831,-4.045556032094458,69.74006436302548,0.8479534074172943,1,15,15,129.21664333277226
ellipse,head,30.0,60.0,78.5,10,18.666703402322796,8.819071970295127,1.4393166595185831,-4.045556032094458,69.74006436302548,0.8479534074172943,1,15,15,129.21664333277226
ellipse,head,30.0,60.0,78.5,11,18.666703402322796,8.819071970295127,1.4393166595185831,-4.045556032094458,69.74006436302548,0.8479534074172943,1,15,15,129.21664333277226
ellipse,head,30.0,60.0,78.5,12,18.666703402322796,8.819071970295127,1.4393166595185831,-4.045556032094458,69.74006436302548,0.8479534074172943,1,15,15,129.21664333277226
ellipse,head,30.0,60.0,78.5,13,18.666703402322796,8.819071970295127,1.4393166595185831,-4.045556032094458,69.74006436302548,0.8479534074172943,1,15,15,129.21664333277226
ellipse,head,30.0,60.0,78.5,14,18.666703402322796,8.819071970295127,1.4393166595185831,-4.045556032094458,69.74006436302548,0.8479534074172943,1,15,15,129.21664333277226
ellipse,head,30.0,60.0,78.5,15,18.666703402322796,8.819071970295127,1.4393166595185831,-4.045556032094458,69.74006436302548,0.8479534074172943,1,15,15,129.21664333277226
ellipse,head,30.0,60.0,78.5,16,18.666703402322796,8.819071970295127,1.4393166595185831,-4.045556032094458,69.74006436302548,0.8479534074172943,1,15,15,129.21664333277226
ellipse,head,30.0,60.0,78.5,17,18.666703402322796,8.819071970295127,1.4393166595185831,-4.045556032094458,69.74006436302548,0.8479534074172943,1,15,15,129.21664333277226
ellipse,head,30.0,60.0,78.5,18,18.666703402322796,8.819071970295127,1.4393166595185831,-4.045556032094458,69.74006436302548,0.8479534074172943,1,15,15,129.21664333277226
ellipse,head,30.0,60.0,78.5,19,18.666703402322796,8.819071970295127,1.4393166595185831,-4.045556032094458,69.74006436302548,0.8479534074172943,1,15,15,129.21664333277226
ellipse,head,30.0,60.0,78.5,20,18.666703402322796,8.819071970295127,1.4393166595185831,-4.045556032094458,69.74006436302548,0.8479534074172943,1,15,15,129.21664333277226
ellipse,head,30.0,60.0,78.5,21,18.666703402322796,8.819071970295127,1.4393166595185831,-4.045556032094458,69.74006436302548,0.8479534074172943,1,15,15,129.21664333277226
ellipse,head,30.0,60.0,78.5,22,18.666703402322796,8.819071970295127,1.4393166595185831,-4.045556032094458,69.74006436302548,0.8479534074172943,1,15,15,129.21664333277226
ellipse,head,30.0,60.0,78.5,23,18.666703402322796,8.819071970295127,1.4393166595185831,-4.045556032094458,69.74006436302548,0.8479534074172943,1,15,15,129.21664333277226
ellipse,head,30.0,60.0,78.5,24,18.666703402322796,8.819071970295127,1.4393166595185831,-4.045556032094458,69.74006436302548,0.8479534074172943,1,15,15,129.21664333277226
ellipse,head,30.0,60.0,78.5,25,18.666703402322796,8.819071970295127,1.4393166595185831,-4.045556032094458,69.74006436302548,0.8479534074172943,1,15,15,129.21664333277226
ellipse,head,30.0,60.0,78.5,26,18.666703402322796,8.819071970295127,1.4393166595185831,-4.045556032094458,69.74006436302548,0.8479534074172943,1,15,15,129.21664333277226
ellipse,head,30.0,60.0,78.5,27,18.666703402322796,8.819071970295127,1.4393166595185831,-4.045556032094458,69.74006436302548,0.8479534074172943,1,15,15,129.21664333277226
ellipse,head,30.0,60.0,78.5,28,18.666703402322796,8.819071970295127,1.4393166595185831,-4.045556032094458,69.74006436302548,0.8479534074172943,1,15,15,129.21664333277226
ellipse,head,30.0,60.0,78.5,29,18.666703402322796,8.819071970295127,1.4393166595185831,-4.045556032094458,69.74006436302548,0.8479534074172943,1,15,15,129.21664333277226
ellipse,head,30.0,60.0,78.5,30,18.666703402322796,8.819071970295127,1.4393166595185831,-4.045556032094458,69.74006436302548,0.8479534074172943,1,15,15,129.21664333277226
ellipse,head,30.0,120.0,0.0,1,2.987515279041368,16.68485572385762,1.4599551391877155,-2.6696573874856355,36.71997749745842,1.067843314423348,1,15,15,152.80016706398243
ellipse,head,30.0,120.0,0.0,2,2.987515279041368,16.68485572385762,1.4599551391877155,-2.6696573874856355,36.71997749745842,1.067843314423348,1,15,15,152.80016706398243
ellipse,head,30.0,120.0,0.0,3,2.987515279041368,16.68485572385762,1.4599551391877155,-2.6696573874856355,36.71997749745842,1.067843314423348,1,15,15,152.80016706398243
ellipse,head,30.0,120.0,0.0,4,2.987515279041368,16.68485572385762,1.4599551391877155,-2.6696573874856355,36.71997749745842,1.067843314423348,1,15,15,152.80016706398243
ellipse,head,30.0,120.0,0.0,5,2.987515279041368,16.68485572385762,1.4599551391877155,-2.6696573874856355,36.71997749745842,1.067843314423348,1,15,15,152.80016706398243
ellipse,head,30.0,120.0,0.0,6,2.987515279041368,16.68485572385762,1.4599551391877155,-2.6696573874856355,36.71997749745842,1.067843314423348,1,15,15,152.80016706398243
ellipse,head,30.0,120.0,0.0,7,2.987515279041368,16.68485572385762,1.4599551391877155,-2.6696573874856355,36.71997749745842,1.067843314423348,1,15,15,152.80016706398243
ellipse,head,30.0,120.0,0.0,8,2.987515279041368,16.68485572385762,1.4599551391877155,-2.6696573874856355,36.71997749745842,1.067843314423348,1,15,15,152.80016706398243
ellipse,head,30.0,120.0,0.0,9,2.987515279041368,16.68485572385762,1.4599551391877155,-2.6696573874856355,36.71997749745842,1.067843314423348,1,15,15,152.80016706398243
ellipse,head,30.0,120.0,0.0,10,2.987515279041368,16.68485572385762,1.4599551391877155,-2.6696573874856355,36.71997749745842,1.067843314423348,1,15,15,152.80016706398243
ellipse,head,30.0,120.0,0.0,11,2.987515279041368,16.68485572385762,1.4599551391877155,-2.6696573874856355,36.71997749745842,1.067843314423348,1,15,15,152.80016706398243
ellipse,head,30.0,120.0,0.0,12,2.987515279041368,16.68485572385762,1.4599551391877155,-2.6696573874856355,36.71997749745842,1.067843314423348,1,15,15,152.80016706398243
ellipse,head,30.0,120.0,0.0,13,2.987515279041368,16.68485572385762,1.4599551391877155,-2.6696573874856355,36.71997749745842,1.067843314423348,1,15,15,152.80016706398243
ellipse,head,30.0,120.0,0.0,14,2.987515279041368,16.68485572385762,1.4599551391877155,-2.6696573874856355,36.71997749745842,1.067843314423348,1,15,15,152.80016706398243
ellipse,head,30.0,120.0,0.0,15,2.987515279041368,16.68485572385762,1.4599551391877155,-2.6696573874856355,36.71997749745842,1.067843314423348,1,15,15,152.80016706398243
ellipse,head,30.0,120.0,0.0,16,2.987515279041368,16.68485572385762,1.4599551391877155,-2.6696573874856355,36.71997749745842,1.067843314423348,1,15,15,152.80016706398243
ellipse,head,30.0,120.0,0.0,17,2.987515279041368,16.68485572385762,1.4599551391877155,-2.6696573874856355,36.71997749745842,1.067843314423348,1,15,15,152.80016706398243
ellipse,head,30.0,120.0,0.0,18,2.987515279041368,16.68485572385762,1.4599551391877155,-2.6696573874856355,36.71997749745842,1.067843314423348,1,15,15,152.80016706398243
ellipse,head,30.0,120.0,0.0,19,2.987515279041368,16.68485572385762,1.4599551391877155,-2.6696573874856355,36.71997749745842,1.067843314423348,1,15,15,152.80016706398243
ellipse,head,30.0,120.0,0.0,20,2.987515279041368,16.68485572385762,1.4599551391877155,-2.6696573874856355,36.71997749745842,1.067843314423348,1,15,15,152.80016706398243
ellipse,head,30.0,120.0,0.0,21,2.987515279041368,16.68485572385762,1.4599551391877155,-2.6696573874856355,36.71997749745842,1.067843314423348,1,15,15,152.80016706398243
ellipse,head,30.0,120.0,0.0,22,2.987515279041368,16.68485572385762,1.4599551391877155,-2.6696573874856355,36.71997749745842,1.067843314423348,1,15,15,152.80016706398243
ellipse,head,30.0,120.0,0.0,23,2.987515279041368,16.68485572385762,1.4599551391877155,-2.6696573874856355,36.71997749745842,1.067843314423348,1,15,15,152.80016706398243
ellipse,head,30.0,120.0,0.0,24,2.987515279041368,16.68485572385762,1.4599551391877155,-2.6696573874856355,36.71997749745842,1.067843314423348,1,15,15,152.80016706398243
ellipse,head,30.0,120.0,0.0,25,2.987515279041368,16.68485572385762,1.4599551391877155,-2.6696573874856355,36.71997749745842,1.067843314423348,1,15,15,152.80016706398243
ellipse,head,30.0,120.0,0.0,26,2.987515279041368,16.68485572385762,1.4599551391877155,-2.6696573874856355,36.71997749745842,1.067843314423348,1,15,15,152.80016706398243
ellipse,head,30.0,120.0,0.0,27,2.987515279041368,16.68485572385762,1.4599551391877155,-2.6696573874856355,36.71997749745842,1.067843314423348,1,15,15,152.80016706398243
ellipse,head,30.0,120.0,0.0,28,2.987515279041368,16.68485572385762,1.4599551391877155,-2.6696573874856355,36.71997749745842,1.067843314423348,1,15,15,152.80016706398243
ellipse,head,30.0,120.0,0.0,29,2.987515279041368,16.68485572385762,1.4599551391877155,-2.6696573874856355,36.71997749745842,1.067843314423348,1,15,15,152.80016706398243
ellipse,head,30.0,120.0,0.0,30,2.987515279041368,16.68485572385762,1.4599551391877155,-2.6696573874856355,36.71997749745842,1.067843314423348,1,15,15,152.80016706398243
ellipse,head,30.0,120.0,11.0,1,3.594329971688497,16.078041031210635,1.4922372414379197,-0.5175172374720205,39.74308976628759,1.067843314423348,1,15,15,152.80016706398243
ellipse,head,30.0,120.0,11.0,2,3.594329971688497,16.078041031210635,1.4922372414379197,-0.5175172374720205,39.74308976628759,1.067843314423348,1,15,15,152.80016706398243
ellipse,head,30.0,120.0,11.0,3,3.594329971688497,16.078041031210635,1.4922372414379197,-0.5175172374720205,39.74308976628759,1.067843314423348,1,15,15,152.80016706398243
ellipse,head,30.0,120.0,11.0,4,3.594329971688497,16.078041031210635,1.4922372414379197,-0.5175172374720205,39.74308976628759,1.067843314423348,1,15,15,152.80016706398243
ellipse,head,30.0,120.0,11.0,5,3.594329971688497,16.078041031210635,1.4922372414379197,-0.5175172374720205,39.74308976628759,1.067843314423348,1,15,15,152.80016706398243
ellipse,head,30.0,120.0,11.0,6,3.594329971688497,16.078041031210635,1.4922372414379197,-0.5175172374720205,39.74308976628759,1.067843314423348,1,15,15,152.80016706398243
ellipse,head,30.0,120.0,11.0,7,3.594329971688497,16.078041031210635,1.4922372414379197,-0.5175172374720205,39.74308976628759,1.067843314423348,1,15,15,152.80016706398243
ellipse,head,30.0,120.0,11.0,8,3.594329971688497,16.078041031210635,1.4922372414379197,-0.5175172374720205,39.74308976628759,1.067843314423348,1,15,15,152.80016706398243
ellipse,head,30.0,120.0,11.0,9,3.594329971688497,16.078041031210635,1.4922372414379197,-0.5175172374720205,39.74308976628759,1.067843314423348,1,15,15,152.80016706398243
ellipse,head,30.0,120.0,11.0,10,3.594329971688497,16.078041031210635,1.4922372414379197,-0.5175172374720205,39.74308976628759,1.067843314423348,1,15,15,152.80016706398243
ellipse,head,30.0,120.0,11.0,11,3.594329971688497,16.078041031210635,1.4922372414379197,-0.5175172374720205,39.74308976628759,1.067843314423348,1,15,15,152.80016706398243
ellipse,head,30.0,120.0,11.0,12,3.594329971688497,16.078041031210635,1.4922372414379197,-0.5175172374720205,39.74308976628759,1.067843314423348,1,15,15,152.80016706398243
ellipse,head,30.0,120.0,11.0,13,3.594329971688497,16.078041031210635,1.4922372414379197,-0.5175172374720205,39.74308976628759,1.067843314423348,1,15,15,152.80016706398243
ellipse,head,30.0,120.0,11.0,14,3.594329971688497,16.078041031210635,1.4922372414379197,-0.5175172374720205,39.74308976628759,1.067843314423348,1,15,15,152.80016706398243
ellipse,head,30.0,120.0,11.0,15,3.594329971688497,16.078041031210635,1.4922372414379197,-0.5175172374720205,39.74308976628759,1.067843314423348,1,15,15,152.80016706398243
ellipse,head,30.0,120.0,11.0,16,3.594329971688497,16.078041031210635,1.4922372414379197,-0.5175172374720205,39.74308976628759,1.067843314423348,1,15,15,152.80016706398243
ellipse,head,30.0,120.0,11.0,17,3.594329971688497,16.078041031210635,1.4922372414379197,-0.5175172374720205,39.74308976628759,1.067843314423348,1,15,15,152.80016706398243
ellipse,head,30.0,120.0,11.0,18,3.594329971688497,16.078041031210635,1.4922372414379197,-0.5175172374720205,39.74308976628759,1.067843314423348,1,15,15,152.80016706398243
ellipse,head,30.0,120.0,11.0,19,3.594329971688497,16.078041031210635,1.4922372414379197,-0.5175172374720205,39.74308976628759,1.067843314423348,1,15,15,152.80016706398243
ellipse,head,30.0,120.0,11.0,20,3.594329971688497,16.078041031210635,1.4922372414379197,-0.5175172374720205,39.74308976628759,1.067843314423348,1,15,15,152.80016706398243
ellipse,head,30.0,120.0,11.0,21,3.594329971688497,16.078041031210635,1.4922372414379197,-0.5175172374720205,39.74308976628759,1.067843314423348,1,15,15,152.80016706398243
ellipse,head,30.0,120.0,11.0,22,3.594329971688497,16.078041031210635,1.4922372414379197,-0.5175172374720205,39.74308976628759,1.067843314423348,1,15,15,152.80016706398243
ellipse,head,30.0,120.0,11.0,23,3.594329971688497,16.078041031210635,1.4922372414379197,-0.5175172374720205,39.74308976628759,1.067843314423348,1,15,15,152.80016706398243
ellipse,head,30.0,120.0,11.0,24,3.594329971688497,16.078041031210635,1.4922372414379197,-0.5175172374720205,39.74308976628759,1.067843314423348,1,15,15,152.80016706398243
ellipse,head,30.0,120.0,11.0,25,3.594329971688497,16.078041031210635,1.4922372414379197,-0.5175172374720205,39.74308976628759,1.067843314423348,1,15,15,152.80016706398243
ellipse,head,30.0,120.0,11.0,26,3.594329971688497,16.078041031210635,1.4922372414379197,-0.5175172374720205,39.74308976628759,1.067843314423348,1,15,15,152.80016706398243
ellipse,head,30.0,120.0,11.0,27,3.594329971688497,16.078041031210635,1.4922372414379197,-0.5175172374720205,39.74308976628759,1.067843314423348,1,15,15,152.80016706398243
ellipse,head,30.0,120.0,11.0,28,3.594329971688497,16.078041031210635,1.4922372414379197,-0.5175172374720205,39.74308976628759,1.067843314423348,1,15,15,152.80016706398243
ellipse,head,30.0,120.0,11.0,29,3.594329971688497,16.078041031210635,1.4922372414379197,-0.5175172374720205,39.74308976628759,1.067843314423348,1,15,15,152.80016706398243
ellipse,head,30.0,120.0,11.0,30,3.594329971688497,16.078041031210635,1.4922372414379197,-0.5175172374720205,39.74308976628759,1.067843314423348,1,15,15,152.80016706398243
ellipse,head,30.0,120.0,78.5,1,3.8997096252307677,15.772661377668369,1.5059015320538722,0.39343547025814846,41.022705458158214,1.067843314423348,1,15,15,152.80016706398243
ellipse,head,30.0,120.0,78.5,2,3.8997096252307677,15.772661377668369,1.5059015320538722,0.39343547025814846,41.022705458158214,1.067843314423348,1,15,15,152.80016706398243
ellipse,head,30.0,120.0,78.5,3,3.8997096252307677,15.772661377668369,1.5059015320538722,0.39343547025814846,41.022705458158214,1.067843314423348,1,15,15,152.80016706398243
ellipse,head,30.0,120.0,78.5,4,3.8997096252307677,15.772661377668369,1.5059015320538722,0.39343547025814846,41.022705458158214,1.067843314423348,1,15,15,152.80016706398243
ellipse,head,30.0,120.0,78.5,5,3.8997096252307677,15.772661377668369,1.5059015320538722,0.39343547025814846,41.022705458158214,1.067843314423348,1,15,15,152.80016706398243
ellipse,head,30.0,120.0,78.5,6,3.8997096252307677,15.772661377668369,1.5059015320538722,0.39343547025814846,41.022705458158214,1.067843314423348,1,15,15,152.80016706398243
ellipse,head,30.0,120.0,78.5,7,3.8997096252307677,15.772661377668369,1.5059015320538722,0.39343547025814846,41.022705458158214,1.067843314423348,1,15,15,152.80016706398243
ellipse,head,30.0,120.0,78.5,8,3.8997096252307677,15.772661377668369,1.5059015320538722,0.39343547025814846,41.022705458158214,1.067843314423348,1,15,15,152.80016706398243
ellipse,head,30.0,120.0,78.5,9,3.8997096252307677,15.772661377668369,1.5059015320538722,0.39343547025814846,41.022705458158214,1.067843314423348,1,15,15,152.80016706398243
ellipse,head,30.0,120.0,78.5,10,3.8997096252307677,15.772661377668369,1.5059015320538722,0.39343547025814846,41.022705458158214,1.067843314423348,1,15,15,152.80016706398243
ellipse,head,30.0,120.0,78.5,11,3.8997096252307677,15.772661377668369,1.5059015320538722,0.39343547025814846,41.022705458158214,1.067843314423348,1,15,15,152.80016706398243
ellipse,head,30.0,120.0,78.5,12,3.8997096252307677,15.772661377668369,1.5059015320538722,0.39343547025814846,41.022705458158214,1.067843314423348,1,15,15,152.80016706398243
ellipse,head,30.0,120.0,78.5,13,3.8997096252307677,15.772661377668369,1.5059015320538722,0.39343547025814846,41.022705458158214,1.067843314423348,1,15,15,152.80016706398243
ellipse,head,30.0,120.0,78.5,14,3.8997096252307677,15.772661377668369,1.5059015320538722,0.39343547025814846,41.022705458158214,1.067843314423348,1,15,15,152.80016706398243
ellipse,head,30.0,120.0,78.5,15,3.8997096252307677,15.772661377668369,1.5059015320538722,0.39343547025814846,41.022705458158214,1.067843314423348,1,15,15,152.80016706398243
ellipse,head,30.0,120.0,78.5,16,3.8997096252307677,15.772661377668369,1.5059015320538722,0.39343547025814846,41.022705458158214,1.067843314423348,1,15,15,152.80016706398243
ellipse,head,30.0,120.0,78.5,17,3.8997096252307677,15.772661377668369,1.5059015320538722,0.39343547025814846,41.022705458158214,1.067843314423348,1,15,15,152.80016706398243
ellipse,head,30.0,120.0,78.5,18,3.8997096252307677,15.772661377668369,1.5059015320538722,0.39343547025814846,41.022705458158214,1.067843314423348,1,15,15,152.80016706398243
ellipse,head,30.0,120.0,78.5,19,3.8997096252307677,15.772661377668369,1.5059015320538722,0.39343547025814846,41.022705458158214,1.067843314423348,1,15,15,152.80016706398243
ellipse,head,30.0,120.0,78.5,20,3.8997096252307677,15.772661377668369,1.5059015320538722,0.39343547025814846,41.022705458158214,1.067843314423348,1,15,15,152.80016706398243
ellipse,head,30.0,120.0,78.5,21,3.8997096252307677,15.772661377668369,1.5059015320538722,0.39343547025814846,41.022705458158214,1.067843314423348,1,15,15,152.80016706398243
ellipse,head,30.0,120.0,78.5,22,3.8997096252307677,15.772661377668369,1.5059015320538722,0.39343547025814846,41.022705458158214,1.067843314423348,1,15,15,152.80016706398243
ellipse,head,30.0,120.0,78.5,23,3.8997096252307677,15.772661377668369,1.5059015320538722,0.39343547025814846,41.022705458158214,1.067843314423348,1,15,15,152.80016706398243
ellipse,head,30.0,120.0,78.5,24,3.8997096252307677,15.772661377668369,1.5059015320538722,0.39343547025814846,41.022705458158214,1.067843314423348,1,15,15,152.80016706398243
ellipse,head,30.0,120.0,78.5,25,3.8997096252307677,15.772661377668369,1.5059015320538722,0.39343547025814846,41.022705458158214,1.067843314423348,1,15,15,152.80016706398243
ellipse,head,30.0,120.0,78.5,26,3.8997096252307677,15.772661377668369,1.5059015320538722,0.39343547025814846,41.022705458158214,1.067843314423348,1,15,15,152.80016706398243
ellipse,head,30.0,120.0,78.5,27,3.8997096252307677,15.772661377668369,1.5059015320538722,0.39343547025814846,41.022705458158214,1.067843314423348,1,15,15,152.80016706398243
ellipse,head,30.0,120.0,78.5,28,3.8997096252307677,15.772661377668369,1.5059015320538722,0.39343547025814846,41.022705458158214,1.067843314423348,1,15,15,152.80016706398243
ellipse,head,30.0,120.0,78.5,29,3.8997096252307677,15.772661377668369,1.5059015320538722,0.39343547025814846,41.022705458158214,1.067843314423348,1,15,15,152.80016706398243
ellipse,head,30.0,120.0,78.5,30,3.8997096252307677,15.772661377668369,1.5059015320538722,0.39343547025814846,41.022705458158214,1.067843314423348,1,15,15,152.80016706398243
ellipse,head,50.0,30.0,0.0,1,54.425527718946924,129.98082503467714,1.947058803991452,29.8039202660968,668.8530456528605,0.2532419966338476,1,15,15,500.00373586945847
ellipse,head,50.0,30.0,0.0,2,54.425527718946924,129.98082503467714,1.947058803991452,29.8039202660968,668.8530456528605,0.2532419966338476,1,15,15,500.00373586945847
ellipse,head,50.0,30.0,0.0,3,54.425527718946924,129.98082503467714,1.947058803991452,29.8039202660968,668.8530456528605,0.2532419966338476,1,15,15,500.00373586945847
ellipse,head,50.0,30.0,0.0,4,54.425527718946924,129.98082503467714,1.947058803991452,29.8039202660968,668.8530456528605,0.2532419966338476,1,15,15,500.00373586945847
ellipse,head,50.0,30.0,0.0,5,54.425527718946924,129.98082503467714,1.947058803991452,29.8039202660968,668.8530456528605,0.2532419966338476,1,15,15,500.00373586945847
ellipse,head,50.0,30.0,0.0,6,54.425527718946924,129.98082503467714,1.947058803991452,29.8039202660968,668.8530456528605,0.2532419966338476,1,15,15,500.00373586945847
ellipse,head,50.0,30.0,0.0,7,54.425527718946924,129.98082503467714,1.947058803991452,29.8039202660968,668.8530456528605,0.2532419966338476,1,15,15,500.00373586945847
ellipse,head,50.0,30.0,0.0,8,54.425527718946924,129.98082503467714,1.947058803991452,29.8039202660968,668.8530456528605,0.2532419966338476,1,15,15,500.00373586945847
ellipse,head,50.0,30.0,0.0,9,54.425527718946924,129.98082503467714,1.947058803991452,29.8039202660968,668.8530456528605,0.2532419966338476,1,15,15,500.00373586945847
ellipse,head,50.0,30.0,0.0,10,54.425527718946924,129.98082503467714,1.947058803991452,29.8039202660968,668.8530456528605,0.2532419966338476,1,15,15,500.00373586945847
ellipse,head,50.0,30.0,0.0,11,54.425527718946924,129.98082503467714,1.947058803991452,29.8039202660968,668.8530456528605,0.2532419966338476,1,15,15,500.00373586945847
ellipse,head,50.0,30.0,0.0,12,54.425527718946924,129.98082503467714,1.947058803991452,29.8039202660968,668.8530456528605,0.2532419966338476,1,15,15,500.00373586945847
ellipse,head,50.0,30.0,0.0,13,54.425527718946924,129.98082503467714,1.947058803991452,29.8039202660968,668.8530456528605,0.2532419966338476,1,15,15,500.00373586945847
ellipse,head,50.0,30.0,0.0,14,54.425527718946924,129.98082503467714,1.947058803991452,29.8039202660968,668.8530456528605,0.2532419966338476,1,15,15,500.00373586945847
ellipse,head,50.0,30.0,0.0,15,54.425527718946924,129.98082503467714,1.947058803991452,29.8039202660968,668.8530456528605,0.2532419966338476,1,15,15,500.00373586945847
ellipse,head,50.0,30.0,0.0,16,54.425527718946924,129.98082503467714,1.947058803991452,29.8039202660968,668.8530456528605,0.2532419966338476,1,15,15,500.00373586945847
ellipse,head,50.0,30.0,0.0,17,54.425527718946924,129.98082503467714,1.947058803991452,29.8039202660968,668.8530456528605,0.2532419966338476,1,15,15,500.00373586945847
ellipse,head,50.0,30.0,0.0,18,54.425527718946924,129.98082503467714,1.947058803991452,29.8039202660968,668.8530456528605,0.2532419966338476,1,15,15,500.00373586945847
ellipse,head,50.0,30.0,0.0,19,54.425527718946924,129.98082503467714,1.947058803991452,29.8039202660968,668.8530456528605,0.2532419966338476,1,15,15,500.00373586945847
ellipse,head,50.0,30.0,0.0,20,54.425527718946924,129.98082503467714,1.947058803991452,29.8039202660968,668.8530456528605,0.2532419966338476,1,15,15,500.00373586945847
ellipse,head,50.0,30.0,0.0,21,54.425527718946924,129.98082503467714,1.947058803991452,29.8039202660968,668.8530456528605,0.2532419966338476,1,15,15,500.00373586945847
ellipse,head,50.0,30.0,0.0,22,54.425527718946924,129.98082503467714,1.947058803991452,29.8039202660968,668.8530456528605,0.2532419966338476,1,15,15,500.00373586945847
ellipse,head,50.0,30.0,0.0,23,54.425527718946924,129.98082503467714,1.947058803991452,29.8039202660968,668.8530456528605,0.2532419966338476,1,15,15,500.00373586945847
ellipse,head,50.0,30.0,0.0,24,54.425527718946924,129.98082503467714,1.947058803991452,29.8039202660968,668.8530456528605,0.2532419966338476,1,15,15,500.00373586945847
ellipse,head,50.0,30.0,0.0,25,54.425527718946924,129.98082503467714,1.947058803991452,29.8039202660968,668.8530456528605,0.2532419966338476,1,15,15,500.00373586945847
ellipse,head,50.0,30.0,0.0,26,54.425527718946924,129.98082503467714,1.947058803991452,29.8039202660968,668.8530456528605,0.2532419966338476,1,15,15,500.00373586945847
ellipse,head,50.0,30.0,0.0,27,54.425527718946924,129.98082503467714,1.947058803991452,29.8039202660968,668.8530456528605,0.2532419966338476,1,15,15,500.00373586945847
ellipse,head,50.0,30.0,0.0,28,54.425527718946924,129.98082503467714,1.947058803991452,29.8039202660968,668.8530456528605,0.2532419966338476,1,15,15,500.00373586945847
ellipse,head,50.0,30.0,0.0,29,54.425527718946924,129.98082503467714,1.947058803991452,29.8039202660968,668.8530456528605,0.2532419966338476,1,15,15,500.00373586945847
ellipse,head,50.0,30.0,0.0,30,54.425527718946924,129.98082503467714,1.947058803991452,29.8039202660968,668.8530456528605,0.2532419966338476,1,15,15,500.00373586945847
ellipse,head,50.0,30.0,11.0,1,15.673717199030131,59.88158011670008,2.145867897751433,43.05785985009554,747.3586238755088,0.2532419966338476,1,15,15,500.00373586945847
ellipse,head,50.0,30.0,11.0,2,15.673717199030131,59.88158011670008,2.145867897751433,43.05785985009554,747.3586238755088,0.2532419966338476,1,15,15,500.00373586945847
ellipse,head,50.0,30.0,11.0,3,15.673717199030131,59.88158011670008,2.145867897751433,43.05785985009554,747.3586238755088,0.2532419966338476,1,15,15,500.00373586945847
ellipse,head,50.0,30.0,11.0,4,15.673717199030131,59.88158011670008,2.145867897751433,43.05785985009554,747.3586238755088,0.2532419966338476,1,15,15,500.00373586945847
ellipse,head,50.0,30.0,11.0,5,15.673717199030131,59.88158011670008,2.145867897751433,43.05785985009554,747.3586238755088,0.2532419966338476,1,15,15,500.00373586945847
ellipse,head,50.0,30.0,11.0,6,15.673717199030131,59.88158011670008,2.145867897751433,43.05785985009554,747.3586238755088,0.2532419966338476,1,15,15,500.00373586945847
ellipse,head,50.0,30.0,11.0,7,15.673717199030131,59.88158011670008,2.145867897751433,43.05785985009554,747.3586238755088,0.2532419966338476,1,15,15,500.00373586945847
ellipse,head,50.0,30.0,11.0,8,15.673717199030131,59.88158011670008,2.145867897751433,43.05785985009554,747.3586238755088,0.2532419966338476,1,15,15,500.00373586945847
ellipse,head,50.0,30.0,11.0,9,15.673717199030131,59.88158011670008,2.145867897751433,43.05785985009554,747.3586238755088,0.2532419966338476,1,15,15,500.00373586945847
ellipse,head,50.0,30.0,11.0,10,15.673717199030131,59.88158011670008,2.145867897751433,43.05785985009554,747.3586238755088,0.2532419966338476,1,15,15,500.00373586945847
ellipse,head,50.0,30.0,11.0,11,15.673717199030131,59.88158011670008,2.145867897751433,43.05785985009554,747.3586238755088,0.2532419966338476,1,15,15,500.00373586945847
ellipse,head,50.0,30.0,11.0,12,15.673717199030131,59.88158011670008,2.145867897751433,43.05785985009554,747.3586238755088,0.2532419966338476,1,15,15,500.00373586945847
ellipse,head,50.0,30.0,11.0,13,15.673717199030131,59.88158011670008,2.145867897751433,43.05785985009554,747.3586238755088,0.2532419966338476,1,15,15,500.00373586945847
ellipse,head,50.0,30.0,11.0,14,15.673717199030131,59.88158011670008,2.145867897751433,43.05785985009554,747.3586238755088,0.2532419966338476,1,15,15,500.00373586945847
ellipse,head,50.0,30.0,11.0,15,15.673717199030131,59.88158011670008,2.145867897751433,43.05785985009554,747.3586238755088,0.2532419966338476,1,15,15,500.00373586945847
ellipse,head,50.0,30.0,11.0,16,15.673717199030131,59.88158011670008,2.145867897751433,43.05785985009554,747.3586238755088,0.2532419966338476,1,15,15,500.00373586945847
ellipse,head,50.0,30.0,11.0,17,15.673717199030131,59.88158011670008,2.145867897751433,43.05785985009554,747.3586238755088,0.2532419966338476,1,15,15,500.00373586945847
ellipse,head,50.0,30.0,11.0,18,15.673717199030131,59.88158011670008,2.145867897751433,43.05785985009554,747.3586238755088,0.2532419966338476,1,15,15,500.00373586945847
ellipse,head,50.0,30.0,11.0,19,15.673717199030131,59.88158011670008,2.145867897751433,43.05785985009554,747.3586238755088,0.2532419966338476,1,15,15,500.00373586945847
ellipse,head,50.0,30.0,11.0,20,15.673717199030131,59.88158011670008,2.145867897751433,43.05785985009554,747.3586238755088,0.2532419966338476,1,15,15,500.00373586945847
ellipse,head,50.0,30.0,11.0,21,15.673717199030131,59.88158011670008,2.145867897751433,43.05785985009554,747.3586238755088,0.2532419966338476,1,15,15,500.00373586945847
ellipse,head,50.0,30.0,11.0,22,15.673717199030131,59.88158011670008,2.145867897751433,43.05785985009554,747.3586238755088,0.2532419966338476,1,15,15,500.00373586945847
ellipse,head,50.0,30.0,11.0,23,15.673717199030131,59.88158011670008,2.145867897751433,43.05785985009554,747.3586238755088,0.2532419966338476,1,15,15,500.00373586945847
ellipse,head,50.0,30.0,11.0,24,15.673717199030131,59.88158011670008,2.145867897751433,43.05785985009554,747.3586238755088,0.2532419966338476,1,15,15,500.00373586945847
ellipse,head,50.0,30.0,11.0,25,15.673717199030131,59.88158011670008,2.145867897751433,43.05785985009554,747.3586238755088,0.2532419966338476,1,15,15,500.00373586945847
ellipse,head,50.0,30.0,11.0,26,15.673717199030131,59.88158011670008,2.145867897751433,43.05785985009554,747.3586238755088,0.2532419966338476,1,15,15,500.00373586945847
ellipse,head,50.0,30.0,11.0,27,15.673717199030131,59.88158011670008,2.145867897751433,43.05785985009554,747.3586238755088,0.2532419966338476,1,15,15,500.00373586945847
ellipse,head,50.0,30.0,11.0,28,15.673717199030131,59.88158011670008,2.145867897751433,43.05785985009554,747.3586238755088,0.2532419966338476,1,15,15,500.00373586945847
ellipse,head,50.0,30.0,11.0,29,15.673717199030131,59.88158011670008,2.145867897751433,43.05785985009554,747.3586238755088,0.2532419966338476,1,15,15,500.00373586945847
ellipse,head,50.0,30.0,11.0,30,15.673717199030131,59.88158011670008,2.145867897751433,43.05785985009554,747.3586238755088,0.2532419966338476,1,15,15,500.00373586945847
ellipse,head,50.0,30.0,78.5,1,18.734720839631564,56.82057647609861,1.785002930754089,19.000195383605924,604.8605501776045,0.2532419966338476,1,15,15,500.00373586945847
ellipse,head,50.0,30.0,78.5,2,18.734720839631564,56.82057647609861,1.785002930754089,19.000195383605924,604.8605501776045,0.2532419966338476,1,15,15,500.00373586945847
ellipse,head,50.0,30.0,78.5,3,18.734720839631564,56.82057647609861,1.785002930754089,19.000195383605924,604.8605501776045,0.2532419966338476,1,15,15,500.00373586945847
ellipse,head,50.0,30.0,78.5,4,18.734720839631564,56.82057647609861,1.785002930754089,19.000195383605924,604.8605501776045,0.2532419966338476,1,15,15,500.00373586945847
ellipse,head,50.0,30.0,78.5,5,18.734720839631564,56.82057647609861,1.785002930754089,19.000195383605924,604.8605501776045,0.2532419966338476,1,15,15,500.00373586945847
ellipse,head,50.0,30.0,78.5,6,18.734720839631564,56.82057647609861,1.785002930754089,19.000195383605924,604.8605501776045,0.2532419966338476,1,15,15,500.00373586945847
ellipse,head,50.0,30.0,78.5,7,18.734720839631564,56.82057647609861,1.785002930754089,19.000195383605924,604.8605501776045,0.2532419966338476,1,15,15,500.00373586945847
ellipse,head,50.0,30.0,78.5,8,18.734720839631564,56.82057647609861,1.785002930754089,19.000195383605924,604.8605501776045,0.2532419966338476,1,15,15,500.00373586945847
ellipse,head,50.0,30.0,78.5,9,18.734720839631564,56.82057647609861,1.785002930754089,19.000195383605924,604.8605501776045,0.2532419966338476,1,15,15,500.00373586945847
ellipse,head,50.0,30.0,78.5,10,18.734720839631564,56.82057647609861,1.785002930754089,19.000195383605924,604.8605501776045,0.2532419966338476,1,15,15,500.00373586945847
ellipse,head,50.0,30.0,78.5,11,18.734720839631564,56.82057647609861,1.785002930754089,19.000195383605924,604.8605501776045,0.2532419966338476,1,15,15,500.00373586945847
ellipse,head,50.0,30.0,78.5,12,18.734720839631564,56.82057647609861,1.785002930754089,19.000195383605924,604.8605501776045,0.2532419966338476,1,15,15,500.00373586945847
ellipse,head,50.0,30.0,78.5,13,18.734720839631564,56.82057647609861,1.785002930754089,19.000195383605924,604.8605501776045,0.2532419966338476,1,15,15,500.00373586945847
ellipse,head,50.0,30.0,78.5,14,18.734720839631564,56.82057647609861,1.785002930754089,19.000195383605924,604.8605501776045,0.2532419966338476,1,15,15,500.00373586945847
ellipse,head,50.0,30.0,78.5,15,18.734720839631564,56.82057647609861,1.785002930754089,19.000195383605924,604.8605501776045,0.2532419966338476,1,15,15,500.00373586945847
ellipse,head,50.0,30.0,78.5,16,18.734720839631564,56.82057647609861,1.785002930754089,19.000195383605924,604.8605501776045,0.2532419966338476,1,15,15,500.00373586945847
ellipse,head,50.0,30.0,78.5,17,18.734720839631564,56.82057647609861,1.785002930754089,19.000195383605924,604.8605501776045,0.2532419966338476,1,15,15,500.00373586945847
ellipse,head,50.0,30.0,78.5,18,18.734720839631564,56.82057647609861,1.785002930754089,19.000195383605924,604.8605501776045,0.2532419966338476,1,15,15,500.00373586945847
ellipse,head,50.0,30.0,78.5,19,18.734720839631564,56.82057647609861,1.785002930754089,19.000195383605924,604.8605501776045,0.2532419966338476,1,15,15,500.00373586945847
ellipse,head,50.0,30.0,78.5,20,18.734720839631564,56.82057647609861,1.785002930754089,19.000195383605924,604.8605501776045,0.2532419966338476,1,15,15,500.00373586945847
ellipse,head,50.0,30.0,78.5,21,18.734720839631564,56.82057647609861,1.785002930754089,19.000195383605924,604.8605501776045,0.2532419966338476,1,15,15,500.00373586945847
ellipse,head,50.0,30.0,78.5,22,18.734720839631564,56.82057647609861,1.785002930754089,19.000195383605924,604.8605501776045,0.2532419966338476,1,15,15,500.00373586945847
ellipse,head,50.0,30.0,78.5,23,18.734720839631564,56.82057647609861,1.785002930754089,19.000195383605924,604.8605501776045,0.2532419966338476,1,15,15,500.00373586945847
ellipse,head,50.0,30.0,78.5,24,18.734720839631564,56.82057647609861,1.785002930754089,19.000195383605924,604.8605501776045,0.2532419966338476,1,15,15,500.00373586945847
ellipse,head,50.0,30.0,78.5,25,18.734720839631564,56.82057647609861,1.785002930754089,19.000195383605924,604.8605501776045,0.2532419966338476,1,15,15,500.00373586945847
ellipse,head,50.0,30.0,78.5,26,18.734720839631564,56.82057647609861,1.785002930754089,19.000195383605924,604.8605501776045,0.2532419966338476,1,15,15,500.00373586945847
ellipse,head,50.0,30.0,78.5,27,18.734720839631564,56.82057647609861,1.785002930754089,19.000195383605924,604.8605501776045,0.2532419966338476,1,15,15,500.00373586945847
ellipse,head,50.0,30.0,78.5,28,18.734720839631564,56.82057647609861,1.785002930754089,19.000195383605924,604.8605501776045,0.2532419966338476,1,15,15,500.00373586945847
ellipse,head,50.0,30.0,78.5,29,18.734720839631564,56.82057647609861,1.785002930754089,19.000195383605924,604.8605501776045,0.2532419966338476,1,15,15,500.00373586945847
ellipse,head,50.0,30.0,78.5,30,18.734720839631564,56.82057647609861,1.785002930754089,19.000195383605924,604.8605501776045,0.2532419966338476,1,15,15,500.00373586945847
ellipse,head,50.0,60.0,0.0,1,69.28722637905618,129.3308448944295,1.7373578546523605,15.823856976824032,427.93326637651415,0.3290866413053999,1,15,15,357.3212782253441
ellipse,head,50.0,60.0,0.0,2,69.28722637905618,129.3308448944295,1.7373578546523605,15.823856976824032,427.93326637651415,0.3290866413053999,1,15,15,357.3212782253441
ellipse,head,50.0,60.0,0.0,3,69.28722637905618,129.3308448944295,1.7373578546523605,15.823856976824032,427.93326637651415,0.3290866413053999,1,15,15,357.3212782253441
ellipse,head,50.0,60.0,0.0,4,69.28722637905618,129.3308448944295,1.7373578546523605,15.823856976824032,427.93326637651415,0.3290866413053999,1,15,15,357.3212782253441
ellipse,head,50.0,60.0,0.0,5,69.28722637905618,129.3308448944295,1.7373578546523605,15.823856976824032,427.93326637651415,0.3290866413053999,1,15,15,357.3212782253441
ellipse,head,50.0,60.0,0.0,6,69.28722637905618,129.3308448944295,1.7373578546523605,15.823856976824032,427.93326637651415,0.3290866413053999,1,15,15,357.3212782253441
ellipse,head,50.0,60.0,0.0,7,69.28722637905618,129.3308448944295,1.7373578546523605,15.823856976824032,427.93326637651415,0.3290866413053999,1,15,15,357.3212782253441
ellipse,head,50.0,60.0,0.0,8,69.28722637905618,129.3308448944295,1.7373578546523605,15.823856976824032,427.93326637651415,0.3290866413053999,1,15,15,357.3212782253441
ellipse,head,50.0,60.0,0.0,9,69.28722637905618,129.3308448944295,1.7373578546523605,15.823856976824032,427.93326637651415,0.3290866413053999,1,15,15,357.3212782253441
ellipse,head,50.0,60.0,0.0,10,69.28722637905618,129.3308448944295,1.7373578546523605,15.823856976824032,427.93326637651415,0.3290866413053999,1,15,15,357.3212782253441
ellipse,head,50.0,60.0,0.0,11,69.28722637905618,129.3308448944295,1.7373578546523605,15.823856976824032,427.93326637651415,0.3290866413053999,1,15,15,357.3212782253441
ellipse,head,50.0,60.0,0.0,12,69.28722637905618,129.3308448944295,1.7373578546523605,15.823856976824032,427.93326637651415,0.3290866413053999,1,15,15,357.3212782253441
ellipse,head,50.0,60.0,0.0,13,69.28722637905618,129.3308448944295,1.7373578546523605,15.823856976824032,427.93326637651415,0.3290866413053999,1,15,15,357.3212782253441
ellipse,head,50.0,60.0,0.0,14,69.28722637905618,129.3308448944295,1.7373578546523605,15.823856976824032,427.93326637651415,0.3290866413053999,1,15,15,357.3212782253441
ellipse,head,50.0,60.0,0.0,15,69.28722637905618,129.3308448944295,1.7373578546523605,15.823856976824032,427.93326637651415,0.3290866413053999,1,15,15,357.3212782253441
ellipse,head,50.0,60.0,0.0,16,69.28722637905618,129.3308448944295,1.7373578546523605,15.823856976824032,427.93326637651415,0.3290866413053999,1,15,15,357.3212782253441
ellipse,head,50.0,60.0,0.0,17,69.28722637905618,129.3308448944295,1.7373578546523605,15.823856976824032,427.93326637651415,0.3290866413053999,1,15,15,357.3212782253441
ellipse,head,50.0,60.0,0.0,18,69.28722637905618,129.3308448944295,1.7373578546523605,15.823856976824032,427.93326637651415,0.3290866413053999,1,15,15,357.3212782253441
ellipse,head,50.0,60.0,0.0,19,69.28722637905618,129.3308448944295,1.7373578546523605,15.823856976824032,427.93326637651415,0.3290866413053999,1,15,15,357.3212782253441
ellipse,head,50.0,60.0,0.0,20,69.28722637905618,129.3308448944295,1.7373578546523605,15.823856976824032,427.93326637651415,0.3290866413053999,1,15,15,357.3212782253441
ellipse,head,50.0,60.0,0.0,21,69.28722637905618,129.3308448944295,1.7373578546523605,15.823856976824032,427.93326637651415,0.3290866413053999,1,15,15,357.3212782253441
ellipse,head,50.0,60.0,0.0,22,69.28722637905618,129.3308448944295,1.7373578546523605,15.823856976824032,427.93326637651415,0.3290866413053999,1,15,15,357.3212782253441
ellipse,head,50.0,60.0,0.0,23,69.28722637905618,129.3308448944295,1.7373578546523605,15.823856976824032,427.93326637651415,0.3290866413053999,1,15,15,357.3212782253441
ellipse,head,50.0,60.0,0.0,24,69.28722637905618,129.3308448944295,1.7373578546523605,15.823856976824032,427.93326637651415,0.3290866413053999,1,15,15,357.3212782253441
ellipse,head,50.0,60.0,0.0,25,69.28722637905618,129.3308448944295,1.7373578546523605,15.823856976824032,427.93326637651415,0.3290866413053999,1,15,15,357.3212782253441
ellipse,head,50.0,60.0,0.0,26,69.28722637905618,129.3308448944295,1.7373578546523605,15.823856976824032,427.93326637651415,0.3290866413053999,1,15,15,357.3212782253441
ellipse,head,50.0,60.0,0.0,27,69.28722637905618,129.3308448944295,1.7373578546523605,15.823856976824032,427.93326637651415,0.3290866413053999,1,15,15,357.3212782253441
ellipse,head,50.0,60.0,0.0,28,69.28722637905618,129.3308448944295,1.7373578546523605,15.823856976824032,427.93326637651415,0.3290866413053999,1,15,15,357.3212782253441
ellipse,head,50.0,60.0,0.0,29,69.28722637905618,129.3308448944295,1.7373578546523605,15.823856976824032,427.93326637651415,0.3290866413053999,1,15,15,357.3212782253441
ellipse,head,50.0,60.0,0.0,30,69.28722637905618,129.3308448944295,1.7373578546523605,15.823856976824032,427.93326637651415,0.3290866413053999,1,15,15,357.3212782253441
ellipse,head,50.0,60.0,11.0,1,13.354619814001744,46.68899870137154,1.8285800531870295,21.905336879135305,455.65307845178245,0.3290866413053999,1,15,15,357.3212782253441
ellipse,head,50.0,60.0,11.0,2,13.354619814001744,46.68899870137154,1.8285800531870295,21.905336879135305,455.65307845178245,0.3290866413053999,1,15,15,357.3212782253441
ellipse,head,50.0,60.0,11.0,3,13.354619814001744,46.68899870137154,1.8285800531870295,21.905336879135305,455.65307845178245,0.3290866413053999,1,15,15,357.3212782253441
ellipse,head,50.0,60.0,11.0,4,13.354619814001744,46.68899870137154,1.8285800531870295,21.905336879135305,455.65307845178245,0.3290866413053999,1,15,15,357.3212782253441
ellipse,head,50.0,60.0,11.0,5,13.354619814001744,46.68899870137154,1.8285800531870295,21.905336879135305,455.65307845178245,0.3290866413053999,1,15,15,357.3212782253441
ellipse,head,50.0,60.0,11.0,6,13.354619814001744,46.68899870137154,1.8285800531870295,21.905336879135305,455.65307845178245,0.3290866413053999,1,15,15,357.3212782253441
ellipse,head,50.0,60.0,11.0,7,13.354619814001744,46.68899870137154,1.8285800531870295,21.905336879135305,455.65307845178245,0.3290866413053999,1,15,15,357.3212782253441
ellipse,head,50.0,60.0,11.0,8,13.354619814001744,46.68899870137154,1.8285800531870295,21.905336879135305,455.65307845178245,0.3290866413053999,1,15,15,357.3212782253441
ellipse,head,50.0,60.0,11.0,9,13.354619814001744,46.68899870137154,1.8285800531870295,21.905336879135305,455.65307845178245,0.3290866413053999,1,15,15,357.3212782253441
ellipse,head,50.0,60.0,11.0,10,13.354619814001744,46.68899870137154,1.8285800531870295,21.905336879135305,455.65307845178245,0.3290866413053999,1,15,15,357.3212782253441
ellipse,head,50.0,60.0,11.0,11,13.354619814001744,46.68899870137154,1.8285800531870295,21.905336879135305,455.65307845178245,0.3290866413053999,1,15,15,357.3212782253441
ellipse,head,50.0,60.0,11.0,12,13.354619814001744,46.68899870137154,1.8285800531870295,21.905336879135305,455.65307845178245,0.3290866413053999,1,15,15,357.3212782253441
ellipse,head,50.0,60.0,11.0,13,13.354619814001744,46.68899870137154,1.8285800531870295,21.905336879135305,455.65307845178245,0.3290866413053999,1,15,15,357.3212782253441
ellipse,head,50.0,60.0,11.0,14,13.354619814001744,46.68899870137154,1.8285800531870295,21.905336879135305,455.65307845178245,0.3290866413053999,1,15,15,357.3212782253441
ellipse,head,50.0,60.0,11.0,15,13.354619814001744,46.68899870137154,1.8285800531870295,21.905336879135305,455.65307845178245,0.3290866413053999,1,15,15,357.3212782253441
ellipse,head,50.0,60.0,11.0,16,13.354619814001744,46.68899870137154,1.8285800531870295,21.905336879135305,455.65307845178245,0.3290866413053999,1,15,15,357.3212782253441
ellipse,head,50.0,60.0,11.0,17,13.354619814001744,46.68899870137154,1.8285800531870295,21.905336879135305,455.65307845178245,0.3290866413053999,1,15,15,357.3212782253441
ellipse,head,50.0,60.0,11.0,18,13.354619814001744,46.68899870137154,1.8285800531870295,21.905336879135305,455.65307845178245,0.3290866413053999,1,15,15,357.3212782253441
ellipse,head,50.0,60.0,11.0,19,13.354619814001744,46.68899870137154,1.8285800531870295,21.905336879135305,455.65307845178245,0.3290866413053999,1,15,15,357.3212782253441
ellipse,head,50.0,60.0,11.0,20,13.354619814001744,46.68899870137154,1.8285800531870295,21.905336879135305,455.65307845178245,0.3290866413053999,1,15,15,357.3212782253441
ellipse,head,50.0,60.0,11.0,21,13.354619814001744,46.68899870137154,1.8285800531870295,21.905336879135305,455.65307845178245,0.3290866413053999,1,15,15,357.3212782253441
ellipse,head,50.0,60.0,11.0,22,13.354619814001744,46.68899870137154,1.8285800531870295,21.905336879135305,455.65307845178245,0.3290866413053999,1,15,15,357.3212782253441
ellipse,head,50.0,60.0,11.0,23,13.354619814001744,46.68899870137154,1.8285800531870295,21.905336879135305,455.65307845178245,0.3290866413053999,1,15,15,357.3212782253441
ellipse,head,50.0,60.0,11.0,24,13.354619814001744,46.68899870137154,1.8285800531870295,21.905336879135305,455.65307845178245,0.3290866413053999,1,15,15,357.3212782253441
ellipse,head,50.0,60.0,11.0,25,13.354619814001744,46.68899870137154,1.8285800531870295,21.905336879135305,455.65307845178245,0.3290866413053999,1,15,15,357.3212782253441
ellipse,head,50.0,60.0,11.0,26,13.354619814001744,46.68899870137154,1.8285800531870295,21.905336879135305,455.65307845178245,0.3290866413053999,1,15,15,357.3212782253441
ellipse,head,50.0,60.0,11.0,27,13.354619814001744,46.68899870137154,1.8285800531870295,21.905336879135305,455.65307845178245,0.3290866413053999,1,15,15,357.3212782253441
ellipse,head,50.0,60.0,11.0,28,13.354619814001744,46.68899870137154,1.8285800531870295,21.905336879135305,455.65307845178245,0.3290866413053999,1,15,15,357.3212782253441
ellipse,head,50.0,60.0,11.0,29,13.354619814001744,46.68899870137154,1.8285800531870295,21.905336879135305,455.65307845178245,0.3290866413053999,1,15,15,357.3212782253441
ellipse,head,50.0,60.0,11.0,30,13.354619814001744,46.68899870137154,1.8285800531870295,21.905336879135305,455.65307845178245,0.3290866413053999,1,15,15,357.3212782253441
ellipse,head,50.0,60.0,78.5,1,30.27616370335344,29.767454812019817,3.385456845327665,125.69712302184435,928.7433217885877,0.3290866413053999,1,15,15,357.3212782253441
ellipse,head,50.0,60.0,78.5,2,30.27616370335344,29.767454812019817,3.385456845327665,125.69712302184435,928.7433217885877,0.3290866413053999,1,15,15,357.3212782253441
ellipse,head,50.0,60.0,78.5,3,30.27616370335344,29.767454812019817,3.385456845327665,125.69712302184435,928.7433217885877,0.3290866413053999,1,15,15,357.3212782253441
ellipse,head,50.0,60.0,78.5,4,30.27616370335344,29.767454812019817,3.385456845327665,125.69712302184435,928.7433217885877,0.3290866413053999,1,15,15,357.3212782253441
ellipse,head,50.0,60.0,78.5,5,30.27616370335344,29.767454812019817,3.385456845327665,125.69712302184435,928.7433217885877,0.3290866413053999,1,15,15,357.3212782253441
ellipse,head,50.0,60.0,78.5,6,30.27616370335344,29.767454812019817,3.385456845327665,125.69712302184435,928.7433217885877,0.3290866413053999,1,15,15,357.3212782253441
ellipse,head,50.0,60.0,78.5,7,30.27616370335344,29.767454812019817,3.385456845327665,125.69712302184435,928.7433217885877,0.3290866413053999,1,15,15,357.3212782253441
ellipse,head,50.0,60.0,78.5,8,30.27616370335344,29.767454812019817,3.385456845327665,125.69712302184435,928.7433217885877,0.3290866413053999,1,15,15,357.3212782253441
ellipse,head,50.0,60.0,78.5,9,30.27616370335344,29.767454812019817,3.385456845327665,125.69712302184435,928.7433217885877,0.3290866413053999,1,15,15,357.3212782253441
ellipse,head,50.0,60.0,78.5,10,30.27616370335344,29.767454812019817,3.385456845327665,125.69712302184435,928.7433217885877,0.3290866413053999,1,15,15,357.3212782253441
ellipse,head,50.0,60.0,78.5,11,30.27616370335344,29.767454812019817,3.385456845327665,125.69712302184435,928.7433217885877,0.3290866413053999,1,15,15,357.3212782253441
ellipse,head,50.0,60.0,78.5,12,30.27616370335344,29.767454812019817,3.385456845327665,125.69712302184435,928.7433217885877,0.3290866413053999,1,15,15,357.3212782253441
ellipse,head,50.0,60.0,78.5,13,30.27616370335344,29.767454812019817,3.385456845327665,125.69712302184435,928.7433217885877,0.3290866413053999,1,15,15,357.3212782253441
ellipse,head,50.0,60.0,78.5,14,30.27616370335344,29.767454812019817,3.385456845327665,125.69712302184435,928.7433217885877,0.3290866413053999,1,15,15,357.3212782253441
ellipse,head,50.0,60.0,78.5,15,30.27616370335344,29.767454812019817,3.385456845327665,125.69712302184435,928.7433217885877,0.3290866413053999,1,15,15,357.3212782253441
ellipse,head,50.0,60.0,78.5,16,30.27616370335344,29.767454812019817,3.385456845327665,125.69712302184435,928.7433217885877,0.3290866413053999,1,15,15,357.3212782253441
ellipse,head,50.0,60.0,78.5,17,30.27616370335344,29.767454812019817,3.385456845327665,125.69712302184435,928.7433217885877,0.3290866413053999,1,15,15,357.3212782253441
ellipse,head,50.0,60.0,78.5,18,30.27616370335344,29.767454812019817,3.385456845327665,125.69712302184435,928.7433217885877,0.3290866413053999,1,15,15,357.3212782253441
ellipse,head,50.0,60.0,78.5,19,30.27616370335344,29.767454812019817,3.385456845327665,125.69712302184435,928.7433217885877,0.3290866413053999,1,15,15,357.3212782253441
ellipse,head,50.0,60.0,78.5,20,30.27616370335344,29.767454812019817,3.385456845327665,125.69712302184435,928.7433217885877,0.3290866413053999,1,15,15,357.3212782253441
ellipse,head,50.0,60.0,78.5,21,30.27616370335344,29.767454812019817,3.385456845327665,125.69712302184435,928.7433217885877,0.3290866413053999,1,15,15,357.3212782253441
ellipse,head,50.0,60.0,78.5,22,30.27616370335344,29.767454812019817,3.385456845327665,125.69712302184435,928.7433217885877,0.3290866413053999,1,15,15,357.3212782253441
ellipse,head,50.0,60.0,78.5,23,30.27616370335344,29.767454812019817,3.385456845327665,125.69712302184435,928.7433217885877,0.3290866413053999,1,15,15,357.3212782253441
ellipse,head,50.0,60.0,78.5,24,30.27616370335344,29.767454812019817,3.385456845327665,125.69712302184435,928.7433217885877,0.3290866413053999,1,15,15,357.3212782253441
ellipse,head,50.0,60.0,78.5,25,30.27616370335344,29.767454812019817,3.385456845327665,125.69712302184435,928.7433217885877,0.3290866413053999,1,15,15,357.3212782253441
ellipse,head,50.0,60.0,78.5,26,30.27616370335344,29.767454812019817,3.385456845327665,125.69712302184435,928.7433217885877,0.3290866413053999,1,15,15,357.3212782253441
ellipse,head,50.0,60.0,78.5,27,30.27616370335344,29.767454812019817,3.385456845327665,125.69712302184435,928.7433217885877,0.3290866413053999,1,15,15,357.3212782253441
ellipse,head,50.0,60.0,78.5,28,30.27616370335344,29.767454812019817,3.385456845327665,125.69712302184435,928.7433217885877,0.3290866413053999,1,15,15,357.3212782253441
ellipse,head,50.0,60.0,78.5,29,30.27616370335344,29.767454812019817,3.385456845327665,125.69712302184435,928.7433217885877,0.3290866413053999,1,15,15,357.3212782253441
ellipse,head,50.0,60.0,78.5,30,30.27616370335344,29.767454812019817,3.385456845327665,125.69712302184435,928.7433217885877,0.3290866413053999,1,15,15,357.3212782253441
ellipse,head,50.0,120.0,0.0,1,47.79805235641963,2.1231199878306963,2.133462293173941,42.230819544929396,367.0985523868331,0.45674778529544435,1,15,15,282.03330130697435
ellipse,head,50.0,120.0,0.0,2,47.79805235641963,2.1231199878306963,2.133462293173941,42.230819544929396,367.0985523868331,0.45674778529544435,1,15,15,282.03330130697435
ellipse,head,50.0,120.0,0.0,3,47.79805235641963,2.1231199878306963,2.133462293173941,42.230819544929396,367.0985523868331,0.45674778529544435,1,15,15,282.03330130697435
ellipse,head,50.0,120.0,0.0,4,47.79805235641963,2.1231199878306963,2.133462293173941,42.230819544929396,367.0985523868331,0.45674778529544435,1,15,15,282.03330130697435
ellipse,head,50.0,120.0,0.0,5,47.79805235641963,2.1231199878306963,2.133462293173941,42.230819544929396,367.0985523868331,0.45674778529544435,1,15,15,282.03330130697435
ellipse,head,50.0,120.0,0.0,6,47.79805235641963,2.1231199878306963,2.133462293173941,42.230819544929396,367.0985523868331,0.45674778529544435,1,15,15,282.03330130697435
ellipse,head,50.0,120.0,0.0,7,47.79805235641963,2.1231199878306963,2.133462293173941,42.230819544929396,367.0985523868331,0.45674778529544435,1,15,15,282.03330130697435
ellipse,head,50.0,120.0,0.0,8,47.79805235641963,2.1231199878306963,2.133462293173941,42.230819544929396,367.0985523868331,0.45674778529544435,1,15,15,282.03330130697435
ellipse,head,50.0,120.0,0.0,9,47.79805235641963,2.1231199878306963,2.133462293173941,42.230819544929396,367.0985523868331,0.45674778529544435,1,15,15,282.03330130697435
ellipse,head,50.0,120.0,0.0,10,47.79805235641963,2.1231199878306963,2.133462293173941,42.230819544929396,367.0985523868331,0.45674778529544435,1,15,15,282.03330130697435
ellipse,head,50.0,120.0,0.0,11,47.79805235641963,2.1231199878306963,2.133462293173941,42.230819544929396,367.0985523868331,0.45674778529544435,1,15,15,282.03330130697435
ellipse,head,50.0,120.0,0.0,12,47.79805235641963,2.1231199878306963,2.133462293173941,42.230819544929396,367.0985523868331,0.45674778529544435,1,15,15,282.03330130697435
ellipse,head,50.0,120.0,0.0,13,47.79805235641963,2.1231199878306963,2.133462293173941,42.230819544929396,367.0985523868331,0.45674778529544435,1,15,15,282.03330130697435
ellipse,head,50.0,120.0,0.0,14,47.79805235641963,2.1231199878306963,2.133462293173941,42.230819544929396,367.0985523868331,0.45674778529544435,1,15,15,282.03330130697435
ellipse,head,50.0,120.0,0.0,15,47.79805235641963,2.1231199878306963,2.133462293173941,42.230819544929396,367.0985523868331,0.45674778529544435,1,15,15,282.03330130697435
ellipse,head,50.0,120.0,0.0,16,47.79805235641963,2.1231199878306963,2.133462293173941,42.230819544929396,367.0985523868331,0.45674778529544435,1,15,15,282.03330130697435
ellipse,head,50.0,120.0,0.0,17,47.79805235641963,2.1231199878306963,2.133462293173941,42.230819544929396,367.0985523868331,0.45674778529544435,1,15,15,282.03330130697435
ellipse,head,50.0,120.0,0.0,18,47.79805235641963,2.1231199878306963,2.133462293173941,42.230819544929396,367.0985523868331,0.45674778529544435,1,15,15,282.03330130697435
ellipse,head,50.0,120.0,0.0,19,47.79805235641963,2.1231199878306963,2.133462293173941,42.230819544929396,367.0985523868331,0.45674778529544435,1,15,15,282.03330130697435
ellipse,head,50.0,120.0,0.0,20,47.79805235641963,2.1231199878306963,2.133462293173941,42.230819544929396,367.0985523868331,0.45674778529544435,1,15,15,282.03330130697435
ellipse,head,50.0,120.0,0.0,21,47.79805235641963,2.1231199878306963,2.133462293173941,42.230819544929396,367.0985523868331,0.45674778529544435,1,15,15,282.03330130697435
ellipse,head,50.0,120.0,0.0,22,47.79805235641963,2.1231199878306963,2.133462293173941,42.230819544929396,367.0985523868331,0.45674778529544435,1,15,15,282.03330130697435
ellipse,head,50.0,120.0,0.0,23,47.79805235641963,2.1231199878306963,2.133462293173941,42.230819544929396,367.0985523868331,0.45674778529544435,1,15,15,282.03330130697435
ellipse,head,50.0,120.0,0.0,24,47.79805235641963,2.1231199878306963,2.133462293173941,42.230819544929396,367.0985523868331,0.45674778529544435,1,15,15,282.03330130697435
ellipse,head,50.0,120.0,0.0,25,47.79805235641963,2.1231199878306963,2.133462293173941,42.230819544929396,367.0985523868331,0.45674778529544435,1,15,15,282.03330130697435
ellipse,head,50.0,120.0,0.0,26,47.79805235641963,2.1231199878306963,2.133462293173941,42.230819544929396,367.0985523868331,0.45674778529544435,1,15,15,282.03330130697435
ellipse,head,50.0,120.0,0.0,27,47.79805235641963,2.1231199878306963,2.133462293173941,42.230819544929396,367.0985523868331,0.45674778529544435,1,15,15,282.03330130697435
ellipse,head,50.0,120.0,0.0,28,47.79805235641963,2.1231199878306963,2.133462293173941,42.230819544929396,367.0985523868331,0.45674778529544435,1,15,15,282.03330130697435
ellipse,head,50.0,120.0,0.0,29,47.79805235641963,2.1231199878306963,2.133462293173941,42.230819544929396,367.0985523868331,0.45674778529544435,1,15,15,282.03330130697435
ellipse,head,50.0,120.0,0.0,30,47.79805235641963,2.1231199878306963,2.133462293173941,42.230819544929396,367.0985523868331,0.45674778529544435,1,15,15,282.03330130697435
ellipse,head,50.0,120.0,11.0,1,89.50352023837813,135.17845260696672,2.238665715079165,49.24438100527766,390.13170663347574,0.45674778529544435,1,15,15,282.03330130697435
ellipse,head,50.0,120.0,11.0,2,89.50352023837813,135.17845260696672,2.238665715079165,49.24438100527766,390.13170663347574,0.45674778529544435,1,15,15,282.03330130697435
ellipse,head,50.0,120.0,11.0,3,89.50352023837813,135.17845260696672,2.238665715079165,49.24438100527766,390.13170663347574,0.45674778529544435,1,15,15,282.03330130697435
ellipse,head,50.0,120.0,11.0,4,89.50352023837813,135.17845260696672,2.238665715079165,49.24438100527766,390.13170663347574,0.45674778529544435,1,15,15,282.03330130697435
ellipse,head,50.0,120.0,11.0,5,89.50352023837813,135.17845260696672,2.238665715079165,49.24438100527766,390.13170663347574,0.45674778529544435,1,15,15,282.03330130697435
ellipse,head,50.0,120.0,11.0,6,89.50352023837813,135.17845260696672,2.238665715079165,49.24438100527766,390.13170663347574,0.45674778529544435,1,15,15,282.03330130697435
ellipse,head,50.0,120.0,11.0,7,89.50352023837813,135.17845260696672,2.238665715079165,49.24438100527766,390.13170663347574,0.45674778529544435,1,15,15,282.03330130697435
ellipse,head,50.0,120.0,11.0,8,89.50352023837813,135.17845260696672,2.238665715079165,49.24438100527766,390.13170663347574,0.45674778529544435,1,15,15,282.03330130697435
ellipse,head,50.0,120.0,11.0,9,89.50352023837813,135.17845260696672,2.238665715079165,49.24438100527766,390.13170663347574,0.45674778529544435,1,15,15,282.03330130697435
ellipse,head,50.0,120.0,11.0,10,89.50352023837813,135.17845260696672,2.238665715079165,49.24438100527766,390.13170663347574,0.45674778529544435,1,15,15,282.03330130697435
ellipse,head,50.0,120.0,11.0,11,89.50352023837813,135.17845260696672,2.238665715079165,49.24438100527766,390.13170663347574,0.45674778529544435,1,15,15,282.03330130697435
ellipse,head,50.0,120.0,11.0,12,89.50352023837813,135.17845260696672,2.238665715079165,49.24438100527766,390.13170663347574,0.45674778529544435,1,15,15,282.03330130697435
ellipse,head,50.0,120.0,11.0,13,89.50352023837813,135.17845260696672,2.238665715079165,49.24438100527766,390.13170663347574,0.45674778529544435,1,15,15,282.03330130697435
ellipse,head,50.0,120.0,11.0,14,89.50352023837813,135.17845260696672,2.238665715079165,49.24438100527766,390.13170663347574,0.45674778529544435,1,15,15,282.03330130697435
ellipse,head,50.0,120.0,11.0,15,89.50352023837813,135.17845260696672,2.238665715079165,49.24438100527766,390.13170663347574,0.45674778529544435,1,15,15,282.03330130697435
ellipse,head,50.0,120.0,11.0,16,89.50352023837813,135.17845260696672,2.238665715079165,49.24438100527766,390.13170663347574,0.45674778529544435,1,15,15,282.03330130697435
ellipse,head,50.0,120.0,11.0,17,89.50352023837813,135.17845260696672,2.238665715079165,49.24438100527766,390.13170663347574,0.45674778529544435,1,15,15,282.03330130697435
ellipse,head,50.0,120.0,11.0,18,89.50352023837813,135.17845260696672,2.238665715079165,49.24438100527766,390.13170663347574,0.45674778529544435,1,15,15,282.03330130697435
ellipse,head,50.0,120.0,11.0,19,89.50352023837813,135.17845260696672,2.238665715079165,49.24438100527766,390.13170663347574,0.45674778529544435,1,15,15,282.03330130697435
ellipse,head,50.0,120.0,11.0,20,89.50352023837813,135.17845260696672,2.238665715079165,49.24438100527766,390.13170663347574,0.45674778529544435,1,15,15,282.03330130697435
ellipse,head,50.0,120.0,11.0,21,89.50352023837813,135.17845260696672,2.238665715079165,49.24438100527766,390.13170663347574,0.45674778529544435,1,15,15,282.03330130697435
ellipse,head,50.0,120.0,11.0,22,89.50352023837813,135.17845260696672,2.238665715079165,49.24438100527766,390.13170663347574,0.45674778529544435,1,15,15,282.03330130697435
ellipse,head,50.0,120.0,11.0,23,89.50352023837813,135.17845260696672,2.238665715079165,49.24438100527766,390.13170663347574,0.45674778529544435,1,15,15,282.03330130697435
ellipse,head,50.0,120.0,11.0,24,89.50352023837813,135.17845260696672,2.238665715079165,49.24438100527766,390.13170663347574,0.45674778529544435,1,15,15,282.03330130697435
ellipse,head,50.0,120.0,11.0,25,89.50352023837813,135.17845260696672,2.238665715079165,49.24438100527766,390.13170663347574,0.45674778529544435,1,15,15,282.03330130697435
ellipse,head,50.0,120.0,11.0,26,89.50352023837813,135.17845260696672,2.238665715079165,49.24438100527766,390.13170663347574,0.45674778529544435,1,15,15,282.03330130697435
ellipse,head,50.0,120.0,11.0,27,89.50352023837813,135.17845260696672,2.238665715079165,49.24438100527766,390.13170663347574,0.45674778529544435,1,15,15,282.03330130697435
ellipse,head,50.0,120.0,11.0,28,89.50352023837813,135.17845260696672,2.238665715079165,49.24438100527766,390.13170663347574,0.45674778529544435,1,15,15,282.03330130697435
ellipse,head,50.0,120.0,11.0,29,89.50352023837813,135.17845260696672,2.238665715079165,49.24438100527766,390.13170663347574,0.45674778529544435,1,15,15,282.03330130697435
ellipse,head,50.0,120.0,11.0,30,89.50352023837813,135.17845260696672,2.238665715079165,49.24438100527766,390.13170663347574,0.45674778529544435,1,15,15,282.03330130697435
ellipse,head,50.0,120.0,78.5,1,19.05004032162582,26.624892046962746,2.0192213287294267,34.61475524862845,342.08672570208665,0.45674778529544435,1,15,15,282.03330130697435
ellipse,head,50.0,120.0,78.5,2,19.05004032162582,26.624892046962746,2.0192213287294267,34.61475524862845,342.08672570208665,0.45674778529544435,1,15,15,282.03330130697435
ellipse,head,50.0,120.0,78.5,3,19.05004032162582,26.624892046962746,2.0192213287294267,34.61475524862845,342.08672570208665,0.45674778529544435,1,15,15,282.03330130697435
ellipse,head,50.0,120.0,78.5,4,19.05004032162582,26.624892046962746,2.0192213287294267,34.61475524862845,342.08672570208665,0.45674778529544435,1,15,15,282.03330130697435
ellipse,head,50.0,120.0,78.5,5,19.05004032162582,26.624892046962746,2.0192213287294267,34.61475524862845,342.08672570208665,0.45674778529544435,1,15,15,282.03330130697435
ellipse,head,50.0,120.0,78.5,6,19.05004032162582,26.624892046962746,2.0192213287294267,34.61475524862845,342.08672570208665,0.45674778529544435,1,15,15,282.03330130697435
ellipse,head,50.0,120.0,78.5,7,19.05004032162582,26.624892046962746,2.0192213287294267,34.61475524862845,342.08672570208665,0.45674778529544435,1,15,15,282.03330130697435
ellipse,head,50.0,120.0,78.5,8,19.05004032162582,26.624892046962746,2.0192213287294267,34.61475524862845,342.08672570208665,0.45674778529544435,1,15,15,282.03330130697435
ellipse,head,50.0,120.0,78.5,9,19.05004032162582,26.624892046962746,2.0192213287294267,34.61475524862845,342.08672570208665,0.45674778529544435,1,15,15,282.03330130697435
ellipse,head,50.0,120.0,78.5,10,19.05004032162582,26.624892046962746,2.0192213287294267,34.61475524862845,342.08672570208665,0.45674778529544435,1,15,15,282.03330130697435
ellipse,head,50.0,120.0,78.5,11,19.05004032162582,26.624892046962746,2.0192213287294267,34.61475524862845,342.08672570208665,0.45674778529544435,1,15,15,282.03330130697435
ellipse,head,50.0,120.0,78.5,12,19.05004032162582,26.624892046962746,2.0192213287294267,34.61475524862845,342.08672570208665,0.45674778529544435,1,15,15,282.03330130697435
ellipse,head,50.0,120.0,78.5,13,19.05004032162582,26.624892046962746,2.0192213287294267,34.61475524862845,342.08672570208665,0.45674778529544435,1,15,15,282.03330130697435
ellipse,head,50.0,120.0,78.5,14,19.05004032162582,26.624892046962746,2.0192213287294267,34.61475524862845,342.08672570208665,0.45674778529544435,1,15,15,282.03330130697435
ellipse,head,50.0,120.0,78.5,15,19.05004032162582,26.624892046962746,2.0192213287294267,34.61475524862845,342.08672570208665,0.45674778529544435,1,15,15,282.03330130697435
ellipse,head,50.0,120.0,78.5,16,19.05004032162582,26.624892046962746,2.0192213287294267,34.61475524862845,342.08672570208665,0.45674778529544435,1,15,15,282.03330130697435
ellipse,head,50.0,120.0,78.5,17,19.05004032162582,26.624892046962746,2.0192213287294267,34.61475524862845,342.08672570208665,0.45674778529544435,1,15,15,282.03330130697435
ellipse,head,50.0,120.0,78.5,18,19.05004032162582,26.624892046962746,2.0192213287294267,34.61475524862845,342.08672570208665,0.45674778529544435,1,15,15,282.03330130697435
ellipse,head,50.0,120.0,78.5,19,19.05004032162582,26.624892046962746,2.0192213287294267,34.61475524862845,342.08672570208665,0.45674778529544435,1,15,15,282.03330130697435
ellipse,head,50.0,120.0,78.5,20,19.05004032162582,26.624892046962746,2.0192213287294267,34.61475524862845,342.08672570208665,0.45674778529544435,1,15,15,282.03330130697435
ellipse,head,50.0,120.0,78.5,21,19.05004032162582,26.624892046962746,2.0192213287294267,34.61475524862845,342.08672570208665,0.45674778529544435,1,15,15,282.03330130697435
ellipse,head,50.0,120.0,78.5,22,19.05004032162582,26.624892046962746,2.0192213287294267,34.61475524862845,342.08672570208665,0.45674778529544435,1,15,15,282.03330130697435
ellipse,head,50.0,120.0,78.5,23,19.05004032162582,26.624892046962746,2.0192213287294267,34.61475524862845,342.08672570208665,0.45674778529544435,1,15,15,282.03330130697435
ellipse,head,50.0,120.0,78.5,24,19.05004032162582,26.624892046962746,2.0192213287294267,34.61475524862845,342.08672570208665,0.45674778529544435,1,15,15,282.03330130697435
ellipse,head,50.0,120.0,78.5,25,19.05004032162582,26.624892046962746,2.0192213287294267,34.61475524862845,342.08672570208665,0.45674778529544435,1,15,15,282.03330130697435
ellipse,head,50.0,120.0,78.5,26,19.05004032162582,26.624892046962746,2.0192213287294267,34.61475524862845,342.08672570208665,0.45674778529544435,1,15,15,282.03330130697435
ellipse,head,50.0,120.0,78.5,27,19.05004032162582,26.624892046962746,2.0192213287294267,34.61475524862845,342.08672570208665,0.45674778529544435,1,15,15,282.03330130697435
ellipse,head,50.0,120.0,78.5,28,19.05004032162582,26.624892046962746,2.0192213287294267,34.61475524862845,342.08672570208665,0.45674778529544435,1,15,15,282.03330130697435
ellipse,head,50.0,120.0,78.5,29,19.05004032162582,26.624892046962746,2.0192213287294267,34.61475524862845,342.08672570208665,0.45674778529544435,1,15,15,282.03330130697435
ellipse,head,50.0,120.0,78.5,30,19.05004032162582,26.624892046962746,2.0192213287294267,34.61475524862845,342.08672570208665,0.45674778529544435,1,15,15,282.03330130697435
ellipse,flank,10.0,30.0,0.0,1,174.00690406998993,81.81339806326216,0.859867160784694,-42.67552261435373,17.337627014417638,0.7328145136930709,1,15,15,126.57109745505969
ellipse,flank,10.0,30.0,0.0,2,174.00690406998993,81.81339806326216,0.859867160784694,-42.67552261435373,17.337627014417638,0.7328145136930709,1,15,15,126.57109745505969
ellipse,flank,10.0,30.0,0.0,3,174.00690406998993,81.81339806326216,0.859867160784694,-42.67552261435373,17.337627014417638,0.7328145136930709,1,15,15,126.57109745505969
ellipse,flank,10.0,30.0,0.0,4,174.00690406998993,81.81339806326216,0.859867160784694,-42.67552261435373,17.337627014417638,0.7328145136930709,1,15,15,126.57109745505969
ellipse,flank,10.0,30.0,0.0,5,174.00690406998993,81.81339806326216,0.859867160784694,-42.67552261435373,17.337627014417638,0.7328145136930709,1,15,15,126.57109745505969
ellipse,flank,10.0,30.0,0.0,6,174.00690406998993,81.81339806326216,0.859867160784694,-42.67552261435373,17.337627014417638,0.7328145136930709,1,15,15,126.57109745505969
ellipse,flank,10.0,30.0,0.0,7,174.00690406998993,81.81339806326216,0.859867160784694,-42.67552261435373,17.337627014417638,0.7328145136930709,1,15,15,126.57109745505969
ellipse,flank,10.0,30.0,0.0,8,174.00690406998993,81.81339806326216,0.859867160784694,-42.67552261435373,17.337627014417638,0.7328145136930709,1,15,15,126.57109745505969
ellipse,flank,10.0,30.0,0.0,9,174.00690406998993,81.81339806326216,0.859867160784694,-42.67552261435373,17.337627014417638,0.7328145136930709,1,15,15,126.57109745505969
ellipse,flank,10.0,30.0,0.0,10,174.00690406998993,81.81339806326216,0.859867160784694,-42.67552261435373,17.337627014417638,0.7328145136930709,1,15,15,126.57109745505969
ellipse,flank,10.0,30.0,0.0,11,174.00690406998993,81.81339806326216,0.859867160784694,-42.67552261435373,17.337627014417638,0.7328145136930709,1,15,15,126.57109745505969
ellipse,flank,10.0,30.0,0.0,12,174.00690406998993,81.81339806326216,0.859867160784694,-42.67552261435373,17.337627014417638,0.7328145136930709,1,15,15,126.57109745505969
ellipse,flank,10.0,30.0,0.0,13,174.00690406998993,81.81339806326216,0.859867160784694,-42.67552261435373,17.337627014417638,0.7328145136930709,1,15,15,126.57109745505969
ellipse,flank,10.0,30.0,0.0,14,174.00690406998993,81.81339806326216,0.859867160784694,-42.67552261435373,17.337627014417638,0.7328145136930709,1,15,15,126.57109745505969
ellipse,flank,10.0,30.0,0.0,15,174.00690406998993,81.81339806326216,0.859867160784694,-42.67552261435373,17.337627014417638,0.7328145136930709,1,15,15,126.57109745505969
ellipse,flank,10.0,30.0,0.0,16,174.00690406998993,81.81339806326216,0.859867160784694,-42.67552261435373,17.337627014417638,0.7328145136930709,1,15,15,126.57109745505969
ellipse,flank,10.0,30.0,0.0,17,174.00690406998993,81.81339806326216,0.859867160784694,-42.67552261435373,17.337627014417638,0.7328145136930709,1,15,15,126.57109745505969
ellipse,flank,10.0,30.0,0.0,18,174.00690406998993,81.81339806326216,0.859867160784694,-42.67552261435373,17.337627014417638,0.7328145136930709,1,15,15,126.57109745505969
ellipse,flank,10.0,30.0,0.0,19,174.00690406998993,81.81339806326216,0.859867160784694,-42.67552261435373,17.337627014417638,0.7328145136930709,1,15,15,126.57109745505969
ellipse,flank,10.0,30.0,0.0,20,174.00690406998993,81.81339806326216,0.859867160784694,-42.67552261435373,17.337627014417638,0.7328145136930709,1,15,15,126.57109745505969
ellipse,flank,10.0,30.0,0.0,21,174.00690406998993,81.81339806326216,0.859867160784694,-42.67552261435373,17.337627014417638,0.7328145136930709,1,15,15,126.57109745505969
ellipse,flank,10.0,30.0,0.0,22,174.00690406998993,81.81339806326216,0.859867160784694,-42.67552261435373,17.337627014417638,0.7328145136930709,1,15,15,126.57109745505969
ellipse,flank,10.0,30.0,0.0,23,174.00690406998993,81.81339806326216,0.859867160784694,-42.67552261435373,17.337627014417638,0.7328145136930709,1,15,15,126.57109745505969
ellipse,flank,10.0,30.0,0.0,24,174.00690406998993,81.81339806326216,0.859867160784694,-42.67552261435373,17.337627014417638,0.7328145136930709,1,15,15,126.57109745505969
ellipse,flank,10.0,30.0,0.0,25,174.00690406998993,81.81339806326216,0.859867160784694,-42.67552261435373,17.337627014417638,0.7328145136930709,1,15,15,126.57109745505969
ellipse,flank,10.0,30.0,0.0,26,174.00690406998993,81.81339806326216,0.859867160784694,-42.67552261435373,17.337627014417638,0.7328145136930709,1,15,15,126.57109745505969
ellipse,flank,10.0,30.0,0.0,27,174.00690406998993,81.81339806326216,0.859867160784694,-42.67552261435373,17.337627014417638,0.7328145136930709,1,15,15,126.57109745505969
ellipse,flank,10.0,30.0,0.0,28,174.00690406998993,81.81339806326216,0.859867160784694,-42.67552261435373,17.337627014417638,0.7328145136930709,1,15,15,126.57109745505969
ellipse,flank,10.0,30.0,0.0,29,174.00690406998993,81.81339806326216,0.859867160784694,-42.67552261435373,17.337627014417638,0.7328145136930709,1,15,15,126.57109745505969
ellipse,flank,10.0,30.0,0.0,30,174.00690406998993,81.81339806326216,0.859867160784694,-42.67552261435373,17.337627014417638,0.7328145136930709,1,15,15,126.57109745505969
ellipse,flank,10.0,30.0,11.0,1,179.7565438297175,75.57684596297,0.8494732774988176,-43.368448166745495,15.919275836642012,0.7328145136930709,1,15,15,126.57109745505969
ellipse,flank,10.0,30.0,11.0,2,179.7565438297175,75.57684596297,0.8494732774988176,-43.368448166745495,15.919275836642012,0.7328145136930709,1,15,15,126.57109745505969
ellipse,flank,10.0,30.0,11.0,3,179.7565438297175,75.57684596297,0.8494732774988176,-43.368448166745495,15.919275836642012,0.7328145136930709,1,15,15,126.57109745505969
ellipse,flank,10.0,30.0,11.0,4,179.7565438297175,75.57684596297,0.8494732774988176,-43.368448166745495,15.919275836642012,0.7328145136930709,1,15,15,126.57109745505969
ellipse,flank,10.0,30.0,11.0,5,179.7565438297175,75.57684596297,0.8494732774988176,-43.368448166745495,15.919275836642012,0.7328145136930709,1,15,15,126.57109745505969
ellipse,flank,10.0,30.0,11.0,6,179.7565438297175,75.57684596297,0.8494732774988176,-43.368448166745495,15.919275836642012,0.7328145136930709,1,15,15,126.57109745505969
ellipse,flank,10.0,30.0,11.0,7,179.7565438297175,75.57684596297,0.8494732774988176,-43.368448166745495,15.919275836642012,0.7328145136930709,1,15,15,126.57109745505969
ellipse,flank,10.0,30.0,11.0,8,179.7565438297175,75.57684596297,0.8494732774988176,-43.368448166745495,15.919275836642012,0.7328145136930709,1,15,15,126.57109745505969
ellipse,flank,10.0,30.0,11.0,9,179.7565438297175,75.57684596297,0.8494732774988176,-43.368448166745495,15.919275836642012,0.7328145136930709,1,15,15,126.57109745505969
ellipse,flank,10.0,30.0,11.0,10,179.7565438297175,75.57684596297,0.8494732774988176,-43.368448166745495,15.919275836642012,0.7328145136930709,1,15,15,126.57109745505969
ellipse,flank,10.0,30.0,11.0,11,179.7565438297175,75.57684596297,0.8494732774988176,-43.368448166745495,15.919275836642012,0.7328145136930709,1,15,15,126.57109745505969
ellipse,flank,10.0,30.0,11.0,12,179.7565438297175,75.57684596297,0.8494732774988176,-43.368448166745495,15.919275836642012,0.7328145136930709,1,15,15,126.57109745505969
ellipse,flank,10.0,30.0,11.0,13,179.7565438297175,75.57684596297,0.8494732774988176,-43.368448166745495,15.919275836642012,0.7328145136930709,1,15,15,126.57109745505969
ellipse,flank,10.0,30.0,11.0,14,179.7565438297175,75.57684596297,0.8494732774988176,-43.368448166745495,15.919275836642012,0.7328145136930709,1,15,15,126.57109745505969
ellipse,flank,10.0,30.0,11.0,15,179.7565438297175,75.57684596297,0.8494732774988176,-43.368448166745495,15.919275836642012,0.7328145136930709,1,15,15,126.57109745505969
ellipse,flank,10.0,30.0,11.0,16,179.7565438297175,75.57684596297,0.8494732774988176,-43.368448166745495,15.919275836642012,0.7328145136930709,1,15,15,126.57109745505969
ellipse,flank,10.0,30.0,11.0,17,179.7565438297175,75.57684596297,0.8494732774988176,-43.368448166745495,15.919275836642012,0.7328145136930709,1,15,15,126.57109745505969
ellipse,flank,10.0,30.0,11.0,18,179.7565438297175,75.57684596297,0.8494732774988176,-43.368448166745495,15.919275836642012,0.7328145136930709,1,15,15,126.57109745505969
ellipse,flank,10.0,30.0,11.0,19,179.7565438297175,75.57684596297,0.8494732774988176,-43.368448166745495,15.919275836642012,0.7328145136930709,1,15,15,126.57109745505969
ellipse,flank,10.0,30.0,11.0,20,179.7565438297175,75.57684596297,0.8494732774988176,-43.368448166745495,15.919275836642012,0.7328145136930709,1,15,15,126.57109745505969
ellipse,flank,10.0,30.0,11.0,21,179.7565438297175,75.57684596297,0.8494732774988176,-43.368448166745495,15.919275836642012,0.7328145136930709,1,15,15,126.57109745505969
ellipse,flank,10.0,30.0,11.0,22,179.7565438297175,75.57684596297,0.8494732774988176,-43.368448166745495,15.919275836642012,0.7328145136930709,1,15,15,126.57109745505969
ellipse,flank,10.0,30.0,11.0,23,179.7565438297175,75.57684596297,0.8494732774988176,-43.368448166745495,15.919275836642012,0.7328145136930709,1,15,15,126.57109745505969
ellipse,flank,10.0,30.0,11.0,24,179.7565438297175,75.57684596297,0.8494732774988176,-43.368448166745495,15.919275836642012,0.7328145136930709,1,15,15,126.57109745505969
ellipse,flank,10.0,30.0,11.0,25,179.7565438297175,75.57684596297,0.8494732774988176,-43.368448166745495,15.919275836642012,0.7328145136930709,1,15,15,126.57109745505969
ellipse,flank,10.0,30.0,11.0,26,179.7565438297175,75.57684596297,0.8494732774988176,-43.368448166745495,15.919275836642012,0.7328145136930709,1,15,15,126.57109745505969
ellipse,flank,10.0,30.0,11.0,27,179.7565438297175,75.57684596297,0.8494732774988176,-43.368448166745495,15.919275836642012,0.7328145136930709,1,15,15,126.57109745505969
ellipse,flank,10.0,30.0,11.0,28,179.7565438297175,75.57684596297,0.8494732774988176,-43.368448166745495,15.919275836642012,0.7328145136930709,1,15,15,126.57109745505969
ellipse,flank,10.0,30.0,11.0,29,179.7565438297175,75.57684596297,0.8494732774988176,-43.368448166745495,15.919275836642012,0.7328145136930709,1,15,15,126.57109745505969
ellipse,flank,10.0,30.0,11.0,30,179.7565438297175,75.57684596297,0.8494732774988176,-43.368448166745495,15.919275836642012,0.7328145136930709,1,15,15,126.57109745505969
ellipse,flank,10.0,30.0,78.5,1,175.80991381526889,71.63021594852087,0.8414063238233425,-43.90624507844383,14.818457890935507,0.7328145136930709,1,15,15,126.57109745505969
ellipse,flank,10.0,30.0,78.5,2,175.80991381526889,71.63021594852087,0.8414063238233425,-43.90624507844383,14.818457890935507,0.7328145136930709,1,15,15,126.57109745505969
ellipse,flank,10.0,30.0,78.5,3,175.80991381526889,71.63021594852087,0.8414063238233425,-43.90624507844383,14.818457890935507,0.7328145136930709,1,15,15,126.57109745505969
ellipse,flank,10.0,30.0,78.5,4,175.80991381526889,71.63021594852087,0.8414063238233425,-43.90624507844383,14.818457890935507,0.7328145136930709,1,15,15,126.57109745505969
ellipse,flank,10.0,30.0,78.5,5,175.80991381526889,71.63021594852087,0.8414063238233425,-43.90624507844383,14.818457890935507,0.7328145136930709,1,15,15,126.57109745505969
ellipse,flank,10.0,30.0,78.5,6,175.80991381526889,71.63021594852087,0.8414063238233425,-43.90624507844383,14.818457890935507,0.7328145136930709,1,15,15,126.57109745505969
ellipse,flank,10.0,30.0,78.5,7,175.80991381526889,71.63021594852087,0.8414063238233425,-43.90624507844383,14.818457890935507,0.7328145136930709,1,15,15,126.57109745505969
ellipse,flank,10.0,30.0,78.5,8,175.80991381526889,71.63021594852087,0.8414063238233425,-43.90624507844383,14.818457890935507,0.7328145136930709,1,15,15,126.57109745505969
ellipse,flank,10.0,30.0,78.5,9,175.80991381526889,71.63021594852087,0.8414063238233425,-43.90624507844383,14.818457890935507,0.7328145136930709,1,15,15,126.57109745505969
ellipse,flank,10.0,30.0,78.5,10,175.80991381526889,71.63021594852087,0.8414063238233425,-43.90624507844383,14.818457890935507,0.7328145136930709,1,15,15,126.57109745505969
ellipse,flank,10.0,30.0,78.5,11,175.80991381526889,71.63021594852087,0.8414063238233425,-43.90624507844383,14.818457890935507,0.7328145136930709,1,15,15,126.57109745505969
ellipse,flank,10.0,30.0,78.5,12,175.80991381526889,71.63021594852087,0.8414063238233425,-43.90624507844383,14.818457890935507,0.7328145136930709,1,15,15,126.57109745505969
ellipse,flank,10.0,30.0,78.5,13,175.80991381526889,71.63021594852087,0.8414063238233425,-43.90624507844383,14.818457890935507,0.7328145136930709,1,15,15,126.57109745505969
ellipse,flank,10.0,30.0,78.5,14,175.80991381526889,71.63021594852087,0.8414063238233425,-43.90624507844383,14.818457890935507,0.7328145136930709,1,15,15,126.57109745505969
ellipse,flank,10.0,30.0,78.5,15,175.80991381526889,71.63021594852087,0.8414063238233425,-43.90624507844383,14.818457890935507,0.7328145136930709,1,15,15,126.57109745505969
ellipse,flank,10.0,30.0,78.5,16,175.80991381526889,71.63021594852087,0.8414063238233425,-43.90624507844383,14.818457890935507,0.7328145136930709,1,15,15,126.57109745505969
ellipse,flank,10.0,30.0,78.5,17,175.80991381526889,71.63021594852087,0.8414063238233425,-43.90624507844383,14.818457890935507,0.7328145136930709,1,15,15,126.57109745505969
ellipse,flank,10.0,30.0,78.5,18,175.80991381526889,71.63021594852087,0.8414063238233425,-43.90624507844383,14.818457890935507,0.7328145136930709,1,15,15,126.57109745505969
ellipse,flank,10.0,30.0,78.5,19,175.80991381526889,71.63021594852087,0.8414063238233425,-43.90624507844383,14.818457890935507,0.7328145136930709,1,15,15,126.57109745505969
ellipse,flank,10.0,30.0,78.5,20,175.80991381526889,71.63021594852087,0.8414063238233425,-43.90624507844383,14.818457890935507,0.7328145136930709,1,15,15,126.57109745505969
ellipse,flank,10.0,30.0,78.5,21,175.80991381526889,71.63021594852087,0.8414063238233425,-43.90624507844383,14.818457890935507,0.7328145136930709,1,15,15,126.57109745505969
ellipse,flank,10.0,30.0,78.5,22,175.80991381526889,71.63021594852087,0.8414063238233425,-43.90624507844383,14.818457890935507,0.7328145136930709,1,15,15,126.57109745505969
ellipse,flank,10.0,30.0,78.5,23,175.80991381526889,71.63021594852087,0.8414063238233425,-43.90624507844383,14.818457890935507,0.7328145136930709,1,15,15,126.57109745505969
ellipse,flank,10.0,30.0,78.5,24,175.80991381526889,71.63021594852087,0.8414063238233425,-43.90624507844383,14.818457890935507,0.7328145136930709,1,15,15,126.57109745505969
ellipse,flank,10.0,30.0,78.5,25,175.80991381526889,71.63021594852087,0.8414063238233425,-43.90624507844383,14.818457890935507,0.7328145136930709,1,15,15,126.57109745505969
ellipse,flank,10.0,30.0,78.5,26,175.80991381526889,71.63021594852087,0.8414063238233425,-43.90624507844383,14.818457890935507,0.7328145136930709,1,15,15,126.57109745505969
ellipse,flank,10.0,30.0,78.5,27,175.80991381526889,71.63021594852087,0.8414063238233425,-43.90624507844383,14.818457890935507,0.7328145136930709,1,15,15,126.57109745505969
ellipse,flank,10.0,30.0,78.5,28,175.80991381526889,71.63021594852087,0.8414063238233425,-43.90624507844383,14.818457890935507,0.7328145136930709,1,15,15,126.57109745505969
ellipse,flank,10.0,30.0,78.5,29,175.80991381526889,71.63021594852087,0.8414063238233425,-43.90624507844383,14.818457890935507,0.7328145136930709,1,15,15,126.57109745505969
ellipse,flank,10.0,30.0,78.5,30,175.80991381526889,71.63021594852087,0.8414063238233425,-43.90624507844383,14.818457890935507,0.7328145136930709,1,15,15,126.57109745505969
ellipse,flank,10.0,60.0,0.0,1,164.84937568718846,85.72320309807321,0.0905142339178729,-93.96571773880848,-86.90461096670778,0.6911916376654402,1,15,15,174.22893530189194
ellipse,flank,10.0,60.0,0.0,2,164.84937568718846,85.72320309807321,0.0905142339178729,-93.96571773880848,-86.90461096670778,0.6911916376654402,1,15,15,174.22893530189194
ellipse,flank,10.0,60.0,0.0,3,164.84937568718846,85.72320309807321,0.0905142339178729,-93.96571773880848,-86.90461096670778,0.6911916376654402,1,15,15,174.22893530189194
ellipse,flank,10.0,60.0,0.0,4,164.84937568718846,85.72320309807321,0.0905142339178729,-93.96571773880848,-86.90461096670778,0.6911916376654402,1,15,15,174.22893530189194
ellipse,flank,10.0,60.0,0.0,5,164.84937568718846,85.72320309807321,0.0905142339178729,-93.96571773880848,-86.90461096670778,0.6911916376654402,1,15,15,174.22893530189194
ellipse,flank,10.0,60.0,0.0,6,164.84937568718846,85.72320309807321,0.0905142339178729,-93.96571773880848,-86.90461096670778,0.6911916376654402,1,15,15,174.22893530189194
ellipse,flank,10.0,60.0,0.0,7,164.84937568718846,85.72320309807321,0.0905142339178729,-93.96571773880848,-86.90461096670778,0.6911916376654402,1,15,15,174.22893530189194
ellipse,flank,10.0,60.0,0.0,8,164.84937568718846,85.72320309807321,0.0905142339178729,-93.96571773880848,-86.90461096670778,0.6911916376654402,1,15,15,174.22893530189194
ellipse,flank,10.0,60.0,0.0,9,164.84937568718846,85.72320309807321,0.0905142339178729,-93.96571773880848,-86.90461096670778,0.6911916376654402,1,15,15,174.22893530189194
ellipse,flank,10.0,60.0,0.0,10,164.84937568718846,85.72320309807321,0.0905142339178729,-93.96571773880848,-86.90461096670778,0.6911916376654402,1,15,15,174.22893530189194
ellipse,flank,10.0,60.0,0.0,11,164.84937568718846,85.72320309807321,0.0905142339178729,-93.96571773880848,-86.90461096670778,0.6911916376654402,1,15,15,174.22893530189194
ellipse,flank,10.0,60.0,0.0,12,164.84937568718846,85.72320309807321,0.0905142339178729,-93.96571773880848,-86.90461096670778,0.6911916376654402,1,15,15,174.22893530189194
ellipse,flank,10.0,60.0,0.0,13,164.84937568718846,85.72320309807321,0.0905142339178729,-93.96571773880848,-86.90461096670778,0.6911916376654402,1,15,15,174.22893530189194
ellipse,flank,10.0,60.0,0.0,14,164.84937568718846,85.72320309807321,0.0905142339178729,-93.96571773880848,-86.90461096670778,0.6911916376654402,1,15,15,174.22893530189194
ellipse,flank,10.0,60.0,0.0,15,164.84937568718846,85.72320309807321,0.0905142339178729,-93.96571773880848,-86.90461096670778,0.6911916376654402,1,15,15,174.22893530189194
ellipse,flank,10.0,60.0,0.0,16,164.84937568718846,85.72320309807321,0.0905142339178729,-93.96571773880848,-86.90461096670778,0.6911916376654402,1,15,15,174.22893530189194
ellipse,flank,10.0,60.0,0.0,17,164.84937568718846,85.72320309807321,0.0905142339178729,-93.96571773880848,-86.90461096670778,0.6911916376654402,1,15,15,174.22893530189194
ellipse,flank,10.0,60.0,0.0,18,164.84937568718846,85.72320309807321,0.0905142339178729,-93.96571773880848,-86.90461096670778,0.6911916376654402,1,15,15,174.22893530189194
ellipse,flank,10.0,60.0,0.0,19,164.84937568718846,85.72320309807321,0.0905142339178729,-93.96571773880848,-86.90461096670778,0.6911916376654402,1,15,15,174.22893530189194
ellipse,flank,10.0,60.0,0.0,20,164.84937568718846,85.72320309807321,0.0905142339178729,-93.96571773880848,-86.90461096670778,0.6911916376654402,1,15,15,174.22893530189194
ellipse,flank,10.0,60.0,0.0,21,164.84937568718846,85.72320309807321,0.0905142339178729,-93.96571773880848,-86.90461096670778,0.6911916376654402,1,15,15,174.22893530189194
ellipse,flank,10.0,60.0,0.0,22,164.84937568718846,85.72320309807321,0.0905142339178729,-93.96571773880848,-86.90461096670778,0.6911916376654402,1,15,15,174.22893530189194
ellipse,flank,10.0,60.0,0.0,23,164.84937568718846,85.72320309807321,0.0905142339178729,-93.96571773880848,-86.90461096670778,0.6911916376654402,1,15,15,174.22893530189194
ellipse,flank,10.0,60.0,0.0,24,164.84937568718846,85.72320309807321,0.0905142339178729,-93.96571773880848,-86.90461096670778,0.6911916376654402,1,15,15,174.22893530189194
ellipse,flank,10.0,60.0,0.0,25,164.84937568718846,85.72320309807321,0.0905142339178729,-93.96571773880848,-86.90461096670778,0.6911916376654402,1,15,15,174.22893530189194
ellipse,flank,10.0,60.0,0.0,26,164.84937568718846,85.72320309807321,0.0905142339178729,-93.96571773880848,-86.90461096670778,0.6911916376654402,1,15,15,174.22893530189194
ellipse,flank,10.0,60.0,0.0,27,164.84937568718846,85.72320309807321,0.0905142339178729,-93.96571773880848,-86.90461096670778,0.6911916376654402,1,15,15,174.22893530189194
ellipse,flank,10.0,60.0,0.0,28,164.84937568718846,85.72320309807321,0.0905142339178729,-93.96571773880848,-86.90461096670778,0.6911916376654402,1,15,15,174.22893530189194
ellipse,flank,10.0,60.0,0.0,29,164.84937568718846,85.72320309807321,0.0905142339178729,-93.96571773880848,-86.90461096670778,0.6911916376654402,1,15,15,174.22893530189194
ellipse,flank,10.0,60.0,0.0,30,164.84937568718846,85.72320309807321,0.0905142339178729,-93.96571773880848,-86.90461096670778,0.6911916376654402,1,15,15,174.22893530189194
ellipse,flank,10.0,60.0,11.0,1,164.85775003009624,85.71482875516537,0.08291804477927096,-94.4721303480486,-88.00360995984646,0.6911916376654402,1,15,15,174.22893530189194
ellipse,flank,10.0,60.0,11.0,2,164.85775003009624,85.71482875516537,0.08291804477927096,-94.4721303480486,-88.00360995984646,0.6911916376654402,1,15,15,174.22893530189194
ellipse,flank,10.0,60.0,11.0,3,164.85775003009624,85.71482875516537,0.08291804477927096,-94.4721303480486,-88.00360995984646,0.6911916376654402,1,15,15,174.22893530189194
ellipse,flank,10.0,60.0,11.0,4,164.85775003009624,85.71482875516537,0.08291804477927096,-94.4721303480486,-88.00360995984646,0.6911916376654402,1,15,15,174.22893530189194
ellipse,flank,10.0,60.0,11.0,5,164.85775003009624,85.71482875516537,0.08291804477927096,-94.4721303480486,-88.00360995984646,0.6911916376654402,1,15,15,174.22893530189194
ellipse,flank,10.0,60.0,11.0,6,164.85775003009624,85.71482875516537,0.08291804477927096,-94.4721303480486,-88.00360995984646,0.6911916376654402,1,15,15,174.22893530189194
ellipse,flank,10.0,60.0,11.0,7,164.85775003009624,85.71482875516537,0.08291804477927096,-94.4721303480486,-88.00360995984646,0.6911916376654402,1,15,15,174.22893530189194
ellipse,flank,10.0,60.0,11.0,8,164.85775003009624,85.71482875516537,0.08291804477927096,-94.4721303480486,-88.00360995984646,0.6911916376654402,1,15,15,174.22893530189194
ellipse,flank,10.0,60.0,11.0,9,164.85775003009624,85.71482875516537,0.08291804477927096,-94.4721303480486,-88.00360995984646,0.6911916376654402,1,15,15,174.22893530189194
ellipse,flank,10.0,60.0,11.0,10,164.85775003009624,85.71482875516537,0.08291804477927096,-94.4721303480486,-88.00360995984646,0.6911916376654402,1,15,15,174.22893530189194
ellipse,flank,10.0,60.0,11.0,11,164.85775003009624,85.71482875516537,0.08291804477927096,-94.4721303480486,-88.00360995984646,0.6911916376654402,1,15,15,174.22893530189194
ellipse,flank,10.0,60.0,11.0,12,164.85775003009624,85.71482875516537,0.08291804477927096,-94.4721303480486,-88.00360995984646,0.6911916376654402,1,15,15,174.22893530189194
ellipse,flank,10.0,60.0,11.0,13,164.85775003009624,85.71482875516537,0.08291804477927096,-94.4721303480486,-88.00360995984646,0.6911916376654402,1,15,15,174.22893530189194
ellipse,flank,10.0,60.0,11.0,14,164.85775003009624,85.71482875516537,0.08291804477927096,-94.4721303480486,-88.00360995984646,0.6911916376654402,1,15,15,174.22893530189194
ellipse,flank,10.0,60.0,11.0,15,164.85775003009624,85.71482875516537,0.08291804477927096,-94.4721303480486,-88.00360995984646,0.6911916376654402,1,15,15,174.22893530189194
ellipse,flank,10.0,60.0,11.0,16,164.85775003009624,85.71482875516537,0.08291804477927096,-94.4721303480486,-88.00360995984646,0.6911916376654402,1,15,15,174.22893530189194
ellipse,flank,10.0,60.0,11.0,17,164.85775003009624,85.71482875516537,0.08291804477927096,-94.4721303480486,-88.00360995984646,0.6911916376654402,1,15,15,174.22893530189194
ellipse,flank,10.0,60.0,11.0,18,164.85775003009624,85.71482875516537,0.08291804477927096,-94.4721303480486,-88.00360995984646,0.6911916376654402,1,15,15,174.22893530189194
ellipse,flank,10.0,60.0,11.0,19,164.85775003009624,85.71482875516537,0.08291804477927096,-94.4721303480486,-88.00360995984646,0.6911916376654402,1,15,15,174.22893530189194
ellipse,flank,10.0,60.0,11.0,20,164.85775003009624,85.71482875516537,0.08291804477927096,-94.4721303480486,-88.00360995984646,0.6911916376654402,1,15,15,174.22893530189194
ellipse,flank,10.0,60.0,11.0,21,164.85775003009624,85.71482875516537,0.08291804477927096,-94.4721303480486,-88.00360995984646,0.6911916376654402,1,15,15,174.22893530189194
ellipse,flank,10.0,60.0,11.0,22,164.85775003009624,85.71482875516537,0.08291804477927096,-94.4721303480486,-88.00360995984646,0.6911916376654402,1,15,15,174.22893530189194
ellipse,flank,10.0,60.0,11.0,23,164.85775003009624,85.71482875516537,0.08291804477927096,-94.4721303480486,-88.00360995984646,0.6911916376654402,1,15,15,174.22893530189194
ellipse,flank,10.0,60.0,11.0,24,164.85775003009624,85.71482875516537,0.08291804477927096,-94.4721303480486,-88.00360995984646,0.6911916376654402,1,15,15,174.22893530189194
ellipse,flank,10.0,60.0,11.0,25,164.85775003009624,85.71482875516537,0.08291804477927096,-94.4721303480486,-88.00360995984646,0.6911916376654402,1,15,15,174.22893530189194
ellipse,flank,10.0,60.0,11.0,26,164.85775003009624,85.71482875516537,0.08291804477927096,-94.4721303480486,-88.00360995984646,0.6911916376654402,1,15,15,174.22893530189194
ellipse,flank,10.0,60.0,11.0,27,164.85775003009624,85.71482875516537,0.08291804477927096,-94.4721303480486,-88.00360995984646,0.6911916376654402,1,15,15,174.22893530189194
ellipse,flank,10.0,60.0,11.0,28,164.85775003009624,85.71482875516537,0.08291804477927096,-94.4721303480486,-88.00360995984646,0.6911916376654402,1,15,15,174.22893530189194
ellipse,flank,10.0,60.0,11.0,29,164.85775003009624,85.71482875516537,0.08291804477927096,-94.4721303480486,-88.00360995984646,0.6911916376654402,1,15,15,174.22893530189194
ellipse,flank,10.0,60.0,11.0,30,164.85775003009624,85.71482875516537,0.08291804477927096,-94.4721303480486,-88.00360995984646,0.6911916376654402,1,15,15,174.22893530189194
ellipse,flank,10.0,60.0,78.5,1,164.88316902349644,85.6894097617652,0.06966341598087943,-95.35577226794138,-89.92125885432097,0.6911916376654402,1,15,15,174.22893530189194
ellipse,flank,10.0,60.0,78.5,2,164.88316902349644,85.6894097617652,0.06966341598087943,-95.35577226794138,-89.92125885432097,0.6911916376654402,1,15,15,174.22893530189194
ellipse,flank,10.0,60.0,78.5,3,164.88316902349644,85.6894097617652,0.06966341598087943,-95.35577226794138,-89.92125885432097,0.6911916376654402,1,15,15,174.22893530189194
ellipse,flank,10.0,60.0,78.5,4,164.88316902349644,85.6894097617652,0.06966341598087943,-95.35577226794138,-89.92125885432097,0.6911916376654402,1,15,15,174.22893530189194
ellipse,flank,10.0,60.0,78.5,5,164.88316902349644,85.6894097617652,0.06966341598087943,-95.35577226794138,-89.92125885432097,0.6911916376654402,1,15,15,174.22893530189194
ellipse,flank,10.0,60.0,78.5,6,164.88316902349644,85.6894097617652,0.06966341598087943,-95.35577226794138,-89.92125885432097,0.6911916376654402,1,15,15,174.22893530189194
ellipse,flank,10.0,60.0,78.5,7,164.88316902349644,85.6894097617652,0.06966341598087943,-95.35577226794138,-89.92125885432097,0.6911916376654402,1,15,15,174.22893530189194
ellipse,flank,10.0,60.0,78.5,8,164.88316902349644,85.6894097617652,0.06966341598087943,-95.35577226794138,-89.92125885432097,0.6911916376654402,1,15,15,174.22893530189194
ellipse,flank,10.0,60.0,78.5,9,164.88316902349644,85.6894097617652,0.06966341598087943,-95.35577226794138,-89.92125885432097,0.6911916376654402,1,15,15,174.22893530189194
ellipse,flank,10.0,60.0,78.5,10,164.88316902349644,85.6894097617652,0.06966341598087943,-95.35577226794138,-89.92125885432097,0.6911916376654402,1,15,15,174.22893530189194
ellipse,flank,10.0,60.0,78.5,11,164.88316902349644,85.6894097617652,0.06966341598087943,-95.35577226794138,-89.92125885432097,0.6911916376654402,1,15,15,174.22893530189194
ellipse,flank,10.0,60.0,78.5,12,164.88316902349644,85.6894097617652,0.06966341598087943,-95.35577226794138,-89.92125885432097,0.6911916376654402,1,15,15,174.22893530189194
ellipse,flank,10.0,60.0,78.5,13,164.88316902349644,85.6894097617652,0.06966341598087943,-95.35577226794138,-89.92125885432097,0.6911916376654402,1,15,15,174.22893530189194
ellipse,flank,10.0,60.0,78.5,14,164.88316902349644,85.6894097617652,0.06966341598087943,-95.35577226794138,-89.92125885432097,0.6911916376654402,1,15,15,174.22893530189194
ellipse,flank,10.0,60.0,78.5,15,164.88316902349644,85.6894097617652,0.06966341598087943,-95.35577226794138,-89.92125885432097,0.6911916376654402,1,15,15,174.22893530189194
ellipse,flank,10.0,60.0,78.5,16,164.88316902349644,85.6894097617652,0.06966341598087943,-95.35577226794138,-89.92125885432097,0.6911916376654402,1,15,15,174.22893530189194
ellipse,flank,10.0,60.0,78.5,17,164.88316902349644,85.6894097617652,0.06966341598087943,-95.35577226794138,-89.92125885432097,0.6911916376654402,1,15,15,174.22893530189194
ellipse,flank,10.0,60.0,78.5,18,164.88316902349644,85.6894097617652,0.06966341598087943,-95.35577226794138,-89.92125885432097,0.6911916376654402,1,15,15,174.22893530189194
ellipse,flank,10.0,60.0,78.5,19,164.88316902349644,85.6894097617652,0.06966341598087943,-95.35577226794138,-89.92125885432097,0.6911916376654402,1,15,15,174.22893530189194
ellipse,flank,10.0,60.0,78.5,20,164.88316902349644,85.6894097617652,0.06966341598087943,-95.35577226794138,-89.92125885432097,0.6911916376654402,1,15,15,174.22893530189194
ellipse,flank,10.0,60.0,78.5,21,164.88316902349644,85.6894097617652,0.06966341598087943,-95.35577226794138,-89.92125885432097,0.6911916376654402,1,15,15,174.22893530189194
ellipse,flank,10.0,60.0,78.5,22,164.88316902349644,85.6894097617652,0.06966341598087943,-95.35577226794138,-89.92125885432097,0.6911916376654402,1,15,15,174.22893530189194
ellipse,flank,10.0,60.0,78.5,23,164.88316902349644,85.6894097617652,0.06966341598087943,-95.35577226794138,-89.92125885432097,0.6911916376654402,1,15,15,174.22893530189194
ellipse,flank,10.0,60.0,78.5,24,164.88316902349644,85.6894097617652,0.06966341598087943,-95.35577226794138,-89.92125885432097,0.6911916376654402,1,15,15,174.22893530189194
ellipse,flank,10.0,60.0,78.5,25,164.88316902349644,85.6894097617652,0.06966341598087943,-95.35577226794138,-89.92125885432097,0.6911916376654402,1,15,15,174.22893530189194
ellipse,flank,10.0,60.0,78.5,26,164.88316902349644,85.6894097617652,0.06966341598087943,-95.35577226794138,-89.92125885432097,0.6911916376654402,1,15,15,174.22893530189194
ellipse,flank,10.0,60.0,78.5,27,164.88316902349644,85.6894097617652,0.06966341598087943,-95.35577226794138,-89.92125885432097,0.6911916376654402,1,15,15,174.22893530189194
ellipse,flank,10.0,60.0,78.5,28,164.88316902349644,85.6894097617652,0.06966341598087943,-95.35577226794138,-89.92125885432097,0.6911916376654402,1,15,15,174.22893530189194
ellipse,flank,10.0,60.0,78.5,29,164.88316902349644,85.6894097617652,0.06966341598087943,-95.35577226794138,-89.92125885432097,0.6911916376654402,1,15,15,174.22893530189194
ellipse,flank,10.0,60.0,78.5,30,164.88316902349644,85.6894097617652,0.06966341598087943,-95.35577226794138,-89.92125885432097,0.6911916376654402,1,15,15,174.22893530189194
ellipse,flank,10.0,120.0,0.0,1,164.93401203712506,82.08384243611842,0.04393990974704406,-97.07067268353039,-93.40467844803952,0.6662284681780649,1,15,15,269.8781780628148
ellipse,flank,10.0,120.0,0.0,2,164.93401203712506,82.08384243611842,0.04393990974704406,-97.07067268353039,-93.40467844803952,0.6662284681780649,1,15,15,269.8781780628148
ellipse,flank,10.0,120.0,0.0,3,164.93401203712506,82.08384243611842,0.04393990974704406,-97.07067268353039,-93.40467844803952,0.6662284681780649,1,15,15,269.8781780628148
ellipse,flank,10.0,120.0,0.0,4,164.93401203712506,82.08384243611842,0.04393990974704406,-97.07067268353039,-93.40467844803952,0.6662284681780649,1,15,15,269.8781780628148
ellipse,flank,10.0,120.0,0.0,5,164.93401203712506,82.08384243611842,0.04393990974704406,-97.07067268353039,-93.40467844803952,0.6662284681780649,1,15,15,269.8781780628148
ellipse,flank,10.0,120.0,0.0,6,164.93401203712506,82.08384243611842,0.04393990974704406,-97.07067268353039,-93.40467844803952,0.6662284681780649,1,15,15,269.8781780628148
ellipse,flank,10.0,120.0,0.0,7,164.93401203712506,82.08384243611842,0.04393990974704406,-97.07067268353039,-93.40467844803952,0.6662284681780649,1,15,15,269.8781780628148
ellipse,flank,10.0,120.0,0.0,8,164.93401203712506,82.08384243611842,0.04393990974704406,-97.07067268353039,-93.40467844803952,0.6662284681780649,1,15,15,269.8781780628148
ellipse,flank,10.0,120.0,0.0,9,164.93401203712506,82.08384243611842,0.04393990974704406,-97.07067268353039,-93.40467844803952,0.6662284681780649,1,15,15,269.8781780628148
ellipse,flank,10.0,120.0,0.0,10,164.93401203712506,82.08384243611842,0.04393990974704406,-97.07067268353039,-93.40467844803952,0.6662284681780649,1,15,15,269.8781780628148
ellipse,flank,10.0,120.0,0.0,11,164.93401203712506,82.08384243611842,0.04393990974704406,-97.07067268353039,-93.40467844803952,0.6662284681780649,1,15,15,269.8781780628148
ellipse,flank,10.0,120.0,0.0,12,164.93401203712506,82.08384243611842,0.04393990974704406,-97.07067268353039,-93.40467844803952,0.6662284681780649,1,15,15,269.8781780628148
ellipse,flank,10.0,120.0,0.0,13,164.93401203712506,82.08384243611842,0.04393990974704406,-97.07067268353039,-93.40467844803952,0.6662284681780649,1,15,15,269.8781780628148
ellipse,flank,10.0,120.0,0.0,14,164.93401203712506,82.08384243611842,0.04393990974704406,-97.07067268353039,-93.40467844803952,0.6662284681780649,1,15,15,269.8781780628148
ellipse,flank,10.0,120.0,0.0,15,164.93401203712506,82.08384243611842,0.04393990974704406,-97.07067268353039,-93.40467844803952,0.6662284681780649,1,15,15,269.8781780628148
ellipse,flank,10.0,120.0,0.0,16,164.93401203712506,82.08384243611842,0.04393990974704406,-97.07067268353039,-93.40467844803952,0.6662284681780649,1,15,15,269.8781780628148
ellipse,flank,10.0,120.0,0.0,17,164.93401203712506,82.08384243611842,0.04393990974704406,-97.07067268353039,-93.40467844803952,0.6662284681780649,1,15,15,269.8781780628148
ellipse,flank,10.0,120.0,0.0,18,164.93401203712506,82.08384243611842,0.04393990974704406,-97.07067268353039,-93.40467844803952,0.6662284681780649,1,15,15,269.8781780628148
ellipse,flank,10.0,120.0,0.0,19,164.93401203712506,82.08384243611842,0.04393990974704406,-97.07067268353039,-93.40467844803952,0.6662284681780649,1,15,15,269.8781780628148
ellipse,flank,10.0,120.0,0.0,20,164.93401203712506,82.08384243611842,0.04393990974704406,-97.07067268353039,-93.40467844803952,0.6662284681780649,1,15,15,269.8781780628148
ellipse,flank,10.0,120.0,0.0,21,164.93401203712506,82.08384243611842,0.04393990974704406,-97.07067268353039,-93.40467844803952,0.6662284681780649,1,15,15,269.8781780628148
ellipse,flank,10.0,120.0,0.0,22,164.93401203712506,82.08384243611842,0.04393990974704406,-97.07067268353039,-93.40467844803952,0.6662284681780649,1,15,15,269.8781780628148
ellipse,flank,10.0,120.0,0.0,23,164.93401203712506,82.08384243611842,0.04393990974704406,-97.07067268353039,-93.40467844803952,0.6662284681780649,1,15,15,269.8781780628148
ellipse,flank,10.0,120.0,0.0,24,164.93401203712506,82.08384243611842,0.04393990974704406,-97.07067268353039,-93.40467844803952,0.6662284681780649,1,15,15,269.8781780628148
ellipse,flank,10.0,120.0,0.0,25,164.93401203712506,82.08384243611842,0.04393990974704406,-97.07067268353039,-93.40467844803952,0.6662284681780649,1,15,15,269.8781780628148
ellipse,flank,10.0,120.0,0.0,26,164.93401203712506,82.08384243611842,0.04393990974704406,-97.07067268353039,-93.40467844803952,0.6662284681780649,1,15,15,269.8781780628148
ellipse,flank,10.0,120.0,0.0,27,164.93401203712506,82.08384243611842,0.04393990974704406,-97.07067268353039,-93.40467844803952,0.6662284681780649,1,15,15,269.8781780628148
ellipse,flank,10.0,120.0,0.0,28,164.93401203712506,82.08384243611842,0.04393990974704406,-97.07067268353039,-93.40467844803952,0.6662284681780649,1,15,15,269.8781780628148
ellipse,flank,10.0,120.0,0.0,29,164.93401203712506,82.08384243611842,0.04393990974704406,-97.07067268353039,-93.40467844803952,0.6662284681780649,1,15,15,269.8781780628148
ellipse,flank,10.0,120.0,0.0,30,164.93401203712506,82.08384243611842,0.04393990974704406,-97.07067268353039,-93.40467844803952,0.6662284681780649,1,15,15,269.8781780628148
ellipse,flank,10.0,120.0,11.0,1,164.93820822270587,82.07964625053765,0.042081204371271844,-97.19458637524853,-93.68366763336438,0.6662284681780649,1,15,15,269.8781780628148
ellipse,flank,10.0,120.0,11.0,2,164.93820822270587,82.07964625053765,0.042081204371271844,-97.19458637524853,-93.68366763336438,0.6662284681780649,1,15,15,269.8781780628148
ellipse,flank,10.0,120.0,11.0,3,164.93820822270587,82.07964625053765,0.042081204371271844,-97.19458637524853,-93.68366763336438,0.6662284681780649,1,15,15,269.8781780628148
ellipse,flank,10.0,120.0,11.0,4,164.93820822270587,82.07964625053765,0.042081204371271844,-97.19458637524853,-93.68366763336438,0.6662284681780649,1,15,15,269.8781780628148
ellipse,flank,10.0,120.0,11.0,5,164.93820822270587,82.07964625053765,0.042081204371271844,-97.19458637524853,-93.68366763336438,0.6662284681780649,1,15,15,269.8781780628148
ellipse,flank,10.0,120.0,11.0,6,164.93820822270587,82.07964625053765,0.042081204371271844,-97.19458637524853,-93.68366763336438,0.6662284681780649,1,15,15,269.8781780628148
ellipse,flank,10.0,120.0,11.0,7,164.93820822270587,82.07964625053765,0.042081204371271844,-97.19458637524853,-93.68366763336438,0.6662284681780649,1,15,15,269.8781780628148
ellipse,flank,10.0,120.0,11.0,8,164.93820822270587,82.07964625053765,0.042081204371271844,-97.19458637524853,-93.68366763336438,0.6662284681780649,1,15,15,269.8781780628148
ellipse,flank,10.0,120.0,11.0,9,164.93820822270587,82.07964625053765,0.042081204371271844,-97.19458637524853,-93.68366763336438,0.6662284681780649,1,15,15,269.8781780628148
ellipse,flank,10.0,120.0,11.0,10,164.93820822270587,82.07964625053765,0.042081204371271844,-97.19458637524853,-93.68366763336438,0.6662284681780649,1,15,15,269.8781780628148
ellipse,flank,10.0,120.0,11.0,11,164.93820822270587,82.07964625053765,0.042081204371271844,-97.19458637524853,-93.68366763336438,0.6662284681780649,1,15,15,269.8781780628148
ellipse,flank,10.0,120.0,11.0,12,164.93820822270587,82.07964625053765,0.042081204371271844,-97.19458637524853,-93.68366763336438,0.6662284681780649,1,15,15,269.8781780628148
ellipse,flank,10.0,120.0,11.0,13,164.93820822270587,82.07964625053765,0.042081204371271844,-97.19458637524853,-93.68366763336438,0.6662284681780649,1,15,15,269.8781780628148
ellipse,flank,10.0,120.0,11.0,14,164.93820822270587,82.07964625053765,0.042081204371271844,-97.19458637524853,-93.68366763336438,0.6662284681780649,1,15,15,269.8781780628148
ellipse,flank,10.0,120.0,11.0,15,164.93820822270587,82.07964625053765,0.042081204371271844,-97.19458637524853,-93.68366763336438,0.6662284681780649,1,15,15,269.8781780628148
ellipse,flank,10.0,120.0,11.0,16,164.93820822270587,82.07964625053765,0.042081204371271844,-97.19458637524853,-93.68366763336438,0.6662284681780649,1,15,15,269.8781780628148
ellipse,flank,10.0,120.0,11.0,17,164.93820822270587,82.07964625053765,0.042081204371271844,-97.19458637524853,-93.68366763336438,0.6662284681780649,1,15,15,269.8781780628148
ellipse,flank,10.0,120.0,11.0,18,164.93820822270587,82.07964625053765,0.042081204371271844,-97.19458637524853,-93.68366763336438,0.6662284681780649,1,15,15,269.8781780628148
ellipse,flank,10.0,120.0,11.0,19,164.93820822270587,82.07964625053765,0.042081204371271844,-97.19458637524853,-93.68366763336438,0.6662284681780649,1,15,15,269.8781780628148
ellipse,flank,10.0,120.0,11.0,20,164.93820822270587,82.07964625053765,0.042081204371271844,-97.19458637524853,-93.68366763336438,0.6662284681780649,1,15,15,269.8781780628148
ellipse,flank,10.0,120.0,11.0,21,164.93820822270587,82.07964625053765,0.042081204371271844,-97.19458637524853,-93.68366763336438,0.6662284681780649,1,15,15,269.8781780628148
ellipse,flank,10.0,120.0,11.0,22,164.93820822270587,82.07964625053765,0.042081204371271844,-97.19458637524853,-93.68366763336438,0.6662284681780649,1,15,15,269.8781780628148
ellipse,flank,10.0,120.0,11.0,23,164.93820822270587,82.07964625053765,0.042081204371271844,-97.19458637524853,-93.68366763336438,0.6662284681780649,1,15,15,269.8781780628148
ellipse,flank,10.0,120.0,11.0,24,164.93820822270587,82.07964625053765,0.042081204371271844,-97.19458637524853,-93.68366763336438,0.6662284681780649,1,15,15,269.8781780628148
ellipse,flank,10.0,120.0,11.0,25,164.93820822270587,82.07964625053765,0.042081204371271844,-97.19458637524853,-93.68366763336438,0.6662284681780649,1,15,15,269.8781780628148
ellipse,flank,10.0,120.0,11.0,26,164.93820822270587,82.07964625053765,0.042081204371271844,-97.19458637524853,-93.68366763336438,0.6662284681780649,1,15,15,269.8781780628148
ellipse,flank,10.0,120.0,11.0,27,164.93820822270587,82.07964625053765,0.042081204371271844,-97.19458637524853,-93.68366763336438,0.6662284681780649,1,15,15,269.8781780628148
ellipse,flank,10.0,120.0,11.0,28,164.93820822270587,82.07964625053765,0.042081204371271844,-97.19458637524853,-93.68366763336438,0.6662284681780649,1,15,15,269.8781780628148
ellipse,flank,10.0,120.0,11.0,29,164.93820822270587,82.07964625053765,0.042081204371271844,-97.19458637524853,-93.68366763336438,0.6662284681780649,1,15,15,269.8781780628148
ellipse,flank,10.0,120.0,11.0,30,164.93820822270587,82.07964625053765,0.042081204371271844,-97.19458637524853,-93.68366763336438,0.6662284681780649,1,15,15,269.8781780628148
ellipse,flank,10.0,120.0,78.5,1,164.94497223621872,82.07288223702474,0.038365352108675185,-97.44230985942166,-94.24141207691216,0.6662284681780649,1,15,15,269.8781780628148
ellipse,flank,10.0,120.0,78.5,2,164.94497223621872,82.07288223702474,0.038365352108675185,-97.44230985942166,-94.24141207691216,0.6662284681780649,1,15,15,269.8781780628148
ellipse,flank,10.0,120.0,78.5,3,164.94497223621872,82.07288223702474,0.038365352108675185,-97.44230985942166,-94.24141207691216,0.6662284681780649,1,15,15,269.8781780628148
ellipse,flank,10.0,120.0,78.5,4,164.94497223621872,82.07288223702474,0.038365352108675185,-97.44230985942166,-94.24141207691216,0.6662284681780649,1,15,15,269.8781780628148
ellipse,flank,10.0,120.0,78.5,5,164.94497223621872,82.07288223702474,0.038365352108675185,-97.44230985942166,-94.24141207691216,0.6662284681780649,1,15,15,269.8781780628148
ellipse,flank,10.0,120.0,78.5,6,164.94497223621872,82.07288223702474,0.038365352108675185,-97.44230985942166,-94.24141207691216,0.6662284681780649,1,15,15,269.8781780628148
ellipse,flank,10.0,120.0,78.5,7,164.94497223621872,82.07288223702474,0.038365352108675185,-97.44230985942166,-94.24141207691216,0.6662284681780649,1,15,15,269.8781780628148
ellipse,flank,10.0,120.0,78.5,8,164.94497223621872,82.07288223702474,0.038365352108675185,-97.44230985942166,-94.24141207691216,0.6662284681780649,1,15,15,269.8781780628148
ellipse,flank,10.0,120.0,78.5,9,164.94497223621872,82.07288223702474,0.038365352108675185,-97.44230985942166,-94.24141207691216,0.6662284681780649,1,15,15,269.8781780628148
ellipse,flank,10.0,120.0,78.5,10,164.94497223621872,82.07288223702474,0.038365352108675185,-97.44230985942166,-94.24141207691216,0.6662284681780649,1,15,15,269.8781780628148
ellipse,flank,10.0,120.0,78.5,11,164.94497223621872,82.07288223702474,0.038365352108675185,-97.44230985942166,-94.24141207691216,0.6662284681780649,1,15,15,269.8781780628148
ellipse,flank,10.0,120.0,78.5,12,164.94497223621872,82.07288223702474,0.038365352108675185,-97.44230985942166,-94.24141207691216,0.6662284681780649,1,15,15,269.8781780628148
ellipse,flank,10.0,120.0,78.5,13,164.94497223621872,82.07288223702474,0.038365352108675185,-97.44230985942166,-94.24141207691216,0.6662284681780649,1,15,15,269.8781780628148
ellipse,flank,10.0,120.0,78.5,14,164.94497223621872,82.07288223702474,0.038365352108675185,-97.44230985942166,-94.24141207691216,0.6662284681780649,1,15,15,269.8781780628148
ellipse,flank,10.0,120.0,78.5,15,164.94497223621872,82.07288223702474,0.038365352108675185,-97.44230985942166,-94.24141207691216,0.6662284681780649,1,15,15,269.8781780628148
ellipse,flank,10.0,120.0,78.5,16,164.94497223621872,82.07288223702474,0.038365352108675185,-97.44230985942166,-94.24141207691216,0.6662284681780649,1,15,15,269.8781780628148
ellipse,flank,10.0,120.0,78.5,17,164.94497223621872,82.07288223702474,0.038365352108675185,-97.44230985942166,-94.24141207691216,0.6662284681780649,1,15,15,269.8781780628148
ellipse,flank,10.0,120.0,78.5,18,164.94497223621872,82.07288223702474,0.038365352108675185,-97.44230985942166,-94.24141207691216,0.6662284681780649,1,15,15,269.8781780628148
ellipse,flank,10.0,120.0,78.5,19,164.94497223621872,82.07288223702474,0.038365352108675185,-97.44230985942166,-94.24141207691216,0.6662284681780649,1,15,15,269.8781780628148
ellipse,flank,10.0,120.0,78.5,20,164.94497223621872,82.07288223702474,0.038365352108675185,-97.44230985942166,-94.24141207691216,0.6662284681780649,1,15,15,269.8781780628148
ellipse,flank,10.0,120.0,78.5,21,164.94497223621872,82.07288223702474,0.038365352108675185,-97.44230985942166,-94.24141207691216,0.6662284681780649,1,15,15,269.8781780628148
ellipse,flank,10.0,120.0,78.5,22,164.94497223621872,82.07288223702474,0.038365352108675185,-97.44230985942166,-94.24141207691216,0.6662284681780649,1,15,15,269.8781780628148
ellipse,flank,10.0,120.0,78.5,23,164.94497223621872,82.07288223702474,0.038365352108675185,-97.44230985942166,-94.24141207691216,0.6662284681780649,1,15,15,269.8781780628148
ellipse,flank,10.0,120.0,78.5,24,164.94497223621872,82.07288223702474,0.038365352108675185,-97.44230985942166,-94.24141207691216,0.6662284681780649,1,15,15,269.8781780628148
ellipse,flank,10.0,120.0,78.5,25,164.94497223621872,82.07288223702474,0.038365352108675185,-97.44230985942166,-94.24141207691216,0.6662284681780649,1,15,15,269.8781780628148
ellipse,flank,10.0,120.0,78.5,26,164.94497223621872,82.07288223702474,0.038365352108675185,-97.44230985942166,-94.24141207691216,0.6662284681780649,1,15,15,269.8781780628148
ellipse,flank,10.0,120.0,78.5,27,164.94497223621872,82.07288223702474,0.038365352108675185,-97.44230985942166,-94.24141207691216,0.6662284681780649,1,15,15,269.8781780628148
ellipse,flank,10.0,120.0,78.5,28,164.94497223621872,82.07288223702474,0.038365352108675185,-97.44230985942166,-94.24141207691216,0.6662284681780649,1,15,15,269.8781780628148
ellipse,flank,10.0,120.0,78.5,29,164.94497223621872,82.07288223702474,0.038365352108675185,-97.44230985942166,-94.24141207691216,0.6662284681780649,1,15,15,269.8781780628148
ellipse,flank,10.0,120.0,78.5,30,164.94497223621872,82.07288223702474,0.038365352108675185,-97.44230985942166,-94.24141207691216,0.6662284681780649,1,15,15,269.8781780628148
ellipse,flank,20.0,30.0,0.0,1,,,,,,,0,15,15,296.61579702841937
ellipse,flank,20.0,30.0,0.0,2,,,,,,,0,15,15,296.61579702841937
ellipse,flank,20.0,30.0,0.0,3,,,,,,,0,15,15,296.61579702841937
ellipse,flank,20.0,30.0,0.0,4,,,,,,,0,15,15,296.61579702841937
ellipse,flank,20.0,30.0,0.0,5,,,,,,,0,15,15,296.61579702841937
ellipse,flank,20.0,30.0,0.0,6,,,,,,,0,15,15,296.61579702841937
ellipse,flank,20.0,30.0,0.0,7,,,,,,,0,15,15,296.61579702841937
ellipse,flank,20.0,30.0,0.0,8,,,,,,,0,15,15,296.61579702841937
ellipse,flank,20.0,30.0,0.0,9,,,,,,,0,15,15,296.61579702841937
ellipse,flank,20.0,30.0,0.0,10,,,,,,,0,15,15,296.61579702841937
ellipse,flank,20.0,30.0,0.0,11,,,,,,,0,15,15,296.61579702841937
ellipse,flank,20.0,30.0,0.0,12,,,,,,,0,15,15,296.61579702841937
ellipse,flank,20.0,30.0,0.0,13,,,,,,,0,15,15,296.61579702841937
ellipse,flank,20.0,30.0,0.0,14,,,,,,,0,15,15,296.61579702841937
ellipse,flank,20.0,30.0,0.0,15,,,,,,,0,15,15,296.61579702841937
ellipse,flank,20.0,30.0,0.0,16,,,,,,,0,15,15,296.61579702841937
ellipse,flank,20.0,30.0,0.0,17,,,,,,,0,15,15,296.61579702841937
ellipse,flank,20.0,30.0,0.0,18,,,,,,,0,15,15,296.61579702841937
ellipse,flank,20.0,30.0,0.0,19,,,,,,,0,15,15,296.61579702841937
ellipse,flank,20.0,30.0,0.0,20,,,,,,,0,15,15,296.61579702841937
ellipse,flank,20.0,30.0,0.0,21,,,,,,,0,15,15,296.61579702841937
ellipse,flank,20.0,30.0,0.0,22,,,,,,,0,15,15,296.61579702841937
ellipse,flank,20.0,30.0,0.0,23,,,,,,,0,15,15,296.61579702841937
ellipse,flank,20.0,30.0,0.0,24,,,,,,,0,15,15,296.61579702841937
ellipse,flank,20.0,30.0,0.0,25,,,,,,,0,15,15,296.61579702841937
ellipse,flank,20.0,30.0,0.0,26,,,,,,,0,15,15,296.61579702841937
ellipse,flank,20.0,30.0,0.0,27,,,,,,,0,15,15,296.61579702841937
ellipse,flank,20.0,30.0,0.0,28,,,,,,,0,15,15,296.61579702841937
ellipse,flank,20.0,30.0,0.0,29,,,,,,,0,15,15,296.61579702841937
ellipse,flank,20.0,30.0,0.0,30,,,,,,,0,15,15,296.61579702841937
ellipse,flank,20.0,30.0,11.0,1,,,,,,,0,15,15,296.61579702841937
ellipse,flank,20.0,30.0,11.0,2,,,,,,,0,15,15,296.61579702841937
ellipse,flank,20.0,30.0,11.0,3,,,,,,,0,15,15,296.61579702841937
ellipse,flank,20.0,30.0,11.0,4,,,,,,,0,15,15,296.61579702841937
ellipse,flank,20.0,30.0,11.0,5,,,,,,,0,15,15,296.61579702841937
ellipse,flank,20.0,30.0,11.0,6,,,,,,,0,15,15,296.61579702841937
ellipse,flank,20.0,30.0,11.0,7,,,,,,,0,15,15,296.61579702841937
ellipse,flank,20.0,30.0,11.0,8,,,,,,,0,15,15,296.61579702841937
ellipse,flank,20.0,30.0,11.0,9,,,,,,,0,15,15,296.61579702841937
ellipse,flank,20.0,30.0,11.0,10,,,,,,,0,15,15,296.61579702841937
ellipse,flank,20.0,30.0,11.0,11,,,,,,,0,15,15,296.61579702841937
ellipse,flank,20.0,30.0,11.0,12,,,,,,,0,15,15,296.61579702841937
ellipse,flank,20.0,30.0,11.0,13,,,,,,,0,15,15,296.61579702841937
ellipse,flank,20.0,30.0,11.0,14,,,,,,,0,15,15,296.61579702841937
ellipse,flank,20.0,30.0,11.0,15,,,,,,,0,15,15,296.61579702841937
ellipse,flank,20.0,30.0,11.0,16,,,,,,,0,15,15,296.61579702841937
ellipse,flank,20.0,30.0,11.0,17,,,,,,,0,15,15,296.61579702841937
ellipse,flank,20.0,30.0,11.0,18,,,,,,,0,15,15,296.61579702841937
ellipse,flank,20.0,30.0,11.0,19,,,,,,,0,15,15,296.61579702841937
ellipse,flank,20.0,30.0,11.0,20,,,,,,,0,15,15,296.61579702841937
ellipse,flank,20.0,30.0,11.0,21,,,,,,,0,15,15,296.61579702841937
ellipse,flank,20.0,30.0,11.0,22,,,,,,,0,15,15,296.61579702841937
ellipse,flank,20.0,30.0,11.0,23,,,,,,,0,15,15,296.61579702841937
ellipse,flank,20.0,30.0,11.0,24,,,,,,,0,15,15,296.61579702841937
ellipse,flank,20.0,30.0,11.0,25,,,,,,,0,15,15,296.61579702841937
ellipse,flank,20.0,30.0,11.0,26,,,,,,,0,15,15,296.61579702841937
ellipse,flank,20.0,30.0,11.0,27,,,,,,,0,15,15,296.61579702841937
ellipse,flank,20.0,30.0,11.0,28,,,,,,,0,15,15,296.61579702841937
ellipse,flank,20.0,30.0,11.0,29,,,,,,,0,15,15,296.61579702841937
ellipse,flank,20.0,30.0,11.0,30,,,,,,,0,15,15,296.61579702841937
ellipse,flank,20.0,30.0,78.5,1,,,,,,,0,15,15,296.61579702841937
ellipse,flank,20.0,30.0,78.5,2,,,,,,,0,15,15,296.61579702841937
ellipse,flank,20.0,30.0,78.5,3,,,,,,,0,15,15,296.61579702841937
ellipse,flank,20.0,30.0,78.5,4,,,,,,,0,15,15,296.61579702841937
ellipse,flank,20.0,30.0,78.5,5,,,,,,,0,15,15,296.61579702841937
ellipse,flank,20.0,30.0,78.5,6,,,,,,,0,15,15,296.61579702841937
ellipse,flank,20.0,30.0,78.5,7,,,,,,,0,15,15,296.61579702841937
ellipse,flank,20.0,30.0,78.5,8,,,,,,,0,15,15,296.61579702841937
ellipse,flank,20.0,30.0,78.5,9,,,,,,,0,15,15,296.61579702841937
ellipse,flank,20.0,30.0,78.5,10,,,,,,,0,15,15,296.61579702841937
ellipse,flank,20.0,30.0,78.5,11,,,,,,,0,15,15,296.61579702841937
ellipse,flank,20.0,30.0,78.5,12,,,,,,,0,15,15,296.61579702841937
ellipse,flank,20.0,30.0,78.5,13,,,,,,,0,15,15,296.61579702841937
ellipse,flank,20.0,30.0,78.5,14,,,,,,,0,15,15,296.61579702841937
ellipse,flank,20.0,30.0,78.5,15,,,,,,,0,15,15,296.61579702841937
ellipse,flank,20.0,30.0,78.5,16,,,,,,,0,15,15,296.61579702841937
ellipse,flank,20.0,30.0,78.5,17,,,,,,,0,15,15,296.61579702841937
ellipse,flank,20.0,30.0,78.5,18,,,,,,,0,15,15,296.61579702841937
ellipse,flank,20.0,30.0,78.5,19,,,,,,,0,15,15,296.61579702841937
ellipse,flank,20.0,30.0,78.5,20,,,,,,,0,15,15,296.61579702841937
ellipse,flank,20.0,30.0,78.5,21,,,,,,,0,15,15,296.61579702841937
ellipse,flank,20.0,30.0,78.5,22,,,,,,,0,15,15,296.61579702841937
ellipse,flank,20.0,30.0,78.5,23,,,,,,,0,15,15,296.61579702841937
ellipse,flank,20.0,30.0,78.5,24,,,,,,,0,15,15,296.61579702841937
ellipse,flank,20.0,30.0,78.5,25,,,,,,,0,15,15,296.61579702841937
ellipse,flank,20.0,30.0,78.5,26,,,,,,,0,15,15,296.61579702841937
ellipse,flank,20.0,30.0,78.5,27,,,,,,,0,15,15,296.61579702841937
ellipse,flank,20.0,30.0,78.5,28,,,,,,,0,15,15,296.61579702841937
ellipse,flank,20.0,30.0,78.5,29,,,,,,,0,15,15,296.61579702841937
ellipse,flank,20.0,30.0,78.5,30,,,,,,,0,15,15,296.61579702841937
ellipse,flank,20.0,60.0,0.0,1,,,,,,,0,15,15,425.90065861828026
ellipse,flank,20.0,60.0,0.0,2,,,,,,,0,15,15,425.90065861828026
ellipse,flank,20.0,60.0,0.0,3,,,,,,,0,15,15,425.90065861828026
ellipse,flank,20.0,60.0,0.0,4,,,,,,,0,15,15,425.90065861828026
ellipse,flank,20.0,60.0,0.0,5,,,,,,,0,15,15,425.90065861828026
ellipse,flank,20.0,60.0,0.0,6,,,,,,,0,15,15,425.90065861828026
ellipse,flank,20.0,60.0,0.0,7,,,,,,,0,15,15,425.90065861828026
ellipse,flank,20.0,60.0,0.0,8,,,,,,,0,15,15,425.90065861828026
ellipse,flank,20.0,60.0,0.0,9,,,,,,,0,15,15,425.90065861828026
ellipse,flank,20.0,60.0,0.0,10,,,,,,,0,15,15,425.90065861828026
ellipse,flank,20.0,60.0,0.0,11,,,,,,,0,15,15,425.90065861828026
ellipse,flank,20.0,60.0,0.0,12,,,,,,,0,15,15,425.90065861828026
ellipse,flank,20.0,60.0,0.0,13,,,,,,,0,15,15,425.90065861828026
ellipse,flank,20.0,60.0,0.0,14,,,,,,,0,15,15,425.90065861828026
ellipse,flank,20.0,60.0,0.0,15,,,,,,,0,15,15,425.90065861828026
ellipse,flank,20.0,60.0,0.0,16,,,,,,,0,15,15,425.90065861828026
ellipse,flank,20.0,60.0,0.0,17,,,,,,,0,15,15,425.90065861828026
ellipse,flank,20.0,60.0,0.0,18,,,,,,,0,15,15,425.90065861828026
ellipse,flank,20.0,60.0,0.0,19,,,,,,,0,15,15,425.90065861828026
ellipse,flank,20.0,60.0,0.0,20,,,,,,,0,15,15,425.90065861828026
ellipse,flank,20.0,60.0,0.0,21,,,,,,,0,15,15,425.90065861828026
ellipse,flank,20.0,60.0,0.0,22,,,,,,,0,15,15,425.90065861828026
ellipse,flank,20.0,60.0,0.0,23,,,,,,,0,15,15,425.90065861828026
ellipse,flank,20.0,60.0,0.0,24,,,,,,,0,15,15,425.90065861828026
ellipse,flank,20.0,60.0,0.0,25,,,,,,,0,15,15,425.90065861828026
ellipse,flank,20.0,60.0,0.0,26,,,,,,,0,15,15,425.90065861828026
ellipse,flank,20.0,60.0,0.0,27,,,,,,,0,15,15,425.90065861828026
ellipse,flank,20.0,60.0,0.0,28,,,,,,,0,15,15,425.90065861828026
ellipse,flank,20.0,60.0,0.0,29,,,,,,,0,15,15,425.90065861828026
ellipse,flank,20.0,60.0,0.0,30,,,,,,,0,15,15,425.90065861828026
ellipse,flank,20.0,60.0,11.0,1,,,,,,,0,15,15,425.90065861828026
ellipse,flank,20.0,60.0,11.0,2,,,,,,,0,15,15,425.90065861828026
ellipse,flank,20.0,60.0,11.0,3,,,,,,,0,15,15,425.90065861828026
ellipse,flank,20.0,60.0,11.0,4,,,,,,,0,15,15,425.90065861828026
ellipse,flank,20.0,60.0,11.0,5,,,,,,,0,15,15,425.90065861828026
ellipse,flank,20.0,60.0,11.0,6,,,,,,,0,15,15,425.90065861828026
ellipse,flank,20.0,60.0,11.0,7,,,,,,,0,15,15,425.90065861828026
ellipse,flank,20.0,60.0,11.0,8,,,,,,,0,15,15,425.90065861828026
ellipse,flank,20.0,60.0,11.0,9,,,,,,,0,15,15,425.90065861828026
ellipse,flank,20.0,60.0,11.0,10,,,,,,,0,15,15,425.90065861828026
ellipse,flank,20.0,60.0,11.0,11,,,,,,,0,15,15,425.90065861828026
ellipse,flank,20.0,60.0,11.0,12,,,,,,,0,15,15,425.90065861828026
ellipse,flank,20.0,60.0,11.0,13,,,,,,,0,15,15,425.90065861828026
ellipse,flank,20.0,60.0,11.0,14,,,,,,,0,15,15,425.90065861828026
ellipse,flank,20.0,60.0,11.0,15,,,,,,,0,15,15,425.90065861828026
ellipse,flank,20.0,60.0,11.0,16,,,,,,,0,15,15,425.90065861828026
ellipse,flank,20.0,60.0,11.0,17,,,,,,,0,15,15,425.90065861828026
ellipse,flank,20.0,60.0,11.0,18,,,,,,,0,15,15,425.90065861828026
ellipse,flank,20.0,60.0,11.0,19,,,,,,,0,15,15,425.90065861828026
ellipse,flank,20.0,60.0,11.0,20,,,,,,,0,15,15,425.90065861828026
ellipse,flank,20.0,60.0,11.0,21,,,,,,,0,15,15,425.90065861828026
ellipse,flank,20.0,60.0,11.0,22,,,,,,,0,15,15,425.90065861828026
ellipse,flank,20.0,60.0,11.0,23,,,,,,,0,15,15,425.90065861828026
ellipse,flank,20.0,60.0,11.0,24,,,,,,,0,15,15,425.90065861828026
ellipse,flank,20.0,60.0,11.0,25,,,,,,,0,15,15,425.90065861828026
ellipse,flank,20.0,60.0,11.0,26,,,,,,,0,15,15,425.90065861828026
ellipse,flank,20.0,60.0,11.0,27,,,,,,,0,15,15,425.90065861828026
ellipse,flank,20.0,60.0,11.0,28,,,,,,,0,15,15,425.90065861828026
ellipse,flank,20.0,60.0,11.0,29,,,,,,,0,15,15,425.90065861828026
ellipse,flank,20.0,60.0,11.0,30,,,,,,,0,15,15,425.90065861828026
ellipse,flank,20.0,60.0,78.5,1,,,,,,,0,15,15,425.90065861828026
ellipse,flank,20.0,60.0,78.5,2,,,,,,,0,15,15,425.90065861828026
ellipse,flank,20.0,60.0,78.5,3,,,,,,,0,15,15,425.90065861828026
ellipse,flank,20.0,60.0,78.5,4,,,,,,,0,15,15,425.90065861828026
ellipse,flank,20.0,60.0,78.5,5,,,,,,,0,15,15,425.90065861828026
ellipse,flank,20.0,60.0,78.5,6,,,,,,,0,15,15,425.90065861828026
ellipse,flank,20.0,60.0,78.5,7,,,,,,,0,15,15,425.90065861828026
ellipse,flank,20.0,60.0,78.5,8,,,,,,,0,15,15,425.90065861828026
ellipse,flank,20.0,60.0,78.5,9,,,,,,,0,15,15,425.90065861828026
ellipse,flank,20.0,60.0,78.5,10,,,,,,,0,15,15,425.90065861828026
ellipse,flank,20.0,60.0,78.5,11,,,,,,,0,15,15,425.90065861828026
ellipse,flank,20.0,60.0,78.5,12,,,,,,,0,15,15,425.90065861828026
ellipse,flank,20.0,60.0,78.5,13,,,,,,,0,15,15,425.90065861828026
ellipse,flank,20.0,60.0,78.5,14,,,,,,,0,15,15,425.90065861828026
ellipse,flank,20.0,60.0,78.5,15,,,,,,,0,15,15,425.90065861828026
ellipse,flank,20.0,60.0,78.5,16,,,,,,,0,15,15,425.90065861828026
ellipse,flank,20.0,60.0,78.5,17,,,,,,,0,15,15,425.90065861828026
ellipse,flank,20.0,60.0,78.5,18,,,,,,,0,15,15,425.90065861828026
ellipse,flank,20.0,60.0,78.5,19,,,,,,,0,15,15,425.90065861828026
ellipse,flank,20.0,60.0,78.5,20,,,,,,,0,15,15,425.90065861828026
ellipse,flank,20.0,60.0,78.5,21,,,,,,,0,15,15,425.90065861828026
ellipse,flank,20.0,60.0,78.5,22,,,,,,,0,15,15,425.90065861828026
ellipse,flank,20.0,60.0,78.5,23,,,,,,,0,15,15,425.90065861828026
ellipse,flank,20.0,60.0,78.5,24,,,,,,,0,15,15,425.90065861828026
ellipse,flank,20.0,60.0,78.5,25,,,,,,,0,15,15,425.90065861828026
ellipse,flank,20.0,60.0,78.5,26,,,,,,,0,15,15,425.90065861828026
ellipse,flank,20.0,60.0,78.5,27,,,,,,,0,15,15,425.90065861828026
ellipse,flank,20.0,60.0,78.5,28,,,,,,,0,15,15,425.90065861828026
ellipse,flank,20.0,60.0,78.5,29,,,,,,,0,15,15,425.90065861828026
ellipse,flank,20.0,60.0,78.5,30,,,,,,,0,15,15,425.90065861828026
ellipse,flank,20.0,120.0,0.0,1,,,,,,,0,15,15,685.375273292661
ellipse,flank,20.0,120.0,0.0,2,,,,,,,0,15,15,685.375273292661
ellipse,flank,20.0,120.0,0.0,3,,,,,,,0,15,15,685.375273292661
ellipse,flank,20.0,120.0,0.0,4,,,,,,,0,15,15,685.375273292661
ellipse,flank,20.0,120.0,0.0,5,,,,,,,0,15,15,685.375273292661
ellipse,flank,20.0,120.0,0.0,6,,,,,,,0,15,15,685.375273292661
ellipse,flank,20.0,120.0,0.0,7,,,,,,,0,15,15,685.375273292661
ellipse,flank,20.0,120.0,0.0,8,,,,,,,0,15,15,685.375273292661
ellipse,flank,20.0,120.0,0.0,9,,,,,,,0,15,15,685.375273292661
ellipse,flank,20.0,120.0,0.0,10,,,,,,,0,15,15,685.375273292661
ellipse,flank,20.0,120.0,0.0,11,,,,,,,0,15,15,685.375273292661
ellipse,flank,20.0,120.0,0.0,12,,,,,,,0,15,15,685.375273292661
ellipse,flank,20.0,120.0,0.0,13,,,,,,,0,15,15,685.375273292661
ellipse,flank,20.0,120.0,0.0,14,,,,,,,0,15,15,685.375273292661
ellipse,flank,20.0,120.0,0.0,15,,,,,,,0,15,15,685.375273292661
ellipse,flank,20.0,120.0,0.0,16,,,,,,,0,15,15,685.375273292661
ellipse,flank,20.0,120.0,0.0,17,,,,,,,0,15,15,685.375273292661
ellipse,flank,20.0,120.0,0.0,18,,,,,,,0,15,15,685.375273292661
ellipse,flank,20.0,120.0,0.0,19,,,,,,,0,15,15,685.375273292661
ellipse,flank,20.0,120.0,0.0,20,,,,,,,0,15,15,685.375273292661
ellipse,flank,20.0,120.0,0.0,21,,,,,,,0,15,15,685.375273292661
ellipse,flank,20.0,120.0,0.0,22,,,,,,,0,15,15,685.375273292661
ellipse,flank,20.0,120.0,0.0,23,,,,,,,0,15,15,685.375273292661
ellipse,flank,20.0,120.0,0.0,24,,,,,,,0,15,15,685.375273292661
ellipse,flank,20.0,120.0,0.0,25,,,,,,,0,15,15,685.375273292661
ellipse,flank,20.0,120.0,0.0,26,,,,,,,0,15,15,685.375273292661
ellipse,flank,20.0,120.0,0.0,27,,,,,,,0,15,15,685.375273292661
ellipse,flank,20.0,120.0,0.0,28,,,,,,,0,15,15,685.375273292661
ellipse,flank,20.0,120.0,0.0,29,,,,,,,0,15,15,685.375273292661
ellipse,flank,20.0,120.0,0.0,30,,,,,,,0,15,15,685.375273292661
ellipse,flank,20.0,120.0,11.0,1,,,,,,,0,15,15,685.375273292661
ellipse,flank,20.0,120.0,11.0,2,,,,,,,0,15,15,685.375273292661
ellipse,flank,20.0,120.0,11.0,3,,,,,,,0,15,15,685.375273292661
ellipse,flank,20.0,120.0,11.0,4,,,,,,,0,15,15,685.375273292661
ellipse,flank,20.0,120.0,11.0,5,,,,,,,0,15,15,685.375273292661
ellipse,flank,20.0,120.0,11.0,6,,,,,,,0,15,15,685.375273292661
ellipse,flank,20.0,120.0,11.0,7,,,,,,,0,15,15,685.375273292661
ellipse,flank,20.0,120.0,11.0,8,,,,,,,0,15,15,685.375273292661
ellipse,flank,20.0,120.0,11.0,9,,,,,,,0,15,15,685.375273292661
ellipse,flank,20.0,120.0,11.0,10,,,,,,,0,15,15,685.375273292661
ellipse,flank,20.0,120.0,11.0,11,,,,,,,0,15,15,685.375273292661
ellipse,flank,20.0,120.0,11.0,12,,,,,,,0,15,15,685.375273292661
ellipse,flank,20.0,120.0,11.0,13,,,,,,,0,15,15,685.375273292661
ellipse,flank,20.0,120.0,11.0,14,,,,,,,0,15,15,685.375273292661
ellipse,flank,20.0,120.0,11.0,15,,,,,,,0,15,15,685.375273292661
ellipse,flank,20.0,120.0,11.0,16,,,,,,,0,15,15,685.375273292661
ellipse,flank,20.0,120.0,11.0,17,,,,,,,0,15,15,685.375273292661
ellipse,flank,20.0,120.0,11.0,18,,,,,,,0,15,15,685.375273292661
ellipse,flank,20.0,120.0,11.0,19,,,,,,,0,15,15,685.375273292661
ellipse,flank,20.0,120.0,11.0,20,,,,,,,0,15,15,685.375273292661
ellipse,flank,20.0,120.0,11.0,21,,,,,,,0,15,15,685.375273292661
ellipse,flank,20.0,120.0,11.0,22,,,,,,,0,15,15,685.375273292661
ellipse,flank,20.0,120.0,11.0,23,,,,,,,0,15,15,685.375273292661
ellipse,flank,20.0,120.0,11.0,24,,,,,,,0,15,15,685.375273292661
ellipse,flank,20.0,120.0,11.0,25,,,,,,,0,15,15,685.375273292661
ellipse,flank,20.0,120.0,11.0,26,,,,,,,0,15,15,685.375273292661
ellipse,flank,20.0,120.0,11.0,27,,,,,,,0,15,15,685.375273292661
ellipse,flank,20.0,120.0,11.0,28,,,,,,,0,15,15,685.375273292661
ellipse,flank,20.0,120.0,11.0,29,,,,,,,0,15,15,685.375273292661
ellipse,flank,20.0,120.0,11.0,30,,,,,,,0,15,15,685.375273292661
ellipse,flank,20.0,120.0,78.5,1,,,,,,,0,15,15,685.375273292661
ellipse,flank,20.0,120.0,78.5,2,,,,,,,0,15,15,685.375273292661
ellipse,flank,20.0,120.0,78.5,3,,,,,,,0,15,15,685.375273292661
ellipse,flank,20.0,120.0,78.5,4,,,,,,,0,15,15,685.375273292661
ellipse,flank,20.0,120.0,78.5,5,,,,,,,0,15,15,685.375273292661
ellipse,flank,20.0,120.0,78.5,6,,,,,,,0,15,15,685.375273292661
ellipse,flank,20.0,120.0,78.5,7,,,,,,,0,15,15,685.375273292661
ellipse,flank,20.0,120.0,78.5,8,,,,,,,0,15,15,685.375273292661
ellipse,flank,20.0,120.0,78.5,9,,,,,,,0,15,15,685.375273292661
ellipse,flank,20.0,120.0,78.5,10,,,,,,,0,15,15,685.375273292661
ellipse,flank,20.0,120.0,78.5,11,,,,,,,0,15,15,685.375273292661
ellipse,flank,20.0,120.0,78.5,12,,,,,,,0,15,15,685.375273292661
ellipse,flank,20.0,120.0,78.5,13,,,,,,,0,15,15,685.375273292661
ellipse,flank,20.0,120.0,78.5,14,,,,,,,0,15,15,685.375273292661
ellipse,flank,20.0,120.0,78.5,15,,,,,,,0,15,15,685.375273292661
ellipse,flank,20.0,120.0,78.5,16,,,,,,,0,15,15,685.375273292661
ellipse,flank,20.0,120.0,78.5,17,,,,,,,0,15,15,685.375273292661
ellipse,flank,20.0,120.0,78.5,18,,,,,,,0,15,15,685.375273292661
ellipse,flank,20.0,120.0,78.5,19,,,,,,,0,15,15,685.375273292661
ellipse,flank,20.0,120.0,78.5,20,,,,,,,0,15,15,685.375273292661
ellipse,flank,20.0,120.0,78.5,21,,,,,,,0,15,15,685.375273292661
ellipse,flank,20.0,120.0,78.5,22,,,,,,,0,15,15,685.375273292661
ellipse,flank,20.0,120.0,78.5,23,,,,,,,0,15,15,685.375273292661
ellipse,flank,20.0,120.0,78.5,24,,,,,,,0,15,15,685.375273292661
ellipse,flank,20.0,120.0,78.5,25,,,,,,,0,15,15,685.375273292661
ellipse,flank,20.0,120.0,78.5,26,,,,,,,0,15,15,685.375273292661
ellipse,flank,20.0,120.0,78.5,27,,,,,,,0,15,15,685.375273292661
ellipse,flank,20.0,120.0,78.5,28,,,,,,,0,15,15,685.375273292661
ellipse,flank,20.0,120.0,78.5,29,,,,,,,0,15,15,685.375273292661
ellipse,flank,20.0,120.0,78.5,30,,,,,,,0,15,15,685.375273292661
ellipse,flank,30.0,30.0,0.0,1,,,,,,,0,15,15,761.8477120146301
ellipse,flank,30.0,30.0,0.0,2,,,,,,,0,15,15,761.8477120146301
ellipse,flank,30.0,30.0,0.0,3,,,,,,,0,15,15,761.8477120146301
ellipse,flank,30.0,30.0,0.0,4,,,,,,,0,15,15,761.8477120146301
ellipse,flank,30.0,30.0,0.0,5,,,,,,,0,15,15,761.8477120146301
ellipse,flank,30.0,30.0,0.0,6,,,,,,,0,15,15,761.8477120146301
ellipse,flank,30.0,30.0,0.0,7,,,,,,,0,15,15,761.8477120146301
ellipse,flank,30.0,30.0,0.0,8,,,,,,,0,15,15,761.8477120146301
ellipse,flank,30.0,30.0,0.0,9,,,,,,,0,15,15,761.8477120146301
ellipse,flank,30.0,30.0,0.0,10,,,,,,,0,15,15,761.8477120146301
ellipse,flank,30.0,30.0,0.0,11,,,,,,,0,15,15,761.8477120146301
ellipse,flank,30.0,30.0,0.0,12,,,,,,,0,15,15,761.8477120146301
ellipse,flank,30.0,30.0,0.0,13,,,,,,,0,15,15,761.8477120146301
ellipse,flank,30.0,30.0,0.0,14,,,,,,,0,15,15,761.8477120146301
ellipse,flank,30.0,30.0,0.0,15,,,,,,,0,15,15,761.8477120146301
ellipse,flank,30.0,30.0,0.0,16,,,,,,,0,15,15,761.8477120146301
ellipse,flank,30.0,30.0,0.0,17,,,,,,,0,15,15,761.8477120146301
ellipse,flank,30.0,30.0,0.0,18,,,,,,,0,15,15,761.8477120146301
ellipse,flank,30.0,30.0,0.0,19,,,,,,,0,15,15,761.8477120146301
ellipse,flank,30.0,30.0,0.0,20,,,,,,,0,15,15,761.8477120146301
ellipse,flank,30.0,30.0,0.0,21,,,,,,,0,15,15,761.8477120146301
ellipse,flank,30.0,30.0,0.0,22,,,,,,,0,15,15,761.8477120146301
ellipse,flank,30.0,30.0,0.0,23,,,,,,,0,15,15,761.8477120146301
ellipse,flank,30.0,30.0,0.0,24,,,,,,,0,15,15,761.8477120146301
ellipse,flank,30.0,30.0,0.0,25,,,,,,,0,15,15,761.8477120146301
ellipse,flank,30.0,30.0,0.0,26,,,,,,,0,15,15,761.8477120146301
ellipse,flank,30.0,30.0,0.0,27,,,,,,,0,15,15,761.8477120146301
ellipse,flank,30.0,30.0,0.0,28,,,,,,,0,15,15,761.8477120146301
ellipse,flank,30.0,30.0,0.0,29,,,,,,,0,15,15,761.8477120146301
ellipse,flank,30.0,30.0,0.0,30,,,,,,,0,15,15,761.8477120146301
ellipse,flank,30.0,30.0,11.0,1,,,,,,,0,15,15,761.8477120146301
ellipse,flank,30.0,30.0,11.0,2,,,,,,,0,15,15,761.8477120146301
ellipse,flank,30.0,30.0,11.0,3,,,,,,,0,15,15,761.8477120146301
ellipse,flank,30.0,30.0,11.0,4,,,,,,,0,15,15,761.8477120146301
ellipse,flank,30.0,30.0,11.0,5,,,,,,,0,15,15,761.8477120146301
ellipse,flank,30.0,30.0,11.0,6,,,,,,,0,15,15,761.8477120146301
ellipse,flank,30.0,30.0,11.0,7,,,,,,,0,15,15,761.8477120146301
ellipse,flank,30.0,30.0,11.0,8,,,,,,,0,15,15,761.8477120146301
ellipse,flank,30.0,30.0,11.0,9,,,,,,,0,15,15,761.8477120146301
ellipse,flank,30.0,30.0,11.0,10,,,,,,,0,15,15,761.8477120146301
ellipse,flank,30.0,30.0,11.0,11,,,,,,,0,15,15,761.8477120146301
ellipse,flank,30.0,30.0,11.0,12,,,,,,,0,15,15,761.8477120146301
ellipse,flank,30.0,30.0,11.0,13,,,,,,,0,15,15,761.8477120146301
ellipse,flank,30.0,30.0,11.0,14,,,,,,,0,15,15,761.8477120146301
ellipse,flank,30.0,30.0,11.0,15,,,,,,,0,15,15,761.8477120146301
ellipse,flank,30.0,30.0,11.0,16,,,,,,,0,15,15,761.8477120146301
ellipse,flank,30.0,30.0,11.0,17,,,,,,,0,15,15,761.8477120146301
ellipse,flank,30.0,30.0,11.0,18,,,,,,,0,15,15,761.8477120146301
ellipse,flank,30.0,30.0,11.0,19,,,,,,,0,15,15,761.8477120146301
ellipse,flank,30.0,30.0,11.0,20,,,,,,,0,15,15,761.8477120146301
ellipse,flank,30.0,30.0,11.0,21,,,,,,,0,15,15,761.8477120146301
ellipse,flank,30.0,30.0,11.0,22,,,,,,,0,15,15,761.8477120146301
ellipse,flank,30.0,30.0,11.0,23,,,,,,,0,15,15,761.8477120146301
ellipse,flank,30.0,30.0,11.0,24,,,,,,,0,15,15,761.8477120146301
ellipse,flank,30.0,30.0,11.0,25,,,,,,,0,15,15,761.8477120146301
ellipse,flank,30.0,30.0,11.0,26,,,,,,,0,15,15,761.8477120146301
ellipse,flank,30.0,30.0,11.0,27,,,,,,,0,15,15,761.8477120146301
ellipse,flank,30.0,30.0,11.0,28,,,,,,,0,15,15,761.8477120146301
ellipse,flank,30.0,30.0,11.0,29,,,,,,,0,15,15,761.8477120146301
ellipse,flank,30.0,30.0,11.0,30,,,,,,,0,15,15,761.8477120146301
ellipse,flank,30.0,30.0,78.5,1,,,,,,,0,15,15,761.8477120146301
ellipse,flank,30.0,30.0,78.5,2,,,,,,,0,15,15,761.8477120146301
ellipse,flank,30.0,30.0,78.5,3,,,,,,,0,15,15,761.8477120146301
ellipse,flank,30.0,30.0,78.5,4,,,,,,,0,15,15,761.8477120146301
ellipse,flank,30.0,30.0,78.5,5,,,,,,,0,15,15,761.8477120146301
ellipse,flank,30.0,30.0,78.5,6,,,,,,,0,15,15,761.8477120146301
ellipse,flank,30.0,30.0,78.5,7,,,,,,,0,15,15,761.8477120146301
ellipse,flank,30.0,30.0,78.5,8,,,,,,,0,15,15,761.8477120146301
ellipse,flank,30.0,30.0,78.5,9,,,,,,,0,15,15,761.8477120146301
ellipse,flank,30.0,30.0,78.5,10,,,,,,,0,15,15,761.8477120146301
ellipse,flank,30.0,30.0,78.5,11,,,,,,,0,15,15,761.8477120146301
ellipse,flank,30.0,30.0,78.5,12,,,,,,,0,15,15,761.8477120146301
ellipse,flank,30.0,30.0,78.5,13,,,,,,,0,15,15,761.8477120146301
ellipse,flank,30.0,30.0,78.5,14,,,,,,,0,15,15,761.8477120146301
ellipse,flank,30.0,30.0,78.5,15,,,,,,,0,15,15,761.8477120146301
ellipse,flank,30.0,30.0,78.5,16,,,,,,,0,15,15,761.8477120146301
ellipse,flank,30.0,30.0,78.5,17,,,,,,,0,15,15,761.8477120146301
ellipse,flank,30.0,30.0,78.5,18,,,,,,,0,15,15,761.8477120146301
ellipse,flank,30.0,30.0,78.5,19,,,,,,,0,15,15,761.8477120146301
ellipse,flank,30.0,30.0,78.5,20,,,,,,,0,15,15,761.8477120146301
ellipse,flank,30.0,30.0,78.5,21,,,,,,,0,15,15,761.8477120146301
ellipse,flank,30.0,30.0,78.5,22,,,,,,,0,15,15,761.8477120146301
ellipse,flank,30.0,30.0,78.5,23,,,,,,,0,15,15,761.8477120146301
ellipse,flank,30.0,30.0,78.5,24,,,,,,,0,15,15,761.8477120146301
ellipse,flank,30.0,30.0,78.5,25,,,,,,,0,15,15,761.8477120146301
ellipse,flank,30.0,30.0,78.5,26,,,,,,,0,15,15,761.8477120146301
ellipse,flank,30.0,30.0,78.5,27,,,,,,,0,15,15,761.8477120146301
ellipse,flank,30.0,30.0,78.5,28,,,,,,,0,15,15,761.8477120146301
ellipse,flank,30.0,30.0,78.5,29,,,,,,,0,15,15,761.8477120146301
ellipse,flank,30.0,30.0,78.5,30,,,,,,,0,15,15,761.8477120146301
ellipse,flank,30.0,60.0,0.0,1,,,,,,,0,15,15,1114.459126363114
ellipse,flank,30.0,60.0,0.0,2,,,,,,,0,15,15,1114.459126363114
ellipse,flank,30.0,60.0,0.0,3,,,,,,,0,15,15,1114.459126363114
ellipse,flank,30.0,60.0,0.0,4,,,,,,,0,15,15,1114.459126363114
ellipse,flank,30.0,60.0,0.0,5,,,,,,,0,15,15,1114.459126363114
ellipse,flank,30.0,60.0,0.0,6,,,,,,,0,15,15,1114.459126363114
ellipse,flank,30.0,60.0,0.0,7,,,,,,,0,15,15,1114.459126363114
ellipse,flank,30.0,60.0,0.0,8,,,,,,,0,15,15,1114.459126363114
ellipse,flank,30.0,60.0,0.0,9,,,,,,,0,15,15,1114.459126363114
ellipse,flank,30.0,60.0,0.0,10,,,,,,,0,15,15,1114.459126363114
ellipse,flank,30.0,60.0,0.0,11,,,,,,,0,15,15,1114.459126363114
ellipse,flank,30.0,60.0,0.0,12,,,,,,,0,15,15,1114.459126363114
ellipse,flank,30.0,60.0,0.0,13,,,,,,,0,15,15,1114.459126363114
ellipse,flank,30.0,60.0,0.0,14,,,,,,,0,15,15,1114.459126363114
ellipse,flank,30.0,60.0,0.0,15,,,,,,,0,15,15,1114.459126363114
ellipse,flank,30.0,60.0,0.0,16,,,,,,,0,15,15,1114.459126363114
ellipse,flank,30.0,60.0,0.0,17,,,,,,,0,15,15,1114.459126363114
ellipse,flank,30.0,60.0,0.0,18,,,,,,,0,15,15,1114.459126363114
ellipse,flank,30.0,60.0,0.0,19,,,,,,,0,15,15,1114.459126363114
ellipse,flank,30.0,60.0,0.0,20,,,,,,,0,15,15,1114.459126363114
ellipse,flank,30.0,60.0,0.0,21,,,,,,,0,15,15,1114.459126363114
ellipse,flank,30.0,60.0,0.0,22,,,,,,,0,15,15,1114.459126363114
ellipse,flank,30.0,60.0,0.0,23,,,,,,,0,15,15,1114.459126363114
ellipse,flank,30.0,60.0,0.0,24,,,,,,,0,15,15,1114.459126363114
ellipse,flank,30.0,60.0,0.0,25,,,,,,,0,15,15,1114.459126363114
ellipse,flank,30.0,60.0,0.0,26,,,,,,,0,15,15,1114.459126363114
ellipse,flank,30.0,60.0,0.0,27,,,,,,,0,15,15,1114.459126363114
ellipse,flank,30.0,60.0,0.0,28,,,,,,,0,15,15,1114.459126363114
ellipse,flank,30.0,60.0,0.0,29,,,,,,,0,15,15,1114.459126363114
ellipse,flank,30.0,60.0,0.0,30,,,,,,,0,15,15,1114.459126363114
ellipse,flank,30.0,60.0,11.0,1,,,,,,,0,15,15,1114.459126363114
ellipse,flank,30.0,60.0,11.0,2,,,,,,,0,15,15,1114.459126363114
ellipse,flank,30.0,60.0,11.0,3,,,,,,,0,15,15,1114.459126363114
ellipse,flank,30.0,60.0,11.0,4,,,,,,,0,15,15,1114.459126363114
ellipse,flank,30.0,60.0,11.0,5,,,,,,,0,15,15,1114.459126363114
ellipse,flank,30.0,60.0,11.0,6,,,,,,,0,15,15,1114.459126363114
ellipse,flank,30.0,60.0,11.0,7,,,,,,,0,15,15,1114.459126363114
ellipse,flank,30.0,60.0,11.0,8,,,,,,,0,15,15,1114.459126363114
ellipse,flank,30.0,60.0,11.0,9,,,,,,,0,15,15,1114.459126363114
ellipse,flank,30.0,60.0,11.0,10,,,,,,,0,15,15,1114.459126363114
ellipse,flank,30.0,60.0,11.0,11,,,,,,,0,15,15,1114.459126363114
ellipse,flank,30.0,60.0,11.0,12,,,,,,,0,15,15,1114.459126363114
ellipse,flank,30.0,60.0,11.0,13,,,,,,,0,15,15,1114.459126363114
ellipse,flank,30.0,60.0,11.0,14,,,,,,,0,15,15,1114.459126363114
ellipse,flank,30.0,60.0,11.0,15,,,,,,,0,15,15,1114.459126363114
ellipse,flank,30.0,60.0,11.0,16,,,,,,,0,15,15,1114.459126363114
ellipse,flank,30.0,60.0,11.0,17,,,,,,,0,15,15,1114.459126363114
ellipse,flank,30.0,60.0,11.0,18,,,,,,,0,15,15,1114.459126363114
ellipse,flank,30.0,60.0,11.0,19,,,,,,,0,15,15,1114.459126363114
ellipse,flank,30.0,60.0,11.0,20,,,,,,,0,15,15,1114.459126363114
ellipse,flank,30.0,60.0,11.0,21,,,,,,,0,15,15,1114.459126363114
ellipse,flank,30.0,60.0,11.0,22,,,,,,,0,15,15,1114.459126363114
ellipse,flank,30.0,60.0,11.0,23,,,,,,,0,15,15,1114.459126363114
ellipse,flank,30.0,60.0,11.0,24,,,,,,,0,15,15,1114.459126363114
ellipse,flank,30.0,60.0,11.0,25,,,,,,,0,15,15,1114.459126363114
ellipse,flank,30.0,60.0,11.0,26,,,,,,,0,15,15,1114.459126363114
ellipse,flank,30.0,60.0,11.0,27,,,,,,,0,15,15,1114.459126363114
ellipse,flank,30.0,60.0,11.0,28,,,,,,,0,15,15,1114.459126363114
ellipse,flank,30.0,60.0,11.0,29,,,,,,,0,15,15,1114.459126363114
ellipse,flank,30.0,60.0,11.0,30,,,,,,,0,15,15,1114.459126363114
ellipse,flank,30.0,60.0,78.5,1,,,,,,,0,15,15,1114.459126363114
ellipse,flank,30.0,60.0,78.5,2,,,,,,,0,15,15,1114.459126363114
ellipse,flank,30.0,60.0,78.5,3,,,,,,,0,15,15,1114.459126363114
ellipse,flank,30.0,60.0,78.5,4,,,,,,,0,15,15,1114.459126363114
ellipse,flank,30.0,60.0,78.5,5,,,,,,,0,15,15,1114.459126363114
ellipse,flank,30.0,60.0,78.5,6,,,,,,,0,15,15,1114.459126363114
ellipse,flank,30.0,60.0,78.5,7,,,,,,,0,15,15,1114.459126363114
ellipse,flank,30.0,60.0,78.5,8,,,,,,,0,15,15,1114.459126363114
ellipse,flank,30.0,60.0,78.5,9,,,,,,,0,15,15,1114.459126363114
ellipse,flank,30.0,60.0,78.5,10,,,,,,,0,15,15,1114.459126363114
ellipse,flank,30.0,60.0,78.5,11,,,,,,,0,15,15,1114.459126363114
ellipse,flank,30.0,60.0,78.5,12,,,,,,,0,15,15,1114.459126363114
ellipse,flank,30.0,60.0,78.5,13,,,,,,,0,15,15,1114.459126363114
ellipse,flank,30.0,60.0,78.5,14,,,,,,,0,15,15,1114.459126363114
ellipse,flank,30.0,60.0,78.5,15,,,,,,,0,15,15,1114.459126363114
ellipse,flank,30.0,60.0,78.5,16,,,,,,,0,15,15,1114.459126363114
ellipse,flank,30.0,60.0,78.5,17,,,,,,,0,15,15,1114.459126363114
ellipse,flank,30.0,60.0,78.5,18,,,,,,,0,15,15,1114.459126363114
ellipse,flank,30.0,60.0,78.5,19,,,,,,,0,15,15,1114.459126363114
ellipse,flank,30.0,60.0,78.5,20,,,,,,,0,15,15,1114.459126363114
ellipse,flank,30.0,60.0,78.5,21,,,,,,,0,15,15,1114.459126363114
ellipse,flank,30.0,60.0,78.5,22,,,,,,,0,15,15,1114.459126363114
ellipse,flank,30.0,60.0,78.5,23,,,,,,,0,15,15,1114.459126363114
ellipse,flank,30.0,60.0,78.5,24,,,,,,,0,15,15,1114.459126363114
ellipse,flank,30.0,60.0,78.5,25,,,,,,,0,15,15,1114.459126363114
ellipse,flank,30.0,60.0,78.5,26,,,,,,,0,15,15,1114.459126363114
ellipse,flank,30.0,60.0,78.5,27,,,,,,,0,15,15,1114.459126363114
ellipse,flank,30.0,60.0,78.5,28,,,,,,,0,15,15,1114.459126363114
ellipse,flank,30.0,60.0,78.5,29,,,,,,,0,15,15,1114.459126363114
ellipse,flank,30.0,60.0,78.5,30,,,,,,,0,15,15,1114.459126363114
ellipse,flank,30.0,120.0,0.0,1,,,,,,,0,15,15,1822.1499553026454
ellipse,flank,30.0,120.0,0.0,2,,,,,,,0,15,15,1822.1499553026454
ellipse,flank,30.0,120.0,0.0,3,,,,,,,0,15,15,1822.1499553026454
ellipse,flank,30.0,120.0,0.0,4,,,,,,,0,15,15,1822.1499553026454
ellipse,flank,30.0,120.0,0.0,5,,,,,,,0,15,15,1822.1499553026454
ellipse,flank,30.0,120.0,0.0,6,,,,,,,0,15,15,1822.1499553026454
ellipse,flank,30.0,120.0,0.0,7,,,,,,,0,15,15,1822.1499553026454
ellipse,flank,30.0,120.0,0.0,8,,,,,,,0,15,15,1822.1499553026454
ellipse,flank,30.0,120.0,0.0,9,,,,,,,0,15,15,1822.1499553026454
ellipse,flank,30.0,120.0,0.0,10,,,,,,,0,15,15,1822.1499553026454
ellipse,flank,30.0,120.0,0.0,11,,,,,,,0,15,15,1822.1499553026454
ellipse,flank,30.0,120.0,0.0,12,,,,,,,0,15,15,1822.1499553026454
ellipse,flank,30.0,120.0,0.0,13,,,,,,,0,15,15,1822.1499553026454
ellipse,flank,30.0,120.0,0.0,14,,,,,,,0,15,15,1822.1499553026454
ellipse,flank,30.0,120.0,0.0,15,,,,,,,0,15,15,1822.1499553026454
ellipse,flank,30.0,120.0,0.0,16,,,,,,,0,15,15,1822.1499553026454
ellipse,flank,30.0,120.0,0.0,17,,,,,,,0,15,15,1822.1499553026454
ellipse,flank,30.0,120.0,0.0,18,,,,,,,0,15,15,1822.1499553026454
ellipse,flank,30.0,120.0,0.0,19,,,,,,,0,15,15,1822.1499553026454
ellipse,flank,30.0,120.0,0.0,20,,,,,,,0,15,15,1822.1499553026454
ellipse,flank,30.0,120.0,0.0,21,,,,,,,0,15,15,1822.1499553026454
ellipse,flank,30.0,120.0,0.0,22,,,,,,,0,15,15,1822.1499553026454
ellipse,flank,30.0,120.0,0.0,23,,,,,,,0,15,15,1822.1499553026454
ellipse,flank,30.0,120.0,0.0,24,,,,,,,0,15,15,1822.1499553026454
ellipse,flank,30.0,120.0,0.0,25,,,,,,,0,15,15,1822.1499553026454
ellipse,flank,30.0,120.0,0.0,26,,,,,,,0,15,15,1822.1499553026454
ellipse,flank,30.0,120.0,0.0,27,,,,,,,0,15,15,1822.1499553026454
ellipse,flank,30.0,120.0,0.0,28,,,,,,,0,15,15,1822.1499553026454
ellipse,flank,30.0,120.0,0.0,29,,,,,,,0,15,15,1822.1499553026454
ellipse,flank,30.0,120.0,0.0,30,,,,,,,0,15,15,1822.1499553026454
ellipse,flank,30.0,120.0,11.0,1,,,,,,,0,15,15,1822.1499553026454
ellipse,flank,30.0,120.0,11.0,2,,,,,,,0,15,15,1822.1499553026454
ellipse,flank,30.0,120.0,11.0,3,,,,,,,0,15,15,1822.1499553026454
ellipse,flank,30.0,120.0,11.0,4,,,,,,,0,15,15,1822.1499553026454
ellipse,flank,30.0,120.0,11.0,5,,,,,,,0,15,15,1822.1499553026454
ellipse,flank,30.0,120.0,11.0,6,,,,,,,0,15,15,1822.1499553026454
ellipse,flank,30.0,120.0,11.0,7,,,,,,,0,15,15,1822.1499553026454
ellipse,flank,30.0,120.0,11.0,8,,,,,,,0,15,15,1822.1499553026454
ellipse,flank,30.0,120.0,11.0,9,,,,,,,0,15,15,1822.1499553026454
ellipse,flank,30.0,120.0,11.0,10,,,,,,,0,15,15,1822.1499553026454
ellipse,flank,30.0,120.0,11.0,11,,,,,,,0,15,15,1822.1499553026454
ellipse,flank,30.0,120.0,11.0,12,,,,,,,0,15,15,1822.1499553026454
ellipse,flank,30.0,120.0,11.0,13,,,,,,,0,15,15,1822.1499553026454
ellipse,flank,30.0,120.0,11.0,14,,,,,,,0,15,15,1822.1499553026454
ellipse,flank,30.0,120.0,11.0,15,,,,,,,0,15,15,1822.1499553026454
ellipse,flank,30.0,120.0,11.0,16,,,,,,,0,15,15,1822.1499553026454
ellipse,flank,30.0,120.0,11.0,17,,,,,,,0,15,15,1822.1499553026454
ellipse,flank,30.0,120.0,11.0,18,,,,,,,0,15,15,1822.1499553026454
ellipse,flank,30.0,120.0,11.0,19,,,,,,,0,15,15,1822.1499553026454
ellipse,flank,30.0,120.0,11.0,20,,,,,,,0,15,15,1822.1499553026454
ellipse,flank,30.0,120.0,11.0,21,,,,,,,0,15,15,1822.1499553026454
ellipse,flank,30.0,120.0,11.0,22,,,,,,,0,15,15,1822.1499553026454
ellipse,flank,30.0,120.0,11.0,23,,,,,,,0,15,15,1822.1499553026454
ellipse,flank,30.0,120.0,11.0,24,,,,,,,0,15,15,1822.1499553026454
ellipse,flank,30.0,120.0,11.0,25,,,,,,,0,15,15,1822.1499553026454
ellipse,flank,30.0,120.0,11.0,26,,,,,,,0,15,15,1822.1499553026454
ellipse,flank,30.0,120.0,11.0,27,,,,,,,0,15,15,1822.1499553026454
ellipse,flank,30.0,120.0,11.0,28,,,,,,,0,15,15,1822.1499553026454
ellipse,flank,30.0,120.0,11.0,29,,,,,,,0,15,15,1822.1499553026454
ellipse,flank,30.0,120.0,11.0,30,,,,,,,0,15,15,1822.1499553026454
ellipse,flank,30.0,120.0,78.5,1,,,,,,,0,15,15,1822.1499553026454
ellipse,flank,30.0,120.0,78.5,2,,,,,,,0,15,15,1822.1499553026454
ellipse,flank,30.0,120.0,78.5,3,,,,,,,0,15,15,1822.1499553026454
ellipse,flank,30.0,120.0,78.5,4,,,,,,,0,15,15,1822.1499553026454
ellipse,flank,30.0,120.0,78.5,5,,,,,,,0,15,15,1822.1499553026454
ellipse,flank,30.0,120.0,78.5,6,,,,,,,0,15,15,1822.1499553026454
ellipse,flank,30.0,120.0,78.5,7,,,,,,,0,15,15,1822.1499553026454
ellipse,flank,30.0,120.0,78.5,8,,,,,,,0,15,15,1822.1499553026454
ellipse,flank,30.0,120.0,78.5,9,,,,,,,0,15,15,1822.1499553026454
ellipse,flank,30.0,120.0,78.5,10,,,,,,,0,15,15,1822.1499553026454
ellipse,flank,30.0,120.0,78.5,11,,,,,,,0,15,15,1822.1499553026454
ellipse,flank,30.0,120.0,78.5,12,,,,,,,0,15,15,1822.1499553026454
ellipse,flank,30.0,120.0,78.5,13,,,,,,,0,15,15,1822.1499553026454
ellipse,flank,30.0,120.0,78.5,14,,,,,,,0,15,15,1822.1499553026454
ellipse,flank,30.0,120.0,78.5,15,,,,,,,0,15,15,1822.1499553026454
ellipse,flank,30.0,120.0,78.5,16,,,,,,,0,15,15,1822.1499553026454
ellipse,flank,30.0,120.0,78.5,17,,,,,,,0,15,15,1822.1499553026454
ellipse,flank,30.0,120.0,78.5,18,,,,,,,0,15,15,1822.1499553026454
ellipse,flank,30.0,120.0,78.5,19,,,,,,,0,15,15,1822.1499553026454
ellipse,flank,30.0,120.0,78.5,20,,,,,,,0,15,15,1822.1499553026454
ellipse,flank,30.0,120.0,78.5,21,,,,,,,0,15,15,1822.1499553026454
ellipse,flank,30.0,120.0,78.5,22,,,,,,,0,15,15,1822.1499553026454
ellipse,flank,30.0,120.0,78.5,23,,,,,,,0,15,15,1822.1499553026454
ellipse,flank,30.0,120.0,78.5,24,,,,,,,0,15,15,1822.1499553026454
ellipse,flank,30.0,120.0,78.5,25,,,,,,,0,15,15,1822.1499553026454
ellipse,flank,30.0,120.0,78.5,26,,,,,,,0,15,15,1822.1499553026454
ellipse,flank,30.0,120.0,78.5,27,,,,,,,0,15,15,1822.1499553026454
ellipse,flank,30.0,120.0,78.5,28,,,,,,,0,15,15,1822.1499553026454
ellipse,flank,30.0,120.0,78.5,29,,,,,,,0,15,15,1822.1499553026454
ellipse,flank,30.0,120.0,78.5,30,,,,,,,0,15,15,1822.1499553026454
ellipse,flank,50.0,30.0,0.0,1,,,,,,,0,15,15,4001.7303966493055
ellipse,flank,50.0,30.0,0.0,2,,,,,,,0,15,15,4001.7303966493055
ellipse,flank,50.0,30.0,0.0,3,,,,,,,0,15,15,4001.7303966493055
ellipse,flank,50.0,30.0,0.0,4,,,,,,,0,15,15,4001.7303966493055
ellipse,flank,50.0,30.0,0.0,5,,,,,,,0,15,15,4001.7303966493055
ellipse,flank,50.0,30.0,0.0,6,,,,,,,0,15,15,4001.7303966493055
ellipse,flank,50.0,30.0,0.0,7,,,,,,,0,15,15,4001.7303966493055
ellipse,flank,50.0,30.0,0.0,8,,,,,,,0,15,15,4001.7303966493055
ellipse,flank,50.0,30.0,0.0,9,,,,,,,0,15,15,4001.7303966493055
ellipse,flank,50.0,30.0,0.0,10,,,,,,,0,15,15,4001.7303966493055
ellipse,flank,50.0,30.0,0.0,11,,,,,,,0,15,15,4001.7303966493055
ellipse,flank,50.0,30.0,0.0,12,,,,,,,0,15,15,4001.7303966493055
ellipse,flank,50.0,30.0,0.0,13,,,,,,,0,15,15,4001.7303966493055
ellipse,flank,50.0,30.0,0.0,14,,,,,,,0,15,15,4001.7303966493055
ellipse,flank,50.0,30.0,0.0,15,,,,,,,0,15,15,4001.7303966493055
ellipse,flank,50.0,30.0,0.0,16,,,,,,,0,15,15,4001.7303966493055
ellipse,flank,50.0,30.0,0.0,17,,,,,,,0,15,15,4001.7303966493055
ellipse,flank,50.0,30.0,0.0,18,,,,,,,0,15,15,4001.7303966493055
ellipse,flank,50.0,30.0,0.0,19,,,,,,,0,15,15,4001.7303966493055
ellipse,flank,50.0,30.0,0.0,20,,,,,,,0,15,15,4001.7303966493055
ellipse,flank,50.0,30.0,0.0,21,,,,,,,0,15,15,4001.7303966493055
ellipse,flank,50.0,30.0,0.0,22,,,,,,,0,15,15,4001.7303966493055
ellipse,flank,50.0,30.0,0.0,23,,,,,,,0,15,15,4001.7303966493055
ellipse,flank,50.0,30.0,0.0,24,,,,,,,0,15,15,4001.7303966493055
ellipse,flank,50.0,30.0,0.0,25,,,,,,,0,15,15,4001.7303966493055
ellipse,flank,50.0,30.0,0.0,26,,,,,,,0,15,15,4001.7303966493055
ellipse,flank,50.0,30.0,0.0,27,,,,,,,0,15,15,4001.7303966493055
ellipse,flank,50.0,30.0,0.0,28,,,,,,,0,15,15,4001.7303966493055
ellipse,flank,50.0,30.0,0.0,29,,,,,,,0,15,15,4001.7303966493055
ellipse,flank,50.0,30.0,0.0,30,,,,,,,0,15,15,4001.7303966493055
ellipse,flank,50.0,30.0,11.0,1,,,,,,,0,15,15,4001.7303966493055
ellipse,flank,50.0,30.0,11.0,2,,,,,,,0,15,15,4001.7303966493055
ellipse,flank,50.0,30.0,11.0,3,,,,,,,0,15,15,4001.7303966493055
ellipse,flank,50.0,30.0,11.0,4,,,,,,,0,15,15,4001.7303966493055
ellipse,flank,50.0,30.0,11.0,5,,,,,,,0,15,15,4001.7303966493055
ellipse,flank,50.0,30.0,11.0,6,,,,,,,0,15,15,4001.7303966493055
ellipse,flank,50.0,30.0,11.0,7,,,,,,,0,15,15,4001.7303966493055
ellipse,flank,50.0,30.0,11.0,8,,,,,,,0,15,15,4001.7303966493055
ellipse,flank,50.0,30.0,11.0,9,,,,,,,0,15,15,4001.7303966493055
ellipse,flank,50.0,30.0,11.0,10,,,,,,,0,15,15,4001.7303966493055
ellipse,flank,50.0,30.0,11.0,11,,,,,,,0,15,15,4001.7303966493055
ellipse,flank,50.0,30.0,11.0,12,,,,,,,0,15,15,4001.7303966493055
ellipse,flank,50.0,30.0,11.0,13,,,,,,,0,15,15,4001.7303966493055
ellipse,flank,50.0,30.0,11.0,14,,,,,,,0,15,15,4001.7303966493055
ellipse,flank,50.0,30.0,11.0,15,,,,,,,0,15,15,4001.7303966493055
ellipse,flank,50.0,30.0,11.0,16,,,,,,,0,15,15,4001.7303966493055
ellipse,flank,50.0,30.0,11.0,17,,,,,,,0,15,15,4001.7303966493055
ellipse,flank,50.0,30.0,11.0,18,,,,,,,0,15,15,4001.7303966493055
ellipse,flank,50.0,30.0,11.0,19,,,,,,,0,15,15,4001.7303966493055
ellipse,flank,50.0,30.0,11.0,20,,,,,,,0,15,15,4001.7303966493055
ellipse,flank,50.0,30.0,11.0,21,,,,,,,0,15,15,4001.7303966493055
ellipse,flank,50.0,30.0,11.0,22,,,,,,,0,15,15,4001.7303966493055
ellipse,flank,50.0,30.0,11.0,23,,,,,,,0,15,15,4001.7303966493055
ellipse,flank,50.0,30.0,11.0,24,,,,,,,0,15,15,4001.7303966493055
ellipse,flank,50.0,30.0,11.0,25,,,,,,,0,15,15,4001.7303966493055
ellipse,flank,50.0,30.0,11.0,26,,,,,,,0,15,15,4001.7303966493055
ellipse,flank,50.0,30.0,11.0,27,,,,,,,0,15,15,4001.7303966493055
ellipse,flank,50.0,30.0,11.0,28,,,,,,,0,15,15,4001.7303966493055
ellipse,flank,50.0,30.0,11.0,29,,,,,,,0,15,15,4001.7303966493055
ellipse,flank,50.0,30.0,11.0,30,,,,,,,0,15,15,4001.7303966493055
ellipse,flank,50.0,30.0,78.5,1,,,,,,,0,15,15,4001.7303966493055
ellipse,flank,50.0,30.0,78.5,2,,,,,,,0,15,15,4001.7303966493055
ellipse,flank,50.0,30.0,78.5,3,,,,,,,0,15,15,4001.7303966493055
ellipse,flank,50.0,30.0,78.5,4,,,,,,,0,15,15,4001.7303966493055
ellipse,flank,50.0,30.0,78.5,5,,,,,,,0,15,15,4001.7303966493055
ellipse,flank,50.0,30.0,78.5,6,,,,,,,0,15,15,4001.7303966493055
ellipse,flank,50.0,30.0,78.5,7,,,,,,,0,15,15,4001.7303966493055
ellipse,flank,50.0,30.0,78.5,8,,,,,,,0,15,15,4001.7303966493055
ellipse,flank,50.0,30.0,78.5,9,,,,,,,0,15,15,4001.7303966493055
ellipse,flank,50.0,30.0,78.5,10,,,,,,,0,15,15,4001.7303966493055
ellipse,flank,50.0,30.0,78.5,11,,,,,,,0,15,15,4001.7303966493055
ellipse,flank,50.0,30.0,78.5,12,,,,,,,0,15,15,4001.7303966493055
ellipse,flank,50.0,30.0,78.5,13,,,,,,,0,15,15,4001.7303966493055
ellipse,flank,50.0,30.0,78.5,14,,,,,,,0,15,15,4001.7303966493055
ellipse,flank,50.0,30.0,78.5,15,,,,,,,0,15,15,4001.7303966493055
ellipse,flank,50.0,30.0,78.5,16,,,,,,,0,15,15,4001.7303966493055
ellipse,flank,50.0,30.0,78.5,17,,,,,,,0,15,15,4001.7303966493055
ellipse,flank,50.0,30.0,78.5,18,,,,,,,0,15,15,4001.7303966493055
ellipse,flank,50.0,30.0,78.5,19,,,,,,,0,15,15,4001.7303966493055
ellipse,flank,50.0,30.0,78.5,20,,,,,,,0,15,15,4001.7303966493055
ellipse,flank,50.0,30.0,78.5,21,,,,,,,0,15,15,4001.7303966493055
ellipse,flank,50.0,30.0,78.5,22,,,,,,,0,15,15,4001.7303966493055
ellipse,flank,50.0,30.0,78.5,23,,,,,,,0,15,15,4001.7303966493055
ellipse,flank,50.0,30.0,78.5,24,,,,,,,0,15,15,4001.7303966493055
ellipse,flank,50.0,30.0,78.5,25,,,,,,,0,15,15,4001.7303966493055
ellipse,flank,50.0,30.0,78.5,26,,,,,,,0,15,15,4001.7303966493055
ellipse,flank,50.0,30.0,78.5,27,,,,,,,0,15,15,4001.7303966493055
ellipse,flank,50.0,30.0,78.5,28,,,,,,,0,15,15,4001.7303966493055
ellipse,flank,50.0,30.0,78.5,29,,,,,,,0,15,15,4001.7303966493055
ellipse,flank,50.0,30.0,78.5,30,,,,,,,0,15,15,4001.7303966493055
ellipse,flank,50.0,60.0,0.0,1,,,,,,,0,15,15,5909.59158642057
ellipse,flank,50.0,60.0,0.0,2,,,,,,,0,15,15,5909.59158642057
ellipse,flank,50.0,60.0,0.0,3,,,,,,,0,15,15,5909.59158642057
ellipse,flank,50.0,60.0,0.0,4,,,,,,,0,15,15,5909.59158642057
ellipse,flank,50.0,60.0,0.0,5,,,,,,,0,15,15,5909.59158642057
ellipse,flank,50.0,60.0,0.0,6,,,,,,,0,15,15,5909.59158642057
ellipse,flank,50.0,60.0,0.0,7,,,,,,,0,15,15,5909.59158642057
ellipse,flank,50.0,60.0,0.0,8,,,,,,,0,15,15,5909.59158642057
ellipse,flank,50.0,60.0,0.0,9,,,,,,,0,15,15,5909.59158642057
ellipse,flank,50.0,60.0,0.0,10,,,,,,,0,15,15,5909.59158642057
ellipse,flank,50.0,60.0,0.0,11,,,,,,,0,15,15,5909.59158642057
ellipse,flank,50.0,60.0,0.0,12,,,,,,,0,15,15,5909.59158642057
ellipse,flank,50.0,60.0,0.0,13,,,,,,,0,15,15,5909.59158642057
ellipse,flank,50.0,60.0,0.0,14,,,,,,,0,15,15,5909.59158642057
ellipse,flank,50.0,60.0,0.0,15,,,,,,,0,15,15,5909.59158642057
ellipse,flank,50.0,60.0,0.0,16,,,,,,,0,15,15,5909.59158642057
ellipse,flank,50.0,60.0,0.0,17,,,,,,,0,15,15,5909.59158642057
ellipse,flank,50.0,60.0,0.0,18,,,,,,,0,15,15,5909.59158642057
ellipse,flank,50.0,60.0,0.0,19,,,,,,,0,15,15,5909.59158642057
ellipse,flank,50.0,60.0,0.0,20,,,,,,,0,15,15,5909.59158642057
ellipse,flank,50.0,60.0,0.0,21,,,,,,,0,15,15,5909.59158642057
ellipse,flank,50.0,60.0,0.0,22,,,,,,,0,15,15,5909.59158642057
ellipse,flank,50.0,60.0,0.0,23,,,,,,,0,15,15,5909.59158642057
ellipse,flank,50.0,60.0,0.0,24,,,,,,,0,15,15,5909.59158642057
ellipse,flank,50.0,60.0,0.0,25,,,,,,,0,15,15,5909.59158642057
ellipse,flank,50.0,60.0,0.0,26,,,,,,,0,15,15,5909.59158642057
ellipse,flank,50.0,60.0,0.0,27,,,,,,,0,15,15,5909.59158642057
ellipse,flank,50.0,60.0,0.0,28,,,,,,,0,15,15,5909.59158642057
ellipse,flank,50.0,60.0,0.0,29,,,,,,,0,15,15,5909.59158642057
ellipse,flank,50.0,60.0,0.0,30,,,,,,,0,15,15,5909.59158642057
ellipse,flank,50.0,60.0,11.0,1,,,,,,,0,15,15,5909.59158642057
ellipse,flank,50.0,60.0,11.0,2,,,,,,,0,15,15,5909.59158642057
ellipse,flank,50.0,60.0,11.0,3,,,,,,,0,15,15,5909.59158642057
ellipse,flank,50.0,60.0,11.0,4,,,,,,,0,15,15,5909.59158642057
ellipse,flank,50.0,60.0,11.0,5,,,,,,,0,15,15,5909.59158642057
ellipse,flank,50.0,60.0,11.0,6,,,,,,,0,15,15,5909.59158642057
ellipse,flank,50.0,60.0,11.0,7,,,,,,,0,15,15,5909.59158642057
ellipse,flank,50.0,60.0,11.0,8,,,,,,,0,15,15,5909.59158642057
ellipse,flank,50.0,60.0,11.0,9,,,,,,,0,15,15,5909.59158642057
ellipse,flank,50.0,60.0,11.0,10,,,,,,,0,15,15,5909.59158642057
ellipse,flank,50.0,60.0,11.0,11,,,,,,,0,15,15,5909.59158642057
ellipse,flank,50.0,60.0,11.0,12,,,,,,,0,15,15,5909.59158642057
ellipse,flank,50.0,60.0,11.0,13,,,,,,,0,15,15,5909.59158642057
ellipse,flank,50.0,60.0,11.0,14,,,,,,,0,15,15,5909.59158642057
ellipse,flank,50.0,60.0,11.0,15,,,,,,,0,15,15,5909.59158642057
ellipse,flank,50.0,60.0,11.0,16,,,,,,,0,15,15,5909.59158642057
ellipse,flank,50.0,60.0,11.0,17,,,,,,,0,15,15,5909.59158642057
ellipse,flank,50.0,60.0,11.0,18,,,,,,,0,15,15,5909.59158642057
ellipse,flank,50.0,60.0,11.0,19,,,,,,,0,15,15,5909.59158642057
ellipse,flank,50.0,60.0,11.0,20,,,,,,,0,15,15,5909.59158642057
ellipse,flank,50.0,60.0,11.0,21,,,,,,,0,15,15,5909.59158642057
ellipse,flank,50.0,60.0,11.0,22,,,,,,,0,15,15,5909.59158642057
ellipse,flank,50.0,60.0,11.0,23,,,,,,,0,15,15,5909.59158642057
ellipse,flank,50.0,60.0,11.0,24,,,,,,,0,15,15,5909.59158642057
ellipse,flank,50.0,60.0,11.0,25,,,,,,,0,15,15,5909.59158642057
ellipse,flank,50.0,60.0,11.0,26,,,,,,,0,15,15,5909.59158642057
ellipse,flank,50.0,60.0,11.0,27,,,,,,,0,15,15,5909.59158642057
ellipse,flank,50.0,60.0,11.0,28,,,,,,,0,15,15,5909.59158642057
ellipse,flank,50.0,60.0,11.0,29,,,,,,,0,15,15,5909.59158642057
ellipse,flank,50.0,60.0,11.0,30,,,,,,,0,15,15,5909.59158642057
ellipse,flank,50.0,60.0,78.5,1,,,,,,,0,15,15,5909.59158642057
ellipse,flank,50.0,60.0,78.5,2,,,,,,,0,15,15,5909.59158642057
ellipse,flank,50.0,60.0,78.5,3,,,,,,,0,15,15,5909.59158642057
ellipse,flank,50.0,60.0,78.5,4,,,,,,,0,15,15,5909.59158642057
ellipse,flank,50.0,60.0,78.5,5,,,,,,,0,15,15,5909.59158642057
ellipse,flank,50.0,60.0,78.5,6,,,,,,,0,15,15,5909.59158642057
ellipse,flank,50.0,60.0,78.5,7,,,,,,,0,15,15,5909.59158642057
ellipse,flank,50.0,60.0,78.5,8,,,,,,,0,15,15,5909.59158642057
ellipse,flank,50.0,60.0,78.5,9,,,,,,,0,15,15,5909.59158642057
ellipse,flank,50.0,60.0,78.5,10,,,,,,,0,15,15,5909.59158642057
ellipse,flank,50.0,60.0,78.5,11,,,,,,,0,15,15,5909.59158642057
ellipse,flank,50.0,60.0,78.5,12,,,,,,,0,15,15,5909.59158642057
ellipse,flank,50.0,60.0,78.5,13,,,,,,,0,15,15,5909.59158642057
ellipse,flank,50.0,60.0,78.5,14,,,,,,,0,15,15,5909.59158642057
ellipse,flank,50.0,60.0,78.5,15,,,,,,,0,15,15,5909.59158642057
ellipse,flank,50.0,60.0,78.5,16,,,,,,,0,15,15,5909.59158642057
ellipse,flank,50.0,60.0,78.5,17,,,,,,,0,15,15,5909.59158642057
ellipse,flank,50.0,60.0,78.5,18,,,,,,,0,15,15,5909.59158642057
ellipse,flank,50.0,60.0,78.5,19,,,,,,,0,15,15,5909.59158642057
ellipse,flank,50.0,60.0,78.5,20,,,,,,,0,15,15,5909.59158642057
ellipse,flank,50.0,60.0,78.5,21,,,,,,,0,15,15,5909.59158642057
ellipse,flank,50.0,60.0,78.5,22,,,,,,,0,15,15,5909.59158642057
ellipse,flank,50.0,60.0,78.5,23,,,,,,,0,15,15,5909.59158642057
ellipse,flank,50.0,60.0,78.5,24,,,,,,,0,15,15,5909.59158642057
ellipse,flank,50.0,60.0,78.5,25,,,,,,,0,15,15,5909.59158642057
ellipse,flank,50.0,60.0,78.5,26,,,,,,,0,15,15,5909.59158642057
ellipse,flank,50.0,60.0,78.5,27,,,,,,,0,15,15,5909.59158642057
ellipse,flank,50.0,60.0,78.5,28,,,,,,,0,15,15,5909.59158642057
ellipse,flank,50.0,60.0,78.5,29,,,,,,,0,15,15,5909.59158642057
ellipse,flank,50.0,60.0,78.5,30,,,,,,,0,15,15,5909.59158642057
ellipse,flank,50.0,120.0,0.0,1,,,,,,,0,15,15,9738.66748115725
ellipse,flank,50.0,120.0,0.0,2,,,,,,,0,15,15,9738.66748115725
ellipse,flank,50.0,120.0,0.0,3,,,,,,,0,15,15,9738.66748115725
ellipse,flank,50.0,120.0,0.0,4,,,,,,,0,15,15,9738.66748115725
ellipse,flank,50.0,120.0,0.0,5,,,,,,,0,15,15,9738.66748115725
ellipse,flank,50.0,120.0,0.0,6,,,,,,,0,15,15,9738.66748115725
ellipse,flank,50.0,120.0,0.0,7,,,,,,,0,15,15,9738.66748115725
ellipse,flank,50.0,120.0,0.0,8,,,,,,,0,15,15,9738.66748115725
ellipse,flank,50.0,120.0,0.0,9,,,,,,,0,15,15,9738.66748115725
ellipse,flank,50.0,120.0,0.0,10,,,,,,,0,15,15,9738.66748115725
ellipse,flank,50.0,120.0,0.0,11,,,,,,,0,15,15,9738.66748115725
ellipse,flank,50.0,120.0,0.0,12,,,,,,,0,15,15,9738.66748115725
ellipse,flank,50.0,120.0,0.0,13,,,,,,,0,15,15,9738.66748115725
ellipse,flank,50.0,120.0,0.0,14,,,,,,,0,15,15,9738.66748115725
ellipse,flank,50.0,120.0,0.0,15,,,,,,,0,15,15,9738.66748115725
ellipse,flank,50.0,120.0,0.0,16,,,,,,,0,15,15,9738.66748115725
ellipse,flank,50.0,120.0,0.0,17,,,,,,,0,15,15,9738.66748115725
ellipse,flank,50.0,120.0,0.0,18,,,,,,,0,15,15,9738.66748115725
ellipse,flank,50.0,120.0,0.0,19,,,,,,,0,15,15,9738.66748115725
ellipse,flank,50.0,120.0,0.0,20,,,,,,,0,15,15,9738.66748115725
ellipse,flank,50.0,120.0,0.0,21,,,,,,,0,15,15,9738.66748115725
ellipse,flank,50.0,120.0,0.0,22,,,,,,,0,15,15,9738.66748115725
ellipse,flank,50.0,120.0,0.0,23,,,,,,,0,15,15,9738.66748115725
ellipse,flank,50.0,120.0,0.0,24,,,,,,,0,15,15,9738.66748115725
ellipse,flank,50.0,120.0,0.0,25,,,,,,,0,15,15,9738.66748115725
ellipse,flank,50.0,120.0,0.0,26,,,,,,,0,15,15,9738.66748115725
ellipse,flank,50.0,120.0,0.0,27,,,,,,,0,15,15,9738.66748115725
ellipse,flank,50.0,120.0,0.0,28,,,,,,,0,15,15,9738.66748115725
ellipse,flank,50.0,120.0,0.0,29,,,,,,,0,15,15,9738.66748115725
ellipse,flank,50.0,120.0,0.0,30,,,,,,,0,15,15,9738.66748115725
ellipse,flank,50.0,120.0,11.0,1,,,,,,,0,15,15,9738.66748115725
ellipse,flank,50.0,120.0,11.0,2,,,,,,,0,15,15,9738.66748115725
ellipse,flank,50.0,120.0,11.0,3,,,,,,,0,15,15,9738.66748115725
ellipse,flank,50.0,120.0,11.0,4,,,,,,,0,15,15,9738.66748115725
ellipse,flank,50.0,120.0,11.0,5,,,,,,,0,15,15,9738.66748115725
ellipse,flank,50.0,120.0,11.0,6,,,,,,,0,15,15,9738.66748115725
ellipse,flank,50.0,120.0,11.0,7,,,,,,,0,15,15,9738.66748115725
ellipse,flank,50.0,120.0,11.0,8,,,,,,,0,15,15,9738.66748115725
ellipse,flank,50.0,120.0,11.0,9,,,,,,,0,15,15,9738.66748115725
ellipse,flank,50.0,120.0,11.0,10,,,,,,,0,15,15,9738.66748115725
ellipse,flank,50.0,120.0,11.0,11,,,,,,,0,15,15,9738.66748115725
ellipse,flank,50.0,120.0,11.0,12,,,,,,,0,15,15,9738.66748115725
ellipse,flank,50.0,120.0,11.0,13,,,,,,,0,15,15,9738.66748115725
ellipse,flank,50.0,120.0,11.0,14,,,,,,,0,15,15,9738.66748115725
ellipse,flank,50.0,120.0,11.0,15,,,,,,,0,15,15,9738.66748115725
ellipse,flank,50.0,120.0,11.0,16,,,,,,,0,15,15,9738.66748115725
ellipse,flank,50.0,120.0,11.0,17,,,,,,,0,15,15,9738.66748115725
ellipse,flank,50.0,120.0,11.0,18,,,,,,,0,15,15,9738.66748115725
ellipse,flank,50.0,120.0,11.0,19,,,,,,,0,15,15,9738.66748115725
ellipse,flank,50.0,120.0,11.0,20,,,,,,,0,15,15,9738.66748115725
ellipse,flank,50.0,120.0,11.0,21,,,,,,,0,15,15,9738.66748115725
ellipse,flank,50.0,120.0,11.0,22,,,,,,,0,15,15,9738.66748115725
ellipse,flank,50.0,120.0,11.0,23,,,,,,,0,15,15,9738.66748115725
ellipse,flank,50.0,120.0,11.0,24,,,,,,,0,15,15,9738.66748115725
ellipse,flank,50.0,120.0,11.0,25,,,,,,,0,15,15,9738.66748115725
ellipse,flank,50.0,120.0,11.0,26,,,,,,,0,15,15,9738.66748115725
ellipse,flank,50.0,120.0,11.0,27,,,,,,,0,15,15,9738.66748115725
ellipse,flank,50.0,120.0,11.0,28,,,,,,,0,15,15,9738.66748115725
ellipse,flank,50.0,120.0,11.0,29,,,,,,,0,15,15,9738.66748115725
ellipse,flank,50.0,120.0,11.0,30,,,,,,,0,15,15,9738.66748115725
ellipse,flank,50.0,120.0,78.5,1,,,,,,,0,15,15,9738.66748115725
ellipse,flank,50.0,120.0,78.5,2,,,,,,,0,15,15,9738.66748115725
ellipse,flank,50.0,120.0,78.5,3,,,,,,,0,15,15,9738.66748115725
ellipse,flank,50.0,120.0,78.5,4,,,,,,,0,15,15,9738.66748115725
ellipse,flank,50.0,120.0,78.5,5,,,,,,,0,15,15,9738.66748115725
ellipse,flank,50.0,120.0,78.5,6,,,,,,,0,15,15,9738.66748115725
ellipse,flank,50.0,120.0,78.5,7,,,,,,,0,15,15,9738.66748115725
ellipse,flank,50.0,120.0,78.5,8,,,,,,,0,15,15,9738.66748115725
ellipse,flank,50.0,120.0,78.5,9,,,,,,,0,15,15,9738.66748115725
ellipse,flank,50.0,120.0,78.5,10,,,,,,,0,15,15,9738.66748115725
ellipse,flank,50.0,120.0,78.5,11,,,,,,,0,15,15,9738.66748115725
ellipse,flank,50.0,120.0,78.5,12,,,,,,,0,15,15,9738.66748115725
ellipse,flank,50.0,120.0,78.5,13,,,,,,,0,15,15,9738.66748115725
ellipse,flank,50.0,120.0,78.5,14,,,,,,,0,15,15,9738.66748115725
ellipse,flank,50.0,120.0,78.5,15,,,,,,,0,15,15,9738.66748115725
ellipse,flank,50.0,120.0,78.5,16,,,,,,,0,15,15,9738.66748115725
ellipse,flank,50.0,120.0,78.5,17,,,,,,,0,15,15,9738.66748115725
ellipse,flank,50.0,120.0,78.5,18,,,,,,,0,15,15,9738.66748115725
ellipse,flank,50.0,120.0,78.5,19,,,,,,,0,15,15,9738.66748115725
ellipse,flank,50.0,120.0,78.5,20,,,,,,,0,15,15,9738.66748115725
ellipse,flank,50.0,120.0,78.5,21,,,,,,,0,15,15,9738.66748115725
ellipse,flank,50.0,120.0,78.5,22,,,,,,,0,15,15,9738.66748115725
ellipse,flank,50.0,120.0,78.5,23,,,,,,,0,15,15,9738.66748115725
ellipse,flank,50.0,120.0,78.5,24,,,,,,,0,15,15,9738.66748115725
ellipse,flank,50.0,120.0,78.5,25,,,,,,,0,15,15,9738.66748115725
ellipse,flank,50.0,120.0,78.5,26,,,,,,,0,15,15,9738.66748115725
ellipse,flank,50.0,120.0,78.5,27,,,,,,,0,15,15,9738.66748115725
ellipse,flank,50.0,120.0,78.5,28,,,,,,,0,15,15,9738.66748115725
ellipse,flank,50.0,120.0,78.5,29,,,,,,,0,15,15,9738.66748115725
ellipse,flank,50.0,120.0,78.5,30,,,,,,,0,15,15,9738.66748115725
straight_S1,-,,,0.0,1,2.115247425243427,,1.498558331075938,-0.09611126160412967,,,1,15,15,400.0
straight_S1,-,,,0.0,2,2.115247425243427,,1.498558331075938,-0.09611126160412967,,,1,15,15,400.0
straight_S1,-,,,0.0,3,2.115247425243427,,1.498558331075938,-0.09611126160412967,,,1,15,15,400.0
straight_S1,-,,,0.0,4,2.115247425243427,,1.498558331075938,-0.09611126160412967,,,1,15,15,400.0
straight_S1,-,,,0.0,5,2.115247425243427,,1.498558331075938,-0.09611126160412967,,,1,15,15,400.0
straight_S1,-,,,0.0,6,2.115247425243427,,1.498558331075938,-0.09611126160412967,,,1,15,15,400.0
straight_S1,-,,,0.0,7,2.115247425243427,,1.498558331075938,-0.09611126160412967,,,1,15,15,400.0
straight_S1,-,,,0.0,8,2.115247425243427,,1.498558331075938,-0.09611126160412967,,,1,15,15,400.0
straight_S1,-,,,0.0,9,2.115247425243427,,1.498558331075938,-0.09611126160412967,,,1,15,15,400.0
straight_S1,-,,,0.0,10,2.115247425243427,,1.498558331075938,-0.09611126160412967,,,1,15,15,400.0
straight_S1,-,,,0.0,11,2.115247425243427,,1.498558331075938,-0.09611126160412967,,,1,15,15,400.0
straight_S1,-,,,0.0,12,2.115247425243427,,1.498558331075938,-0.09611126160412967,,,1,15,15,400.0
straight_S1,-,,,0.0,13,2.115247425243427,,1.498558331075938,-0.09611126160412967,,,1,15,15,400.0
straight_S1,-,,,0.0,14,2.115247425243427,,1.498558331075938,-0.09611126160412967,,,1,15,15,400.0
straight_S1,-,,,0.0,15,2.115247425243427,,1.498558331075938,-0.09611126160412967,,,1,15,15,400.0
straight_S1,-,,,0.0,16,2.115247425243427,,1.498558331075938,-0.09611126160412967,,,1,15,15,400.0
straight_S1,-,,,0.0,17,2.115247425243427,,1.498558331075938,-0.09611126160412967,,,1,15,15,400.0
straight_S1,-,,,0.0,18,2.115247425243427,,1.498558331075938,-0.09611126160412967,,,1,15,15,400.0
straight_S1,-,,,0.0,19,2.115247425243427,,1.498558331075938,-0.09611126160412967,,,1,15,15,400.0
straight_S1,-,,,0.0,20,2.115247425243427,,1.498558331075938,-0.09611126160412967,,,1,15,15,400.0
straight_S1,-,,,0.0,21,2.115247425243427,,1.498558331075938,-0.09611126160412967,,,1,15,15,400.0
straight_S1,-,,,0.0,22,2.115247425243427,,1.498558331075938,-0.09611126160412967,,,1,15,15,400.0
straight_S1,-,,,0.0,23,2.115247425243427,,1.498558331075938,-0.09611126160412967,,,1,15,15,400.0
straight_S1,-,,,0.0,24,2.115247425243427,,1.498558331075938,-0.09611126160412967,,,1,15,15,400.0
straight_S1,-,,,0.0,25,2.115247425243427,,1.498558331075938,-0.09611126160412967,,,1,15,15,400.0
straight_S1,-,,,0.0,26,2.115247425243427,,1.498558331075938,-0.09611126160412967,,,1,15,15,400.0
straight_S1,-,,,0.0,27,2.115247425243427,,1.498558331075938,-0.09611126160412967,,,1,15,15,400.0
straight_S1,-,,,0.0,28,2.115247425243427,,1.498558331075938,-0.09611126160412967,,,1,15,15,400.0
straight_S1,-,,,0.0,29,2.115247425243427,,1.498558331075938,-0.09611126160412967,,,1,15,15,400.0
straight_S1,-,,,0.0,30,2.115247425243427,,1.498558331075938,-0.09611126160412967,,,1,15,15,400.0
straight_S1,-,,,11.0,1,0.38133543576908435,,1.5182917289142566,1.219448594283771,,,1,15,15,400.0
straight_S1,-,,,11.0,2,0.38133543576908435,,1.5182917289142566,1.219448594283771,,,1,15,15,400.0
straight_S1,-,,,11.0,3,0.38133543576908435,,1.5182917289142566,1.219448594283771,,,1,15,15,400.0
straight_S1,-,,,11.0,4,0.38133543576908435,,1.5182917289142566,1.219448594283771,,,1,15,15,400.0
straight_S1,-,,,11.0,5,0.38133543576908435,,1.5182917289142566,1.219448594283771,,,1,15,15,400.0
straight_S1,-,,,11.0,6,0.38133543576908435,,1.5182917289142566,1.219448594283771,,,1,15,15,400.0
straight_S1,-,,,11.0,7,0.38133543576908435,,1.5182917289142566,1.219448594283771,,,1,15,15,400.0
straight_S1,-,,,11.0,8,0.38133543576908435,,1.5182917289142566,1.219448594283771,,,1,15,15,400.0
straight_S1,-,,,11.0,9,0.38133543576908435,,1.5182917289142566,1.219448594283771,,,1,15,15,400.0
straight_S1,-,,,11.0,10,0.38133543576908435,,1.5182917289142566,1.219448594283771,,,1,15,15,400.0
straight_S1,-,,,11.0,11,0.38133543576908435,,1.5182917289142566,1.219448594283771,,,1,15,15,400.0
straight_S1,-,,,11.0,12,0.38133543576908435,,1.5182917289142566,1.219448594283771,,,1,15,15,400.0
straight_S1,-,,,11.0,13,0.38133543576908435,,1.5182917289142566,1.219448594283771,,,1,15,15,400.0
straight_S1,-,,,11.0,14,0.38133543576908435,,1.5182917289142566,1.219448594283771,,,1,15,15,400.0
straight_S1,-,,,11.0,15,0.38133543576908435,,1.5182917289142566,1.219448594283771,,,1,15,15,400.0
straight_S1,-,,,11.0,16,0.38133543576908435,,1.5182917289142566,1.219448594283771,,,1,15,15,400.0
straight_S1,-,,,11.0,17,0.38133543576908435,,1.5182917289142566,1.219448594283771,,,1,15,15,400.0
straight_S1,-,,,11.0,18,0.38133543576908435,,1.5182917289142566,1.219448594283771,,,1,15,15,400.0
straight_S1,-,,,11.0,19,0.38133543576908435,,1.5182917289142566,1.219448594283771,,,1,15,15,400.0
straight_S1,-,,,11.0,20,0.38133543576908435,,1.5182917289142566,1.219448594283771,,,1,15,15,400.0
straight_S1,-,,,11.0,21,0.38133543576908435,,1.5182917289142566,1.219448594283771,,,1,15,15,400.0
straight_S1,-,,,11.0,22,0.38133543576908435,,1.5182917289142566,1.219448594283771,,,1,15,15,400.0
straight_S1,-,,,11.0,23,0.38133543576908435,,1.5182917289142566,1.219448594283771,,,1,15,15,400.0
straight_S1,-,,,11.0,24,0.38133543576908435,,1.5182917289142566,1.219448594283771,,,1,15,15,400.0
straight_S1,-,,,11.0,25,0.38133543576908435,,1.5182917289142566,1.219448594283771,,,1,15,15,400.0
straight_S1,-,,,11.0,26,0.38133543576908435,,1.5182917289142566,1.219448594283771,,,1,15,15,400.0
straight_S1,-,,,11.0,27,0.38133543576908435,,1.5182917289142566,1.219448594283771,,,1,15,15,400.0
straight_S1,-,,,11.0,28,0.38133543576908435,,1.5182917289142566,1.219448594283771,,,1,15,15,400.0
straight_S1,-,,,11.0,29,0.38133543576908435,,1.5182917289142566,1.219448594283771,,,1,15,15,400.0
straight_S1,-,,,11.0,30,0.38133543576908435,,1.5182917289142566,1.219448594283771,,,1,15,15,400.0
straight_S1,-,,,78.5,1,0.3453143881032122,,1.5470578098827115,3.137187325514098,,,1,15,15,400.0
straight_S1,-,,,78.5,2,0.3453143881032122,,1.5470578098827115,3.137187325514098,,,1,15,15,400.0
straight_S1,-,,,78.5,3,0.3453143881032122,,1.5470578098827115,3.137187325514098,,,1,15,15,400.0
straight_S1,-,,,78.5,4,0.3453143881032122,,1.5470578098827115,3.137187325514098,,,1,15,15,400.0
straight_S1,-,,,78.5,5,0.3453143881032122,,1.5470578098827115,3.137187325514098,,,1,15,15,400.0
straight_S1,-,,,78.5,6,0.3453143881032122,,1.5470578098827115,3.137187325514098,,,1,15,15,400.0
straight_S1,-,,,78.5,7,0.3453143881032122,,1.5470578098827115,3.137187325514098,,,1,15,15,400.0
straight_S1,-,,,78.5,8,0.3453143881032122,,1.5470578098827115,3.137187325514098,,,1,15,15,400.0
straight_S1,-,,,78.5,9,0.3453143881032122,,1.5470578098827115,3.137187325514098,,,1,15,15,400.0
straight_S1,-,,,78.5,10,0.3453143881032122,,1.5470578098827115,3.137187325514098,,,1,15,15,400.0
straight_S1,-,,,78.5,11,0.3453143881032122,,1.5470578098827115,3.137187325514098,,,1,15,15,400.0
straight_S1,-,,,78.5,12,0.3453143881032122,,1.5470578098827115,3.137187325514098,,,1,15,15,400.0
straight_S1,-,,,78.5,13,0.3453143881032122,,1.5470578098827115,3.137187325514098,,,1,15,15,400.0
straight_S1,-,,,78.5,14,0.3453143881032122,,1.5470578098827115,3.137187325514098,,,1,15,15,400.0
straight_S1,-,,,78.5,15,0.3453143881032122,,1.5470578098827115,3.137187325514098,,,1,15,15,400.0
straight_S1,-,,,78.5,16,0.3453143881032122,,1.5470578098827115,3.137187325514098,,,1,15,15,400.0
straight_S1,-,,,78.5,17,0.3453143881032122,,1.5470578098827115,3.137187325514098,,,1,15,15,400.0
straight_S1,-,,,78.5,18,0.3453143881032122,,1.5470578098827115,3.137187325514098,,,1,15,15,400.0
straight_S1,-,,,78.5,19,0.3453143881032122,,1.5470578098827115,3.137187325514098,,,1,15,15,400.0
straight_S1,-,,,78.5,20,0.3453143881032122,,1.5470578098827115,3.137187325514098,,,1,15,15,400.0
straight_S1,-,,,78.5,21,0.3453143881032122,,1.5470578098827115,3.137187325514098,,,1,15,15,400.0
straight_S1,-,,,78.5,22,0.3453143881032122,,1.5470578098827115,3.137187325514098,,,1,15,15,400.0
straight_S1,-,,,78.5,23,0.3453143881032122,,1.5470578098827115,3.137187325514098,,,1,15,15,400.0
straight_S1,-,,,78.5,24,0.3453143881032122,,1.5470578098827115,3.137187325514098,,,1,15,15,400.0
straight_S1,-,,,78.5,25,0.3453143881032122,,1.5470578098827115,3.137187325514098,,,1,15,15,400.0
straight_S1,-,,,78.5,26,0.3453143881032122,,1.5470578098827115,3.137187325514098,,,1,15,15,400.0
straight_S1,-,,,78.5,27,0.3453143881032122,,1.5470578098827115,3.137187325514098,,,1,15,15,400.0
straight_S1,-,,,78.5,28,0.3453143881032122,,1.5470578098827115,3.137187325514098,,,1,15,15,400.0
straight_S1,-,,,78.5,29,0.3453143881032122,,1.5470578098827115,3.137187325514098,,,1,15,15,400.0
straight_S1,-,,,78.5,30,0.3453143881032122,,1.5470578098827115,3.137187325514098,,,1,15,15,400.0
curved_S2a10,-,,,0.0,1,2.18453208669142,,1.5730486023486592,4.869906823243944,,,1,15,15,400.0
curved_S2a10,-,,,0.0,2,3.9187933532769277,,1.7872644238793707,19.150961591958048,,,1,15,15,400.0
curved_S2a10,-,,,0.0,3,3.065734443299425,,1.7019929505496652,13.46619670331101,,,1,15,15,400.0
curved_S2a10,-,,,0.0,4,5.195779624391109,,1.836588675201514,22.43924501343426,,,1,15,15,400.0
curved_S2a10,-,,,0.0,5,3.71053520856944,,1.4961449127887536,-0.25700581408309253,,,1,15,15,400.0
curved_S2a10,-,,,0.0,6,2.0593224335266958,,2.007239114759251,33.815940983950085,,,1,15,15,400.0
curved_S2a10,-,,,0.0,7,13.408549122086368,,1.7052909956967146,13.686066379780973,,,1,15,15,400.0
curved_S2a10,-,,,0.0,8,1.015996841201195,,1.6133229794181922,7.55486529454615,,,1,15,15,400.0
curved_S2a10,-,,,0.0,9,4.6941672124932445,,2.032117967666794,35.474531177786275,,,1,15,15,400.0
curved_S2a10,-,,,0.0,10,9.858425890886643,,1.6737850579550113,11.585670530334086,,,1,15,15,400.0
curved_S2a10,-,,,0.0,11,0.14475542739128808,,1.8004141428847737,20.02760952565158,,,1,15,15,400.0
curved_S2a10,-,,,0.0,12,5.832178903731222,,1.6885368523711626,12.569123491410839,,,1,15,15,400.0
curved_S2a10,-,,,0.0,13,4.583410389120112,,1.7515376370422149,16.769175802814328,,,1,15,15,400.0
curved_S2a10,-,,,0.0,14,9.172940771051959,,1.8191425925494111,21.276172836627406,,,1,15,15,400.0
curved_S2a10,-,,,0.0,15,7.299417773745695,,1.6950574632130286,13.003830880868575,,,1,15,15,400.0
curved_S2a10,-,,,0.0,16,5.029143100442105,,1.6782879963576594,11.885866423843956,,,1,15,15,400.0
curved_S2a10,-,,,0.0,17,2.9527239327650165,,1.6686958293742775,11.246388624951836,,,1,15,15,400.0
curved_S2a10,-,,,0.0,18,4.751783072415354,,1.7709963544809333,18.06642363206222,,,1,15,15,400.0
curved_S2a10,-,,,0.0,19,1.9276118519593042,,1.6939422832878555,12.929485552523698,,,1,15,15,400.0
curved_S2a10,-,,,0.0,20,5.576718341224772,,1.723336102585618,14.889073505707865,,,1,15,15,400.0
curved_S2a10,-,,,0.0,21,2.2110902928867007,,1.5458886689523659,3.0592445968243913,,,1,15,15,400.0
curved_S2a10,-,,,0.0,22,0.35544554602838446,,1.6891993645518177,12.613290970121183,,,1,15,15,400.0
curved_S2a10,-,,,0.0,23,6.399651837057798,,1.9996001199600146,33.30667466400097,,,1,15,15,400.0
curved_S2a10,-,,,0.0,24,14.234764937580085,,1.6681243380812987,11.208289205419913,,,1,15,15,400.0
curved_S2a10,-,,,0.0,25,1.285840886508707,,1.8914292613671937,26.095284091146247,,,1,15,15,400.0
curved_S2a10,-,,,0.0,26,0.9684632852248397,,1.8724919188088143,24.832794587254284,,,1,15,15,400.0
curved_S2a10,-,,,0.0,27,5.254863133392495,,1.7656041863582683,17.706945757217888,,,1,15,15,400.0
curved_S2a10,-,,,0.0,28,5.6912041576129235,,1.7219461834405898,14.796412229372654,,,1,15,15,400.0
curved_S2a10,-,,,0.0,29,0.7880246054003825,,1.5880742281477191,5.871615209847944,,,1,15,15,400.0
curved_S2a10,-,,,0.0,30,9.145341687574922,,1.881879598595209,25.45863990634727,,,1,15,15,400.0
curved_S2a10,-,,,11.0,1,0.4691075559192294,,1.689075666035075,12.605044402338331,,,1,15,15,400.0
curved_S2a10,-,,,11.0,2,0.9656910559128751,,1.6188097705954412,7.920651373029412,,,1,15,15,400.0
curved_S2a10,-,,,11.0,3,2.3743739948185603,,1.6521817835690213,10.145452237934755,,,1,15,15,400.0
curved_S2a10,-,,,11.0,4,6.443268340633172,,1.5954625747060842,6.364171647072281,,,1,15,15,400.0
curved_S2a10,-,,,11.0,5,6.005862898891747,,1.5560090627487597,3.7339375165839814,,,1,15,15,400.0
curved_S2a10,-,,,11.0,6,2.3171495417394854,,1.7426257801887124,16.175052012580828,,,1,15,15,400.0
curved_S2a10,-,,,11.0,7,10.381554501580116,,1.7233825188820522,14.892167925470146,,,1,15,15,400.0
curved_S2a10,-,,,11.0,8,0.7137824807810353,,1.6946718543287678,12.97812362191785,,,1,15,15,400.0
curved_S2a10,-,,,11.0,9,1.9228877175845789,,1.70125657986379,13.417105324252665,,,1,15,15,400.0
curved_S2a10,-,,,11.0,10,5.889491892603164,,1.663780661615406,10.918710774360402,,,1,15,15,400.0
curved_S2a10,-,,,11.0,11,2.713487130470788,,1.7006164450688863,13.374429671259088,,,1,15,15,400.0
curved_S2a10,-,,,11.0,12,1.7177546623125908,,1.605320501322972,7.021366754864807,,,1,15,15,400.0
curved_S2a10,-,,,11.0,13,2.8889682994421184,,1.7129448631309647,14.196324208730982,,,1,15,15,400.0
curved_S2a10,-,,,11.0,14,5.319462630289968,,1.6357092202259893,9.047281348399288,,,1,15,15,400.0
curved_S2a10,-,,,11.0,15,7.011684789830349,,1.5094924778015661,0.6328318534377431,,,1,15,15,400.0
curved_S2a10,-,,,11.0,16,2.110079012142011,,1.5759612020247977,5.064080134986515,,,1,15,15,400.0
curved_S2a10,-,,,11.0,17,9.424597208178529,,1.5485946642674306,3.2396442844953763,,,1,15,15,400.0
curved_S2a10,-,,,11.0,18,9.385104692063047,,1.5713376253237645,4.755841688250969,,,1,15,15,400.0
curved_S2a10,-,,,11.0,19,2.618527011452945,,1.6176232704209343,7.841551361395623,,,1,15,15,400.0
curved_S2a10,-,,,11.0,20,7.40363927095327,,1.6250200307523057,8.334668716820381,,,1,15,15,400.0
curved_S2a10,-,,,11.0,21,1.4781715695472197,,1.613322979418193,7.554865294546194,,,1,15,15,400.0
curved_S2a10,-,,,11.0,22,7.017321556497137,,1.4982592847847358,-0.11604768101761327,,,1,15,15,400.0
curved_S2a10,-,,,11.0,23,1.5125153699623766,,1.594797396961055,6.319826464070329,,,1,15,15,400.0
curved_S2a10,-,,,11.0,24,11.273456563868207,,1.6200007750085568,8.000051667237118,,,1,15,15,400.0
curved_S2a10,-,,,11.0,25,1.001257833510577,,1.6228159135171452,8.187727567809677,,,1,15,15,400.0
curved_S2a10,-,,,11.0,26,6.390960663355316,,1.6235665705518068,8.23777137012045,,,1,15,15,400.0
curved_S2a10,-,,,11.0,27,5.739279702386796,,1.6083810981163904,7.225406541092694,,,1,15,15,400.0
curved_S2a10,-,,,11.0,28,0.0691243638855974,,1.4846210376062543,-1.0252641595830467,,,1,15,15,400.0
curved_S2a10,-,,,11.0,29,1.8522263420435157,,1.5433070730056053,2.8871382003736885,,,1,15,15,400.0
curved_S2a10,-,,,11.0,30,7.467777282501977,,1.6931219669797382,12.87479779864921,,,1,15,15,400.0
curved_S2a10,-,,,78.5,1,0.3578056252749813,,1.6551487970940957,10.343253139606379,,,1,15,15,400.0
curved_S2a10,-,,,78.5,2,1.1310024692400416,,1.637804455201049,9.186963680069926,,,1,15,15,400.0
curved_S2a10,-,,,78.5,3,2.4821278463891665,,1.6625206658953144,10.83471105968763,,,1,15,15,400.0
curved_S2a10,-,,,78.5,4,5.949701428799285,,1.5883335100256384,5.888900668375893,,,1,15,15,400.0
curved_S2a10,-,,,78.5,5,6.582861990319413,,1.6024324156332301,6.828827708882009,,,1,15,15,400.0
curved_S2a10,-,,,78.5,6,0.040155530236403315,,1.6404470344110675,9.363135627404501,,,1,15,15,400.0
curved_S2a10,-,,,78.5,7,9.48773778786532,,1.71273704510559,14.182469673706008,,,1,15,15,400.0
curved_S2a10,-,,,78.5,8,2.849670148920131,,1.6630232985072555,10.8682199004837,,,1,15,15,400.0
curved_S2a10,-,,,78.5,9,1.5608735649218695,,1.7376527625625728,15.843517504171523,,,1,15,15,400.0
curved_S2a10,-,,,78.5,10,4.712920425637641,,1.6623112425120912,10.820749500806077,,,1,15,15,400.0
curved_S2a10,-,,,78.5,11,1.10498085327514,,1.729241271566799,15.282751437786604,,,1,15,15,400.0
curved_S2a10,-,,,78.5,12,1.536616952579588,,1.6153849881658107,7.692332544387377,,,1,15,15,400.0
curved_S2a10,-,,,78.5,13,3.289096860147363,,1.7341040462427733,15.606936416184883,,,1,15,15,400.0
curved_S2a10,-,,,78.5,14,4.873894507465823,,1.654002954452018,10.266863630134537,,,1,15,15,400.0
curved_S2a10,-,,,78.5,15,5.593605849817211,,1.5567987146964395,3.7865809797626326,,,1,15,15,400.0
curved_S2a10,-,,,78.5,16,1.4840665308925898,,1.5931324696929159,6.20883131286106,,,1,15,15,400.0
curved_S2a10,-,,,78.5,17,9.339569933068246,,1.5955415493448617,6.36943662299078,,,1,15,15,400.0
curved_S2a10,-,,,78.5,18,9.534188651873922,,1.5970968027080885,6.473120180539234,,,1,15,15,400.0
curved_S2a10,-,,,78.5,19,1.7843875072363475,,1.6174911278507365,7.832741856715764,,,1,15,15,400.0
curved_S2a10,-,,,78.5,20,7.676909140625202,,1.5982506952229685,6.550046348197898,,,1,15,15,400.0
curved_S2a10,-,,,78.5,21,0.3435972832491535,,1.6186165510583193,7.907770070554617,,,1,15,15,400.0
curved_S2a10,-,,,78.5,22,7.495210367991711,,1.5368457191490001,2.45638127660001,,,1,15,15,400.0
curved_S2a10,-,,,78.5,23,2.679706920494437,,1.5282272454048438,1.8818163603229188,,,1,15,15,400.0
curved_S2a10,-,,,78.5,24,11.27026882717358,,1.6401839395204307,9.345595968028714,,,1,15,15,400.0
curved_S2a10,-,,,78.5,25,0.6816967264927624,,1.5870170465817577,5.801136438783846,,,1,15,15,400.0
curved_S2a10,-,,,78.5,26,6.284572350178941,,1.6296167139562079,8.641114263747191,,,1,15,15,400.0
curved_S2a10,-,,,78.5,27,6.92098244283307,,1.6611737670973779,10.744917806491856,,,1,15,15,400.0
curved_S2a10,-,,,78.5,28,2.0347917870240777,,1.5685998379377373,4.5733225291824855,,,1,15,15,400.0
curved_S2a10,-,,,78.5,29,1.7914646581664648,,1.5582071485515945,3.8804765701062984,,,1,15,15,400.0
curved_S2a10,-,,,78.5,30,7.344176591098586,,1.6401171443385878,9.341142955905852,,,1,15,15,400.0
curved_S2a20,-,,,0.0,1,2.5277243673937173,,1.7731554549956874,18.21036366637916,,,1,15,15,400.0
curved_S2a20,-,,,0.0,2,2.0687830855713196,,1.7259345769283259,15.062305128555057,,,1,15,15,400.0
curved_S2a20,-,,,0.0,3,3.3174828068986986,,1.6473869680659763,9.825797871065085,,,1,15,15,400.0
curved_S2a20,-,,,0.0,4,3.5435836598571373,,2.0432314978450634,36.21543318967089,,,1,15,15,400.0
curved_S2a20,-,,,0.0,5,15.159632663787749,,1.4724203476646212,-1.8386434890252563,,,1,15,15,400.0
curved_S2a20,-,,,0.0,6,5.86795153472072,,2.483413075934393,65.56087172895954,,,1,15,15,400.0
curved_S2a20,-,,,0.0,7,29.674439551649108,,1.7672147846090087,17.814318973933915,,,1,15,15,400.0
curved_S2a20,-,,,0.0,8,1.3815188928112134,,2.023813025789783,34.92086838598552,,,1,15,15,400.0
curved_S2a20,-,,,0.0,9,3.3476931274813486,,2.0490232540136724,36.60155026757816,,,1,15,15,400.0
curved_S2a20,-,,,0.0,10,13.705030313633698,,1.91738975807691,27.825983871793998,,,1,15,15,400.0
curved_S2a20,-,,,0.0,11,4.288238460247407,,2.02868555155394,35.24570343692935,,,1,15,15,400.0
curved_S2a20,-,,,0.0,12,31.43694611873844,,2.083030986291018,38.86873241940121,,,1,15,15,400.0
curved_S2a20,-,,,0.0,13,4.446747769944572,,1.964447075744891,30.96313838299274,,,1,15,15,400.0
curved_S2a20,-,,,0.0,14,21.356317922586147,,1.9883252485676997,32.555016571179976,,,1,15,15,400.0
curved_S2a20,-,,,0.0,15,22.91348284359486,,1.9400111356958767,29.334075713058443,,,1,15,15,400.0
curved_S2a20,-,,,0.0,16,3.3622910186934263,,1.567397263415236,4.493150894349066,,,1,15,15,400.0
curved_S2a20,-,,,0.0,17,12.33548600235715,,1.9427621366930943,29.51747577953962,,,1,15,15,400.0
curved_S2a20,-,,,0.0,18,10.334051322106847,,2.2576153282544804,50.50768855029869,,,1,15,15,400.0
curved_S2a20,-,,,0.0,19,6.73546665067084,,2.4964917734334353,66.43278489556236,,,1,15,15,400.0
curved_S2a20,-,,,0.0,20,15.75773512911245,,2.1035158095583566,40.23438730389044,,,1,15,15,400.0
curved_S2a20,-,,,0.0,21,1.7573172514418227,,1.5566692783734086,3.777951891560575,,,1,15,15,400.0
curved_S2a20,-,,,0.0,22,6.987072783913706,,1.6008715938653197,6.7247729243546495,,,1,15,15,400.0
curved_S2a20,-,,,0.0,23,10.471445147207735,,2.2570481990381186,50.46987993587457,,,1,15,15,400.0
curved_S2a20,-,,,0.0,24,20.520407792951012,,1.8773757234538409,25.158381563589387,,,1,15,15,400.0
curved_S2a20,-,,,0.0,25,15.79784194089691,,1.9330394477645456,28.86929651763637,,,1,15,15,400.0
curved_S2a20,-,,,0.0,26,0.005256634629406109,,2.0141487362769026,34.27658241846017,,,1,15,15,400.0
curved_S2a20,-,,,0.0,27,9.128835964330602,,1.739122016310809,15.941467754053932,,,1,15,15,400.0
curved_S2a20,-,,,0.0,28,10.219471738779879,,2.3755876810040224,58.372512066934824,,,1,15,15,400.0
curved_S2a20,-,,,0.0,29,3.1885286891548414,,1.7282366933844546,15.215779558963641,,,1,15,15,400.0
curved_S2a20,-,,,0.0,30,25.77979134637066,,2.0531558876605587,36.87705917737058,,,1,15,15,400.0
curved_S2a20,-,,,11.0,1,4.117511988009892,,1.6908715616222656,12.724770774817706,,,1,15,15,400.0
curved_S2a20,-,,,11.0,2,3.748963784747049,,1.773708233041162,18.247215536077466,,,1,15,15,400.0
curved_S2a20,-,,,11.0,3,4.144452825792633,,1.6518211042472393,10.121406949815952,,,1,15,15,400.0
curved_S2a20,-,,,11.0,4,13.660544051535425,,1.6698004832854147,11.320032219027649,,,1,15,15,400.0
curved_S2a20,-,,,11.0,5,12.014080300846885,,1.534923485012058,2.3282323341372075,,,1,15,15,400.0
curved_S2a20,-,,,11.0,6,5.309350522567954,,1.8266554145039695,21.777027633597967,,,1,15,15,400.0
curved_S2a20,-,,,11.0,7,26.365290313404188,,1.6835429435398162,12.236196235987745,,,1,15,15,400.0
curved_S2a20,-,,,11.0,8,1.3935841202446673,,1.8832306370568763,25.548709137125087,,,1,15,15,400.0
curved_S2a20,-,,,11.0,9,2.3952570979473364,,1.8126458501993836,20.843056679958906,,,1,15,15,400.0
curved_S2a20,-,,,11.0,10,11.813350871721,,1.799539376871735,19.969291791448995,,,1,15,15,400.0
curved_S2a20,-,,,11.0,11,4.466100918244239,,1.6982274794603422,13.21516529735615,,,1,15,15,400.0
curved_S2a20,-,,,11.0,12,92.21293118280872,,1.8305204515028004,22.034696766853358,,,1,15,15,400.0
curved_S2a20,-,,,11.0,13,5.548547152934833,,1.809850939883036,20.656729325535736,,,1,15,15,400.0
curved_S2a20,-,,,11.0,14,15.672543298061518,,1.690690652743294,12.712710182886275,,,1,15,15,400.0
curved_S2a20,-,,,11.0,15,18.342637286227518,,1.5123664197360185,0.8244279824012324,,,1,15,15,400.0
curved_S2a20,-,,,11.0,16,8.964517027592107,,1.6727033573874226,11.513557159161508,,,1,15,15,400.0
curved_S2a20,-,,,11.0,17,17.628163957740053,,1.5203082281291767,1.3538818752784434,,,1,15,15,400.0
curved_S2a20,-,,,11.0,18,20.252865478172414,,1.9010857159064904,26.73904772709936,,,1,15,15,400.0
curved_S2a20,-,,,11.0,19,1.6318123219861473,,1.8785302091066578,25.235347273777187,,,1,15,15,400.0
curved_S2a20,-,,,11.0,20,16.308223975551034,,1.662745363976213,10.84969093174754,,,1,15,15,400.0
curved_S2a20,-,,,11.0,21,2.7943451731835283,,1.636116885275022,9.074459018334807,,,1,15,15,400.0
curved_S2a20,-,,,11.0,22,6.7036217352649725,,1.457869534300157,-2.808697713322861,,,1,15,15,400.0
curved_S2a20,-,,,11.0,23,6.087209816123284,,1.5789651297145622,5.26434198097081,,,1,15,15,400.0
curved_S2a20,-,,,11.0,24,24.483187716224823,,1.7037701949326312,13.584679662175411,,,1,15,15,400.0
curved_S2a20,-,,,11.0,25,2.9289748063529095,,2.0744231630695085,38.29487753796723,,,1,15,15,400.0
curved_S2a20,-,,,11.0,26,8.996574896954971,,1.6354299087833195,9.028660585554633,,,1,15,15,400.0
curved_S2a20,-,,,11.0,27,14.284608032080577,,1.909853399981655,27.323559998776997,,,1,15,15,400.0
curved_S2a20,-,,,11.0,28,3.9362152142125866,,1.7528508797830284,16.856725318868563,,,1,15,15,400.0
curved_S2a20,-,,,11.0,29,3.8678309005507523,,1.5944989013258606,6.299926755057372,,,1,15,15,400.0
curved_S2a20,-,,,11.0,30,17.051013001007544,,2.190411867438052,46.02745782920348,,,1,15,15,400.0
curved_S2a20,-,,,78.5,1,2.763213296217371,,1.610582968314755,7.372197887650334,,,1,15,15,400.0
curved_S2a20,-,,,78.5,2,4.794973508096564,,1.4496983330559887,-3.3534444629340854,,,1,15,15,400.0
curved_S2a20,-,,,78.5,3,3.678364141420105,,1.6095569499491345,7.30379666327563,,,1,15,15,400.0
curved_S2a20,-,,,78.5,4,8.948653706455268,,1.6373262883272361,9.155085888482411,,,1,15,15,400.0
curved_S2a20,-,,,78.5,5,13.463121655532573,,1.5778277701704806,5.188518011365373,,,1,15,15,400.0
curved_S2a20,-,,,78.5,6,1.7809261540512773,,1.619480772946234,7.965384863082263,,,1,15,15,400.0
curved_S2a20,-,,,78.5,7,21.543735546092247,,1.6552117772047508,10.34745181365005,,,1,15,15,400.0
curved_S2a20,-,,,78.5,8,7.561383548874329,,1.6367072456887382,9.113816379249212,,,1,15,15,400.0
curved_S2a20,-,,,78.5,9,4.408005153668985,,1.6334095803116662,8.893972020777746,,,1,15,15,400.0
curved_S2a20,-,,,78.5,10,3.948877622181061,,1.5728995199243192,4.859967994954614,,,1,15,15,400.0
curved_S2a20,-,,,78.5,11,0.7964888753418204,,1.6152029938286314,7.6801995885754275,,,1,15,15,400.0
curved_S2a20,-,,,78.5,12,0.4610290817419828,,1.4887685724752922,-0.7487618349805232,,,1,15,15,400.0
curved_S2a20,-,,,78.5,13,6.261456464374879,,1.6936430259834676,12.909535065564507,,,1,15,15,400.0
curved_S2a20,-,,,78.5,14,11.489312050386397,,1.7011893854092537,13.412625693950245,,,1,15,15,400.0
curved_S2a20,-,,,78.5,15,12.629860704025738,,1.6231993461119494,8.213289740796625,,,1,15,15,400.0
curved_S2a20,-,,,78.5,16,1.4398025945793071,,1.4106463163306435,-5.956912244623766,,,1,15,15,400.0
curved_S2a20,-,,,78.5,17,20.485960804748977,,1.6193360554640024,7.955737030933492,,,1,15,15,400.0
curved_S2a20,-,,,78.5,18,18.03648846708836,,1.706474702851907,13.76498019012713,,,1,15,15,400.0
curved_S2a20,-,,,78.5,19,3.0874976854533185,,1.643236402315369,9.549093487691263,,,1,15,15,400.0
curved_S2a20,-,,,78.5,20,14.748778172242504,,1.551076454365142,3.4050969576761383,,,1,15,15,400.0
curved_S2a20,-,,,78.5,21,0.7578695245377497,,1.6481277601978408,9.875184013189386,,,1,15,15,400.0
curved_S2a20,-,,,78.5,22,13.799179772694307,,1.4335176336061786,-4.432157759588096,,,1,15,15,400.0
curved_S2a20,-,,,78.5,23,6.206243491983181,,1.5117406606565453,0.7827107104363554,,,1,15,15,400.0
curved_S2a20,-,,,78.5,24,21.220356026010155,,1.6589337168692566,10.595581124617109,,,1,15,15,400.0
curved_S2a20,-,,,78.5,25,1.1843968999929915,,1.6138984574958815,7.59323049972543,,,1,15,15,400.0
curved_S2a20,-,,,78.5,26,6.859784297608837,,1.5085016756043719,0.5667783736247916,,,1,15,15,400.0
curved_S2a20,-,,,78.5,27,10.427891635398172,,1.4569073180556436,-2.8728454629570965,,,1,15,15,400.0
curved_S2a20,-,,,78.5,28,0.6086664481184623,,1.5551516525646605,3.676776837644032,,,1,15,15,400.0
curved_S2a20,-,,,78.5,29,4.997132035988495,,1.6573700338787603,10.49133559191735,,,1,15,15,400.0
curved_S2a20,-,,,78.5,30,10.778412265722844,,1.543189182271822,2.879278818121467,,,1,15,15,400.0
