k_missing,missing_ids,missing_labels,dir_global_deg,dir_local_deg,n_local,speed_est,n_deaths,global_vs_center,global_vs_local_normal,global_vs_plane_fit,local_vs_center,local_vs_local_normal,local_vs_plane_fit,fake
1,0,n01,55.35868291250528,55.16030791755572,15,0.0006200730719545821,15,0.12393118670019021,1.9031064474896198,0.5890622872413829,0.32230618164976477,2.1014814424391943,0.39068729229182253,1
1,1,n02,56.55352040842938,56.81492605511075,15,0.000617542962221483,15,1.0709063092239148,0.7082689515655147,1.7838997831654808,1.3323119559052898,0.44686330488417525,2.045305429846856,1
1,2,n03,58.38525875035747,58.57518317911543,15,0.0006180606161901434,15,2.902644651152009,1.1234693903625512,3.615638125093575,3.092569079909964,1.3133938191205061,3.80556255385153,1
1,3,n04,58.98051748863137,58.96403314659352,15,0.000622529820011524,15,3.4979033894259075,1.7187281286364495,4.2108968633674735,3.4814190473880586,1.7022437865986006,4.194412521329625,1
1,4,n05,53.113493229211244,53.03731152767022,15,0.0006200730719545821,15,2.3691208699942194,4.148296130783706,1.656127396052625,2.445302571535251,4.2244778323246805,1.7323090975936566,1
1,5,n06,55.06115044124394,55.01665347247255,15,0.0006165302547564936,15,0.4214636579615103,2.2006389187509967,0.29152981598004146,0.46596062673290817,2.2451358875223946,0.2470328472086507,1
1,6,n07,57.127461893619234,57.010698329031534,15,0.0006213264494206488,15,1.6448477944137707,0.13432746637568016,2.3578412683553367,1.5280842298260708,0.25109103096338004,2.241077703767637,1
1,7,n08,58.556886003161445,58.17081189889842,15,0.000617542962221483,15,3.0742719039559816,1.2950966431665236,3.7872653778975476,2.688197799692958,0.9090225389034998,3.401191273634524,1
1,8,n09,53.42173960834511,53.26558397079075,15,0.0006200730719545821,15,2.0608744908603285,3.840049751649815,1.347881016918791,2.217030128414706,3.996205389204192,1.5040366544731683,1
1,9,n10,54.367867162571756,54.24506557693654,15,0.000615803328639259,15,1.1147469366337077,2.893922197423194,0.4017534626921133,1.2375485222689235,3.01672378305841,0.5245550483273291,1
1,10,n11,55.929117446953256,55.83140943824946,15,0.0006202510167495209,15,0.4465033477477931,1.332671913041679,1.159496821689359,0.3487953390439955,1.4303799217454412,1.0617888129855615,1
1,11,n12,57.27803597878115,57.09292374669869,15,0.000617542962221483,15,1.7954218795756844,0.016246618786226463,2.5084153535172504,1.6103096474932244,0.16886561329624783,2.3233031214347903,1
1,12,n13,53.569305276627,53.321972629753255,15,0.0006202616371949098,15,1.9133088225784718,3.6924840833679013,1.2003153486368774,2.16064146945223,3.9398167302416596,1.4476479955106356,1
1,13,n14,53.76265316368456,53.72521199113128,15,0.0006200730719545821,15,1.7199609355209304,3.49913619631036,1.006967461579336,1.7574021080741886,3.536577368863618,1.0444086341325942,1
1,14,n15,54.986545688546926,54.845456446644434,15,0.0006200730719545821,15,0.4960684106585518,2.2752436714479813,0.2169250632830284,0.6371576525610294,2.416332913350516,0.07583582138053657,1
1,15,n16,56.10529959471526,55.95284572043359,15,0.0006202616371949098,15,0.6226854955097991,1.156489765279673,1.335678969451365,0.47023162122812323,1.3089436395613347,1.1832250951696892,1
2,0|1,n01|n02,55.26571284590371,55.40023596934885,14,0.0006207940433077793,14,0.2169012533017849,1.9960765140912144,0.4960922206398095,0.08237812985663595,1.8615533906460655,0.6306153440849513,1
2,0|2,n01|n03,58.061492331268596,58.16867949093907,14,0.0006196935328053961,14,2.5788782320631327,0.7997029712736747,3.2918717060046987,2.6860653917336066,0.9068901309441486,3.3990588656751726,1
2,0|3,n01|n04,58.68093969842497,58.62154581823115,14,0.0006219281347160864,14,3.1983255992195083,1.4191503384300503,3.9113190731610743,3.1389317190256847,1.3597564582362267,3.8519251929672507,1
2,0|4,n01|n05,52.939756948886604,52.74777454683599,14,0.0006172844143301334,14,2.5428571503188664,4.322032411108296,1.829863676377272,2.734839552369465,4.514014813158951,2.0218460784279273,1
2,0|5,n01|n06,54.80864017680644,54.58071420746169,14,0.0006189022997081964,14,0.673973922399,2.4531491831884864,0.03901955154254466,0.9018998917437671,2.6810751525332535,0.1889064178022295,1
2,0|6,n01|n07,56.721831599034964,56.52568261717371,14,0.0006215976297288418,14,1.2392174998295005,0.5399577609599646,1.9522109737710664,1.0430685179682442,0.7361067428212209,1.7560619919098102,1
2,0|7,n01|n08,58.22332545399172,57.76543101038205,14,0.000617121072272314,14,2.7407113547862565,0.9615360939967985,3.4537048287278225,2.282816911176589,0.5036416503871308,2.995810385118155,1
2,0|8,n01|n09,52.71824812635179,52.49835057765851,14,0.000618549469196683,14,2.764365972853682,4.543541233643111,2.0513724989120874,2.98426352154695,4.7634387823363795,2.2712700476054124,1
2,0|9,n01|n10,53.89173085965374,53.62782856288263,14,0.0006180324829170844,14,1.5908832395517152,3.3700585003412016,0.8778897656101776,1.8547855363228223,3.6339607971123087,1.1417920623812847,1
2,0|10,n01|n11,55.42591814006544,55.24481221917899,14,0.0006207887330850848,14,0.05669595914002912,1.8358712199294587,0.656297514801544,0.23780188002649538,2.016977140815925,0.4751915939150919,1
2,0|11,n01|n12,56.8615524135732,56.60293616427411,14,0.000616673145430371,14,1.378938314367737,0.40023694642172813,2.091931788309303,1.120322065068649,0.6588531957207806,1.833315539010215,1
2,0|12,n01|n13,52.93622420449998,52.558527349455346,14,0.0006201673545747459,14,2.5463898947054986,4.325565155494928,1.8333964207639042,2.9240867497501313,4.703262010539561,2.211093275808537,1
2,0|13,n01|n14,53.13150529395574,52.98587415400748,14,0.0006199498707985659,14,2.351108805249737,4.130284066039167,1.6381153313081427,2.4967399451979873,4.275915205987417,1.7837464712563929,1
2,0|14,n01|n15,54.427617016443705,54.18506434924681,14,0.0006196454164161356,14,1.0549970827617585,2.834172343551245,0.3420036088201641,1.2975497499586481,3.0767250107481345,0.5845562760171106,1
2,0|15,n01|n16,55.615254981806686,55.37665721325635,14,0.0006201673545747459,14,0.13264088260122264,1.6465343781882211,0.8456343565427886,0.10595688594912644,1.885132146738556,0.6070365879924537,1
2,1|2,n02|n03,58.8341228979434,59.31311110864024,14,0.0006172844143301334,14,3.351508798737939,1.5723335379484809,4.064502272679505,3.8304970094347794,2.0513217486453215,4.543490483376345,1
2,1|3,n02|n04,60.086064438725295,60.36653585881173,14,0.000619434705821066,14,4.603450339519831,2.8242750787303734,5.316443813461397,4.883921759606267,3.1047464988168088,5.596915233547833,1
2,1|4,n02|n05,53.53147329515334,53.6305276812026,13,0.0006202616371949098,14,1.9511408040521019,3.7303160648415883,1.2381473301105643,1.8520864180028411,3.6312616787923275,1.1390929440613036,1
2,1|5,n02|n06,55.12040954275383,55.257677110817994,13,0.0006165302547564936,14,0.36220455645161564,2.141379817241102,0.3507889174899361,0.22493698838746923,2.0041122491769556,0.48805648555409675,1
2,1|6,n02|n07,58.097848368196395,58.30726301513294,14,0.000619434705821066,14,2.615234268990932,0.8360590082014738,3.328227742932498,2.824648915927476,1.045473655138018,3.537642389869042,1
2,1|7,n02|n08,59.49549581777377,59.51614630293836,14,0.000617121072272314,14,4.012881718568309,2.233706457778851,4.725875192509875,4.0335322037328964,2.2543569429434385,4.746525677674462,1
2,1|8,n02|n09,54.136385270229646,54.386292456803254,14,0.0006186437518168467,14,1.3462288289758249,3.1254040897652544,0.6332353550342305,1.096321642402188,2.8754969031916744,0.38332816846065043,1
2,1|9,n02|n10,55.11039239700741,55.355211008674495,14,0.0006180324829170844,14,0.37222170219803274,2.151396962987519,0.3407717717435119,0.12740309053094734,1.9065783513204337,0.5855903834105973,1
2,1|10,n02|n11,56.72330163181989,57.03351720414115,14,0.0006207887330850848,14,1.2406875326144302,0.5384877281750278,1.9536810065559962,1.550903104935685,0.22827215585380145,2.263896578877251,1
2,1|11,n02|n12,58.17358913202406,58.38750318769847,14,0.000616673145430371,14,2.6909750328185993,0.9117997720291413,3.4039685067601653,2.9048890884930074,1.1257138277035494,3.6178825624345734,1
2,1|12,n02|n13,54.15291874564663,54.29675798891633,14,0.0006186437518168467,14,1.3296953535588045,3.108870614348291,0.616701879617267,1.1858561102891372,2.9650313710785667,0.4728626363475428,1
2,1|13,n02|n14,54.371499784171725,54.74093479968899,14,0.0006178149991409044,14,1.111114315033717,2.8902895758232034,0.3981208410921795,0.7416792995164769,2.5208545603059065,0.02868582557488253,1
2,1|14,n02|n15,55.70006958734635,55.961211620463466,14,0.000618380361549586,14,0.21745548814088522,1.561719772648587,0.9304489620824512,0.4785975212580027,1.300577739531434,1.1915909951995687,1
2,1|15,n02|n16,56.91242705010189,57.158033521684715,14,0.0006189022997081964,14,1.4298129508964266,0.3493623098930243,2.1428064248379926,1.6754194224792514,0.10375583831023505,2.3884128964208173,1
2,2|3,n03|n04,62.38718386487563,62.2565936159655,14,0.0006172844143301334,14,6.904569765670168,5.12539450488071,7.617563239611734,6.773979516760036,4.994804255970578,7.486972990701602,1
2,2|4,n03|n05,55.84363790710182,56.030208706451006,14,0.0006218335484049957,14,0.361023807896359,1.4181514528930848,1.074017281837925,0.5475946072455429,1.231580653543915,1.2605880811871089,1
2,2|5,n03|n06,57.5363966863012,57.891276476671884,14,0.0006197343893787155,14,2.053782587095739,0.27460732630628115,2.766776061037305,2.4086623774664204,0.6294871166769624,3.1216558514079864,1
2,2|6,n03|n07,63.40151722627683,63.942873765255456,13,0.0006218688100370348,14,7.918903127071367,6.139727866281909,8.631896601012933,8.460259666049993,6.681084405260535,9.173253139991559,1
2,2|7,n03|n08,64.13709705805984,64.04153763403856,13,0.000617542962221483,14,8.654482958854373,6.8753076980649155,9.36747643279594,8.558923534833099,6.779748274043641,9.271917008774665,1
2,2|8,n03|n09,56.116378682062454,56.25545269550693,14,0.0006227956190594992,14,0.6337645828569904,1.1454106779324889,1.3467580567985564,0.7728385963014688,1.0063366644880034,1.4858320702430348,1
2,2|9,n03|n10,56.99261359807239,57.21574048565714,14,0.0006137232181097018,14,1.5099994988669252,0.2691757619225541,2.222992972808491,1.73312638645168,0.04604887433777094,2.446119860393246,1
2,2|10,n03|n11,58.748872759409366,58.94855507762369,14,0.0006207887330850848,14,3.2662586602039028,1.4870833994144448,3.9792521341454687,3.4659409784182245,1.6867657176287665,4.17893445235979,1
2,2|11,n03|n12,60.163396635526446,60.26704801738658,14,0.0006177745818794862,14,4.680782536320983,2.901607275531525,5.393776010262549,4.784433918181115,3.005258657391657,5.497427392122681,1
2,2|12,n03|n13,56.111160331003255,56.197051589225445,14,0.0006242297503337988,14,0.6285462317977917,1.1506290289916592,1.3415397057393577,0.7144374900199821,1.0647377707694545,1.4274309639615481,1
2,2|13,n03|n14,56.358659045216974,56.6503074288668,14,0.0006189436429163466,14,0.8760449460115112,0.9031303147779681,1.5890384199530772,1.1676933296613399,0.6114819311281394,1.8806868036029059,1
2,2|14,n03|n15,57.68534047485835,57.867861837910674,14,0.0006186391885339162,14,2.2027263756528868,0.4235511148634288,2.9157198495944527,2.3852477387052105,0.6060724779157525,3.0982412126467764,1
2,2|15,n03|n16,58.887829812530256,59.045394612270364,14,0.0006196935328053961,14,3.405215713324793,1.6260404525353351,4.118209187266359,3.562780513064901,1.7836052522754429,4.275773987006467,1
2,3|4,n04|n05,56.33324525084136,56.378871192771356,14,0.000624068150315686,14,0.8506311516358949,0.9285441091535631,1.5636246255774608,0.8962570935658931,0.8829181672235791,1.609250567507459,1
2,3|5,n04|n06,58.3150938655885,58.355601320637675,14,0.0006170366084889883,14,2.832479766383038,1.0533045055935801,3.545473240324604,2.8729872214322114,1.0938119606427534,3.5859806953737774,1
2,3|6,n04|n07,60.41594288615274,60.48241424791662,14,0.0006215976297288418,14,4.933328786947278,3.1541535261578204,5.646322260888844,4.999800148711159,3.2206248879217014,5.712793622652725,1
2,3|7,n04|n08,61.31253943788243,61.27290475956471,14,0.0006234664650202484,14,5.829925338676965,4.050750077887507,6.542918812618531,5.790290660359247,4.011115399569789,6.503284134300813,1
2,3|8,n04|n09,56.64629452506729,56.597021457816716,14,0.0006250302209701896,14,1.163680425861827,0.615494834927631,1.876673899803393,1.1144073586112526,0.6647679021781983,1.8274008325528186,1
2,3|9,n04|n10,57.62248919845745,57.61528570720199,14,0.0006198044618539165,14,2.139875099251988,0.36069983846252995,2.852868573193554,2.132671607996528,0.35349634720707,2.845665081938094,1
2,3|10,n04|n11,59.24346972425012,59.2986334676332,14,0.0006207887330850848,14,3.7608556250446554,1.9816803642551974,4.473849098986221,3.816019368427739,2.036844107638281,4.529012842369305,1
2,3|11,n04|n12,60.61546700221898,60.591521856275136,14,0.0006234664650202484,14,5.132852903013514,3.3536776422240564,5.84584637695508,5.108907757069673,3.329732496280215,5.821901231011239,1
2,3|12,n04|n13,56.78072327786016,56.646009049532516,14,0.0006335318825541823,14,1.2981091786546983,0.48106608213475965,2.0111026525962643,1.1633949503270529,0.6157803104624122,1.8763884242686188,1
2,3|13,n04|n14,57.034072320907754,57.095668974228246,14,0.0006222909212941937,14,1.5514582217022905,0.22771703908716745,2.2644516956438565,1.613054875022783,0.1661203857667033,2.326048348964349,1
2,3|14,n04|n15,58.33982664894332,58.29721494894121,14,0.0006219281347160864,14,2.8572125497378593,1.0780372889484013,3.5702060236794253,2.814600849735747,1.035425588946289,3.527594323677313,1
2,3|15,n04|n16,59.52062223823468,59.45558775071117,14,0.000624068150315686,14,4.038008139029216,2.258832878239758,4.751001612970782,3.972973651505704,2.193798390716246,4.68596712544727,1
2,4|5,n05|n06,51.908378265243556,51.78511289122842,13,0.0006175429622214836,14,3.574235833961893,5.3534110947513796,2.8612423600203556,3.697501207977041,5.476676468766527,2.9845077340354464,1
2,4|6,n05|n07,54.280545197931865,54.226948792315625,14,0.0006237376453284414,14,1.2020689012736057,2.981244162063035,0.48907542733201126,1.2556653068898527,3.0348405676792822,0.5426718329482583,1
2,4|7,n05|n08,55.81649933855535,55.499843758095885,14,0.000617121072272314,14,0.3338852393498897,1.4452900214395754,1.0468787132914557,0.017229658890421717,1.761945601899015,0.7302231328319877,1
2,4|8,n05|n09,50.26167515429121,50.20325405108103,14,0.000618549469196683,14,5.220938944914224,7.00011420570371,4.507945470972686,5.279360048124431,7.058535308913861,4.566366574182894,1
2,4|9,n05|n10,51.514052755767814,51.37698442203834,14,0.0006180324829170844,14,3.9685613434376705,5.7477366042271,3.255567869496076,4.105629677167144,5.884804937956574,3.3926362032255497,1
2,4|10,n05|n11,53.00651916581639,52.94598414999552,14,0.000618896989485502,14,2.4760949333890494,4.255270194178536,1.7631014594475118,2.536629949209953,4.315805209999382,1.8236364752683585,1
2,4|11,n05|n12,54.43611933812788,54.31962057858304,14,0.000616673145430371,14,1.0464947610776107,2.8256700218670403,0.33350128713601634,1.1629935206224218,2.9421687814118513,0.4500000466808842,1
2,4|12,n05|n13,50.52554013035649,50.299217087702885,14,0.0006201673545747459,14,4.957073968848988,6.7362492296384175,4.244080494907394,5.183397011502564,6.96257227229205,4.470403537561026,1
2,4|13,n05|n14,50.759541052462325,50.74440549506387,14,0.0006211568298858866,14,4.7230730467431385,6.502248307532568,4.010079572801601,4.738208604141619,6.517383864931048,4.025215130200024,1
2,4|14,n05|n15,51.996132992043336,51.89603502666866,14,0.0006201673545747459,14,3.486481107162149,5.265656367951578,2.7734876332205545,3.5865790725367788,5.365754333326265,2.873585598595241,1
2,4|15,n05|n16,53.18958014721846,53.09378888609585,14,0.0006201673545747459,14,2.293033951987013,4.072209212776443,1.5800404780454187,2.3888252131096124,4.168000473899042,1.6758317391680748,1
2,5|6,n06|n07,56.12094345310758,56.14028656320102,14,0.0006156927306686998,14,0.6383293539021153,1.140845906887364,1.3513228278436813,0.65767246399556,1.1215027967938909,1.370665937937126,1
2,5|7,n06|n08,57.96421357562566,57.60906952332991,14,0.0006166147185398193,14,2.481599476420193,0.7024242156307352,3.194592950361759,2.126455424124444,0.347280163334986,2.83944889806601,1
2,5|8,n06|n09,52.81129538681013,52.706242450406485,14,0.0006161667916978763,14,2.671318712395305,4.450493973184791,1.9583252384537673,2.7763716487989996,4.555546909588429,2.063378174857405,1
2,5|9,n06|n10,53.014680318775824,53.037638319344055,14,0.0006111606987726971,14,2.4679337804296324,4.247109041219119,1.7549403064880948,2.4449757798614087,4.224151040650895,1.7319823059198143,1
2,5|10,n06|n11,55.129869670033685,55.09301354898145,14,0.000616673145430371,14,0.3527444291717643,2.1319196899612507,0.3602490447697875,0.3896005502240314,2.168775811013461,0.3233929237175559,1
2,5|11,n06|n12,56.58790726574297,56.45481490182,14,0.000612334599587779,14,1.105293166537507,0.673882094251951,1.818286640479073,0.9722008026145375,0.8069744581749205,1.6851942765561034,1
2,5|12,n06|n13,52.54355522640148,52.403046230108885,14,0.0006162010519795075,14,2.939058872803969,4.718234133593455,2.2260653988624313,3.079567869096593,4.858743129886022,2.3665743951549985,1
2,5|13,n06|n14,52.76362756183794,52.839202677002966,14,0.0006153285624435378,14,2.7189865373675275,4.498161798156957,2.005993063425933,2.6434114222025187,4.422586682991948,1.9304179482609243,1
2,5|14,n06|n15,54.08254322565129,54.028707890966146,14,0.000616673145430371,14,1.4000708735541707,3.179246134343657,0.6870773996125763,1.4539062082393457,3.2330814690287752,0.7409127342977513,1
2,5|15,n06|n16,55.30038561140435,55.224674669578924,14,0.000616673145430371,14,0.182228487801126,1.9614037485905556,0.5307649861404542,0.25793942962656047,2.03711469041599,0.45505404431502683,1
2,6|7,n07|n08,63.32164945193079,62.905324001778084,13,0.0006165302547564936,14,7.839035352725325,6.059860091935867,8.552028826666891,7.42270990257262,5.643534641783162,8.135703376514186,1
2,6|8,n07|n09,54.603564767678215,54.45138039064132,14,0.0006191995323967642,14,0.8790493315272556,2.658224592316685,0.16605585758566122,1.031233708564173,2.8104089693536025,0.31824023462257855,1
2,6|9,n07|n10,55.78917346885123,55.64855339712632,14,0.0006205755413738788,14,0.30655936964576824,1.4726158911436755,1.0195528435873342,0.1659392979208576,1.6132359628686004,0.8789327718624236,1
2,6|10,n07|n11,57.602650606180134,57.48603464024211,14,0.0006138883510515985,14,2.120036506974671,0.34086124618521296,2.833029980916237,2.003420541036647,0.22424528024718882,2.7164140149782128,1
2,6|11,n07|n12,58.72497836473237,58.52641475520729,14,0.0006187978321363604,14,3.242364265526909,1.4631890047374512,3.955357739468475,3.043800656001828,1.26462539521237,3.756794129943394,1
2,6|12,n07|n13,54.848700140404986,54.59408744684694,14,0.0006261338472572445,14,0.6339139588004628,2.413089219589949,0.07907951514108902,0.8885266523585074,2.6677019131479938,0.1755331784169698,1
2,6|13,n07|n14,54.95724302605706,54.94861031214032,14,0.0006196059627533803,14,0.525371073148392,2.3045463339378784,0.18762240079315973,0.5340037870651599,2.3131790478545895,0.17898968687642025,1
2,6|14,n07|n15,56.36832383108861,56.20908487020732,14,0.000619434705821066,14,0.8857097318831464,0.8934655289062903,1.5987032058247124,0.726470771001857,1.0527044897876294,1.439464244943423,1
2,6|15,n07|n16,57.5353039690138,57.37543265335577,14,0.0006194107598144202,14,2.05268986980834,0.273514609018882,2.765683343749906,1.8928185541503098,0.11364329336085177,2.6058120280918757,1
2,7|8,n08|n09,56.13897275066375,55.726289860652564,14,0.0006166147185398193,14,0.6563586514582838,1.122816609331153,1.3693521253998497,0.24367576144710057,1.535499499342336,0.9566692353886666,1
2,7|9,n08|n10,57.211480576777944,56.790966180552076,14,0.0006135449822538359,14,1.7288664775724811,0.05030878321696264,2.441859951514047,1.3083520813466123,0.4708231794428457,2.0213455552881783,1
2,7|10,n08|n11,58.82445133434881,58.528967894182884,14,0.0006228317088736474,14,3.3418372351433447,1.5626619743538868,4.054830709084911,3.0463537949774206,1.2671785341879627,3.7593472689189866,1
2,7|11,n08|n12,60.046013623933845,59.535239842244636,14,0.000619434705821066,14,4.563399524728382,2.784224263938924,5.276392998669948,4.052625743039172,2.2734504822497144,4.765619216980738,1
2,7|12,n08|n13,56.27997859843272,55.77855687418741,14,0.0006235490334002996,14,0.7973644992272568,0.9818107615622012,1.5103579731688228,0.29594277498194543,1.4832324858074912,1.0089362489235114,1
2,7|13,n08|n14,56.5628148218669,56.25126124450295,14,0.0006162974291084539,14,1.0802007226614379,0.6989745381280272,1.7931941966030038,0.7686471452974857,1.0105281154919794,1.4816406192390517,1
2,7|14,n08|n15,57.87754951407998,57.467697667837584,14,0.000618380361549586,14,2.394935414874517,0.6157601540850592,3.107928888816083,1.9850835686321204,0.20590830784266245,2.6980770425736864,1
2,7|15,n08|n16,58.99944390057283,58.57245630056617,14,0.000619434705821066,14,3.516829801367365,1.737654540577907,4.229823275308931,3.089842201360703,1.3106669405712452,3.802835675302269,1
2,8|9,n09|n10,49.72877664989325,49.2094959215836,13,0.0006202616371949098,14,5.753837449312186,7.533012710101673,5.040843975370649,6.273118177621882,8.052293438411311,5.560124703680287,1
2,8|10,n09|n11,53.35968328246299,53.23273566267012,14,0.0006303452888685415,14,2.122930816742496,3.9021060775319256,1.4099373428009017,2.2498784365353686,4.029053697324798,1.5368849625937742,1
2,8|11,n09|n12,54.76518574141345,54.5560495816878,14,0.0006156921235058131,14,0.7174283577920164,2.496603618581503,0.004434883850422011,0.9265645175176473,2.7057397783071337,0.2135710435761098,1
2,8|12,n09|n13,50.29994357319409,50.12475297204422,14,0.000618549469196683,14,5.18267052601135,6.961845786800836,4.469677052069812,5.357861127161243,7.1370363879507295,4.644867653219649,1
2,8|13,n09|n14,48.91039902276523,48.716491909867244,13,0.0006202616371949098,14,6.572215076440216,8.351390337229702,5.859221602498678,6.766122189338205,8.545297450127691,6.053128715396667,1
2,8|14,n09|n15,52.28186604704575,52.12235164166532,14,0.0006179382002969205,14,3.2007480521597245,4.979923312949154,2.48775457821813,3.360262457540159,5.139437718329589,2.6472689835985648,1
2,8|15,n09|n16,53.52236344423318,53.3387134181199,14,0.0006201673545747459,14,1.960250654972299,3.7394259157617284,1.2472571810307045,2.1439006810855403,3.9230759418750267,1.4309072071440028,1
2,9|10,n10|n11,54.034469529813705,53.94694652272541,14,0.000617695829717499,14,1.4481445693917294,3.227319830181216,0.7351510954501919,1.535667576480023,3.3148428372695093,0.8226741025384854,1
2,9|11,n10|n12,55.800814906451585,55.62895050851557,14,0.0006141877509030932,14,0.31820080724612154,1.4609744535433151,1.0311942811876875,0.14633640931010916,1.6328388514793346,0.8593298832516751,1
2,9|12,n10|n13,51.999471178642345,51.73087753941993,14,0.0006180324829170844,14,3.4831429205631252,5.262318181352555,2.770149446621531,3.7517365597855132,5.530911820575,3.0387430858439757,1
2,9|13,n10|n14,49.23796495316371,49.22317590528026,13,0.0006119306153608673,14,6.244649146041752,8.023824406831181,5.531655672100214,6.259438193925234,8.038613454714664,5.54644471998364,1
2,9|14,n10|n15,53.38849431383428,53.228949049718594,14,0.0006152601470344396,14,2.094119785371163,3.8732950461606492,1.3811263114296253,2.2536650494868695,4.032840310276356,1.5406715755452751,1
2,9|15,n10|n16,54.53977939412144,54.385185075424424,14,0.0006156500645529486,14,0.9428347050840102,2.7220099658734966,0.22984123114247268,1.0974290237810465,2.876604284570476,0.38443554983945205,1
2,10|11,n11|n12,57.42761519530172,57.319349218585344,13,0.0006175151193407695,14,1.9450010960962558,0.16582583530679784,2.657994570037822,1.836735119379881,0.05755985859042312,2.549728593321447,1
2,10|12,n11|n13,53.58800010406853,53.336294256187784,14,0.0006253249506134876,14,1.8946139951369219,3.6737892559264083,1.1816205211953843,2.146319843017693,3.9254951038071226,1.4333263690760987,1
2,10|13,n11|n14,53.81471169971979,53.72087399367005,14,0.0006188299512186371,14,1.6679023994856834,3.447077660275113,0.954908925544089,1.7617401055354094,3.540915366324896,1.0487466315938718,1
2,10|14,n11|n15,55.9253378717603,55.66350432871429,13,0.000617542962221483,14,0.4427237725548352,1.3364514882346157,1.1557172464964012,0.18089022950882594,1.598285031280625,0.8938837034503919,1
2,10|15,n11|n16,56.22890127983558,56.07274451823336,14,0.0006175290407811262,14,0.7462871806301195,1.0328880801593527,1.4592806545716854,0.5901304190278935,1.1890448417615858,1.3031238929694595,1
2,11|12,n12|n13,54.91600598609701,54.61249011938025,14,0.0006231011065583566,14,0.5666081131084297,2.345783373897916,0.14638536083311493,0.8701239798252232,2.6492992406146527,0.15713050588362876,1
2,11|13,n12|n14,55.19893714788225,55.07877311794765,14,0.0006156659505451017,14,0.2836769513232298,2.0628522121126593,0.4293165226183504,0.4038409812578152,2.1830162420473016,0.3091524926837508,1
2,11|14,n12|n15,56.88364821176856,56.657787167352154,13,0.0006192177608776889,14,1.4010341125630958,0.3781411482263479,2.114027586504662,1.175173068146691,0.6040021926427812,1.888166542088257,1
2,11|15,n12|n16,57.44501166448671,57.21393253497499,14,0.000619434705821066,14,1.9623975652812433,0.18322230449178534,2.6753910392228093,1.7313184357695235,0.0478568250199487,2.4443119097110895,1
2,12|13,n13|n14,51.635376580061624,51.42893029653069,14,0.0006236139196621057,14,3.847237519143846,5.6264127799332755,3.1342440452022515,4.053683802674755,5.832859063464241,3.340690328733217,1
2,12|14,n13|n15,52.582187284541625,52.25189490767312,14,0.000625330260836182,14,2.900426814663831,4.679602075453317,2.1874333407222935,3.23071919153233,5.0098944523218165,2.5177257175907926,1
2,12|15,n13|n16,53.68106496980746,53.39906415966333,14,0.000625330260836182,14,1.8015491293979835,3.58072439018747,1.088555655456446,2.083549939542138,3.8627252003315675,1.3705564656005436,1
2,13|14,n14|n15,52.912631712737486,52.90260028749375,14,0.0006179382002969205,14,2.5699823864679843,4.349157647257414,1.8569889125263899,2.5800138117116944,4.359189072501181,1.8670203377701569,1
2,13|15,n14|n16,53.95338088252574,53.88115607357096,14,0.0006199498707985659,14,1.5292332166796996,3.308408477469186,0.816239742738162,1.6014580256344857,3.380633286423972,0.8884645516929481,1
2,14|15,n15|n16,55.58224453669453,55.4440223812095,14,0.0006201673545747459,14,0.09963043748906841,1.6795448233003754,0.8126239114306344,0.03859171799598471,1.8177669787854143,0.6744017559456026,1
3,0|1|2,n01|n02|n03,57.54244152671052,57.92026129379299,13,0.0006251758167473475,13,2.0598274275050557,0.2806521667155977,2.7728209014466216,2.4376471945875267,0.6584719337980687,3.1506406685290926,1
3,0|1|3,n01|n02|n04,58.93379701725503,59.14003768554547,13,0.0006251758167473475,13,3.451182918049568,1.6720076572601101,4.164176391991134,3.657423586340009,1.878248325550551,4.370417060281575,1
3,0|1|4,n01|n02|n05,53.84759358077502,53.835640655912634,13,0.0006202616371949098,13,1.6350205184304514,3.414195779219881,0.922027044488857,1.6469734432928362,3.426148704082266,0.9339799693512418,1
3,0|1|5,n01|n02|n06,55.12064069759402,55.262264817943475,13,0.0006165302547564936,13,0.36197340161146485,2.1411486624008944,0.35102007233012245,0.22034928126197428,1.9995245420514607,0.4926441926795775,1
3,0|1|6,n01|n02|n07,56.787797358035334,56.89267727754027,13,0.0006218688100370348,13,1.3051832588298709,0.4739920019595729,2.018176732771437,1.4100631783348092,0.36911208245464877,2.123056652276375,1
3,0|1|7,n01|n02|n08,58.28134953358627,58.209058506085405,13,0.0006213264494206488,13,2.7987354343808093,1.0195601735913513,3.5117289083223753,2.726444406879942,0.9472691460904841,3.439437880821508,1
3,0|1|8,n01|n02|n09,52.51455378338774,52.62676171870625,13,0.0006202616371949098,13,2.968060315817752,4.747235576607181,2.2550668418761575,2.8558523804991864,4.635027641288673,2.142858906557649,1
3,0|1|9,n01|n02|n10,53.55207463972703,53.68202607144812,13,0.0006202616371949098,13,1.9305394594784389,3.7097147202678684,1.2175459855368445,1.8005880277573283,3.5797632885468147,1.0875945538157907,1
3,0|1|10,n01|n02|n11,55.37930122677211,55.54757896546481,13,0.0006251758167473475,13,0.10331287243337783,1.8824881332228074,0.6096806015082095,0.06496486625934494,1.7142103945301415,0.7779583402009109,1
3,0|1|11,n01|n02|n12,56.8702286263308,56.98063955568829,13,0.0006213264494206488,13,1.3876145271253364,0.3915607336641074,2.1006080010669024,1.4980254564828286,0.2811498043066081,2.2110189304243946,1
3,0|1|12,n01|n02|n13,52.653379152202355,52.59754698814229,13,0.0006251758167473475,13,2.8292349470031013,4.608410207792588,2.1162414730615637,2.885067111063165,4.664242371852652,2.1720736371216276,1
3,0|1|13,n01|n02|n14,52.858934199406534,53.061169140191204,13,0.0006202616371949098,13,2.623679899798958,4.402855160588388,1.9106864258573637,2.421444959014252,4.200620219803739,1.7084514850727146,1
3,0|1|14,n01|n02|n15,54.254161574346156,54.36249675682104,13,0.0006202616371949098,13,1.2284525248593354,3.007627785648765,0.515459050917741,1.1201173423844466,2.899292603173876,0.4071238684428522,1
3,0|1|15,n01|n02|n16,55.53432653187241,55.65441727341083,13,0.0006213264494206488,13,0.05171243266694603,1.7274628281224977,0.764705906608512,0.1718031742053654,1.6073720865840642,0.8847966481469314,1
3,0|2|3,n01|n03|n04,62.33648925679883,62.12049241303411,13,0.0006170258664387838,13,6.8538751575933645,5.0746998968039065,7.5668686315349305,6.637878313828644,4.858703053039186,7.35087178777021,1
3,0|2|4,n01|n03|n05,55.58582101471161,55.74738259417243,13,0.0006180606161901434,13,0.10320691550614924,1.6759683452833087,0.8162003894477152,0.2647684949669653,1.514406765822514,0.9777619689085313,1
3,0|2|5,n01|n03|n06,57.43950116537882,57.6556121365911,13,0.0006219258165359481,13,1.9568870661733584,0.1777118053839004,2.6698805401149244,2.1729980373856392,0.39382277659618126,2.885991511327205,1
3,0|2|6,n01|n03|n07,64.0135826177395,64.37133383878371,12,0.0006237376453284414,13,8.530968518534038,6.7517932577445805,9.243961992475604,8.88871973957825,7.109544478788791,9.601713213519815,1
3,0|2|7,n01|n03|n08,64.22120821851229,64.04797030205025,12,0.000617121072272314,13,8.738594119306825,6.959418858517367,9.45158759324839,8.565356202844782,6.786180942055324,9.278349676786348,1
3,0|2|8,n01|n03|n09,55.572505479821935,55.64810100558005,13,0.0006180606161901434,13,0.0898913806164714,1.6892838801729795,0.8028848545580374,0.16548690637458918,1.613688354414876,0.8784803803161552,1
3,0|2|9,n01|n03|n10,56.661795351571065,56.76221350571186,13,0.0006155158208585363,13,1.179181252365602,0.5999940084238347,1.892174726307168,1.2795994065063994,0.49957585428307993,1.9925928804479653,1
3,0|2|10,n01|n03|n11,58.4439608807244,58.555628720937754,13,0.0006213264494206488,13,2.961346781518934,1.1821715207294758,3.6743402554605,3.073014621732291,1.2938393609428331,3.786008095673857,1
3,0|2|11,n01|n03|n12,59.94473890311055,59.9661237134449,13,0.000617542962221483,13,4.462124803905084,2.682949543115626,5.17511827784665,4.483509614239438,2.7043343534499797,5.196503088181004,1
3,0|2|12,n01|n03|n13,55.602256769346624,55.57176107636006,13,0.0006303988844774543,13,0.11964267014116103,1.6595325906482685,0.832636144082727,0.08914697715459852,1.6900282836348879,0.8021404510961645,1
3,0|2|13,n01|n03|n14,55.85940918057409,56.056698129574734,13,0.0006198266696425498,13,0.37679508136862694,1.4023801794208453,1.089788555310193,0.5740840303692707,1.2050912304201802,1.2870775043108367,1
3,0|2|14,n01|n03|n15,57.2818835165457,57.36965054397081,13,0.0006192177608776889,13,1.7992694173402342,0.020094156550776177,2.5122628912818,1.88703644476535,0.10786118397589206,2.600029918706916,1
3,0|2|15,n01|n03|n16,58.57364545335598,58.64435972508068,13,0.0006213264494206488,13,3.091031354150516,1.3118560933610581,3.804024828092082,3.16174562587522,1.382570365085762,3.874739099816786,1
3,0|3|4,n01|n04|n05,56.440973456990356,56.34101637537982,13,0.000617542962221483,13,0.958359357784893,0.8208159030045863,1.671352831726459,0.8584022761743597,0.9207729846150983,1.5713957501159257,1
3,0|3|5,n01|n04|n06,58.244121123403616,58.16268975077944,13,0.000625606480619848,13,2.7615070241981527,0.9823317634086948,3.4745004981397187,2.680075651573979,0.9009003907845212,3.393069125515545,1
3,0|3|6,n01|n04|n07,60.21269388960436,60.24749118531569,13,0.0006218688100370348,13,4.7300797903988965,2.9509045296094385,5.4430732643404625,4.764877086110225,2.985701825320767,5.477870560051791,1
3,0|3|7,n01|n04|n08,61.145309283458616,61.08944171093298,13,0.0006213264494206488,13,5.6626951842531525,3.8835199234636946,6.3756886581947185,5.6068276117275175,3.8276523509380596,6.3198210856690835,1
3,0|3|8,n01|n04|n09,56.12005943700736,56.043705727200894,13,0.000622529820011524,13,0.6374453378018998,1.1417299229875653,1.3504388117434658,0.561091627995431,1.2180836327940483,1.274085101936997,1
3,0|3|9,n01|n04|n10,57.32904116534377,57.23087615713454,13,0.0006204870391694528,13,1.846427066138304,0.067251805348846,2.55942054007987,1.7482620579290753,0.030913202860404,2.4612555318706413,1
3,0|3|10,n01|n04|n11,58.93328934284343,58.955743991072616,13,0.0006213264494206488,13,3.450675243637967,1.671499982848509,4.163668717579533,3.4731298918671527,1.6939546310776947,4.186123365808719,1
3,0|3|11,n01|n04|n12,60.40035423626963,60.35262669484979,13,0.0006213264494206488,13,4.917740137064165,3.1385648762747067,5.630733611005731,4.870012595644326,3.090837334854868,5.583006069585892,1
3,0|3|12,n01|n04|n13,56.3204221997142,56.097031665981795,13,0.0006303988844774543,13,0.8378081005087381,0.9413671602807199,1.550801574450304,0.6144175667763321,1.164757694013133,1.327411040717898,1
3,0|3|13,n01|n04|n14,56.582886548390654,56.57824269964765,13,0.0006220520225768633,13,1.1002724491851907,0.6789028116042459,1.8132659231267567,1.0956286004421898,0.6835466603472469,1.8086220743837558,1
3,0|3|14,n01|n04|n15,57.972830527041985,57.8729785915723,13,0.0006213264494206488,13,2.490216427836522,0.711041167047064,3.203209901778088,2.3903644923668352,0.6111892315773773,3.103357966308401,1
3,0|3|15,n01|n04|n16,59.231851126646404,59.125292657808764,13,0.000622529820011524,13,3.749237027440941,1.970061766651483,4.462230501382507,3.6426785586033006,1.8635032978138426,4.355672032544867,1
3,0|4|5,n01|n05|n06,51.3474322956449,51.00386314166853,13,0.000617542962221483,13,4.135181803560556,5.9143570643500425,3.4221883296190185,4.478750957536931,6.257926218326361,3.7657574835953938,1
3,0|4|6,n01|n05|n07,54.43098453535527,54.0829715357995,13,0.000617542962221483,13,1.051629563850213,2.8308048246396424,0.3386360899086185,1.399642563405962,3.1788178241954483,0.6866490894643675,1
3,0|4|7,n01|n05|n08,55.87907886322303,55.38991083453365,13,0.0006165302547564936,13,0.3964647640175656,1.3827104967718924,1.1094582379591316,0.09270326467179757,1.871878525461284,0.6202902092697542,1
3,0|4|8,n01|n05|n09,49.56369279675722,49.45756377107598,13,0.000615803328639259,13,5.9189213024482115,7.698096563237698,5.205927828506674,6.02505032812951,7.804225588918939,5.312056854187915,1
3,0|4|9,n01|n05|n10,51.17718451162041,50.92659978927979,13,0.0006155158208585363,13,4.305429587585081,6.084604848374511,3.592436113643487,4.556014309925672,6.335189570715102,3.8430208359841345,1
3,0|4|10,n01|n05|n11,52.76978660248656,52.59936391591142,13,0.000617542962221483,13,2.7128274967188872,4.492002757508374,1.9998340227773497,2.883250183294024,4.66242544408351,2.1702567093524863,1
3,0|4|11,n01|n05|n12,54.37013388355459,54.111799798024414,13,0.0006154207426138467,13,1.1124802156508622,2.8916554764403486,0.39948674170932463,1.370814301181042,3.1499895619705285,0.6578208272395045,1
3,0|4|12,n01|n05|n13,50.10793755671208,49.770580581654194,13,0.0006170258664387838,13,5.374676542493376,7.153851803282862,4.661683068551838,5.712033517551276,7.491208778340706,4.999040043609682,1
3,0|4|13,n01|n05|n14,50.35662966454353,50.24712801160093,13,0.0006200730719545821,13,5.125984434661916,6.9051596954514025,4.4129909607203786,5.235486087604556,7.014661348393986,4.522492613662962,1
3,0|4|14,n01|n05|n15,51.70413833190537,51.48906888488062,13,0.000617542962221483,13,3.778475767300108,5.557651028089538,3.0654822933585137,3.993545214324854,5.7727204751142835,3.2805517403832596,1
3,0|4|15,n01|n05|n16,53.00759996733335,52.78533607749927,13,0.000617542962221483,13,2.475014131872115,4.254189392661601,1.7620206579305204,2.697278021706211,4.4764532824956405,1.9842845477646165,1
3,0|5|6,n01|n06|n07,55.94536625627842,55.8161512635778,13,0.0006165302547564936,13,0.4627521570729556,1.3164231037164882,1.1757456310145216,0.3335371643723377,1.445638096417099,1.0465306383139037,1
3,0|5|7,n01|n06|n08,57.869758984550714,57.353259120939185,13,0.000617542962221483,13,2.3871448853452506,0.6079696245557926,3.1001383592868166,1.870645021733722,0.09146976094426407,2.583638495675288,1
3,0|5|8,n01|n06|n09,52.38237955439842,52.06607191311189,13,0.0006202616371949098,13,3.1002345448070514,4.879409805596481,2.387241070865457,3.4165421860935794,5.195717446883009,2.703548712151985,1
3,0|5|9,n01|n06|n10,52.24185760704333,52.16904174814064,13,0.0006119306153608673,13,3.24075649216212,5.0199317529516065,2.5277630182205826,3.3135723510648063,5.092747611854293,2.6005788771232687,1
3,0|5|10,n01|n06|n11,54.85969898598799,54.62526560381437,13,0.0006202510167495209,13,0.6229151132174593,2.4020903740069457,0.09007836072409248,0.8573484953910793,2.6365237561805657,0.1443550214495417,1
3,0|5|11,n01|n06|n12,56.40737463207819,56.10166313147889,13,0.000615803328639259,13,0.9247605328727246,0.8544147279167191,1.6377540068142906,0.6190490322734234,1.1601262285160487,1.3320425062149894,1
3,0|5|12,n01|n06|n13,52.12541389114304,51.72716847227528,13,0.0006202616371949098,13,3.357200208062409,5.136375468851895,2.6442067341208713,3.755445626930168,5.5346208877196545,3.0424521529886306,1
3,0|5|13,n01|n06|n14,52.35133897799484,52.19323392678014,13,0.0006202616371949098,13,3.1312751212105923,4.910450382000079,2.4182816472690547,3.2893801724253535,5.068555433214783,2.576386698483759,1
3,0|5|14,n01|n06|n15,53.748418809311715,53.47522509755196,13,0.0006202616371949098,13,1.734195289893762,3.5133705506831916,1.0212018159521676,2.0073890016535074,3.786564262442937,1.294395527711913,1
3,0|5|15,n01|n06|n16,55.04048564382693,54.77018158758235,13,0.0006202616371949098,13,0.44212845537850853,2.221303716167995,0.27086501856303613,0.7124325116230921,2.4916077724125785,0.0005609623184525958,1
3,0|6|7,n01|n07|n08,63.31437420506807,62.860872149955085,12,0.0006170366084889883,13,7.831760105862607,6.052584845073149,8.544753579804173,7.378258050749622,5.599082789960164,8.091251524691188,1
3,0|6|8,n01|n07|n09,53.93092782694733,53.722015030266626,13,0.0006218688100370348,13,1.5516862722581095,3.330861533047596,0.838692798316572,1.760599068938859,3.5397743297282886,1.0476055949972647,1
3,0|6|9,n01|n07|n10,55.386181090011256,55.10886073120938,13,0.0006324073613345449,13,0.09643300919418607,1.8756082699836725,0.6165604647473586,0.3737533679960734,2.15292862878556,0.3392401059454855,1
3,0|6|10,n01|n07|n11,57.192060347580295,57.00419095774703,13,0.0006213264494206488,13,1.7094462483748316,0.06972901241465479,2.4224397223163976,1.5215768585415645,0.2575984022478792,2.2345703324831305,1
3,0|6|11,n01|n07|n12,58.395099032057466,58.12617475764695,13,0.0006200527020512376,13,2.912484932852003,1.1333096720625448,3.625478406793569,2.643560658441487,0.864385397652029,3.356554132383053,1
3,0|6|12,n01|n07|n13,54.264225985309785,53.88214797469668,13,0.0006303988844774543,13,1.218388113895685,2.9975633746851145,0.5053946399540905,1.6004661245087846,3.379641385298214,0.887472650567247,1
3,0|6|13,n01|n07|n14,54.370284974955325,54.25941172734986,13,0.0006288211433222339,13,1.1123291242501523,2.891504385039582,0.3993356503085579,1.2232023718556206,3.00237763264505,0.5102088979140262,1
3,0|6|14,n01|n07|n15,55.87539579258723,55.61795558575062,13,0.0006213264494206488,13,0.39278169338176383,1.3863935674077084,1.1057751673233298,0.13534148654515832,1.6438337742442855,0.8483349604867243,1
3,0|6|15,n01|n07|n16,57.122913806249414,56.880747651639524,13,0.0006212785574073573,13,1.6402997070439511,0.13887555374549265,2.353293180985517,1.3981335524340608,0.381041708355383,2.1111270263756268,1
3,0|7|8,n01|n08|n09,55.56419695947721,55.09812760576213,13,0.0006165302547564936,13,0.08158286027174455,1.6975924005176921,0.7945763342133105,0.384486493443319,2.1636617542328054,0.3285069804982328,1
3,0|7|9,n01|n08|n10,56.88277273962732,56.33517485943218,13,0.0006166991823231449,13,1.4001586404218571,0.3790166203676222,2.113152114363423,0.8525607602267158,0.9266145005627209,1.5655542341682818,1
3,0|7|10,n01|n08|n11,58.48003232311838,58.12095768677674,13,0.0006243369683266459,13,2.9974182239129163,1.2182429631234584,3.7104116978544823,2.6383435875712777,0.8591683267818198,3.3513370615128437,1
3,0|7|11,n01|n08|n12,59.785267031669584,59.20776533300233,13,0.000617542962221483,13,4.30265293246412,2.5234776716746623,5.015646406405686,3.725151233796865,1.9459759730074069,4.438144707738431,1
3,0|7|12,n01|n08|n13,55.7746667223158,55.154862369134435,13,0.0006166991823231449,13,0.29205262311033664,1.4871226376791356,1.0050460970519026,0.32775173007104286,2.1069269908604724,0.38524174387053733,1
3,0|7|13,n01|n08|n14,56.06855322362624,55.66090359116265,13,0.0006158956758937628,13,0.5859391244207757,1.1932361363686823,1.2989325983623417,0.17828949195718735,1.6008857688322564,0.8912829658987533,1
3,0|7|14,n01|n08|n15,57.469749540969644,56.97197692665478,13,0.000617542962221483,13,1.987135441764181,0.20796018097472313,2.700128915705747,1.4893628274493196,0.2898124333401597,2.2023563013908856,1
3,0|7|15,n01|n08|n16,58.668172292949926,58.167017936580805,13,0.000617542962221483,13,3.1855581937444626,1.4063829329550046,3.8985516676860286,2.684403837375342,0.9052285765858841,3.397397311316908,1
3,0|8|9,n01|n09|n10,49.08380284244132,48.11803799873016,12,0.0006180324829170844,13,6.398811256764134,8.17798651755362,5.685817782822596,7.36457610047529,9.143751361264776,6.651582626533752,1
3,0|8|10,n01|n09|n11,52.579906868098384,52.385309869105754,13,0.0006282154613496715,13,2.9027072311070583,4.681882491896545,2.1897137571655207,3.0973042300997236,4.876479490889153,2.384310756158129,1
3,0|8|11,n01|n09|n12,54.092256123915504,53.82948386093293,13,0.0006155809183723672,13,1.3903579752899304,3.169533236079417,0.6773645013483929,1.6531302382725244,3.4323054990620108,0.9401367643309868,1
3,0|8|12,n01|n09|n13,49.34652390375412,49.06751679864485,13,0.0006170258664387838,13,6.136090195451345,7.9152654562408316,5.423096721509751,6.415097300560603,8.19427256135009,5.702103826619066,1
3,0|8|13,n01|n09|n14,47.780729896520675,47.453314883819225,12,0.0006201673545747459,13,7.7018842026847665,9.481059463474253,6.988890728743229,8.029299215386231,9.808474476175718,7.316305741444694,1
3,0|8|14,n01|n09|n15,51.441965306098325,51.20232150818678,13,0.000615803328639259,13,4.040648793107152,5.819824053896582,3.327655319165558,4.280292591018679,6.059467851808165,3.567299117077141,1
3,0|8|15,n01|n09|n16,52.765301959417876,52.51546244402251,13,0.0006200730719545821,13,2.717312139787566,4.4964874005770525,2.0043186658460286,2.9671516551829313,4.746326915972418,2.2541581812413938,1
3,0|9|10,n01|n10|n11,53.463275679543514,53.227321915859065,13,0.0006187237054918876,13,2.019338419661949,3.7985136804513786,1.3063449457204115,2.2552921833463984,4.034467444135885,1.542298709404804,1
3,0|9|11,n01|n10|n12,55.37710631442442,55.074547193071815,13,0.0006147169654296203,13,0.1055077847810253,1.8846830455705117,0.6074856891605194,0.4080669061336266,2.187242166923113,0.30492656780791805,1
3,0|9|12,n01|n10|n13,51.34507063197071,50.87236150053009,13,0.0006202616371949098,13,4.137543467234764,5.916718728024193,3.4245499932931693,4.610252598675402,6.389427859464831,3.8972591247338073,1
3,0|9|13,n01|n10|n14,48.32792156085347,48.08128876256678,12,0.0006133237903952439,13,7.154692538351981,8.933867799141467,6.441699064410443,7.401325336638706,9.180500597428136,6.688331862697112,1
3,0|9|14,n01|n10|n15,52.80824920343296,52.477890590361994,13,0.000615803328639259,13,2.6743648957724986,4.453540156561985,1.961371421830961,3.004723508843483,4.783898769632913,2.2917300349018888,1
3,0|9|15,n01|n10|n16,54.03338443892959,53.72910402955422,13,0.000615803328639259,13,1.4492296602758756,3.228404921065362,0.7362361863342812,1.75351006965127,3.5326853304406995,1.0405165957096756,1
3,0|10|11,n01|n11|n12,56.93934403454499,56.76026393633027,12,0.000616673145430371,13,1.4567299353395242,0.3224453254499622,2.16972340928109,1.2776498371248053,0.5015254236646456,1.9906433110663713,1
3,0|10|12,n01|n11|n13,52.89986067754803,52.51002066554802,13,0.0006303988844774543,13,2.5827534216574577,4.361928682446887,1.8697599477158633,2.972593433657437,4.751768694446923,2.2595999597158993,1
3,0|10|13,n01|n11|n14,53.134805831208716,52.92083226197546,13,0.0006201447830965046,13,2.3478082679967542,4.126983528786184,1.6348147940551598,2.5617818372300007,4.34095709801943,1.8487883632884632,1
3,0|10|14,n01|n11|n15,55.32426804022289,54.953567195102885,12,0.0006175429622214834,13,0.1583460589826018,1.9375213197720313,0.5546474149589926,0.5290469041025858,2.3082221648920154,0.18394656983898727,1
3,0|10|15,n01|n11|n16,55.69966573469981,55.457876278058365,13,0.000617542962221483,13,0.21705163549435014,1.5621236252951007,0.9300451094359161,0.02473782114708456,1.803913081936571,0.6882556527944672,1
3,0|11|12,n01|n12|n13,54.317066866679056,53.890509553222046,13,0.000615803328639259,13,1.1655472325264213,2.944722493315851,0.45255375858482694,1.5921045459834318,3.3712798067728613,0.8791110720418374,1
3,0|11|13,n01|n12|n14,54.60918848840664,54.388878940143236,13,0.0006155285724509442,13,0.8734256107988472,2.6526008715882767,0.16043213685725277,1.0937351590622484,2.872910419851678,0.380741685120654,1
3,0|11|14,n01|n12|n15,56.36774294846595,56.04302274439167,12,0.000618380361549586,13,0.8851288492604894,0.8940464115289615,1.5981223232020554,0.5604086451862074,1.218766615603272,1.2734021191277733,1
3,0|11|15,n01|n12|n16,57.006629825879486,56.69372501373885,13,0.000617542962221483,13,1.5240157266740226,0.25515953411542114,2.2370092006155886,1.2111109145333856,0.5680643462560511,1.9241043884749516,1
3,0|12|13,n01|n13|n14,50.82770524440233,50.45822540814429,13,0.0006220520225768633,13,4.654908854803125,6.434084115592611,3.9419153808615874,5.024388691061176,6.803563951850606,4.311395217119639,1
3,0|12|14,n01|n13|n15,51.8344757398022,51.34128456120427,13,0.0006202616371949098,13,3.6481383594032764,5.427313620192706,2.935144885461682,4.141329538001173,5.92050479879066,3.4283360640596356,1
3,0|12|15,n01|n13|n16,53.00143590562404,52.580422067719475,13,0.0006202616371949098,13,2.4811781935813997,4.260353454370886,1.7681847196398621,2.9021920314859813,4.681367292275468,2.1891985575444437,1
3,0|13|14,n01|n14|n15,52.1696907247724,52.03623544466737,13,0.000615803328639259,13,3.312923374433069,5.092098635222499,2.5999299004914747,3.44637865453808,5.225553915327566,2.7333851805965423,1
3,0|13|15,n01|n14|n16,53.28199646776574,53.0944719828532,13,0.0006198266696425498,13,2.2006176314397408,3.9797928922291703,1.4876241574981464,2.388142116352242,4.167317377141728,1.6751486424107043,1
3,0|14|15,n01|n15|n16,55.01758132698377,54.77881827347027,13,0.0006200730719545821,13,0.4650327722216616,2.244208033011148,0.24796070171987594,0.7037958257351988,2.4829710865246284,0.009197648206374254,1
3,1|2|3,n02|n03|n04,63.42824953094457,63.40201103400154,13,0.0006155340025995409,13,7.945635431739106,6.166460170949648,8.658628905680672,7.919396934796076,6.140221674006618,8.632390408737642,1
3,1|2|4,n02|n03|n05,55.920425660154706,56.28516298475419,12,0.0006215747214206656,13,0.43781156094924256,1.3413636998402012,1.1508050348908085,0.802548885548724,0.9766263752407554,1.51554235949029,1
3,1|2|5,n02|n03|n06,56.88431795731795,57.58919221935252,12,0.0006215747214206656,13,1.4017038581124837,0.3774714026769743,2.1146973320540496,2.1065781201470557,0.3274028593575977,2.8195715940886217,1
3,1|2|6,n02|n03|n07,64.47400807745674,65.22278726766572,12,0.0006170366084889883,13,8.991393978251281,7.212218717461823,9.704387452192847,9.74017316846026,7.9609979076708015,10.453166642401825,1
3,1|2|7,n02|n03|n08,65.19166652179976,65.38086078328168,12,0.0006166147185398193,13,9.709052422594297,7.929877161804839,10.422045896535863,9.898246684076213,8.119071423286755,10.611240158017779,1
3,1|2|8,n02|n03|n09,56.56225576858632,56.984088812624286,13,0.0006207290535353404,13,1.0796416693808553,0.699533591408624,1.7926351433224212,1.5014747134188227,0.277700547370614,2.2144681873603886,1
3,1|2|9,n02|n03|n10,57.47301589229621,57.9827782524044,13,0.0006155158208585363,13,1.9904017930907472,0.21122653230128918,2.703395267032313,2.500164153198938,0.7209888924094798,3.213157627140504,1
3,1|2|10,n02|n03|n11,59.247281756832216,59.764713624715675,13,0.0006202510167495209,13,3.7646676576267524,1.9854923968372944,4.477661131568318,4.282099525510212,2.502924264720754,4.995092999451778,1
3,1|2|11,n02|n03|n12,60.80539658505598,61.21279681323629,13,0.0006172178948994926,13,5.322782485850517,3.5436072250610593,6.035775959792083,5.730182714030825,3.951007453241367,6.443176187972391,1
3,1|2|12,n02|n03|n13,56.38984011233978,56.780363743109895,13,0.0006170258664387838,13,0.9072260131343199,0.8719492476551522,1.620219487075886,1.2977496439044316,0.4814256168850193,2.0107431178459976,1
3,1|2|13,n02|n03|n14,56.66404330717638,57.277865397613915,13,0.0006119306153608673,13,1.1814292079709148,0.5977460528185361,1.8944226819124808,1.795251298408452,0.01607603761899412,2.508244772350018,1
3,1|2|14,n02|n03|n15,58.11061820209078,58.60614258449803,13,0.000617542962221483,13,2.6280041028853134,0.8488288420958554,3.3409975768268794,3.1235284852925673,1.3443532245031093,3.8365219592341333,1
3,1|2|15,n02|n03|n16,59.420697601788056,59.884042262091555,13,0.000617542962221483,13,3.938083502582593,2.158908241793135,4.651076976524159,4.401428162886091,2.6222529020966334,5.114421636827657,1
3,1|3|4,n02|n04|n05,57.421405967210404,57.56043964204192,12,0.0006308813498986997,13,1.938791868004941,0.159616607215483,2.651785341946507,2.0778255428364574,0.2986502820469994,2.7908190167780234,1
3,1|3|5,n02|n04|n06,59.00486403812528,59.27242318284893,12,0.0006215747214206656,13,3.5222499389198134,1.7430746781303554,4.235243412861379,3.789809083643469,2.010633822854011,4.502802557585035,1
3,1|3|6,n02|n04|n07,61.77288545550036,62.13680948213496,13,0.0006213264494206488,13,6.290271356294895,4.511096095505437,7.003264830236461,6.654195382929494,4.875020122140036,7.36718885687106,1
3,1|3|7,n02|n04|n08,62.43820156693548,62.99995927867728,13,0.000617542962221483,13,6.95558746773002,5.176412206940562,7.6685809416715855,7.517345179471818,5.73816991868236,8.230338653413384,1
3,1|3|8,n02|n04|n09,57.77678045873,58.058245407087774,13,0.0006207290535353404,13,2.2941663595245387,0.5149910987350808,3.0071598334661047,2.575631307882311,0.7964560470928532,3.288624781823877,1
3,1|3|9,n02|n04|n10,58.76111455203939,59.061111732529916,13,0.0006204870391694528,13,3.2785004528339243,1.4993251920444663,3.9914939267754903,3.578497633324453,1.799322372534995,4.291491107266019,1
3,1|3|10,n02|n04|n11,60.47474798305375,60.85335940867485,13,0.0006213264494206488,13,4.99213388384829,3.2129586230588316,5.705127357789856,5.370745309469385,3.5915700486799267,6.083738783410951,1
3,1|3|11,n02|n04|n12,61.96043328640738,62.25655461943078,13,0.0006213264494206488,13,6.477819187201916,4.698643926412458,7.190812661143482,6.773940520225317,4.994765259435859,7.486933994166883,1
3,1|3|12,n02|n04|n13,57.76469220578588,57.94815444814209,13,0.0006303988844774543,13,2.282078106580414,0.5029028457909561,2.99507158052198,2.465540348936628,0.6863650881471699,3.178533822878194,1
3,1|3|13,n02|n04|n14,58.05674382734733,58.44645289640346,13,0.0006198266696425498,13,2.5741297281418696,0.7949544673524116,3.2871232020834356,2.963838797197994,1.1846635364085358,3.67683227113956,1
3,1|3|14,n02|n04|n15,59.48275193532461,59.75919389042935,13,0.0006192177608776889,13,4.000137836119144,2.220962575329686,4.71313131006071,4.276579791223888,2.49740453043443,4.989573265165454,1
3,1|3|15,n02|n04|n16,60.76804248537493,61.01144213543341,13,0.0006213264494206488,13,5.285428386169464,3.506253125380006,5.99842186011103,5.528828036227949,3.7496527754384914,6.241821510169515,1
3,1|4|5,n02|n05|n06,53.17848181839757,53.11800282360904,12,0.0006175429622214833,13,2.3041322808078917,4.083307541597378,1.5911388068662973,2.364611275596417,4.143786536385903,1.6516178016548793,1
3,1|4|6,n02|n05|n07,54.977148945588915,55.04843240480186,12,0.0006237376453284414,13,0.5054651536165693,2.284640414405999,0.207528320325018,0.43418169440360543,2.213356955193035,0.27881177953796055,1
3,1|4|7,n02|n05|n08,56.67131705227504,56.53232279326703,12,0.0006215747214206656,13,1.1887029530695798,0.5904723077198923,1.9016964270111458,1.0497086940615645,0.729466566727865,1.7627021680031305,1
3,1|4|8,n02|n05|n09,50.164695202134816,50.31662386469581,12,0.0006186437518168467,13,5.317918897070626,7.097094157860113,4.604925423129089,5.16599023450965,6.945165495299079,4.452996760568112,1
3,1|4|9,n02|n05|n10,51.72751421912862,51.76147765350492,12,0.0006263344992647273,13,3.755099880076841,5.534275140866271,3.0421064061353036,3.7211364457005516,5.500311706489981,3.008142971758957,1
3,1|4|10,n02|n05|n11,53.44609316236371,53.57970509612976,12,0.0006310645905675618,13,2.0365209368417254,3.815696197631212,1.3235274629001879,1.902909003075706,3.6820842638651357,1.1899155291341685,1
3,1|4|11,n02|n05|n12,55.1167691900386,55.18602012864553,12,0.0006215747214206656,13,0.3658449091668672,2.1450201699562967,0.3471485647747059,0.2965939705599112,2.0757692313493976,0.41639950338163345,1
3,1|4|12,n02|n05|n13,50.53275255323211,50.46168942486358,12,0.00063107306732432,13,4.949861545973363,6.729036806762792,4.236868072031768,5.02092467434187,6.800099935131357,4.307931200400333,1
3,1|4|13,n02|n05|n14,50.80706003334071,50.98604932494379,12,0.0006248163197136117,13,4.6755540658647305,6.454729326654217,3.962560591923193,4.496564774261685,6.275740035051115,3.783571300320091,1
3,1|4|14,n02|n05|n15,52.258430280473554,52.34207390084693,12,0.0006232666676045151,13,3.2241838187318876,5.003359079521374,2.51119034479035,3.140540198358508,4.919715459147994,2.4275467244169704,1
3,1|4|15,n02|n05|n16,53.660380274238506,53.74929189550088,12,0.0006229340589073789,13,1.8222338249669292,3.6014090857564156,1.1092403510253916,1.7333222037045743,3.5124974644940608,1.0203287297630368,1
3,1|5|6,n02|n06|n07,56.333191074600926,56.28758895550497,12,0.0006156927306686998,13,0.8505769753954624,0.9285982853940027,1.5635704493370284,0.8049748562995092,0.9742004044899204,1.5179683302410751,1
3,1|5|7,n02|n06|n08,58.65318143396537,58.36222606750598,12,0.0006166147185398193,13,3.170567334759909,1.3913920739704508,3.883560808701475,2.879611968300516,1.100436707511058,3.592605442242082,1
3,1|5|8,n02|n06|n09,52.90504632020324,52.95691461652655,12,0.0006161667916978763,13,2.5775677790022087,4.356743039791695,1.8645743050606711,2.525699482678931,4.3048747434683605,1.8127060087373366,1
3,1|5|9,n02|n06|n10,54.242881440972795,54.230448257860054,12,0.0006158033286392589,13,1.2397326582326968,3.0189079190221264,0.5267391842911024,1.252165841345402,3.0313411021348884,0.5391723674038644,1
3,1|5|10,n02|n06|n11,55.209956783924774,55.36963240939777,12,0.000616673145430371,13,0.27265731528069637,2.051832576070126,0.4403361586608767,0.11298168980772516,1.8921569505971547,0.6000117841338692,1
3,1|5|11,n02|n06|n12,56.85337497055972,56.96703753796443,12,0.0006158033286392589,13,1.370760871354257,0.40841438943522235,2.083754345295823,1.4844234387589665,0.29475182203049144,2.1974169127005325,1
3,1|5|12,n02|n06|n13,52.207380984830166,52.18927094886998,12,0.0006162010519795075,13,3.2752331143752826,5.054408375164769,2.562239640433745,3.293343150335488,5.072518411124918,2.580349676393894,1
3,1|5|13,n02|n06|n14,52.45637390973125,52.70308088334532,12,0.0006158033286392589,13,3.0262401894742084,4.805415450263695,2.313246715532671,2.7795332158601695,4.558708476649599,2.066539741918575,1
3,1|5|14,n02|n06|n15,53.98783007997437,54.110186071661175,12,0.000616673145430371,13,1.4947840192310764,3.273959280020563,0.7817905452895388,1.372428027544288,3.1516032883337175,0.6594345536027504,1
3,1|5|15,n02|n06|n16,55.404451912064076,55.52538271855719,12,0.000616673145430371,13,0.07816218714140177,1.8573374479308313,0.6348312868001784,0.042768619351726045,1.7364066414377248,0.755762093293292,1
3,1|6|7,n02|n07|n08,65.54691845702082,65.12425811888116,12,0.000610390782184527,13,10.06430435781536,8.285129097025902,10.777297831756925,9.641644019675695,7.862468758886237,10.354637493617261,1
3,1|6|8,n02|n07|n09,55.55815833434673,55.76233911552256,13,0.0006207290535353404,13,0.0755442351412654,1.7036310256481784,0.7885377090828314,0.27972501631709434,1.4994502444723707,0.9927184902586603,1
3,1|6|9,n02|n07|n10,56.764375088845156,56.94931491719511,13,0.0006206640435783047,13,1.281760989639693,0.4974142711497507,1.994754463581259,1.466700817989647,0.3124744427998394,2.179694291931213,1
3,1|6|10,n02|n07|n11,58.71007053868157,58.95041110446774,13,0.0006163876883792979,13,3.227456439476107,1.4482811786866492,3.940449913417673,3.467797005262277,1.6886217444728189,4.180790479203843,1
3,1|6|11,n02|n07|n12,59.92394340264398,60.05986952691243,13,0.000617542962221483,13,4.441329303438515,2.662154042649057,5.154322777380081,4.577255427706966,2.798080166917508,5.290248901648532,1
3,1|6|12,n02|n07|n13,55.68103025606103,55.767587725043356,13,0.0006218688100370348,13,0.1984161568555649,1.5807591039338718,0.9114096307971309,0.28497362583789254,1.494201634951537,0.9979670997794585,1
3,1|6|13,n02|n07|n14,55.81359833428047,56.16338312366773,13,0.0006103907821845268,13,0.3309842350750074,1.4481910257144364,1.0439777090165734,0.6807690244622648,1.0984062363272074,1.3937624984038308,1
3,1|6|14,n02|n07|n15,57.35561389585044,57.54420605007928,13,0.000617542962221483,13,1.8729997966449758,0.09382453585551787,2.585993270586542,2.0615919508738187,0.28241669008436077,2.7745854248153847,1
3,1|6|15,n02|n07|n16,58.62739586043103,58.8100987605453,13,0.000617542962221483,13,3.144781761225566,1.3656065004361082,3.857775235167132,3.327484661339838,1.5483094005503801,4.040478135281404,1
3,1|7|8,n02|n08|n09,57.09096331254067,57.11627285574233,13,0.0006166991823231449,13,1.6083492133352095,0.17082604745422714,2.3213426872767755,1.6336587565368674,0.14551650425261187,2.3466522304784334,1
3,1|7|9,n02|n08|n10,58.20139587179102,58.1717531716894,13,0.0006166991823231449,13,2.718781772585558,0.9396065117961001,3.431775246527124,2.6891390724839397,0.9099638116944817,3.4021325464255057,1
3,1|7|10,n02|n08|n11,59.86248177503322,60.018213690414264,13,0.0006243369683266459,13,4.379867675827754,2.6006924150382957,5.09286114976932,4.5355995912088005,2.7564243304193425,5.2485930651503665,1
3,1|7|11,n02|n08|n12,61.21576968059797,61.1184136622575,13,0.0006120664376681423,13,5.733155581392509,3.9539803206030513,6.446149055334075,5.635799563052039,3.8566243022625812,6.348793036993605,1
3,1|7|12,n02|n08|n13,57.08429592768644,57.00883615876065,13,0.0006166991823231449,13,1.6016818284809773,0.1774934323084949,2.3146753024225433,1.526222059555188,0.252953201234277,2.239215533496754,1
3,1|7|13,n02|n08|n14,57.404467262404495,57.53208402341461,13,0.0006158956758937628,13,1.9218531631990317,0.14267790240957368,2.6348466371405976,2.0494699242091485,0.27029466341969055,2.7624633981507145,1
3,1|7|14,n02|n08|n15,58.83771901641851,58.86333619636304,13,0.000617542962221483,13,3.3551049172130476,1.5759296564235896,4.068098391154614,3.38072209715758,1.6015468363681222,4.093715571099146,1
3,1|7|15,n02|n08|n16,60.05579174500191,60.06125526306509,13,0.000617542962221483,13,4.573177645796449,2.7940023850069906,5.286171119738015,4.578641163859629,2.799465903070171,5.291634637801195,1
3,1|8|9,n02|n09|n10,50.13076589806464,50.130861801255186,12,0.0006180324829170844,13,5.351848201140797,7.131023461930283,4.638854727199259,5.35175229795027,7.1309275587397565,4.6387588240087325,1
3,1|8|10,n02|n09|n11,54.12592233693161,54.441542456845546,13,0.0006282154613496715,13,1.3566917622738401,3.1358670230633265,0.6436982883323026,1.0410716423598956,2.820246903149382,0.328078168418358,1
3,1|8|11,n02|n09|n12,55.65647721907883,55.8809024627617,13,0.000615803328639259,13,0.1738631198733671,1.6053121409161122,0.8868565938149331,0.3982883635562402,1.3808868972332107,1.1112818374978062,1
3,1|8|12,n02|n09|n13,50.78461561620364,51.03439166995386,13,0.0006170258664387838,13,4.697998483001811,6.4771737437912975,3.9850050090602736,4.448222429251587,6.227397690041073,3.735228955310049,1
3,1|8|13,n02|n09|n14,49.30259181068504,49.565946882593515,12,0.0006204953453651252,13,6.1800222885204334,7.959197549309863,5.467028814578839,5.916667216611927,7.695842477401413,5.203673742670389,1
3,1|8|14,n02|n09|n15,52.955331051835735,53.2315622203137,13,0.000615803328639259,13,2.5272830473697354,4.306458308159165,1.814289573428141,2.251051878891758,4.030227139681244,1.5380584049502204,1
3,1|8|15,n02|n09|n16,54.30864445805368,54.55726288423244,13,0.0006202616371949098,13,1.173969641151757,2.9531449019412435,0.4609761672102195,0.9253512149730341,2.7045264757624636,0.21235774103143967,1
3,1|9|10,n02|n10|n11,54.812054566167426,55.140629975912,13,0.0006187237054918876,13,0.6705595330380447,2.4497347938274743,0.04243394090352837,0.3419841232934573,2.1211593840829437,0.3710093506481016,1
3,1|9|11,n02|n10|n12,56.70230122462924,56.92924966639538,13,0.0006136585363765659,13,1.2196871254237749,0.5594881353656547,1.9326805993653409,1.4466355671899152,0.3325396935995286,2.159629041131481,1
3,1|9|12,n02|n10|n13,52.58003898623183,52.69152574694836,13,0.0006202616371949098,13,2.9025751129736364,4.681750373763066,2.189581639032099,2.791088352257134,4.5702636130465635,2.0780948783155395,1
3,1|9|13,n02|n10|n14,49.61136733860405,50.018712211180556,12,0.0006111606987726972,13,5.871246760601423,7.6504220213908525,5.1582532866598285,5.463901888024907,7.243077148814336,4.750908414083369,1
3,1|9|14,n02|n10|n15,54.10779565931555,54.34065447095992,13,0.000615803328639259,13,1.374818439889907,3.1539937006793934,0.6618249659483695,1.1419596282455586,2.921134889034988,0.42896615430396423,1
3,1|9|15,n02|n10|n16,55.36382267101765,55.598932008156225,13,0.000615803328639259,13,0.11879142818781929,1.8979666889772489,0.5942020457537538,0.11631790895076222,1.6628573518386816,0.8293113828923282,1
3,1|10|11,n02|n11|n12,58.51717839530282,58.86724246272559,12,0.0006165543701266971,13,3.034564296097358,1.2553890353078998,3.7475577700389238,3.384628363520129,1.6054531027306709,4.097621837461695,1
3,1|10|12,n02|n11|n13,54.226514399758244,54.3978909282727,13,0.0006303988844774543,13,1.2560996994471907,3.035274960236677,0.5431062255056531,1.0847231709327616,2.863898431722191,0.37172969699122405,1
3,1|10|13,n02|n11|n14,54.479747073613325,54.823177596304525,13,0.0006201447830965046,13,1.0028670255921384,2.7820422863816248,0.28987355165054396,0.6594365029009168,2.4386117636904032,0.05355697104062784,1
3,1|10|14,n02|n11|n15,56.876510652108095,57.073053416282924,12,0.0006175429622214834,13,1.393896552902632,0.38527870788681184,2.106890026844198,1.5904393170774611,0.18873594371200397,2.303432791019027,1
3,1|10|15,n02|n11|n16,57.12485803463396,57.395533157318084,13,0.000617542962221483,13,1.6422439354284961,0.13693132536093344,2.355237409370062,1.912919058112621,0.133743797323163,2.625912532054187,1
3,1|11|12,n02|n12|n13,55.661758596762,55.777776162181546,13,0.000615803328639259,13,0.1791444975565355,1.600030763232894,0.8921379714981015,0.2951620629760825,1.4840131978133968,1.0081555369176485,1
3,1|11|13,n02|n12|n14,55.98228229032367,56.29443205144444,13,0.0006155285724509442,13,0.4996681911182037,1.27950706967124,1.2126616650597697,0.8118179522389752,0.9673573085505041,1.5248114261805412,1
3,1|11|14,n02|n12|n15,57.895910747761405,58.140250239905775,12,0.000618380361549586,13,2.413296648555942,0.6341213877664842,3.126290122497508,2.657636140700312,0.878460879910854,3.370629614641878,1
3,1|11|15,n02|n12|n16,58.42810367823874,58.625788241891875,13,0.000617542962221483,13,2.9454895790332785,1.1663143182438205,3.6584830529748444,3.143174142686412,1.3639988818969542,3.856167616627978,1
3,1|12|13,n02|n13|n14,52.09620926816957,52.30973161388126,13,0.0006220520225768633,13,3.386404831035918,5.165580091825348,2.6734113570943236,3.1728824853241804,4.952057746113667,2.459889011382643,1
3,1|12|14,n02|n13|n15,53.1267699661491,53.21117184429386,13,0.0006202616371949098,13,2.3558441330563937,4.135019393845823,1.6428506591147993,2.2714422549116193,4.050617515701049,1.558448780970025,1
3,1|12|15,n02|n13|n16,54.32517617491831,54.45973874145648,13,0.0006202616371949098,13,1.1574379242871373,2.9366131850766237,0.44444445034559976,1.022875357749001,2.8020506185384306,0.30988188380740667,1
3,1|13|14,n02|n14|n15,53.499614481688404,53.92893171347157,13,0.0006141572901030419,13,1.9829996175170663,3.762174878306496,1.270006143575472,1.5536823857339073,3.332857646523337,0.8406889117923129,1
3,1|13|15,n02|n14|n16,54.631355628248485,54.9938345313644,13,0.000615803328639259,13,0.8512584709569637,2.63043373174645,0.13826499701542616,0.4887795678410498,2.267954828630536,0.22421390610050196,1
3,1|14|15,n02|n15|n16,56.40869112725714,56.70428649806783,13,0.0006192177608776889,13,0.9260770280516795,0.8530982327378069,1.6390705019932454,1.221672398862367,0.5575028619271052,1.934665872803933,1
3,2|3|4,n03|n04|n05,59.94077902745227,59.85554336378934,13,0.0006170258664387838,13,4.458164928246809,2.6789896674573512,5.171158402188375,4.372929264583874,2.593754003794416,5.08592273852544,1
3,2|3|5,n03|n04|n06,61.8632106220695,61.83486274062617,13,0.0006119306153608673,13,6.380596522864039,4.601421262074581,7.093589996805605,6.352248641420708,4.57307338063125,7.065242115362274,1
3,2|3|6,n03|n04|n07,64.06354301338298,64.27017621551502,13,0.0006218688100370348,13,8.58092891417752,6.801753653388062,9.293922388119086,8.787562116309559,7.008386855520101,9.500555590251125,1
3,2|3|7,n03|n04|n08,65.19814473783951,65.109347094404,13,0.000617542962221483,13,9.71553063863405,7.936355377844592,10.428524112575616,9.626732995198537,7.847557734409079,10.339726469140103,1
3,2|3|8,n03|n04|n09,60.237955265297444,60.07409484654087,13,0.0006165302547564936,13,4.755341166091981,2.9761659053025227,5.468334640033547,4.59148074733541,2.8123054865459522,5.304474221276976,1
3,2|3|9,n03|n04|n10,61.18311250261341,61.093972837913334,13,0.0006104036560308506,13,5.7004984034079484,3.9213231426184905,6.413491877349514,5.611358738707871,3.832183477918413,6.324352212649437,1
3,2|3|10,n03|n04|n11,62.97090259104476,62.95506130822524,13,0.0006202510167495209,13,7.488288491839299,5.709113231049841,8.201281965780865,7.472447209019776,5.6932719482303185,8.185440682961342,1
3,2|3|11,n03|n04|n12,64.62033865874325,64.28047708819167,13,0.000617542962221483,13,9.137724559537787,7.358549298748329,9.850718033479353,8.79786298898621,7.018687728196753,9.510856462927777,1
3,2|3|12,n03|n04|n13,60.210629960222896,60.00357513564192,13,0.0006170258664387838,13,4.7280158610174325,2.9488406002279746,5.4410093349589985,4.520961036436454,2.7417857756469957,5.23395451037802,1
3,2|3|13,n03|n04|n14,60.54325384665166,60.50993154523298,13,0.0006119306153608673,13,5.060639747446196,3.2814644866567377,5.773633221387762,5.027317446027517,3.248142185238059,5.740310919969083,1
3,2|3|14,n03|n04|n15,61.97970239937247,61.81390078621146,13,0.000617542962221483,13,6.4970883001670074,4.7179130393775495,7.210081774108573,6.331286687005999,4.552111426216541,7.044280160947565,1
3,2|3|15,n03|n04|n16,63.26356576371189,63.039146467784676,13,0.000617542962221483,13,7.780951664506425,6.001776403716967,8.493945138447991,7.556532368579212,5.777357107789754,8.269525842520778,1
3,2|4|5,n03|n05|n06,55.883370974700895,56.10023513254773,12,0.0006197343893787158,13,0.40075687549543204,1.378418385294026,1.113750349436998,0.6176210333422674,1.1615542274471977,1.3306145072838333,1
3,2|4|6,n03|n05|n07,60.842556464538546,61.46982797351463,12,0.0006237376453284414,13,5.359942365333083,3.580767104543625,6.072935839274649,5.98721387430917,4.208038613519712,6.700207348250736,1
3,2|4|7,n03|n05|n08,61.627694807072636,61.599570635741266,12,0.000617121072272314,13,6.145080707867173,4.365905447077715,6.858074181808739,6.1169565365358025,4.3377812757463445,6.8299500104773685,1
3,2|4|8,n03|n05|n09,53.11749680010349,53.290667572252325,13,0.0006323320660979522,13,2.365117299101996,4.144292559891426,1.6521238251604018,2.1919465269531315,3.971121787742618,1.478953053011594,1
3,2|4|9,n03|n05|n10,54.32961221178702,54.49388679569126,13,0.0006324073613345449,13,1.1530018874184407,2.9321771482078702,0.4400084134769031,0.9887273035142243,2.767902564303654,0.27573382957262993,1
3,2|4|10,n03|n05|n11,56.01627295037091,56.21045474296208,13,0.000635152233333506,13,0.5336588511654483,1.245516409624031,1.2466523251070143,0.7278406437566147,1.0513346170328646,1.4408341176981807,1
3,2|4|11,n03|n05|n12,57.518340436899486,57.6549807792392,13,0.000617542962221483,13,2.0357263376940224,0.25655107690456447,2.7487198116355884,2.17236668003374,0.3931914192442818,2.8853601539753058,1
3,2|4|12,n03|n05|n13,53.23464127962228,53.28319454520474,13,0.0006399871610977014,13,2.2479728195831967,4.027148080372626,1.5349793456416023,2.1994195540007127,3.978594814790199,1.486426080059175,1
3,2|4|13,n03|n05|n14,53.52799980728822,53.78830133770434,13,0.00062758061685036,13,1.9546142919172667,3.733789552706696,1.2416208179756723,1.6943127615011235,3.473488022290553,0.981319287559586,1
3,2|4|14,n03|n05|n15,54.87488981146782,55.04979847629112,13,0.0006262716980141204,13,0.6077242877376534,2.386899548527083,0.10526918620391967,0.4328156229143474,2.211990883703777,0.2801778510272257,1
3,2|4|15,n03|n05|n16,56.16048431355749,56.332331076018605,13,0.000625606480619848,13,0.6778702143520263,1.10130504643746,1.3908636882935923,0.8497169768131414,0.9294582839763166,1.5627104507547074,1
3,2|5|6,n03|n06|n07,62.0735935066683,62.79381098247039,12,0.0006170366084889883,13,6.590979407462839,4.811804146673381,7.303972881404405,7.311196883264927,5.532021622475469,8.024190357206493,1
3,2|5|7,n03|n06|n08,63.72970530048032,63.69811546413328,12,0.0006167079185682665,13,8.247091201274856,6.467915940485398,8.960084675216422,8.215501364927817,6.4363261041383595,8.928494838869383,1
3,2|5|8,n03|n06|n09,55.303236462452595,55.61866520044979,13,0.0006219258165359481,13,0.17937763675286078,1.9585528975423472,0.5336158371886981,0.13605110124432684,1.6431241595451525,0.8490445751858928,1
3,2|5|9,n03|n06|n10,55.57886736456739,56.00109824600655,13,0.0006103907821845268,13,0.09625326536192347,1.6829219954275345,0.8092467393034894,0.5184841468010859,1.2606911139884005,1.2314776207426519,1
3,2|5|10,n03|n06|n11,57.88360717054851,58.233746684823785,13,0.0006185577952818358,13,2.400993071343045,0.621817810553587,3.113986545284611,2.751132585618322,0.971957324828864,3.464126059559888,1
3,2|5|11,n03|n06|n12,59.408559412623326,59.66619477865515,13,0.0006172178948994926,13,3.925945313417863,2.146770052628405,4.638938787359429,4.183580679449683,2.4044054186602253,4.896574153391249,1
3,2|5|12,n03|n06|n13,55.00028697463102,55.2865773272863,13,0.0006219258165359481,13,0.4823271245744536,2.261502385363883,0.2306663493671195,0.19603677191918223,1.9752120327086118,0.5169567020224051,1
3,2|5|13,n03|n06|n14,55.27973197423642,55.776801532745225,13,0.0006219258165359481,13,0.2028821249690509,1.9820573857584805,0.5101113489725222,0.2941874335397614,1.4849878272497108,1.0071809074813274,1
3,2|5|14,n03|n06|n15,56.70403447024216,57.07244599786134,13,0.0006219258165359481,13,1.2214203710367002,0.5577548897527436,1.9344138449782662,1.5898318986558735,0.18934336213357028,2.3028253725974395,1
3,2|5|15,n03|n06|n16,58.00948058076232,58.345884126017324,13,0.0006219258165359481,13,2.5268664815568584,0.7476912207674005,3.2398599554984244,2.863270026811861,1.0840947660224032,3.576263500753427,1
3,2|6|7,n03|n07|n08,67.30630398724965,67.23409925909421,12,0.0006189655085326651,13,11.823689888044186,10.044514627254728,12.536683361985752,11.751485159888745,9.972309899099287,12.46447863383031,1
3,2|6|8,n03|n07|n09,61.26176283041007,61.749328065775885,12,0.0006348637962868885,13,5.779148731204607,3.9999734704151493,6.492142205146173,6.266713966570421,4.487538705780963,6.979707440511987,1
3,2|6|9,n03|n07|n10,62.369150891632145,62.948884154741,12,0.0006265357024564248,13,6.886536792426682,5.107361531637224,7.599530266368248,7.466270055535539,5.687094794746081,8.179263529477105,1
3,2|6|10,n03|n07|n11,68.66543099293176,73.8585880584774,12,0.0006359085569822081,13,13.182816893726297,11.40364163293684,13.895810367667863,18.37597395927193,16.596798698482473,19.088967433213497,1
3,2|6|11,n03|n07|n12,64.71251295040597,66.35176976572723,12,0.0006208572521322479,13,9.229898851200502,7.4507235904110445,9.942892325142068,10.869155666521763,9.089980405732305,11.58214914046333,1
3,2|6|12,n03|n07|n13,61.270246949515645,61.705992658917125,12,0.0006335318825541823,13,5.787632850310182,4.008457589520724,6.500626324251748,6.223378559711662,4.444203298922204,6.936372033653228,1
3,2|6|13,n03|n07|n14,61.50502176748275,62.170322731518404,12,0.0006324805109538003,13,6.022407668277289,4.243232407487831,6.735401142218855,6.68770863231294,4.9085333715234825,7.400702106254506,1
3,2|6|14,n03|n07|n15,63.11575843331073,63.648753326644496,12,0.0006227986179556765,13,7.633144334105268,5.85396907331581,8.346137808046834,8.166139227439032,6.386963966649574,8.879132701380598,1
3,2|6|15,n03|n07|n16,64.41835525031395,64.94594504547834,12,0.000621302503414003,13,8.935741151108488,7.15656589031903,9.648734625050054,9.463330946272876,7.684155685483418,10.176324420214442,1
3,2|7|8,n03|n08|n09,61.95051643504289,61.825942721763525,12,0.0006166147185398193,13,6.4679023358374295,4.6887270750479715,7.180895809778995,6.343328622558062,4.564153361768604,7.056322096499628,1
3,2|7|9,n03|n08|n10,63.07268398301814,62.96590493347745,12,0.0006089239280807838,13,7.590069883812674,5.810894623023216,8.30306335775424,7.483290834271983,5.704115573482525,8.19628430821355,1
3,2|7|10,n03|n08|n11,64.88133816992385,64.96490199230487,12,0.0006228317088736474,13,9.398724070718387,7.619548809928929,10.111717544659953,9.48228789309941,7.703112632309953,10.195281367040977,1
3,2|7|11,n03|n08|n12,66.34885512040874,66.08347214662402,12,0.0006177745818794862,13,10.86624102120328,9.087065760413822,11.579234495144846,10.600858047418555,8.821682786629097,11.313851521360121,1
3,2|7|12,n03|n08|n13,61.911340466673984,61.74544539724225,12,0.0006173526919303171,13,6.428726367468521,4.649551106679063,7.141719841410087,6.262831298036787,4.483656037247329,6.975824771978353,1
3,2|7|13,n03|n08|n14,62.329778189144115,62.33040973783906,12,0.0006162974291084539,13,6.847164089938651,5.0679888291491935,7.560157563880217,6.847795638633599,5.068620377844141,7.560789112575165,1
3,2|7|14,n03|n08|n15,63.863977384074886,63.75461643501042,12,0.0006177745818794862,13,8.381363284869423,6.602188024079965,9.094356758810989,8.272002335804956,6.492827075015498,8.984995809746522,1
3,2|7|15,n03|n08|n16,65.13752618475947,64.99415301041205,12,0.0006177745818794862,13,9.654912085554002,7.8757368247645445,10.367905559495568,9.511538911206586,7.732363650417128,10.224532385148152,1
3,2|8|9,n03|n09|n10,52.668016735641665,52.50515780490789,12,0.0006303284141955846,13,2.8145973635637915,4.593772624353278,2.101603889622254,2.9774562942975535,4.75663155508704,2.264462820356016,1
3,2|8|10,n03|n09|n11,56.3011155959323,56.47069519134561,13,0.0006319197910176306,13,0.8185014967268387,0.9606737640626193,1.5314949706684047,0.988081092140149,0.7910941686492947,1.701074566081715,1
3,2|8|11,n03|n09|n12,57.81768060857041,57.88963001687748,13,0.0006172178948994926,13,2.3350665093649496,0.5558912485754917,3.0480599833065156,2.4070159176720196,0.6278406568825616,3.1200093916135856,1
3,2|8|12,n03|n09|n13,52.92901984159155,53.063192670764295,13,0.0006180606161901434,13,2.553594257613895,4.332769518403381,1.8406007836723575,2.419421428441183,4.198596689230612,1.7064279544995884,1
3,2|8|13,n03|n09|n14,51.64196182359032,51.7853673252289,12,0.000629095950581115,13,3.8406522756151276,5.619827536404614,3.12765880167359,3.6972467739765875,5.476422034766017,2.984253300034993,1
3,2|8|14,n03|n09|n15,55.11824509610341,55.26894729716183,13,0.0006180606161901434,13,0.36436900310206966,2.143544263891499,0.34862447083951054,0.2136668020436332,1.9928420628331196,0.4993266718979328,1
3,2|8|15,n03|n09|n16,56.45728634910916,56.5740984296272,13,0.000627530621928855,13,0.9746722499036977,0.8045030108857532,1.6876657238452637,1.0914843304217356,0.6876909303676939,1.8044778043633016,1
3,2|9|10,n03|n10|n11,56.80712043643545,57.099528934006656,13,0.0006187237054918876,13,1.324506337229984,0.4546689235594954,2.03749981117155,1.616914834801193,0.16226042598827917,2.329908308742759,1
3,2|9|11,n03|n10|n12,58.789256107816506,58.949476601351954,13,0.0006074523721789413,13,3.3066420086110426,1.5274667478215846,4.019635482552609,3.4668625021464905,1.6876872413570325,4.1798559760880565,1
3,2|9|12,n03|n10|n13,54.59809889172387,54.70611377405547,13,0.0006155158208585363,13,0.8845152074815701,2.6636904682710565,0.17152173354003253,0.776500325149982,2.5556755859394684,0.06350685120844446,1
3,2|9|13,n03|n10|n14,51.85945823671864,52.22593125467144,12,0.0006103907821845269,13,3.62315586248684,5.402331123276269,2.9101623885452454,3.256682844533998,5.035858105323484,2.5436893705924604,1
3,2|9|14,n03|n10|n15,56.161245484551095,56.368001326714364,13,0.0006107969107779621,13,0.678631385345632,1.1005438754438046,1.391624859287198,0.8853872275089003,0.8937880332805435,1.5983807014504663,1
3,2|9|15,n03|n10|n16,57.4092416085049,57.607179440444796,13,0.0006106963753546285,13,1.9266275092994363,0.1474522485099783,2.6396209832410022,2.1245653412393324,0.3453900804498744,2.8375588151808984,1
3,2|10|11,n03|n11|n12,60.491968301833445,60.97399517592888,12,0.000619434705821066,13,5.009354202627982,3.230178941838524,5.722347676569548,5.491381076723414,3.712205815933956,6.20437455066498,1
3,2|10|12,n03|n11|n13,56.40707992863782,56.4786123186683,13,0.0006303988844774543,13,0.9244658294323571,0.8547094313570938,1.637459303373923,0.9959982194628338,0.7831770413266099,1.7089916934043998,1
3,2|10|13,n03|n11|n14,56.67901979786058,56.909914719405954,13,0.0006201447830965046,13,1.19640569865512,0.582769562134331,1.909399172596686,1.4273006202004908,0.3518746405889601,2.1402940941420567,1
3,2|10|14,n03|n11|n15,59.295070419957284,59.339032839888056,12,0.0006175429622214834,13,3.8124563207518207,2.0332810599623627,4.525449794693387,3.8564187406825923,2.0772434798931343,4.569412214624158,1
3,2|10|15,n03|n11|n16,59.33310051047235,59.46077800670147,13,0.000617542962221483,13,3.8504864112668855,2.0713111504774275,4.5634798852084515,3.978163907496004,2.198988646706546,4.69115738143757,1
3,2|11|12,n03|n12|n13,57.80284627029781,57.8227577570342,13,0.0006180062015374892,13,2.32023217109235,0.5410569103028919,3.033225645033916,2.3401436578287402,0.5609683970392823,3.053137131770306,1
3,2|11|13,n03|n12|n14,58.15530760443461,58.34741900112749,13,0.0006172178948994926,13,2.672693505229148,0.8935182444396901,3.385686979170714,2.864804901922028,1.08562964113257,3.577798375863594,1
3,2|11|14,n03|n12|n15,60.22796676522413,60.35266605206559,12,0.0006186119812075891,13,4.745352666018668,2.9661774052292103,5.458346139960234,4.870051952860123,3.0908766920706654,5.583045426801689,1
3,2|11|15,n03|n12|n16,60.57434106993157,60.65421517455082,13,0.0006180062015374892,13,5.091726970726107,3.312551709936649,5.804720444667673,5.171601075345357,3.3924258145558994,5.884594549286923,1
3,2|12|13,n03|n13|n14,54.22775816256137,54.37828950086213,13,0.0006251758167473479,13,1.2548559366441054,3.034031197433535,0.541862462702511,1.1043245983433394,2.883499859132769,0.391331124401745,1
3,2|12|14,n03|n13|n15,55.25241069175997,55.27963673753287,13,0.0006303988844774543,13,0.23020340744551504,2.0093786682349446,0.48279006649607226,0.20297736167259472,1.9821526224620811,0.5100161122689713,1
3,2|12|15,n03|n13|n16,56.44978589132761,56.51026329988613,13,0.0006303988844774543,13,0.9671717921221443,0.8120034686672852,1.6801652660637103,1.0276492006806635,0.7515260601088016,1.7406426746222294,1
3,2|13|14,n03|n14|n15,55.67091874125703,56.00612103353559,13,0.0006180062015374892,13,0.18830464205156972,1.5908706187378812,0.9012981159931357,0.5235069343301291,1.255668326459329,1.236500408271695,1
3,2|13|15,n03|n14|n16,56.78389968659429,57.05403107926824,13,0.0006180606161901434,13,1.3012855873888256,0.47788967340062527,2.0142790613303916,1.5714169800627786,0.20775828072669356,2.2844104540043446,1
3,2|14|15,n03|n15|n16,58.549661257522494,58.75369741065457,13,0.0006192177608776889,13,3.067047158317031,1.2878718975275731,3.780040632258597,3.271083311449104,1.4919080506596458,3.98407678539067,1
3,3|4|5,n04|n05|n06,55.4557585970238,55.4935638895363,12,0.0006215747214206658,13,0.026855502181660995,1.8060307629710906,0.686137971759905,0.010949790330833764,1.768225470458617,0.7239432642723997,1
3,3|4|6,n04|n05|n07,57.6551085394925,57.819507493977774,13,0.000625606480619848,13,2.172494440287039,0.3933191794975812,2.885487914228605,2.3368933947723107,0.5577181339828527,3.0498868687138767,1
3,3|4|7,n04|n05|n08,58.63862387477816,58.688255031249454,13,0.000625606480619848,13,3.1560097755726986,1.3768345147832406,3.8690032495142646,3.205640932043991,1.4264656712545332,3.918634405985557,1
3,3|4|8,n04|n05|n09,53.54831859474735,53.60336141221813,13,0.000622529820011524,13,1.9342955044581345,3.713470765247564,1.22130203051654,1.8792526869873427,3.6584279477767723,1.1662592130457483,1
3,3|4|9,n04|n05|n10,54.82891675536874,54.83708985799957,13,0.0006305137248295994,13,0.6536973438367113,2.4328726046261977,0.05929613010484047,0.6455242412058624,2.424699501995349,0.06746923273567518,1
3,3|4|10,n04|n05|n11,56.3962552703839,56.518218660640564,13,0.0006202510167495209,13,0.9136411711784334,0.8655340896110033,1.6266346451199993,1.0356045614351004,0.7435706993543363,1.7485980353766664,1
3,3|4|11,n04|n05|n12,57.86836811672207,57.937864821776,13,0.000625606480619848,13,2.3857540175166037,0.6065787567271457,3.0987474914581696,2.45525072257054,0.6760754617810818,3.1682441965121058,1
3,3|4|12,n04|n05|n13,53.78352865050881,53.68812814737612,13,0.0006393008512714829,13,1.6990854486966782,3.4782607094861078,0.9860919747550838,1.7944859518293583,3.573661212618788,1.081492477887764,1
3,3|4|13,n04|n05|n14,54.08191028809163,54.19050338193971,13,0.00062758061685036,13,1.4007038111138286,3.179879071903315,0.687710337172291,1.292110717265757,3.0712859780551867,0.5791172433241627,1
3,3|4|14,n04|n05|n15,55.4167246804008,55.439165340232954,13,0.0006262716980141204,13,0.06588941880465882,1.8450646795941452,0.6471040551369001,0.04344875897248812,1.8226240197619745,0.6695447149690565,1
3,3|4|15,n04|n05|n16,56.687831295555355,56.704973075219556,13,0.000625606480619848,13,1.205217196349892,0.5739580644395801,1.918210670291458,1.2223589760140925,0.5568162847753797,1.9353524499556585,1
3,3|5|6,n04|n06|n07,59.4527562297791,59.59697402852454,13,0.0006165302547564936,13,3.9701421305736346,2.1909668697841767,4.683135604515201,4.114359929319079,2.335184668529621,4.827353403260645,1
3,3|5|7,n04|n06|n08,60.86931315917229,60.75631304887101,13,0.0006166991823231449,13,5.38669905996683,3.607523799177372,6.099692533908396,5.273698949665544,3.494523688876086,5.98669242360711,1
3,3|5|8,n04|n06|n09,56.157598530412045,56.139670688146786,13,0.0006165302547564936,13,0.6749844312065818,1.1041908295828762,1.3879779051481478,0.6570565889413231,1.1221186718481135,1.370050062882889,1
3,3|5|9,n04|n06|n10,56.3383452157106,56.46143630882628,13,0.0006105632607943349,13,0.8557311165051402,0.9234441442843035,1.5687245904467062,0.9788222096208159,0.8003530511686563,1.6918156835623819,1
3,3|5|10,n04|n06|n11,58.582424455160044,58.68259712913823,13,0.000618487216154903,13,3.099810355954581,1.3206350951651231,3.812803829896147,3.199983029932767,1.420807769143309,3.912976503874333,1
3,3|5|11,n04|n06|n12,60.05960771889043,60.07631293318156,13,0.0006148537962478165,13,4.57699361968497,2.797818358895512,5.289987093626536,4.593698833976099,2.8145235731866407,5.306692307917665,1
3,3|5|12,n04|n06|n13,55.851917487602584,55.80983381489423,13,0.0006165302547564936,13,0.36930338839712107,1.4098718723923298,1.082296862338687,0.32721971568876995,1.4519555451007022,1.040213189630336,1
3,3|5|13,n04|n06|n14,56.143645482308166,56.298876716221294,13,0.0006148537962478165,13,0.6610313831027028,1.118143877686748,1.3740248570442688,0.8162626170158305,0.9629126437736204,1.5292560909573965,1
3,3|5|14,n04|n06|n15,57.55789230322537,57.58404161172145,13,0.000617542962221483,13,2.0752782040199094,0.2961029432304514,2.7882716779614753,2.10142751251599,0.3222522517265318,2.814420986457556,1
3,3|5|15,n04|n06|n16,58.85066525214842,58.842275010209406,13,0.000617542962221483,13,3.3680511529429538,1.5888758921534958,4.08104462688452,3.3596609110039424,1.5804856502144844,4.072654384945508,1
3,3|6|7,n04|n07|n08,63.3148953858204,62.936194032114386,13,0.0006165302547564936,13,7.832281286614936,6.053106025825478,8.545274760556502,7.453579932908923,5.674404672119465,8.166573406850489,1
3,3|6|8,n04|n07|n09,57.98983931126518,58.03145984814732,13,0.0006218688100370348,13,2.5072252120597156,0.7280499512702576,3.2202186860012816,2.548845748941858,0.7696704881523999,3.261839222883424,1
3,3|6|9,n04|n07|n10,59.25437501360299,59.308567603142244,13,0.0006206640435783047,13,3.7717609143975253,1.9925856536080673,4.484754388339091,3.8259535039367805,2.0467782431473225,4.5389469778783464,1
3,3|6|10,n04|n07|n11,61.322531757420975,61.623858553108775,13,0.0006213264494206488,13,5.839917658215512,4.060742397426054,6.552911132157078,6.141244453903312,4.362069193113854,6.854237927844878,1
3,3|6|11,n04|n07|n12,62.300666623824036,62.32447907974496,13,0.0006200527020512376,13,6.818052524618572,5.038877263829114,7.531045998560138,6.841864980539498,5.06268971975004,7.554858454481064,1
3,3|6|12,n04|n07|n13,58.224010895904335,58.1695940647018,13,0.0006303988844774543,13,2.741396796698872,0.9622215359094142,3.454390270640438,2.6869799654963344,0.9078047047068765,3.3999734394379004,1
3,3|6|13,n04|n07|n14,58.39427893602606,58.57206695214115,13,0.0006288211433222339,13,2.9116648368205986,1.1324895760311406,3.6246583107621646,3.089452852935686,1.3102775921462282,3.802446326877252,1
3,3|6|14,n04|n07|n15,59.8952614169008,59.922982593194895,13,0.0006213264494206488,13,4.412647317695338,2.6334720569058803,5.125640791636904,4.440368493989432,2.661193233199974,5.153361967930998,1
3,3|6|15,n04|n07|n16,61.122216437847385,61.14049509027062,13,0.0006212785574073573,13,5.639602338641922,3.8604270778524636,6.352595812583488,5.657880991065156,3.8787057302756978,6.370874465006722,1
3,3|7|8,n04|n08|n09,58.96577142429143,58.904779398867475,13,0.000627530621928855,13,3.483157325085969,1.7039820642965111,4.196150799027535,3.422165299662012,1.6429900388725542,4.135158773603578,1
3,3|7|9,n04|n08|n10,59.97200700248495,59.932266248723664,13,0.0006202289162300255,13,4.489392903279487,2.7102176424900293,5.202386377221053,4.449652149518201,2.670476888728743,5.162645623459767,1
3,3|7|10,n04|n08|n11,61.80136330171319,61.903854223113484,13,0.0006243369683266459,13,6.318749202507725,4.539573941718267,7.031742676449291,6.421240123908021,4.642064863118563,7.134233597849587,1
3,3|7|11,n04|n08|n12,62.95264011043535,62.90964377011192,13,0.0006213264494206488,13,7.4700260112298835,5.6908507504404255,8.18301948517145,7.427029670906457,5.647854410116999,8.140023144848023,1
3,3|7|12,n04|n08|n13,59.09386105063192,58.94936738666447,13,0.0006303988844774543,13,3.611246951426459,1.832071690637001,4.324240425368025,3.4667532874590066,1.6875780266695486,4.1797467614005726,1
3,3|7|13,n04|n08|n14,59.43418371957363,59.47286402193656,13,0.0006198266696425498,13,3.9515696203681685,2.1723943595787105,4.6645630943097345,3.9902499227310955,2.2110746619416375,4.7032433966726614,1
3,3|7|14,n04|n08|n15,60.82795563824692,60.780146267998695,13,0.0006213264494206488,13,5.345341539041456,3.5661662782519983,6.058335012983022,5.297532168793232,3.518356908003774,6.010525642734798,1
3,3|7|15,n04|n08|n16,62.00129288464331,61.941232772393676,13,0.000625606480619848,13,6.518678785437849,4.739503524648391,7.231672259379415,6.458618673188212,4.679443412398754,7.171612147129778,1
3,3|8|9,n04|n09|n10,53.116485077696986,52.74910201640798,12,0.0006373291646134009,13,2.3661290215084705,4.145304282297957,1.653135547566933,2.7335120827974606,4.512687343586947,2.020518608855923,1
3,3|8|10,n04|n09|n11,56.75491255976919,56.79519292497049,13,0.0006324751163874115,13,1.272298460563725,0.5068768002257116,1.985291934505291,1.31257882576503,0.46659643502442805,2.025572299706596,1
3,3|8|11,n04|n09|n12,58.20124302995515,58.16115100307797,13,0.000627530621928855,13,2.718628930749688,0.9394536699602298,3.431622404691254,2.678536903872505,0.8993616430830471,3.391530377814071,1
3,3|8|12,n04|n09|n13,53.547050418794996,53.47292627384819,13,0.000622529820011524,13,1.935563680410496,3.7147389411999256,1.2225702064689017,2.0096878253572754,3.788863086146762,1.296694351415681,1
3,3|8|13,n04|n09|n14,52.33413451918289,52.24959442622963,12,0.0006293348492984452,13,3.148479580022581,4.927654840812011,2.4354861060809867,3.2330196729758427,5.012194933765272,2.5200261990342483,1
3,3|8|14,n04|n09|n15,55.71012717775472,55.65290390040575,13,0.000622529820011524,13,0.22751307854925784,1.551662182240193,0.9405065524908238,0.17028980120028336,1.6088854595891462,0.8832832751418493,1
3,3|8|15,n04|n09|n16,57.02599080252797,56.93788153822889,13,0.000627530621928855,13,1.543376703322508,0.2357985574669783,2.256370177264074,1.4552674390234301,0.32390782176605626,2.168260912964996,1
3,3|9|10,n04|n10|n11,57.439358684858824,57.5480829906887,13,0.0006202510167495209,13,1.956744585653361,0.17756932486390298,2.669738059594927,2.065468891483235,0.2862936306937769,2.778462365424801,1
3,3|9|11,n04|n10|n12,59.29955327980262,59.289831786248186,13,0.0006170832759846897,13,3.81693918059716,2.037763919807702,4.529932654538726,3.807217687042723,2.028042426253265,4.520211160984289,1
3,3|9|12,n04|n10|n13,55.316206255804055,55.17477723910299,13,0.0006293927365543597,13,0.16640784340143,1.9455831041908596,0.5465856305401573,0.30783686010249767,2.0870121208919272,0.40515661383908963,1
3,3|9|13,n04|n10|n14,52.71211967976092,52.77732444451953,12,0.0006145069456727785,13,2.77049441944456,4.54966968023399,2.057500945502966,2.7052896546859415,4.484464915475371,1.9922961807443471,1
3,3|9|14,n04|n10|n15,56.862308000081356,56.81502025955504,13,0.0006191218845383803,13,1.3796939008758926,0.3994813599135796,2.0926873748174586,1.3324061603495778,0.4467691004398944,2.045399634291144,1
3,3|9|15,n04|n10|n16,58.084106098729244,58.03172584640651,13,0.0006191218845383803,13,2.6014919995237804,0.8223167387343224,3.3144854734653464,2.549111747201046,0.7699364864115879,3.262105221142612,1
3,3|10|11,n04|n11|n12,61.332536454235196,61.37117960893356,12,0.000619434705821066,13,5.849922355029733,4.070747094240275,6.562915828971299,5.888565509728096,4.109390248938638,6.601558983669662,1
3,3|10|12,n04|n11|n13,56.977086367184235,56.89342871458937,13,0.0006303988844774543,13,1.4944722679787716,0.28470299281070766,2.2074657419203376,1.4108146153839058,0.36836064540557345,2.123808089325472,1
3,3|10|13,n04|n11|n14,57.249272482189156,57.31977425804354,13,0.0006201447830965046,13,1.7666583829836924,0.012516877805751392,2.4796518569252584,1.8371601588380742,0.057984898048616174,2.55015363277964,1
3,3|10|14,n04|n11|n15,59.87203872654665,59.74500845697003,12,0.0006177653105962483,13,4.389424627341185,2.6102493665517272,5.102418101282751,4.262394357764563,2.4832190969751053,4.975387831706129,1
3,3|10|15,n04|n11|n16,59.86090309006777,59.83010068949813,13,0.000618487216154903,13,4.378288990862309,2.599113730072851,5.091282464803875,4.347486590292668,2.56831132950321,5.060480064234234,1
3,3|11|12,n04|n12|n13,58.335761419130876,58.208528553059566,13,0.0006345202646653394,13,2.8531473199254123,1.0739720591359543,3.5661407938669782,2.7259144538541022,0.9467391930646443,3.4389079277956682,1
3,3|11|13,n04|n12|n14,58.68875457622997,58.72750124614251,13,0.0006185480461659369,13,3.2061404770245048,1.4269652162350468,3.9191339509660708,3.244887146937046,1.465711886147588,3.957880620878612,1
3,3|11|14,n04|n12|n15,60.75342872937595,60.73146901342229,12,0.0006246467713390338,13,5.270814630170484,3.4916393693810264,5.98380810411205,5.248854914216828,3.46967965342737,5.961848388158394,1
3,3|11|15,n04|n12|n16,61.052281808490605,60.998263223157586,13,0.000625606480619848,13,5.569667709285142,3.7904924484956837,6.282661183226708,5.515649123952123,3.736473863162665,6.228642597893689,1
3,3|12|13,n04|n13|n14,54.985321392886306,54.890397323424786,13,0.0006361398785853665,13,0.4972927063191719,2.2764679671086014,0.2157007676224083,0.5922167757806847,2.371392036570114,0.12077669816088843,1
3,3|12|14,n04|n13|n15,55.99144628884149,55.779648276162696,13,0.0006366648806309103,13,0.5088321896360242,1.2703430711534338,1.2218256635775901,0.2970341769572329,1.4821410838322322,1.0100276508987989,1
3,3|12|15,n04|n13|n16,57.169046451884796,56.9895466345721,13,0.0006366648806309103,13,1.6864323526793328,0.09274290811015362,2.3994258266208988,1.5069325353666372,0.2722427254228137,2.219926009308203,1
3,3|13|14,n04|n14|n15,56.418448447376456,56.49834015054773,13,0.000622529820011524,13,0.9358343481709923,0.843340912618487,1.6488278221125583,1.01572605134227,0.7634492094471739,1.7287195252838359,1
3,3|13|15,n04|n14|n16,57.50680351945163,57.52812241253901,13,0.000622529820011524,13,2.0241894202461665,0.24501415945670857,2.7371828941877325,2.045508313333549,0.26633305254409123,2.758501787275115,1
3,3|14|15,n04|n15|n16,59.239451130766824,59.202115720070175,13,0.000622529820011524,13,3.7568370315613606,1.9776617707719026,4.469830505502927,3.719501620864712,1.9403263600752538,4.432495094806278,1
3,4|5|6,n05|n06|n07,48.38602056792876,49.71952185538301,12,0.0006215747214206656,13,7.09659353127671,8.87576879206614,6.383600057335116,5.763092243822484,7.542267504611914,5.05009876988089,1
3,4|5|7,n05|n06|n08,54.969715669975045,54.582113594029785,12,0.0006175429622214833,13,0.512898429230404,2.2920736900198904,0.2000950447111478,0.9005005051756712,2.6796757659651576,0.1875070312341336,1
3,4|5|8,n05|n06|n09,49.599392484557846,49.340912723637125,12,0.0006183959459757017,13,5.883221614647596,7.662396875437082,5.170228140706058,6.141701375568346,7.920876636357775,5.428707901626751,1
3,4|5|9,n05|n06|n10,49.76077042348457,49.67958762180208,12,0.0006138669720000631,13,5.721843675720891,7.501018936510377,5.008850201779296,5.803026477403364,7.58220173819285,5.090033003461826,1
3,4|5|10,n05|n06|n11,51.69429939751443,51.570881297278575,12,0.0006188969894855023,13,3.7883147016910357,5.567489962480522,3.0753212277494413,3.91173280192686,5.690908062716346,3.1987393279853222,1
3,4|5|11,n05|n06|n12,53.35921301249287,53.191744434133014,12,0.000616673145430371,13,2.1234010867125903,3.9025763475020767,1.410407612770996,2.290869665072478,4.070044925861907,1.5778761911308834,1
3,4|5|12,n05|n06|n13,48.782800842473655,48.46472467341356,12,0.000622049674176991,13,6.699813256731829,8.478988517521259,5.986819782790235,7.017889425791907,8.797064686581336,6.3048959518503125,1
3,4|5|13,n05|n06|n14,48.95126113134295,48.94779169867699,12,0.0006180324829170844,13,6.531352967862517,8.310528228651947,5.818359493920923,6.534822400528469,8.313997661317956,5.821828926586932,1
3,4|5|14,n05|n06|n15,50.59771760140151,50.38249656823093,12,0.0006189022997081967,13,4.884896497803936,6.664071758593423,4.171903023862399,5.100117530974558,6.879292791763987,4.387124057032963,1
3,4|5|15,n05|n06|n16,51.88334730805742,51.74254530494474,12,0.0006189022997081967,13,3.599266791148068,5.378442051937498,2.8862733172064736,3.740068794260708,5.519244055050194,3.0270753203191703,1
3,4|6|7,n05|n07|n08,60.499657477602696,60.24824938530336,12,0.0006170366084889883,13,5.017043378397233,3.237868117607775,5.730036852338799,4.765635286097897,2.986460025308439,5.478628760039463,1
3,4|6|8,n05|n07|n09,51.224005992084905,51.1825900081863,13,0.0006218688100370348,13,4.258608107120551,6.037783367910038,3.5456146331790137,4.300024091019168,6.079199351808597,3.5870306170775734,1
3,4|6|9,n05|n07|n10,52.866213586703516,52.69998165690011,13,0.0006324073613345449,13,2.6164005125019685,4.395575773291398,1.903407038560374,2.7826324423053848,4.561807703094814,2.0696389683637904,1
3,4|6|10,n05|n07|n11,54.53442278574126,54.46929681399077,13,0.000617542962221483,13,0.9481913134641786,2.727366574253665,0.23519783952264106,1.0133172852146686,2.792492546004155,0.300323811273131,1
3,4|6|11,n05|n07|n12,55.73570300916357,55.64143950142951,13,0.0006200527020512376,13,0.25308890995810884,1.5260863508313491,0.9660823838996748,0.15882540222404629,1.6203498585654188,0.8718188761656123,1
3,4|6|12,n05|n07|n13,51.65976123285393,51.43182931980434,13,0.0006369847164798147,13,3.822852866351525,5.602028127141011,3.1098593924099873,4.050784779401113,5.829960040190599,3.337791305459575,1
3,4|6|13,n05|n07|n14,51.777256099894004,51.81719261725641,13,0.0006300731333545599,13,3.7053579993114454,5.484533260100932,2.992364525369908,3.6654214819490676,5.444596742738497,2.952428008007473,1
3,4|6|14,n05|n07|n15,53.21997490192033,53.12423385907062,13,0.0006242707864907042,13,2.262639197285125,4.041814458074612,1.5496457233435876,2.3583802401348635,4.137555500924293,1.645386766193269,1
3,4|6|15,n05|n07|n16,54.46925648222214,54.39483526452528,13,0.0006212785574073573,13,1.0133576169833418,2.7925328777727714,0.3003641430417474,1.0877788346801935,2.866954095469623,0.37478536073859914,1
3,4|7|8,n05|n08|n09,52.9215834671352,52.63291396669418,13,0.0006165302547564936,13,2.561030632070242,4.3402058928597285,1.8480371581287045,2.849700132511259,4.628875393300746,2.1367066585697216,1
3,4|7|9,n05|n08|n10,54.31163099326898,53.91480723503167,13,0.0006166991823231449,13,1.1709831059365001,2.9501583667259297,0.4579896319949057,1.5678068641738037,3.346982124963233,0.8548133902322093,1
3,4|7|10,n05|n08|n11,55.89280653371126,55.66381239684704,13,0.0006243369683266459,13,0.41019243450579523,1.368982826283684,1.1231859084473612,0.18119829764157913,1.5979769631478575,0.8941917715831451,1
3,4|7|11,n05|n08|n12,57.172745122349546,56.76090632631219,13,0.000617542962221483,13,1.6901310231440831,0.08904423764539615,2.403124497085649,1.278292227106725,0.5008830336827259,1.991285701048291,1
3,4|7|12,n05|n08|n13,53.17133676703826,52.723509895357054,13,0.0006166991823231449,13,2.311277332167208,4.0904525929566375,1.5982838582256136,2.7591042038484375,4.538279464637867,2.046110729906843,1
3,4|7|13,n05|n08|n14,53.50421349831743,53.25102959692501,13,0.0006166991823231449,13,1.978400600888051,3.7575758616774806,1.2654071269464566,2.231584502280441,4.010759763069927,1.5185910283389035,1
3,4|7|14,n05|n08|n15,54.84697229177914,54.51416134464606,13,0.000617542962221483,13,0.6356418074263388,2.4148170682157684,0.07735166651524139,0.9684527545593937,2.74762801534888,0.25545928061785617,1
3,4|7|15,n05|n08|n16,56.06068984838965,55.71954295096191,13,0.000617542962221483,13,0.5780757491841868,1.201099511605264,1.2910692231257528,0.23692885175644562,1.5422464090329981,0.9499223256980116,1
3,4|8|9,n05|n09|n10,45.443272416211926,44.95087975629231,12,0.0006180324829170844,13,10.039341682993552,11.818516943782981,9.326348209051957,10.531734342913182,12.310909603702612,9.818740868971588,1
3,4|8|10,n05|n09|n11,49.95285760826484,49.91880609878105,13,0.0006219558747139824,13,5.529756490940599,7.308931751730086,4.816763016999062,5.5638080004243875,7.342983261213874,4.85081452648285,1
3,4|8|11,n05|n09|n12,51.425452803377986,51.34632167764519,13,0.0006155809183723672,13,4.057161295827484,5.836336556616914,3.3441678218858897,4.136292421560256,5.9154676823497425,3.4232989476187186,1
3,4|8|12,n05|n09|n13,46.421674173381376,46.406436687246426,13,0.0006165302547564936,13,9.060939925824073,10.84011518661356,8.347946451882535,9.076177411959065,10.855352672748495,8.363183938017471,1
3,4|8|13,n05|n09|n14,44.94505379563845,44.839273588713894,12,0.0006211568298858866,13,10.537560303567034,12.316735564356463,9.82456682962544,10.643340510491555,12.422515771281041,9.930347036550017,1
3,4|8|14,n05|n09|n15,48.7088494355298,48.68479787657773,13,0.000615803328639259,13,6.7737646636756494,8.552939924465136,6.060771189734112,6.797816222627716,8.576991483417203,6.084822748686179,1
3,4|8|15,n05|n09|n16,50.09650215853447,50.035818711543826,13,0.0006200730719545821,13,5.3861119406710145,7.165287201460444,4.67311846672942,5.446795387661609,7.225970648451096,4.733801913720072,1
3,4|9|10,n05|n10|n11,50.94332884531449,50.80538634970655,13,0.0006187237054918876,13,4.5392852538909665,6.318460514680453,3.826291779949429,4.677227749498911,6.456403010288341,3.9642342755573736,1
3,4|9|11,n05|n10|n12,52.78998405392735,52.63748726517501,13,0.0006147169654296203,13,2.692630045278122,4.4718053060675516,1.9796365713365276,2.8451268340304523,4.624302094819882,2.1321333600889147,1
3,4|9|12,n05|n10|n13,48.82478009025343,48.49286773732005,13,0.0006202616371949098,13,6.6578340089520225,8.437009269741509,5.944840535010485,6.989746361885409,8.768921622674895,6.276752887943871,1
3,4|9|13,n05|n10|n14,45.420581511263215,45.43534829824343,12,0.0006133237903952439,13,10.06203258794227,11.841207848731699,9.349039114000675,10.047265800962009,11.826441061751495,9.334272327020471,1
3,4|9|14,n05|n10|n15,50.23132875820832,50.04621114969748,13,0.000615803328639259,13,5.2512853409971285,7.030460601786615,4.538291867055591,5.436402949507965,7.215578210297451,4.723409475566427,1
3,4|9|15,n05|n10|n16,51.447973097907536,51.29525592579482,13,0.000615803328639259,13,4.034641001297928,5.813816262087357,3.32164752735639,4.187358173410644,5.966533434200073,3.474364699469106,1
3,4|10|11,n05|n11|n12,54.053599045692835,54.046435307950745,12,0.0006158033286392587,13,1.4290150535126145,3.208190314302101,0.7160215795710769,1.436178791254747,3.2153540520441766,0.7231853173131526,1
3,4|10|12,n05|n11|n13,50.281310703798376,50.047948374588486,13,0.0006202510167495209,13,5.201303395407081,6.980478656196567,4.488309921465543,5.434665724616991,7.213840985406421,4.721672250675397,1
3,4|10|13,n05|n11|n14,50.57710913584738,50.485376886761465,13,0.0006202510167495209,13,4.905504963358112,6.684680224147542,4.192511489416518,4.99723721244402,6.776412473233449,4.2842437385024255,1
3,4|10|14,n05|n11|n15,52.42605233672848,52.22992211777722,12,0.0006172656247055586,13,3.0565617624769743,4.835737023266461,2.3435682885354367,3.2526919814282564,5.031867242217686,2.539698507486662,1
3,4|10|15,n05|n11|n16,53.05620558880597,52.970858234509706,13,0.0006169882871896343,13,2.426408510399483,4.205583771188969,1.7134150364579455,2.511755864695772,4.290931125485201,1.7987623907541774,1
3,4|11|12,n05|n12|n13,51.69682380000108,51.444204239801515,13,0.000615803328639259,13,3.7857902992043932,5.564965559993823,3.072796825262799,4.0384098594039415,5.817585120193428,3.325416385462404,1
3,4|11|13,n05|n12|n14,52.027870551999385,51.962567141742454,13,0.000615803328639259,13,3.4547435472060783,5.233918807995565,2.741750073264484,3.5200469574630233,5.299222218252453,2.807053483521429,1
3,4|11|14,n05|n12|n15,53.51789328111141,53.35278751972912,12,0.0006219073301178017,13,1.9647208180940652,3.7438960788834947,1.2517273441524708,2.129826579476344,3.9090018402657734,1.4168331055348062,1
3,4|11|15,n05|n12|n16,54.387029055417074,54.22376064817277,13,0.000617542962221483,13,1.0955850437883896,2.874760304577876,0.3825915698467952,1.258853451032678,3.0380287118221645,0.5458599770911405,1
3,4|12|13,n05|n13|n14,48.366251156708465,48.08888945945447,13,0.0006220520225768633,13,7.116362942497005,8.895538203286435,6.403369468555411,7.393724639750985,9.172899900540472,6.680731165809448,1
3,4|12|14,n05|n13|n15,49.22394088204147,48.89916158819789,13,0.0006202616371949098,13,6.2586732171640165,8.037848477953446,5.545679743222422,6.583452511007579,8.362627771797008,5.870459037065984,1
3,4|12|15,n05|n13|n16,50.385118341993646,50.140308479051825,13,0.0006202616371949098,13,5.097495757211846,6.876671018001275,4.384502283270251,5.342305620153638,7.121480880943068,4.629312146212101,1
3,4|13|14,n05|n14|n15,49.52460640377159,49.5791176947631,13,0.0006200730719545821,13,5.958007695433878,7.737182956223307,5.2450142214922835,5.903496404442365,7.682671665231851,5.19050293050077,1
3,4|13|15,n05|n14|n16,50.71053258851886,50.67169963688586,13,0.0006202616371949098,13,4.772081510686576,6.551256771476062,4.059088036745038,4.810914462319602,6.590089723109031,4.097920988378064,1
3,4|14|15,n05|n15|n16,52.385592646144296,52.303173024602046,13,0.0006202616371949098,13,3.0970214530611884,4.876196713850618,2.384027979119594,3.179441074603403,4.95861633539289,2.4664476006618656,1
3,5|6|7,n06|n07|n08,60.845964716561646,60.93978058031717,12,0.0006156927306686998,13,5.363350617356183,3.5841753565667247,6.076344091297749,5.457166481111706,3.677991220322248,6.170159955053272,1
3,5|6|8,n06|n07|n09,53.71895260804175,53.71272056933933,13,0.0006155809183723672,13,1.7636614911637025,3.542836751953189,1.050668017222165,1.769893529866124,3.5490687906556104,1.0569000559245865,1
3,5|6|9,n06|n07|n10,54.30740799086616,54.42254256954671,13,0.0006067923068455594,13,1.175206108339296,2.9543813691287824,0.4622126343977584,1.060071529658785,2.8392467904482146,0.34707805571719064,1
3,5|6|10,n06|n07|n11,56.78466899083163,56.78921828548846,13,0.0006049249937125562,13,1.3020548916261703,0.4771203691632877,2.0150483655677363,1.3066041862829962,0.47257107450644753,2.019597660224562,1
3,5|6|11,n06|n07|n12,57.819712305444135,57.72536076394396,13,0.0006098154029277415,13,2.3370982062386716,0.5579229454492136,3.0500916801802376,2.2427466647384975,0.4635714039490395,2.9557401386800635,1
3,5|6|12,n06|n07|n13,53.47090037954077,53.396655280031126,13,0.0006165302547564936,13,2.0117137196646695,3.790888980454156,1.298720245723132,2.085958819174323,3.865134079963809,1.3729653452327852,1
3,5|6|13,n06|n07|n14,53.636794946988,53.86579315427027,13,0.0006049249937125562,13,1.845819152217473,3.6249944130069025,1.1328256782758785,1.6168209449351707,3.395996205724657,0.9038274709936331,1
3,5|6|14,n06|n07|n15,55.16834388804303,55.179229058771,13,0.0006141572901030419,13,0.31427021116240894,2.0934454719518953,0.3987232627791357,0.30338504043447756,2.082560301223907,0.40960843350710263,1
3,5|6|15,n06|n07|n16,56.492146654744566,56.478765918706,13,0.0006148552065809061,13,1.0095325555391028,0.7696427052503623,1.7225260294806688,0.9961518195005397,0.7830234412889467,1.7091452934421056,1
3,5|7|8,n06|n08|n09,55.72555844834917,55.31719167090157,13,0.0006165302547564936,13,0.24294434914370555,1.5362309116457595,0.9559378230852715,0.16542242830388432,1.9445976890933707,0.5475710456376746,1
3,5|7|9,n06|n08|n10,56.0262226647051,55.66778135112419,13,0.0006067923068455594,13,0.543608565499639,1.2355666952898332,1.256602039441205,0.18516725191872752,1.5940080088707305,0.8981607258602935,1
3,5|7|10,n06|n08|n11,58.24358307072702,57.982629511827334,13,0.0006148537962478165,13,2.7609689715215566,0.9817937107320986,3.4739624454631226,2.5000154126218703,0.7208401518324123,3.2130088865634363,1
3,5|7|11,n06|n08|n12,59.55623534753662,59.03442245570001,13,0.0006098154029277415,13,4.073621248331158,2.2944459875416996,4.7866147222727236,3.551808356494547,1.772633095705089,4.264801830436113,1
3,5|7|12,n06|n08|n13,55.41490894335557,54.98595232066742,13,0.0006165302547564936,13,0.06770515584992154,1.846880416639351,0.6452883180916729,0.49666177853805493,2.2758370393274845,0.21633169540352526,1
3,5|7|13,n06|n08|n14,55.74604501879147,55.505842845320274,13,0.0006148537962478165,13,0.26343091958600695,1.5157443412034581,0.9764243935275729,0.023228746114810406,1.7559465146746334,0.7362222200563764,1
3,5|7|14,n06|n08|n15,57.171267557319794,56.80433172732806,13,0.0006148537962478165,13,1.6886534581143309,0.09052180267514132,2.401646932055897,1.3217176281225989,0.45745763266688755,2.034711102064165,1
3,5|7|15,n06|n08|n16,58.41692516751154,58.0162878654178,13,0.0006148537962478165,13,2.93431106830608,1.155135807516622,3.647304542247646,2.5336737662123383,0.7544985054228803,3.2466672401539043,1
3,5|8|9,n06|n09|n10,48.29573890174585,48.051221529321104,12,0.0006133922058043419,13,7.186875197459585,8.966050458249072,6.473881723518048,7.431392569884338,9.210567830673824,6.7183990959428,1
3,5|8|10,n06|n09|n11,52.635017916233394,52.57368715673694,13,0.0006202510167495209,13,2.8475961829720973,4.626771443761527,2.134602709030503,2.908926942468497,4.6881022032579835,2.1959334685269596,1
3,5|8|11,n06|n09|n12,54.23833806498191,54.059814714124585,13,0.0006148537962478165,13,1.2442760342235601,3.0234512950129897,0.5312825602819657,1.422799385080907,3.2019746458703366,0.7098059111393127,1
3,5|8|12,n06|n09|n13,49.300630646457975,49.24923794168445,13,0.000615803328639259,13,6.181983452747488,7.961158713536975,5.468989978805894,6.233376157521036,8.012551418310466,5.520382683579442,1
3,5|8|13,n06|n09|n14,47.712797264024964,47.67874152130949,12,0.0006180324829170844,13,7.769816835180507,9.548992095969936,7.056823361238912,7.803872577895959,9.583047838685445,7.090879103954421,1
3,5|8|14,n06|n09|n15,51.50931254523219,51.42517757220979,13,0.000615803328639259,13,3.973301553973272,5.752476814762758,3.2603080800316775,4.057436526995673,5.836611787785159,3.3444430530540785,1
3,5|8|15,n06|n09|n16,52.86790463555391,52.742032667226525,13,0.000615803328639259,13,2.6147094636515362,4.393884724441023,1.9017159897099987,2.740581431978967,4.5197566927683965,2.0275879580373726,1
3,5|9|10,n06|n10|n11,52.336189862500895,52.330918143064565,13,0.0006067923068455594,13,3.146424236704547,4.925599497494034,2.4334307627630096,3.151695956140884,4.93087121693037,2.4387024821993464,1
3,5|9|11,n06|n10|n12,54.50417846538674,54.45992064493466,13,0.0006020862457686528,13,0.9784356338187195,2.757610894608206,0.2654421598771819,1.0226934542707795,2.801868715060266,0.30969998032924195,1
3,5|9|12,n06|n10|n13,50.389704777389916,50.34917880388658,13,0.0006119306153608673,13,5.0929093218155685,6.872084582604998,4.379915847873974,5.133435295318861,6.912610556108348,4.420441821377324,1
3,5|9|13,n06|n10|n14,47.71674544596994,47.9650627325175,12,0.0006104712452755835,13,7.765868653235543,9.545043914024973,7.052875179293949,7.51755136668794,9.296726627477426,6.804557892746402,1
3,5|9|14,n06|n10|n15,51.80351843053409,51.831696552667616,13,0.0006067923068455594,13,3.67909566867138,5.458270929460809,2.9661021947297854,3.650917546537869,5.4300928073272985,2.9379240725962745,1
3,5|9|15,n06|n10|n16,53.072029780846535,53.08579875487566,13,0.0006067923068455594,13,2.4105843183589286,4.189759579148358,1.697590844417391,2.3968153443298092,4.175990605119239,1.6838218703882148,1
3,5|10|11,n06|n11|n12,56.63686481776084,56.58310650540994,12,0.000612334599587779,13,1.1542507185553745,0.6249245422341119,1.8672441924969405,1.1004924062044736,0.678682854584963,1.8134858801460396,1
3,5|10|12,n06|n11|n13,52.48280807022175,52.33337509508869,13,0.0006158718492025214,13,2.9998060289836985,4.778981289773185,2.286812555042161,3.1492390041167937,4.928414264906223,2.4362455301751993,1
3,5|10|13,n06|n11|n14,52.76694699349567,52.758909665071954,13,0.000615803328639259,13,2.7156671057097697,4.494842366499256,2.002673631768232,2.7237044341335377,4.502879694922967,2.0107109601919433,1
3,5|10|14,n06|n11|n15,54.968750498798606,54.77689437794995,12,0.0006153285624435378,13,0.5138636004068644,2.293038861196294,0.19912987353470868,0.7057197212554911,2.4848949820449775,0.0072737526860535695,1
3,5|10|15,n06|n11|n16,55.38484816309254,55.29450103818925,13,0.0006148537962478165,13,0.09776593611292128,1.8769411969024077,0.6152275378286447,0.1881130610162245,1.967288321805654,0.5248804129253557,1
3,5|11|12,n06|n12|n13,53.93615489697156,53.72873205037565,13,0.0006148537962478165,13,1.5464592022339048,3.3256344630233343,0.8334657282923672,1.753882048829837,3.5330573096192666,1.0408885748882426,1
3,5|11|13,n06|n12|n14,54.25642388839913,54.233480200757455,13,0.0006036038587050336,13,1.226190210806351,3.0053654715957805,0.5131967368647565,1.249133898448008,3.0283091592374376,0.5361404245064705,1
3,5|11|14,n06|n12|n15,56.033330479101394,55.86841545929857,12,0.0006153285624435378,13,0.5507163798959311,1.2284588808935268,1.2637098538374971,0.3858013600931045,1.3933739006963606,1.0987948340346705,1
3,5|11|15,n06|n12|n16,56.71973399281169,56.54391679163832,13,0.0006134981001035703,13,1.237119893606227,0.5420553671832522,1.950113367547793,1.0613026924328537,0.7178725683565972,1.7742961663744197,1
3,5|12|13,n06|n13|n14,50.294732038469796,50.2780808319922,13,0.000615803328639259,13,5.18788206073566,6.967057321525147,4.474888586794123,5.2045332672132645,6.983708528002694,4.491539793271727,1
3,5|12|14,n06|n13|n15,51.38111577192748,51.166458385641924,13,0.0006158718492025214,13,4.101498327277966,5.880673588067452,3.3885048533364284,4.316155713563546,6.095330974352976,3.603162239621952,1
3,5|12|15,n06|n13|n16,52.576260304696525,52.41428587132414,13,0.0006158718492025214,13,2.9063537945089593,4.685529055298389,2.193360320567365,3.068328227881352,4.847503488670782,2.3553347539397578,1
3,5|13|14,n06|n14|n15,51.747446154425326,51.88454904457365,13,0.0006141572901030419,13,3.7351679447801303,5.514343205569617,3.0221744708385927,3.5980650546318316,5.377240315421261,2.885071580690237,1
3,5|13|15,n06|n14|n16,52.87266899232511,52.92403911230802,13,0.000615803328639259,13,2.609945106880332,4.389120367669818,1.8969516329387943,2.5585749868974403,4.337750247686927,1.845581512955846,1
3,5|14|15,n06|n15|n16,54.65119928430666,54.60068604271861,13,0.000615803328639259,13,0.8314148148988352,2.6105900756882647,0.11842134095724077,0.8819280564868563,2.6611033172763428,0.16893458254526195,1
3,6|7|8,n07|n08|n09,60.86474227031886,60.457992339444345,12,0.0006129858502784472,13,5.3821281711133935,3.6029529103239355,6.0951216450549595,4.975378240238882,3.196202979449424,5.688371714180448,1
3,6|7|9,n07|n08|n10,62.28130489788884,61.84574761600348,12,0.000610390782184527,13,6.798690798683374,5.019515537893916,7.51168427262494,6.363133516798015,4.583958256008557,7.076126990739581,1
3,6|7|10,n07|n08|n11,63.92874009675815,63.72170383915847,12,0.000619434705821066,13,8.446125997552684,6.666950736763226,9.15911947149425,8.239089739953009,6.459914479163551,8.952083213894575,1
3,6|7|11,n07|n08|n12,65.50840050701237,65.04945801416858,12,0.0006138883510515985,13,10.025786407806905,8.246611147017447,10.73877988174847,9.566843914963115,7.7876686541736575,10.279837388904681,1
3,6|7|12,n07|n08|n13,61.10111891925607,60.59739294558873,12,0.0006189472623150175,13,5.61850482005061,3.8393295592611523,6.331498293992176,5.114778846383267,3.335603585593809,5.827772320324833,1
3,6|7|13,n07|n08|n14,61.375640937212644,61.069633391923496,12,0.000610390782184527,13,5.893026838007181,4.113851577217723,6.606020311948747,5.587019292718033,3.8078440319285747,6.300012766659599,1
3,6|7|14,n07|n08|n15,62.98716132564927,62.54037888241764,12,0.0006158501261622625,13,7.504547226443805,5.725371965654347,8.21754070038537,7.057764783212178,5.27858952242272,7.770758257153744,1
3,6|7|15,n07|n08|n16,64.33885922238161,63.77837927932606,12,0.0006138883510515985,13,8.856245123176151,7.077069862386693,9.569238597117717,8.295765180120597,6.516589919331139,9.008758654062163,1
3,6|8|9,n07|n09|n10,50.944991650522475,50.394568886937435,12,0.0006380283796391181,13,4.53762244868301,6.316797709472439,3.8246289747414153,5.088045212268014,6.8672204730575,4.375051738326476,1
3,6|8|10,n07|n09|n11,54.989161312400356,54.83042541755781,13,0.0006249644074558242,13,0.49345278680510773,2.272628047594594,0.21954068713645825,0.6521886816476581,2.4313639424370876,0.060804792293915,1
3,6|8|11,n07|n09|n12,56.08593081834416,55.873824037118915,13,0.0006155809183723672,13,0.6033167191386966,1.1758585416507685,1.3163101930802625,0.3912099379134517,1.3879653228760276,1.1042034118550177,1
3,6|8|12,n07|n09|n13,51.40377233727512,51.20925898343979,13,0.0006218688100370348,13,4.0788417619303345,5.858017022719821,3.365848287988797,4.273355115765696,6.052530376555126,3.5603616418241018,1
3,6|8|13,n07|n09|n14,49.81716114487778,49.66785319952283,12,0.0006324805109538003,13,5.665452954327691,7.44462821511712,4.952459480386096,5.814760899682653,7.593936160472083,5.101767425741059,1
3,6|8|14,n07|n09|n15,53.516591674078185,53.34591025442404,13,0.0006162135558731319,13,1.966022425127278,3.7451976859167644,1.2530289511856836,2.1367038447814366,3.915879105570866,1.4237103708398422,1
3,6|8|15,n07|n09|n16,54.820141738386475,54.636198711499866,13,0.0006155809183723672,13,0.6624723608189811,2.4416476216084675,0.05052111312257779,0.8464153877055764,2.625590648495063,0.1334219137640389,1
3,6|9|10,n07|n10|n11,55.79529228680585,55.63658765952107,13,0.0006102337398817139,13,0.31267818760038324,1.466497073189089,1.0256716615419492,0.15397356031560605,1.6252017004738377,0.866967034257172,1
3,6|9|11,n07|n10|n12,57.37717660617279,57.16066871281058,13,0.0006102337398817139,13,1.8945625069673255,0.11538724617786755,2.6075559809088915,1.67805461360512,0.10112064718435931,2.391048087546686,1
3,6|9|12,n07|n10|n13,53.32288240279012,53.03343214757749,13,0.0006293927365543597,13,2.1597316964153492,3.938906957204779,1.4467382224737548,2.4491819516279634,4.22835721241745,1.7361884776864258,1
3,6|9|13,n07|n10|n14,50.441602851864296,50.40773482049618,12,0.0006103907821845269,13,5.041011247341146,6.820186508130632,4.328017773399608,5.074879278709261,6.8540545394987475,4.361885804767724,1
3,6|9|14,n07|n10|n15,54.85587464290091,54.67301321431238,13,0.0006157940986015524,13,0.6267394563045627,2.4059147170939923,0.08625401763701035,0.8096008848930865,2.588776145682573,0.09660741095149206,1
3,6|9|15,n07|n10|n16,56.10323629872894,55.923070775013386,13,0.0006154968004666382,13,0.6206221995234742,1.158553061265991,1.3336156734650402,0.4404566758079227,1.3387185849815069,1.1534501497494887,1
3,6|10|11,n07|n11|n12,58.953425747302674,58.66193862791262,12,0.0006048666892400834,13,3.470811648097211,1.691636387307753,4.183805122038777,3.1793245287071557,1.4001492679176977,3.8923180026487216,1
3,6|10|12,n07|n11|n13,55.32954307967606,55.04657386688829,13,0.0006153243206387289,13,0.15307101952942048,1.93224628031885,0.5599224544121597,0.4360402323171684,2.2152154931066548,0.2769532416243905,1
3,6|10|13,n07|n11|n14,55.41469552086064,55.31456511480744,13,0.0006102337398817139,13,0.06791857834480197,1.8470938391342884,0.6450748955967427,0.16804898439801264,1.947224245187499,0.5449444895435462,1
3,6|10|14,n07|n11|n15,59.53272828720209,55.073605922381226,12,0.0006138883510515985,13,4.050114187996627,2.270938927207169,4.763107661938193,0.40900817682421575,2.188183437613702,0.3039852971173289,1
3,6|10|15,n07|n11|n16,58.385517247429384,58.247343622797,13,0.0006102337398817139,13,2.9029031482239205,1.1237278874344625,3.6158966221654865,2.7647295235915337,0.9855542628020757,3.4777229975330997,1
3,6|11|12,n07|n12|n13,56.342552034697235,56.02286518392081,13,0.0006213642698735413,13,0.8599379354917716,0.9192373252976722,1.5729314094333375,0.5402510847153437,1.2389241760741356,1.2532445586569096,1
3,6|11|13,n07|n12|n14,56.5339669908868,56.433253556787946,13,0.0006103837642914934,13,1.05135289168134,0.7278223691081394,1.764346365622906,0.9506394575824828,0.8285358032069894,1.6636329315240488,1
3,6|11|14,n07|n12|n15,58.592846110387526,58.33985228487485,12,0.000619434705821066,13,3.110232011182063,1.3310567503926052,3.823225485123629,2.857238185669388,1.07806292487993,3.570231659610954,1
3,6|11|15,n07|n12|n16,59.0295640090748,58.77815343787329,13,0.000617542962221483,13,3.5469499098693333,1.7677746490798754,4.259943383810899,3.2955393386678296,1.5163640778783716,4.0085328126093955,1
3,6|12|13,n07|n13|n14,52.885752156903585,52.72531145672943,13,0.0006288211433222339,13,2.596861942301871,4.376037203091357,1.8838684683603333,2.75730264247602,4.5364779032655065,2.0443091685344825,1
3,6|12|14,n07|n13|n15,53.90045728178506,53.554025851587284,13,0.0006242707864907042,13,1.5821568174204117,3.3613320782098413,0.8691633434788173,1.9285882476181655,3.707763508407652,1.215594773676628,1
3,6|12|15,n07|n13|n16,55.084940186891814,54.78973103364323,13,0.0006213642698735413,13,0.39767391231362126,2.1768491731031077,0.3153195616279163,0.6928830655622278,2.472058326351714,0.02011040837933109,1
3,6|13|14,n07|n14|n15,54.13843313106541,54.14349992027094,13,0.0006141572901030419,13,1.3441809681400514,3.123356228929538,0.631187494198457,1.339114178934551,3.1182894397239806,0.6261207049929567,1
3,6|13|15,n07|n14|n16,55.26821846604003,55.2242207318979,13,0.0006163621800615115,13,0.21439563316545218,1.9935708939548817,0.4985978407761351,0.2583933673075762,2.037568628097006,0.45460010663400396,1
3,6|14|15,n07|n15|n16,56.94333033249831,56.89795666772715,13,0.0006213264494206488,13,1.4607162332928496,0.31845902749660127,2.1737097072344156,1.4153425685216874,0.3638326922677493,2.1283360424632534,1
3,7|8|9,n08|n09|n10,52.520161021535095,51.74122437775184,12,0.0006245532718288449,13,2.962453077670375,4.741628338459805,2.2494596037287806,3.741389721453629,5.520564982243059,3.0283962475120347,1
3,7|8|10,n08|n09|n11,56.26034441793177,55.94949354392608,13,0.0006324751163874115,13,0.7777303187263058,1.0014449420631308,1.4907237926678718,0.46687944472061815,1.312295816068854,1.1798729186621841,1
3,7|8|11,n08|n09|n12,57.51847233757242,56.99593487053995,13,0.0006155809183723672,13,2.0358582383669557,0.2566829775774977,2.7488517123085217,1.5133207713344845,0.26585448945496637,2.2263142452760505,1
3,7|8|12,n08|n09|n13,52.92844954470665,52.51473728247121,13,0.0006165302547564936,13,2.5541645544988114,4.333339815288241,1.8411710805572739,2.967876816734247,4.747052077523733,2.2548833427927093,1
3,7|8|13,n08|n09|n14,51.67157856186067,51.22831127231681,12,0.000617617881226997,13,3.8110355373447646,5.590210798134251,3.098042063403227,4.254302826888647,6.033478087678134,3.54130935294711,1
3,7|8|14,n08|n09|n15,55.149240055154316,54.73704001453668,13,0.0006141572901030419,13,0.3333740440511406,2.112549304840627,0.3796194298904183,0.7455740846687604,2.524749345458247,0.03258061072722285,1
3,7|8|15,n08|n09|n16,56.4093015618289,55.96239849669521,13,0.0006155809183723672,13,0.926687462623434,0.8524877981660097,1.639680936565,0.47978439748974466,1.2993908632997204,1.1927778714313106,1
3,7|9|10,n08|n10|n11,57.02673446515952,56.743074052590764,13,0.0006187237054918876,13,1.5441203659540577,0.23505489483540032,2.2571138398956236,1.2604599533853005,0.5187153074041362,1.9734534273268665,1
3,7|9|11,n08|n10|n12,58.75654270308151,58.22283714365465,13,0.0006074523721789413,13,3.273928603876044,1.494753343086586,3.98692207781761,2.7402230444491877,0.9610477836597298,3.4532165183907537,1
3,7|9|12,n08|n10|n13,54.8164036970596,54.26653238662599,13,0.0006166991823231449,13,0.6662104021458504,2.4453856629353368,0.0467830717957014,1.2160817125794665,2.995256973368953,0.503088238637929,1
3,7|9|13,n08|n10|n14,52.09372356268974,51.77594080844977,12,0.0006103907821845269,13,3.388890536515703,5.168065797305189,2.6758970625741654,3.7066732907557025,5.485848551545132,2.993679816814108,1
3,7|9|14,n08|n10|n15,56.41590248275529,55.95662821851675,13,0.0006130378961659412,13,0.9332883835498293,0.84588687723965,1.6462818574913953,0.4740141193112848,1.3051611414781519,1.1870075932528508,1
3,7|9|15,n08|n10|n16,57.56985293018807,57.10769593002654,13,0.0006074523721789413,13,2.0872388309826064,0.30806357019314845,2.8002323049241724,1.625081830821074,0.15409342996838404,2.33807530476264,1
3,7|10|11,n08|n11|n12,60.90271787717039,60.25963792968038,12,0.0006175290407811262,13,5.4201037779649255,3.6409285171754675,6.1330972519064915,4.777023830474917,2.997848569685459,5.490017304416483,1
3,7|10|12,n08|n11|n13,56.48945418954836,56.05126284146689,13,0.0006303988844774543,13,1.006840090342898,0.7723351704465813,1.719833564284464,0.5686487422614235,1.2105265185280132,1.2816422162029895,1
3,7|10|13,n08|n11|n14,56.76196564797979,56.47655192074104,13,0.0006201447830965046,13,1.2793515487743292,0.499823712015143,1.9923450227158952,0.9939378215355745,0.7852374392538763,1.7069312954771405,1
3,7|10|14,n08|n11|n15,59.48929166178106,59.02229188362466,12,0.0006175429622214834,13,4.006677562575597,2.2275023017861386,4.719671036517163,3.5396777844191973,1.7605025236297394,4.252671258360763,1
3,7|10|15,n08|n11|n16,59.361947983034234,58.979696726421494,13,0.000617542962221483,13,3.879333883828771,2.100158623039313,4.592327357770337,3.497082627216031,1.717907366426573,4.210076101157597,1
3,7|11|12,n08|n12|n13,57.66196294336424,57.04796047734017,13,0.0006303988844774543,13,2.179348844158774,0.4001735833693161,2.89234231810034,1.5653463781347057,0.2138288826547523,2.2783398520762717,1
3,7|11|13,n08|n12|n14,58.04188486797473,57.58932650412322,13,0.0006155285724509442,13,2.5592707687692666,0.7800955079798086,3.2722642427108326,2.106712404917758,0.32753714412829993,2.819705878859324,1
3,7|11|14,n08|n12|n15,60.08233416937102,59.49095390452753,12,0.0006202721051491688,13,4.59972007016556,2.820544809376102,5.312713544107126,4.008339805322066,2.2291645445326083,4.721333279263632,1
3,7|11|15,n08|n12|n16,60.48773938851685,59.9365135305108,13,0.0006213264494206488,13,5.005125289311387,3.225950028521929,5.718118763252953,4.453899431305338,2.67472417051588,5.166892905246904,1
3,7|12|13,n08|n13|n14,54.433951971798756,53.96526920144366,13,0.0006251758167473479,13,1.0486621274067147,2.8278373881961443,0.3356686534651203,1.5173448977618023,3.2965201585512887,0.8043514238202079,1
3,7|12|14,n08|n13|n15,55.443597869021,54.86787045068216,13,0.0006303988844774543,13,0.03901623018447253,1.818191490973902,0.6739772437571006,0.6147436485233015,2.393918909312788,0.09824982541826444,1
3,7|12|15,n08|n13|n16,56.560133089357684,56.018002296475395,13,0.0006303988844774543,13,1.077518990152221,0.7016562706372156,1.790512464093787,0.5353881972699313,1.2437870635195054,1.2483816712114972,1
3,7|13|14,n08|n14|n15,55.98244737499811,55.679607727816574,13,0.0006140837249857869,13,0.49983327579264625,1.2793419849967904,1.2128267497342122,0.1969936286111107,1.582181632178333,0.9099871025526767,1
3,7|13|15,n08|n14|n16,56.924341347062395,56.574257572767934,13,0.0006140837249857869,13,1.4417272478569316,0.3374480129325548,2.1547207217984976,1.0916434735624705,0.6875317872269875,1.8046369475040365,1
3,7|14|15,n08|n15|n16,58.75093353960445,58.309473957290294,13,0.0006192177608776889,13,3.26831944039899,1.4891441796095322,3.981312914340556,2.8268598580848305,1.0476845972953726,3.5398533320263965,1
3,8|9|10,n09|n10|n11,46.47392039590806,49.415492383003155,12,0.0006341158188969895,13,9.00869370329741,10.78786896408684,8.295700229355816,6.067121716202337,7.846296976991766,5.354128242260742,1
3,8|9|11,n09|n10|n12,50.90592798033382,50.36316095736453,12,0.0006152601470344396,13,4.576686118871635,6.355861379661121,3.8636926449300972,5.11945314184095,6.898628402630379,4.406459667899355,1
3,8|9|12,n09|n10|n13,49.00415005021992,48.70463732077864,13,0.0006202616371949098,13,6.478464048985529,8.257639309775016,5.765470575043992,6.777976778426819,8.557152039216305,6.064983304485281,1
3,8|9|13,n09|n10|n14,46.25400133352439,46.016971247680694,12,0.0006152601470344396,13,9.228612765681078,11.007788026470507,8.515619291739483,9.465642851524763,11.244818112314249,8.752649377583225,1
3,8|9|14,n09|n10|n15,49.898531333853434,48.05538860771885,12,0.0006180324829170844,13,5.584082765352036,7.363258026141466,4.871089291410442,7.427225491486638,9.206400752276068,6.714232017545044,1
3,8|9|15,n09|n10|n16,49.494440250798505,48.9352212345826,12,0.0006180324829170844,13,5.988173848406973,7.767349109196402,5.2751803744653785,6.54739286462285,8.326568125412336,5.8343993906813125,1
3,8|10|11,n09|n11|n12,54.47073791914931,54.375241592926386,12,0.0006220093949944653,13,1.0118761800561629,2.7910514408455924,0.29888270611456846,1.1073725062790913,2.886547767068521,0.39437903233749694,1
3,8|10|12,n09|n11|n13,50.07302482102623,49.818797861479666,13,0.000635152233333506,13,5.409589278179226,7.188764538968712,4.696595804237688,5.663816237725769,7.442991498515255,4.950822763784231,1
3,8|10|13,n09|n11|n14,48.646981247012526,48.32091976543654,12,0.0006315750762960356,13,6.83563285219293,8.614808112982416,6.122639378251392,7.161694333768935,8.940869594558364,6.4487008598273405,1
3,8|10|14,n09|n11|n15,53.08725423818605,52.67956699648318,12,0.0006247317017885229,13,2.395359861019415,4.1745351218088445,1.6823663870778773,2.803047102722303,4.5822223635117325,2.0900536287807086,1
3,8|10|15,n09|n11|n16,53.4418721070037,53.28067806683833,13,0.0006186387186623914,13,2.040741992201788,3.8199172529912175,1.3277485182601936,2.2019360323671435,3.981111293156573,1.4889425584255491,1
3,8|11|12,n09|n12|n13,51.45191246048328,51.24540301130648,13,0.0006154207426138467,13,4.030701638722178,5.809876899511664,3.3177081647806403,4.23721108789897,6.016386348688457,3.5242176139574326,1
3,8|11|13,n09|n12|n14,50.08644594935761,49.83873932082964,12,0.0006171699543850539,13,5.396168149847881,7.175343410637311,4.683174675906287,5.643874778375846,7.423050039165275,4.930881304434251,1
3,8|11|14,n09|n12|n15,53.84937809786062,53.60621758074167,12,0.0006153745869349593,13,1.6332360013448124,3.412411262134299,0.9202425274032748,1.876396518463821,3.6555717792532505,1.1634030445222265,1
3,8|11|15,n09|n12|n16,54.74260101650174,54.4800801890204,13,0.000615803328639259,13,0.7400130827037401,2.5191883434931697,0.027019608762145708,1.0025339101850932,2.7817091709745227,0.2895404362434988,1
3,8|12|13,n09|n13|n14,48.303783349110745,48.04292428474696,13,0.0006220520225768633,13,7.178830750094733,8.958006010884162,6.465837276153138,7.439689814458518,9.218865075247948,6.7266963405169236,1
3,8|12|14,n09|n13|n15,48.75787465731538,48.614459633738036,13,0.0006200730719545821,13,6.724739441890108,8.503914702679538,6.011745967948514,6.868154465467455,8.647329726256885,6.155160991525861,1
3,8|12|15,n09|n13|n16,50.140187133438566,49.95345795518063,13,0.0006200730719545821,13,5.34242696576689,7.1216022265563765,4.629433491825353,5.529156144024853,7.3083314048142825,4.8161626700832585,1
3,8|13|14,n09|n14|n15,47.49995496166357,47.33832983147702,12,0.0006201673545747459,13,7.982659137541873,9.76183439833136,7.269665663600335,8.144284267728437,9.923459528517924,7.4312907937869,1
3,8|13|15,n09|n14|n16,48.69230357581188,48.464732215471116,12,0.0006201673545747459,13,6.7903105233936,8.56948578418303,6.077317049452006,7.017881883734333,8.79705714452382,6.304888409792795,1
3,8|14|15,n09|n15|n16,52.694073464847925,52.544627385472054,13,0.0006200730719545821,13,2.7885406343575596,4.567715895146989,2.075547160415965,2.9379867137333804,4.717161974522867,2.224993239791843,1
3,9|10|11,n10|n11|n12,54.59577198139546,57.36541644725779,12,0.0006152601470344394,13,0.8868421178100334,2.666017378599463,0.173848643868439,1.88280234805233,0.10362708726287195,2.595795821993896,1
3,9|10|12,n10|n11|n13,51.02423600155164,50.60496020009948,13,0.0006202510167495209,13,4.458378097653849,6.237553358443279,3.745384623712255,4.877653899106008,6.656829159895437,4.1646604251644135,1
3,9|10|13,n10|n11|n14,49.05870561315416,48.99969043437555,12,0.0006162356412911848,13,6.423908486051289,8.203083746840775,5.710915012109751,6.482923664829912,8.262098925619398,5.769930190888317,1
3,9|10|14,n10|n11|n15,53.919828202997934,53.816333702413736,12,0.0006110846688042809,13,1.5627858962075152,3.3419611569970016,0.8497924222659776,1.6662803967917057,3.445455657581192,0.9532869228501681,1
3,9|10|15,n10|n11|n16,54.13020982328095,53.981394738458,13,0.000615803328639259,13,1.3524042759245276,3.131579536713957,0.6394108019829332,1.5012193607474842,3.2803946215369137,0.7882258868058898,1
3,9|11|12,n10|n12|n13,53.30878600334811,53.00601866833545,13,0.0006147169654296203,13,2.1738280958573455,3.953003356646832,1.460834621915808,2.47659543087002,4.25577069165945,1.7636019569284258,1
3,9|11|13,n10|n12|n14,50.43466330572434,50.36247975036603,12,0.0006053934728664611,13,5.047950793481107,6.827126054270593,4.334957319539569,5.120134348839429,6.899309609628915,4.407140874897891,1
3,9|11|14,n10|n12|n15,55.18257151000516,54.94427771803592,12,0.0006152601470344396,13,0.30004258920030225,2.079217849989732,0.41295088474126374,0.538336381169529,2.3175116419590154,0.1746570927720228,1
3,9|11|15,n10|n12|n16,56.044629558497064,55.7557432761913,13,0.000615803328639259,13,0.5620154592916009,1.2171598014978713,1.2750089332331669,0.27312917698584016,1.5060460838035965,0.9861226509274061,1
3,9|12|13,n10|n13|n14,49.23881523581161,49.22330163899365,13,0.0006119306153608673,13,6.243798863393863,8.022974124183293,5.530805389452269,6.259312460211845,8.038487721001275,5.546318986270251,1
3,9|12|14,n10|n13|n15,50.80358334579188,50.44658078686404,13,0.000615803328639259,13,4.679030753413599,6.458206014203029,3.9660372794720047,5.036033312341431,6.81520857313086,4.323039838399836,1
3,9|12|15,n10|n13|n16,51.97601535263143,51.67845315291479,13,0.000615803328639259,13,3.5065987465740136,5.2857740073635,2.793605272632476,3.804160946290665,5.583336207080151,3.0911674723491274,1
3,9|13|14,n10|n14|n15,47.878431202935,47.8409966121461,12,0.0006152601470344396,13,7.6041828962704585,9.383358157059945,6.891189422328921,7.641617487059364,9.42079274784885,6.928624013117769,1
3,9|13|15,n10|n14|n16,48.989630372605795,48.96551611341909,12,0.0006125603028259274,13,6.492983726599675,8.272158987389105,5.779990252658081,6.517097985786393,8.296273246575822,5.804104511844798,1
3,9|14|15,n10|n15|n16,53.898993817097725,53.74328622864597,13,0.000615803328639259,13,1.583620282107745,3.3627955428971745,0.8706268081661506,1.739327870559464,3.5185031313489503,1.0263343966179264,1
3,10|11|12,n11|n12|n13,54.73638964500544,54.49315463617222,12,0.0006166592239900142,13,0.7462244542000462,2.525399714989476,0.03323098025845184,0.9894594630332563,2.768634723822686,0.27646598909166187,1
3,10|11|13,n11|n12|n14,54.66432260971481,54.545097572991686,12,0.0006166592239900142,13,0.8182914894906617,2.597466750280091,0.10529801554906726,0.9375165262137557,2.716691787003242,0.22452305227221814,1
3,10|11|14,n11|n12|n15,57.29155407323275,57.09440859481624,12,0.0006175429622214834,13,1.8089399740272896,0.029764713237831586,2.5219334479688555,1.6117944956107735,0.1673807651786774,2.3247879695523395,1
3,10|11|15,n11|n12|n16,57.864610566292406,57.76889228606516,13,0.0006175151193407695,13,2.3819964670869425,0.6028212062974845,3.0949899410285084,2.286278186859697,0.5071029260702389,2.999271660801263,1
3,10|12|13,n11|n13|n14,51.521167551703066,51.23069920978623,13,0.0006251758167473479,13,3.961446547502419,5.7406218082918485,3.2484530735608246,4.251914889419254,6.0310901502086836,3.5389214154776596,1
3,10|12|14,n11|n13|n15,53.28229336763843,52.87495815701127,12,0.0006231565336274318,13,2.2003207315670466,3.979495992356476,1.4873272576254521,2.607655942194185,4.386831202983672,1.8946624682526476,1
3,10|12|15,n11|n13|n16,53.690755718143876,53.39245276595224,13,0.0006175151193407695,13,1.7918583810616155,3.571033641851045,1.0788649071200211,2.0901613332532065,3.869336594042693,1.377167859311669,1
3,10|13|14,n11|n14|n15,53.266606515022474,53.156252663526374,12,0.0006152601470344396,13,2.2160075841829894,3.995182844972419,1.5030141102414518,2.3263614356790754,4.105536696468562,1.6133679617375378,1
3,10|13|15,n11|n14|n16,53.964435499662464,53.824577358679306,13,0.0006169882871896343,13,1.5181785995429777,3.297353860332464,0.8051851256014402,1.6580367405261427,3.437212001315629,0.9450432665846051,1
3,10|14|15,n11|n15|n16,55.5881325409833,55.348575804568796,13,0.000617542962221483,13,0.1055184417778392,1.6736568190116259,0.8185119157194052,0.13403829463663897,1.9132135554261254,0.5789551793048986,1
3,11|12|13,n12|n13|n14,52.972798034102986,52.69257026264975,13,0.0006185480461659369,13,2.509816065102484,4.288991325891914,1.7968225911608897,2.7900438365556965,4.569219097345183,2.077050362614159,1
3,11|12|14,n12|n13|n15,54.18340742056485,53.753108494956294,12,0.0006335318825541823,13,1.299206678640644,3.0783819394300735,0.5862132046990496,1.7295056042491979,3.5086808650386274,1.0165121303076035,1
3,11|12|15,n12|n13|n16,54.90555898469659,54.541345321039756,13,0.0006303988844774543,13,0.5770551145088803,2.35623037529831,0.13593835943269283,0.9412687781656928,2.720444038955179,0.2282753042241552,1
3,11|13|14,n12|n14|n15,54.613308213968715,54.527759039257894,12,0.0006152601470344396,13,0.8693058852367699,2.6484811460261994,0.15631241129517548,0.9548550599475902,2.73403032073702,0.24186158600599583,1
3,11|13|15,n12|n14|n16,55.287755257847714,55.12418677462348,13,0.000615803328639259,13,0.19485884135775677,1.9740341021471863,0.5181346325838163,0.35842732458195314,2.1376025853714395,0.3545661493595844,1
3,11|14|15,n12|n15|n16,56.85799258026176,56.58813545789504,13,0.0006192177608776889,13,1.3753784810562948,0.4037967797331703,2.0883719549978608,1.105521358689579,0.6736539020998862,1.8185148326311449,1
3,12|13|14,n13|n14|n15,50.6595785339745,50.43120059309496,13,0.0006251758167473479,13,4.823035565230953,6.602210826020439,4.110042091289415,5.051413506110521,6.83058876689995,4.338420032168926,1
3,12|13|15,n13|n14|n16,51.65991034108815,51.41161553379795,13,0.0006251758167473479,13,3.8227037581173136,5.601879018906743,3.109710284175776,4.070998565407535,5.850173826196965,3.358005091465941,1
3,12|14|15,n13|n15|n16,53.01466917540148,52.68327071908094,13,0.0006303988844774543,13,2.467944923803998,4.247120184593427,1.7549514498624035,2.799343380124526,4.578518640914012,2.0863499061829316,1
3,13|14|15,n14|n15|n16,53.43760443719474,53.435435602181705,13,0.000615803328639259,13,2.0450096620107274,3.824184922800157,1.332016188069133,2.047178497023765,3.8263537578131945,1.3341850230821706,1
4,0|1|2|3,n01|n02|n03|n04,62.379162073659806,62.266870885452505,12,0.0006172844143301334,12,6.896547974454343,5.117372713664885,7.609541448395909,6.784256786247042,5.005081525457584,7.497250260188608,1
4,0|1|2|4,n01|n02|n03|n05,55.958421522006795,56.28740500290506,12,0.0006292458585091989,12,0.47580742280133137,1.3033678379881053,1.1888008967428974,0.8047909036995975,0.9743843570898889,1.5177843776411635,1
4,0|1|2|5,n01|n02|n03|n06,56.884910386871894,57.59422864303,12,0.0006215747214206656,12,1.4022962876664309,0.3768789731230413,2.115289761607997,2.111614543824537,0.33243928303507886,2.824608017766103,1
4,0|1|2|6,n01|n02|n03|n07,63.46457033221574,64.19839796294475,11,0.0006213264494206488,12,7.98195623301028,6.202780972220822,8.694949706951846,8.71578386373929,6.936608602949832,9.428777337680856,1
4,0|1|2|7,n01|n02|n03|n08,64.20244816655558,64.32626406351625,11,0.0006213264494206488,12,8.71983406735012,6.940658806560663,9.432827541291687,8.843649964310785,7.064474703521327,9.556643438252351,1
4,0|1|2|8,n01|n02|n03|n09,54.89865105237841,55.168207699258964,12,0.0006300028691581332,12,0.5839630468270798,2.3631383076165093,0.12903042711451462,0.3144063999465061,2.0935816607359357,0.398587073995067,1
4,0|1|2|9,n01|n02|n03|n10,55.8907947429352,56.3496681955481,12,0.0006180014300139945,12,0.40818064372973595,1.3709946170597505,1.121174117671302,0.8670540963426348,0.9121211644468303,1.5800475702842007,1
4,0|1|2|10,n01|n02|n03|n11,57.89311654029414,58.306568515828275,12,0.0006255631201134663,12,2.410502441088674,0.6313271802992162,3.12349591503024,2.8239544166228114,1.0447791558333535,3.5369478905643774,1
4,0|1|2|11,n01|n02|n03|n12,59.54014176869468,59.86210085049248,12,0.0006232511330839982,12,4.057527669489218,2.27835240869976,4.770521143430784,4.379486751287018,2.6003114904975604,5.092480225228584,1
4,0|1|2|12,n01|n02|n03|n13,54.83844299878757,55.073565906907504,12,0.0006327713186001932,12,0.6441711004179069,2.4233463612073365,0.06882237352367326,0.4090481922979734,2.188223453087403,0.3039452816436068,1
4,0|1|2|13,n01|n02|n03|n14,55.10386413723032,55.597706469936355,12,0.0006236139196621054,12,0.37874996197513155,2.157925222764618,0.3342435119664202,0.11509237073089196,1.6640828900585802,0.8280858446724579,1
4,0|1|2|14,n01|n02|n03|n15,56.646247134392276,57.0262228780414,12,0.0006232511330839982,12,1.1636330351868125,0.6155422256026668,1.8766265091283785,1.5436087788359387,0.23556648195352636,2.2566022527775047,1
4,0|1|2|15,n01|n02|n03|n16,58.0509759043515,58.41704634970688,12,0.0006253911486835978,12,2.56836180514604,0.789186544356582,3.281355279087606,2.934432250501416,1.1552569897119582,3.647425724442982,1
4,0|1|3|4,n01|n02|n04|n05,57.685316250684565,57.77949442269617,12,0.0006308813498986997,12,2.2027021514791016,0.42352689068964366,2.9156956254206676,2.2968803234907043,0.5177050627012463,3.0098737974322702,1
4,0|1|3|5,n01|n02|n04|n06,59.00587460950163,59.277455922073734,12,0.0006215747214206656,12,3.5232605102961685,1.7440852495067105,4.2362539842377345,3.794841822868271,2.0156665620788132,4.507835296809837,1
4,0|1|3|6,n01|n02|n04|n07,60.62928741559154,60.95717248280893,12,0.0006235223133921912,12,5.146673316386078,3.36749805559662,5.859666790327644,5.4745583836034655,3.6953831228140075,6.1875518575450315,1
4,0|1|3|7,n01|n02|n04|n08,61.35890000210485,61.898369463035216,12,0.0006232511330839982,12,5.87628590289939,4.097110642109932,6.589279376840956,6.415755363829753,4.636580103040295,7.128748837771319,1
4,0|1|3|8,n01|n02|n04|n09,56.28179808741724,56.47835261620318,12,0.0006300028691581332,12,0.7991839882117802,0.9799912725776494,1.5121774621533461,0.9957385169977186,0.7834367437917535,1.7087319909392846,1
4,0|1|3|9,n01|n02|n04|n10,57.347606911050434,57.58376749291247,12,0.0006264472002519988,12,1.8649928118449708,0.08581755105551281,2.5779862857865368,2.1011533937070084,0.3219781329175504,2.8141468676485744,1
4,0|1|3|10,n01|n02|n04|n11,59.27534958972078,59.592555769318416,12,0.0006282422478009529,12,3.7927354905153194,2.0135602297258615,4.505728964456885,4.109941670112953,2.3307664093234948,4.822935144054519,1
4,0|1|3|11,n01|n02|n04|n12,60.828564953595915,61.08578117982746,12,0.0006253911486835978,12,5.345950854390452,3.566775593600994,6.058944328332018,5.6031670806219935,3.8239918198325356,6.3161605545635595,1
4,0|1|3|12,n01|n02|n04|n13,56.393606506105826,56.43161774151587,12,0.0006363249261848556,12,0.9109924069003625,0.8681828538890954,1.6239858808419285,0.9490036423104087,0.830171618479028,1.6619971162519747,1
4,0|1|3|13,n01|n02|n04|n14,56.67956178466283,56.95843731739274,12,0.0006236139196621054,12,1.196947685457367,0.5822275753320696,1.909941159398933,1.47582321818728,0.30335204260217097,2.188816692128846,1
4,0|1|3|14,n01|n02|n04|n15,58.18824132025734,58.37134109596111,12,0.0006232511330839982,12,2.705627221051877,0.926451960262419,3.418620694993443,2.8887269967556435,1.1095517359661855,3.6017204706972095,1
4,0|1|3|15,n01|n02|n04|n16,59.55462786010967,59.733200346937316,12,0.0006253911486835978,12,4.0720137609042055,2.2928385001147475,4.7850072348457715,4.250586247731853,2.471410986942395,4.963579721673419,1
4,0|1|4|5,n01|n02|n05|n06,53.17848181839757,53.11800282360904,12,0.0006175429622214833,12,2.3041322808078917,4.083307541597378,1.5911388068662973,2.364611275596417,4.143786536385903,1.6516178016548793,1
4,0|1|4|6,n01|n02|n05|n07,55.29412718222231,55.2814403811128,12,0.0006237376453284414,12,0.1884869169831518,1.9676621777725813,0.5245065569584142,0.2011737180926616,1.980348978882148,0.5118197558489044,1
4,0|1|4|7,n01|n02|n05|n08,56.95579098066074,56.75402892063401,12,0.0006215747214206656,12,1.4731768814552737,0.3059983793341985,2.1861703553968397,1.2714148214285501,0.5077604393609363,1.984408295370116,1
4,0|1|4|8,n01|n02|n05|n09,50.21533032916114,50.37474907996132,12,0.0006186437518168467,12,5.267283770044344,7.046459030833773,4.554290296102749,5.107865019244173,6.887040280033602,4.394871545302578,1
4,0|1|4|9,n01|n02|n05|n10,52.0971547418839,51.973815642407146,12,0.0006263344992647273,12,3.385459357321565,5.164634618110995,2.6724658833800277,3.5087984567983312,5.287973717587761,2.795804982856737,1
4,0|1|4|10,n01|n02|n05|n11,54.081339056588426,53.978629100836834,12,0.0006356542262555287,12,1.4012750426170442,3.1804503034064737,0.6882815686754498,1.5039849983686508,3.2831602591580804,0.7909915244270564,1
4,0|1|4|11,n01|n02|n05|n12,55.432887348082964,55.409554378097056,12,0.0006215747214206656,12,0.04972675112247771,1.828902011911964,0.663266722819067,0.0730597211083932,1.8522349818978796,0.6399337528331586,1
4,0|1|4|12,n01|n02|n05|n13,50.92220599758053,50.67991524086515,12,0.00063107306732432,12,4.560408101624944,6.339583362414373,3.8474146276833494,4.802698858340307,6.581874119129793,4.089705384398769,1
4,0|1|4|13,n01|n02|n05|n14,51.19816200520636,51.20664788980672,12,0.0006248163197136117,12,4.284452093999107,6.063627354788537,3.5714586200575127,4.275966209398746,6.055141470188232,3.5629727354571514,1
4,0|1|4|14,n01|n02|n05|n15,52.626365039337685,52.565131095400595,12,0.0006232666676045151,12,2.856249059867764,4.6354243206572505,2.1432555859262266,2.9174830038048754,4.696658264594305,2.204489529863281,1
4,0|1|4|15,n01|n02|n05|n16,54.00346677925735,53.97256010757851,12,0.0006229340589073789,12,1.4791473199480834,3.2583225807375698,0.7661538460065458,1.5100539916269327,3.289229252416419,0.7970605176853951,1
4,0|1|5|6,n01|n02|n06|n07,56.33369680783353,56.29266415333672,12,0.0006156927306686998,12,0.8510827086280699,0.9280925521613881,1.5640761825696359,0.8100500541312599,0.969125206658191,1.5230435280728258,1
4,0|1|5|7,n01|n02|n06|n08,58.654153134921586,58.36728717620596,12,0.0006166147185398193,12,3.1715390357161226,1.3923637749266646,3.8845325096576886,2.8846730770004996,1.1054978162110416,3.5976665509420656,1
4,0|1|5|8,n01|n02|n06|n09,50.412252140894495,50.369261855589194,11,0.0006165302547564936,12,5.0703619583109685,6.849537219100398,4.357368484369431,5.113352243616248,6.892527504405734,4.40035876967471,1
4,0|1|5|9,n01|n02|n06|n10,51.0451216093072,50.97052557044292,11,0.000615803328639259,12,4.437492489898261,6.216667750687748,3.724499015956667,4.512088528762547,6.2912637895519765,3.7990950548209526,1
4,0|1|5|10,n01|n02|n06|n11,55.210228230659304,55.37466372889284,12,0.000616673145430371,12,0.2723858685461664,2.051561129335596,0.44060760539540667,0.1079503703126079,1.8871256311020943,0.6050431036289439,1
4,0|1|5|11,n01|n02|n06|n12,56.853982451010914,56.97210003544829,12,0.0006158033286392589,12,1.371368351805451,0.40780690898401417,2.084361825747017,1.4894859362428292,0.2896893245466572,2.202479410184395,1
4,0|1|5|12,n01|n02|n06|n13,52.20704863143471,52.194059209531744,12,0.0006162010519795075,12,3.2755654677707753,5.054740728560205,2.562571993829181,3.288554889673719,5.067730150463149,2.5755614157321816,1
4,0|1|5|13,n01|n02|n06|n14,52.45608536653364,52.707935222493965,12,0.0006158033286392589,12,3.0265287326718067,4.805703993461293,2.313535258730269,2.774678876711505,4.5538541375009345,2.0616854027699105,1
4,0|1|5|14,n01|n02|n06|n15,53.98785168861721,54.11514418430065,12,0.000616673145430371,12,1.494762410588237,3.2739376713777233,0.7817689366466993,1.3674699149048024,3.146645175694289,0.6544764409632648,1
4,0|1|5|15,n01|n02|n06|n16,55.40476341131381,55.530391582953655,12,0.000616673145430371,12,0.07785068789166871,1.8570259486810983,0.6351427860499115,0.047777483748191685,1.731397777041252,0.7607709576897577,1
4,0|1|6|7,n01|n02|n07|n08,64.54162934853235,64.12050531723726,11,0.0006165302547564936,12,9.05901524932689,7.279839988537432,9.772008723268456,8.637891218031797,6.858715957242339,9.350884691973363,1
4,0|1|6|8,n01|n02|n07|n09,53.86743606125824,53.95701786872661,12,0.0006271719632122231,12,1.615178037947203,3.3943532987366893,0.9021845640056654,1.5255962304788682,3.3047714912682977,0.8126027565372738,1
4,0|1|6|9,n01|n02|n07|n10,55.18462192538836,55.27008536269763,12,0.0006265357024564248,12,0.29799217381707876,2.077167434606565,0.4150013001244659,0.21252873650780657,1.991703997297293,0.500464737433731,1
4,0|1|6|10,n01|n02|n07|n11,57.405527776507604,57.5474705123128,12,0.0006232511330839982,12,1.922913677302141,0.14373841651268293,2.635907151243707,2.0648564131073357,0.2856811523178777,2.7778498870489017,1
4,0|1|6|11,n01|n02|n07|n12,58.60853614254455,58.67107105058702,12,0.0006206895757359432,12,3.125922043339088,1.34674678254963,3.838915517280654,3.1884569513815535,1.4092816905920955,3.9014504253231195,1
4,0|1|6|12,n01|n02|n07|n13,54.13317375540089,54.03737769181662,12,0.000627787350612401,12,1.3494403438045879,3.1286156045940174,0.6364468698629935,1.4452364073888475,3.224411668178277,0.7322429334472531,1
4,0|1|6|13,n01|n02|n07|n14,54.245657238480206,54.45049190686497,12,0.0006269984800347907,12,1.2369568607252859,3.0161321215147154,0.5239633867836915,1.0321221923404664,2.811297453129953,0.31912871839892887,1
4,0|1|6|14,n01|n02|n07|n15,55.876311776649736,55.93526945966646,12,0.0006227986179556765,12,0.39369767744427264,1.385477583345164,1.1066911513858386,0.4526553604609944,1.3265199003284351,1.1656488344025604,1
4,0|1|6|15,n01|n02|n07|n16,57.228852774669015,57.312736929940705,12,0.000621302503414003,12,1.7462386754635517,0.03293658532589916,2.4592321494051177,1.8301228307352417,0.050947569945783755,2.5431163046768077,1
4,0|1|7|8,n01|n02|n08|n09,55.51577289201804,55.43992783113,12,0.000622114902126,12,0.0331587928125785,1.7460164679768582,0.7461522667541445,0.04268626807544251,1.821861528864929,0.6703072058661022,1
4,0|1|7|9,n01|n02|n08|n10,56.71120651674609,56.6002424906449,12,0.0006185931107462988,12,1.228592417540625,0.5505828432488329,1.941585891482191,1.117628391439439,0.6615468693499906,1.830621865381005,1
4,0|1|7|10,n01|n02|n08|n11,58.605575527476724,58.67446475415368,12,0.0006282422478009529,12,3.1229614282712603,1.3437861674818024,3.8359549022128263,3.191850654948219,1.4126753941587609,3.904844128889785,1
4,0|1|7|11,n01|n02|n08|n12,59.99986128979307,59.833334887901195,12,0.000619434705821066,12,4.517247190587604,2.7380719297981457,5.23024066452917,4.350720788695732,2.5715455279062738,5.063714262637298,1
4,0|1|7|12,n01|n02|n08|n13,55.63767966857054,55.396871458440174,12,0.000627787350612401,12,0.1550655693650782,1.624109691424394,0.8680590433066442,0.08574264076526106,1.8649179015547475,0.6272508331762765,1
4,0|1|7|13,n01|n02|n08|n14,55.95346467403799,55.95074593434675,12,0.0006182629259828473,12,0.4708505748325251,1.3083246859569044,1.183844048774091,0.46813183514128553,1.3110434256481653,1.1811253090828515,1
4,0|1|7|14,n01|n02|n08|n15,57.47037997128079,57.38332543585927,12,0.0006202721051491688,12,1.9877658720753288,0.20859061128587086,2.700759346016895,1.9007113366538064,0.12153607586434845,2.6137048105953724,1
4,0|1|7|15,n01|n02|n08|n16,58.7684376687955,58.68586835851496,12,0.0006232511330839982,12,3.285823569590036,1.5066483088005782,3.998817043531602,3.203254259309496,1.424078998520038,3.916247733251062,1
4,0|1|8|9,n01|n02|n09|n10,45.280402179094054,44.86178391147213,10,0.0006263344992647273,12,10.202211920111381,11.981387180900867,9.489218446169843,10.620830187733304,12.40000544852279,9.907836713791767,1
4,0|1|8|10,n01|n02|n09|n11,52.31890053304597,52.49545954301626,12,0.0006338136748604587,12,3.1637135661595153,4.942888826948945,2.450720092217921,2.987154556189182,4.7663298169786685,2.2741610822476446,1
4,0|1|8|11,n01|n02|n09|n12,53.977396975040904,54.088287364234596,12,0.000621666975284057,12,1.5052171241645738,3.2843923849540033,0.7922236502229794,1.394326734970889,3.1735019957603186,0.6813332610292946,1
4,0|1|8|12,n01|n02|n09|n13,48.85469287483793,48.8949026855414,12,0.0006186437518168467,12,6.627921224367526,8.407096485157012,5.9149277504259885,6.587711413664067,8.366886674453497,5.874717939722473,1
4,0|1|8|13,n01|n02|n09|n14,47.10738680911239,47.105925170360536,11,0.0006220520225768633,12,8.37522729009305,10.154402550882537,7.662233816151513,8.376688928844942,10.155864189634372,7.663695454903348,1
4,0|1|8|14,n01|n02|n09|n15,51.11313788207042,51.22273285540868,12,0.0006180324829170844,12,4.369476217135059,6.1486514779244885,3.6564827431934646,4.2598812437967695,6.039056504586256,3.546887769855232,1
4,0|1|8|15,n01|n02|n09|n16,52.546576413177185,52.65674669928356,12,0.0006238961295618824,12,2.9360376860282713,4.715212946817758,2.2230442120867338,2.82586739992189,4.605042660711376,2.1128739259803524,1
4,0|1|9|10,n01|n02|n10|n11,53.12014692826787,53.29380075953435,12,0.0006203690279594869,12,2.3624671709375775,4.141642431727064,1.64947369699604,2.1888133396711282,3.967988600460558,1.4758198657295338,1
4,0|1|9|11,n01|n02|n10|n12,55.100824062392356,55.23934007580305,12,0.0006147309325079124,12,0.38179003681312906,2.1609652976025586,0.33120343712845823,0.24327402340242088,2.0224492841918504,0.4697194505391522,1
4,0|1|9|12,n01|n02|n10|n13,50.76421639993677,50.68387289957366,12,0.0006248271868746348,12,4.718397699268678,6.497572960058164,4.0054042253271405,4.79874119963182,6.57791646042125,4.085747725690226,1
4,0|1|9|13,n01|n02|n10|n14,47.39850498866834,47.60517838624961,11,0.0006119306153608673,12,8.0841091105371,9.863284371326586,7.371115636595562,7.877435712955844,9.65661097374533,7.164442239014306,1
4,0|1|9|14,n01|n02|n10|n15,52.341194825693265,52.43224448853874,12,0.0006180324829170844,12,3.141419273512213,4.920594534301642,2.4284257995706184,3.050369610666735,4.829544871456164,2.3373761367251404,1
4,0|1|9|15,n01|n02|n10|n16,53.674078990503034,53.79732485882309,12,0.0006180324829170844,12,1.808535108702415,3.5877103694919015,1.0955416347608775,1.6852892403823603,3.4644645011718467,0.9722957664408227,1
4,0|1|10|11,n01|n02|n11|n12,57.01118408860517,57.259212679184614,11,0.000617542962221483,12,1.5285699893997062,0.25060527138975885,2.241563463341272,1.7765985799791508,0.0025766808103071526,2.489592053920717,1
4,0|1|10|12,n01|n02|n11|n13,52.64997693965916,52.58518003818825,12,0.0006327755589054802,12,2.832637159546323,4.6118124203357524,2.1196436856047285,2.897434061017236,4.676609321806666,2.184440587075642,1
4,0|1|10|13,n01|n02|n11|n14,52.90103123438635,53.03425140832328,12,0.0006227134167484342,12,2.5815828648190973,4.360758125608584,1.8685893908775597,2.4483626908821634,4.22753795167165,1.7353692169406258,1
4,0|1|10|14,n01|n02|n11|n15,55.258611683905315,55.28817261237883,11,0.000617987658971013,12,0.22400241530016274,2.0031776760895923,0.48899105864141745,0.19444148682663354,1.97361674761612,0.5185519871149324,1
4,0|1|10|15,n01|n02|n11|n16,55.670837150189755,55.80741856886015,12,0.00061998258404152,12,0.18822305098429126,1.5909522098051525,0.9012165249258572,0.324804469654687,1.4543707911347497,1.037797943596253,1
4,0|1|11|12,n01|n02|n12|n13,54.11514643927332,54.0504456018357,12,0.000627787350612401,12,1.3674676599321174,3.146642920721604,0.6544741859905798,1.432168497369787,3.2113437581592166,0.7191750234281926,1
4,0|1|11|13,n01|n02|n12|n14,54.42828709489929,54.59571377793246,12,0.0006171756874025979,12,1.0543270043061739,2.8335022650956034,0.3413335303646363,0.8869003212730036,2.66607558206249,0.17390684733140915,1
4,0|1|11|14,n01|n02|n12|n15,56.33239998238132,56.43763112627679,11,0.0006213264494206488,12,0.8497858831758549,0.9293893776135747,1.5627793571174209,0.9550170270713281,0.8241582337181512,1.668010501012894,1
4,0|1|11|15,n01|n02|n12|n16,57.02835585308717,57.11347252307809,12,0.0006232511330839982,12,1.5457417538817069,0.23343350690777243,2.258735227823273,1.630858423872624,0.14831683691681974,2.34385189781419,1
4,0|1|12|13,n01|n02|n13|n14,50.348337679871726,50.31077090021339,12,0.0006251758167473477,12,5.13427641933373,6.913451680123217,4.421282945392193,5.171843198992065,6.951018459781551,4.458849725050527,1
4,0|1|12|14,n01|n02|n13|n15,51.43668219677905,51.273184238925516,12,0.000627787350612401,12,4.045931902426389,5.8251071632158755,3.3329384284848516,4.209429860279954,5.988605121069384,3.4964363863383596,1
4,0|1|12|15,n01|n02|n13|n16,52.69790601394338,52.62484757508738,12,0.000627787350612401,12,2.784708085262082,4.563883346051512,2.0717146113205445,2.8577665241180625,4.636941784907549,2.144773050176525,1
4,0|1|13|14,n01|n02|n14|n15,51.790176376302284,52.03122106007945,12,0.0006180324829170844,12,3.6924377229031506,5.471612983692637,2.979444248961613,3.4513930391260033,5.23056829991549,2.7383995651844657,1
4,0|1|13|15,n01|n02|n14|n16,52.99728667089362,53.186365396449176,12,0.0006200441534187298,12,2.485327428311848,4.264502689101278,1.7723339543702537,2.2962487027563157,4.075423963545745,1.5832552288147212,1
4,0|1|14|15,n01|n02|n15|n16,54.878779340618934,55.02662180911763,12,0.0006207940433077793,12,0.6038347585865154,2.3830100193760018,0.1091587153550364,0.4559922900878064,2.235167550877293,0.25700118385373116,1
4,0|2|3|4,n01|n03|n04|n05,60.065557324326456,59.88656477320974,12,0.0006167780605976387,12,4.582943225120992,2.8037679643315343,5.295936699062558,4.403950674004278,2.62477541321482,5.116944147945844,1
4,0|2|3|5,n01|n03|n04|n06,62.057662791844734,61.92627162234378,12,0.0006142304350586804,12,6.575048692639271,4.795873431849813,7.288042166580837,6.44365752313832,4.664482262348862,7.156650997079886,1
4,0|2|3|6,n01|n03|n04|n07,64.72095409151694,64.72581489609671,12,0.0006237376453284414,12,9.23833999231148,7.459164731522023,9.951333466253047,9.243200796891244,7.464025536101786,9.95619427083281,1
4,0|2|3|7,n01|n03|n04|n08,65.36534825819042,65.20693507368141,12,0.000617121072272314,12,9.88273415898496,8.103558898195502,10.595727632926526,9.724320974475944,7.945145713686486,10.43731444841751,1
4,0|2|3|8,n01|n03|n04|n09,59.98324110608189,59.75399185301845,12,0.0006160555865644304,12,4.500627006876428,2.72145174608697,5.213620480817994,4.271377753812985,2.4922024930235267,4.984371227754551,1
4,0|2|3|9,n01|n03|n04|n10,61.154748096077654,60.949505737564145,12,0.0006149113561200526,12,5.672133996872191,3.8929587360827327,6.385127470813757,5.466891638358682,3.687716377569224,6.179885112300248,1
4,0|2|3|10,n01|n03|n04|n11,62.98137313525072,62.88662398256466,12,0.0006207887330850848,12,7.498759036045257,5.719583775255799,8.211752509986823,7.404009883359194,5.624834622569736,8.11700335730076,1
4,0|2|3|11,n01|n03|n04|n12,64.7445528767543,64.30744453050806,12,0.0006164818524176649,12,9.261938777548835,7.482763516759377,9.9749322514904,8.824830431302601,7.045655170513143,9.537823905244167,1
4,0|2|3|12,n01|n03|n04|n13,59.98560597852394,59.6642081219685,12,0.0006167780605976387,12,4.502991879318479,2.723816618529021,5.215985353260045,4.181594022763036,2.4024187619735784,4.894587496704602,1
4,0|2|3|13,n01|n03|n04|n14,60.34078664951495,60.211616216773805,12,0.0006132017296783723,12,4.85817255030949,3.078997289520032,5.571166024251056,4.729002117568342,2.949826856778884,5.441995591509908,1
4,0|2|3|14,n01|n03|n04|n15,61.89163555080943,61.627197730850774,12,0.0006160079031086801,12,6.409021451603969,4.629846190814511,7.122014925545535,6.144583631645311,4.365408370855853,6.857577105586877,1
4,0|2|3|15,n01|n03|n04|n16,63.278606914660166,62.9590918021618,12,0.0006160079031086801,12,7.795992815454703,6.016817554665245,8.508986289396269,7.476477702956338,5.69730244216688,8.189471176897904,1
4,0|2|4|5,n01|n03|n05|n06,55.37009966114159,55.56860984346857,11,0.0006219258165359481,12,0.11251443806389716,1.8916896988533267,0.6004790358776901,0.08599574426310852,1.6931795165263566,0.7989892182046745,1
4,0|2|4|6,n01|n03|n05|n07,61.94825555556878,62.60985485835485,10,0.0006237376453284414,12,6.465641456363315,4.686466195573857,7.178634930304881,7.127240759149387,5.348065498359929,7.840234233090953,1
4,0|2|4|7,n01|n03|n05|n08,61.94305652123424,61.797968693691054,11,0.0006166991823231449,12,6.460442422028777,4.681267161239319,7.173435895970343,6.315354594485591,4.536179333696133,7.028348068427157,1
4,0|2|4|8,n01|n03|n05|n09,52.37998491404146,52.590473108916626,12,0.0006175432413144635,12,3.1026291851640053,4.881804445953435,2.3896357112224678,2.8921409902888513,4.671316251078281,2.179147516347257,1
4,0|2|4|9,n01|n03|n05|n10,53.89174018698619,54.044761839069174,12,0.0006161077454125423,12,1.5908739122192515,3.370049173008738,0.8778804382777139,1.4378522601363102,3.2170275209257397,0.7248587861947158,1
4,0|2|4|10,n01|n03|n05|n11,55.764096950576146,55.93044903596527,12,0.0006224330166480748,12,0.28148285137068285,1.4976924094187893,0.9944763253122488,0.44783493675980424,1.331340324029668,1.1608284107013702,1
4,0|2|4|11,n01|n03|n05|n12,57.40321999726066,57.491668337841986,12,0.0006173804285604878,12,1.9206058980552,0.14143063726574212,2.633599371996766,2.009054238636523,0.2298789778470649,2.722047712578089,1
4,0|2|4|12,n01|n03|n05|n13,52.707466574918165,52.74045532406335,12,0.0006256875390554301,12,2.77514752428732,4.554322785076749,2.0621540503457254,2.7421587751421157,4.521334035931545,2.029165301200578,1
4,0|2|4|13,n01|n03|n05|n14,53.02060771926767,53.28490369193177,12,0.0006248163197136117,12,2.4620063799378045,4.241181640727234,1.74901290599621,2.1977104072736893,3.9768856680631757,1.4847169333321517,1
4,0|2|4|14,n01|n03|n05|n15,54.49702561044429,54.65445487193812,12,0.0006221661571021319,12,0.9855884887611523,2.7647637495506387,0.2725950148196148,0.8281592272673493,2.607334488056779,0.11516575332575485,1
4,0|2|4|15,n01|n03|n05|n16,55.90987305293867,56.051469535294025,12,0.0006218335484049957,12,0.4272589537332081,1.3519163070562286,1.140252427674774,0.5688554360885618,1.210319824700889,1.2818489100301278,1
4,0|2|5|6,n01|n03|n06|n07,62.1712892721017,62.913030436210775,10,0.0006215747214206656,12,6.6886751728962395,4.9094999121067815,7.4016686468378055,7.430416337005312,5.651241076215854,8.143409810946878,1
4,0|2|5|7,n01|n03|n06|n08,64.08072244526592,63.97281133836103,11,0.000616716654813388,12,8.598108346060457,6.818933085270999,9.311101820002023,8.49019723915557,6.711021978366112,9.203190713097136,1
4,0|2|5|8,n01|n03|n06|n09,55.02067387748743,55.17827562855146,12,0.0006272004664616798,12,0.4619402217180095,2.241115482507496,0.25105325222353514,0.3043384706539882,2.0835137314434746,0.40865500328756355,1
4,0|2|5|9,n01|n03|n06|n10,54.948491112335596,55.31789111496088,12,0.0006111606987726971,12,0.5341229868698747,2.3132982476593043,0.1788704870716984,0.16472298424457676,1.9438982450340632,0.5482704896969821,1
4,0|2|5|10,n01|n03|n06|n11,57.80196375146041,58.00651710994423,12,0.0006194044060156784,12,2.3193496522549495,0.5401743914654915,3.0323431261965155,2.5239030107387634,0.7447277499493055,3.2368964846803294,1
4,0|2|5|11,n01|n03|n06|n12,59.43441573182222,59.56766110305976,12,0.0006173804285604878,12,3.951801632616757,2.172626371827299,4.664795106558323,4.085047003854299,2.3058717430648414,4.798040477795865,1
4,0|2|5|12,n01|n03|n06|n13,54.7235456440774,54.8053113084854,12,0.0006309564888168247,12,0.7590684551280447,2.538243715917531,0.0460749811865071,0.6773027907200913,2.456478051509521,0.03569068322150315,1
4,0|2|5|13,n01|n03|n06|n14,55.01713922716316,55.33475640266299,12,0.0006290328475606574,12,0.4654748720423072,2.2446501328317368,0.2475186018992659,0.1478576965424736,1.9270329573319032,0.5651357773990924,1
4,0|2|5|14,n01|n03|n06|n15,56.53976247038347,56.742453786204244,12,0.0006249464548966835,12,1.057148371178009,0.7220268896114703,1.770141845119575,1.259839686998781,0.51933557379067,1.9728331609403469,1
4,0|2|5|15,n01|n03|n06|n16,57.936779974257746,58.12989745335524,12,0.000623766148577898,12,2.454165875052283,0.6749906142628248,3.1671593489938488,2.647283354149778,0.8681080933603198,3.3602768280913438,1
4,0|2|6|7,n01|n03|n07|n08,68.24256827678931,68.00314281137065,11,0.000617542962221483,12,12.75995417758385,10.980778916794392,13.472947651525416,12.520528712165188,10.74135345137573,13.233522186106754,1
4,0|2|6|8,n01|n03|n07|n09,61.75723504134663,62.03038448497074,11,0.0006324751163874115,12,6.274620942141169,4.495445681351711,6.987614416082735,6.547770385765276,4.768595124975818,7.260763859706842,1
4,0|2|6|9,n01|n03|n07|n10,63.08640634294204,63.43671178033571,11,0.0006324073613345449,12,7.603792243736578,5.82461698294712,8.316785717678144,7.95409768113025,6.174922420340792,8.667091155071816,1
4,0|2|6|10,n01|n03|n07|n11,70.07355594234855,75.70991566762191,11,0.000635152233333506,12,14.590941843143085,12.811766582353627,15.303935317084651,20.22730156841645,18.448126307626993,20.940295042358017,1
4,0|2|6|11,n01|n03|n07|n12,65.43854893984131,67.04435278403223,11,0.0006213264494206488,12,9.955934840635848,8.17675957984639,10.668928314577414,11.561738684826764,9.782563424037306,12.27473215876833,1
4,0|2|6|12,n01|n03|n07|n13,61.78552966575787,61.95851976084636,11,0.0006364831060238291,12,6.302915566552407,4.523740305762949,7.015909040493973,6.475905661640894,4.696730400851436,7.18889913558246,1
4,0|2|6|13,n01|n03|n07|n14,62.045745348436256,62.46953816431073,11,0.0006361398785853665,12,6.563131249230793,4.783955988441335,7.276124723172359,6.9869240651052635,5.207748804315806,7.6999175390468295,1
4,0|2|6|14,n01|n03|n07|n15,63.76731007170989,64.09130203361242,11,0.0006242707864907042,12,8.28469597250443,6.505520711714972,8.997689446445996,8.608687934406959,6.829512673617501,9.321681408348525,1
4,0|2|6|15,n01|n03|n07|n16,65.1566120146455,65.5093341674484,11,0.0006213264494206488,12,9.67399791544004,7.894822654650582,10.386991389381606,10.026720068242938,8.24754480745348,10.739713542184504,1
4,0|2|7|8,n01|n03|n08|n09,61.82286816367669,61.64021199169207,11,0.0006165302547564936,12,6.340254064471225,4.561078803681767,7.053247538412791,6.157597892486606,4.378422631697148,6.870591366428172,1
4,0|2|7|9,n01|n03|n08|n10,63.20183753812638,62.98555081889095,11,0.0006153498682442281,12,7.719223438920913,5.940048178131455,8.43221691286248,7.502936719685486,5.723761458896028,8.215930193627052,1
4,0|2|7|10,n01|n03|n08|n11,65.05623741997259,65.07965356878587,11,0.0006243369683266459,12,9.573623320767126,7.794448059977668,10.286616794708692,9.597039469580409,7.817864208790951,10.310032943521975,1
4,0|2|7|11,n01|n03|n08|n12,66.63348115482768,66.28140814136708,11,0.000617542962221483,12,11.150867055622214,9.371691794832756,11.86386052956378,10.798794042161617,9.01961878137216,11.511787516103183,1
4,0|2|7|12,n01|n03|n08|n13,61.81204799266383,61.53826571990501,11,0.0006166991823231449,12,6.329433893458365,4.550258632668907,7.042427367399931,6.05565162069955,4.276476359910092,6.768645094641116,1
4,0|2|7|13,n01|n03|n08|n14,62.26501355436952,62.17667124944192,11,0.0006158956758937628,12,6.782399455164054,5.003224194374596,7.49539292910562,6.694057150236453,4.9148818894469954,7.407050624178019,1
4,0|2|7|14,n01|n03|n08|n15,63.93258845561435,63.73460849547026,11,0.000617542962221483,12,8.449974356408887,6.670799095619429,9.162967830350453,8.251994396264799,6.472819135475341,8.964987870206365,1
4,0|2|7|15,n01|n03|n08|n16,65.31654374841776,65.09053574839253,11,0.000617542962221483,12,9.833929649212294,8.054754388422836,10.54692312315386,9.607921649187062,7.8287463883976045,10.320915123128628,1
4,0|2|8|9,n01|n03|n09|n10,52.17036805874697,51.59176785482392,11,0.0006324073613345449,12,3.31224604045849,5.0914213012479195,2.5992525665169524,3.890846244381521,5.6700215051710074,3.1778527704399835,1
4,0|2|8|10,n01|n03|n09|n11,55.7322313155234,55.8332290276704,12,0.0006303452888685415,12,0.24961721631793665,1.5295580444715142,0.9626106902595026,0.35061492846493536,1.4285603323245368,1.0636084024065013,1
4,0|2|8|11,n01|n03|n09|n12,57.360446061225765,57.37210296049438,12,0.0006163994066359299,12,1.8778319620203021,0.09865670123084413,2.590825435961868,1.8894888612889176,0.1103136004994596,2.6024823352304836,1
4,0|2|8|12,n01|n03|n09|n13,52.09700389200662,52.14220903738162,12,0.0006175432413144635,12,3.3856102071988516,5.164785467988281,2.6726167332572572,3.3404050618238443,5.119580322613274,2.6274115878823068,1
4,0|2|8|13,n01|n03|n09|n14,50.625062543963836,50.66022010600571,11,0.0006220520225768633,12,4.857551555241628,6.636726816031114,4.144558081300033,4.822393993199739,6.601569253989226,4.109400519258202,1
4,0|2|8|14,n01|n03|n09|n15,54.443905409246675,54.52170359801753,12,0.0006165032307104015,12,1.0387086899588098,2.8178839507482394,0.3257152160172154,0.9609105011879251,2.7400857619774115,0.24791702724638753,1
4,0|2|8|15,n01|n03|n09|n16,55.89029334707423,55.94147116657131,12,0.0006227956190594992,12,0.40767924786876364,1.3714960129207157,1.1206727218103296,0.4588570673658481,1.3203181934235886,1.171850541307414,1
4,0|2|9|10,n01|n03|n10|n11,56.40920153016878,56.582712375000106,12,0.0006194873611207042,12,0.9265874309633162,0.8525878298261205,1.6395809049048822,1.1000982757946431,0.6790769849948219,1.8130917497362091,1
4,0|2|9|11,n01|n03|n10|n12,58.569704499376876,58.6108571191616,12,0.0006149113561200526,12,3.0870904001714123,1.3079151393819544,3.8000838741129783,3.1282430199561375,1.3490677591666795,3.8412364938977035,1
4,0|2|9|12,n01|n03|n10|n13,54.061461245772996,53.99966843688347,12,0.000622454278706448,12,1.4211528534324884,3.200328114221918,0.708159379490894,1.4829456623219812,3.2621209231114676,0.7699521883804437,1
4,0|2|9|13,n01|n03|n10|n14,51.0305237629645,51.22031842983316,11,0.0006119306153608673,12,4.452090336240985,6.231265597030415,3.739096862299391,4.262295669372293,6.041470930161779,3.549302195430755,1
4,0|2|9|14,n01|n03|n10|n15,55.733998640699234,55.797733045658305,12,0.0006149113561200526,12,0.25138454149377054,1.5277907192956945,0.9643780154353365,0.31511894645284144,1.4640563143366307,1.0281124203944074,1
4,0|2|9|15,n01|n03|n10|n16,57.0800594534606,57.14848098964422,12,0.0006154233343554331,12,1.597445354255136,0.18172990653431498,2.310438828196702,1.6658668904387568,0.11330837035069408,2.378860364380323,1
4,0|2|10|11,n01|n03|n11|n12,60.281054346344874,60.702519699600124,11,0.0006213264494206488,12,4.7984402471394105,3.0192649863499526,5.5114337210809765,5.219905600394661,3.440730339605203,5.932899074336227,1
4,0|2|10|12,n01|n03|n11|n13,55.89607356608743,55.83911708383429,12,0.0006292039917211447,12,0.41345946688196733,1.3657157939074978,1.1264529408235333,0.35650298462882546,1.4226722761606538,1.0694964585703914,1
4,0|2|10|13,n01|n03|n11|n14,56.18431911217026,56.30474945053987,12,0.0006201978999230127,12,0.7017050129647942,1.0774702478246354,1.4146984869063601,0.8221353513344098,0.9570399094550339,1.5351288252759758,1
4,0|2|10|14,n01|n03|n11|n15,58.97463655055939,58.90527938580511,11,0.0006175429622214837,12,3.4920224513539253,1.7128471905644673,4.205015925295491,3.4226652865996456,1.6434900258101877,4.135658760541212,1
4,0|2|10|15,n01|n03|n11|n16,59.04546009770332,59.078807707208135,12,0.0006180908404419372,12,3.562845998497856,1.7836707377083982,4.275839472439422,3.5961936080026717,1.8170183472132138,4.309187081944238,1
4,0|2|11|12,n01|n03|n12|n13,57.38079560306058,57.28543293619797,12,0.0006238083896884734,12,1.8981815038551133,0.11900624306565533,2.6111749777966793,1.8028188369925076,0.023643576203049577,2.5158123109340735,1
4,0|2|11|13,n01|n03|n12|n14,57.75437769161958,57.85208472521254,12,0.0006163732336752184,12,2.2717635924141177,0.49258833162465976,2.9847570663556837,2.369470626007079,0.5902953652176208,3.082464099948645,1
4,0|2|11|14,n01|n03|n12|n15,59.97453477570388,60.0022299501738,11,0.0006192177608776889,12,4.491920676498417,2.7127454157089588,5.204914150439983,4.519615850968336,2.7404405901788778,5.232609324909902,1
4,0|2|11|15,n01|n03|n12|n16,60.370235362862026,60.361012093435875,12,0.000619434705821066,12,4.887621263656563,3.1084460028671046,5.600614737598129,4.878397994230411,3.0992227334409534,5.591391468171977,1
4,0|2|12|13,n01|n03|n13|n14,53.5275175645465,53.54291202464465,12,0.000629690978513169,12,1.955096534658992,3.7342717954484215,1.2421030607173975,1.9397020745608415,3.718877335350271,1.2267086006192471,1
4,0|2|12|14,n01|n03|n13|n15,54.631607024619726,54.518525428470376,12,0.0006323025123782223,12,0.8510070745857092,2.6301823353751956,0.13801360064417167,0.964088670735066,2.7432639315245524,0.25109519679352843,1
4,0|2|12|15,n01|n03|n13|n16,55.92063712241575,55.85783893001263,12,0.0006323025123782223,12,0.43802302321028463,1.3411522375791947,1.1510164971518506,0.37522483080716995,1.4039504299822738,1.088218304748736,1
4,0|2|13|14,n01|n03|n14|n15,55.06839206049191,55.30219303492714,12,0.0006162667300930102,12,0.4142220387135467,2.193397299503033,0.2987714352280122,0.1804210642783346,1.9595963250677642,0.5325724096632456,1
4,0|2|13|15,n01|n03|n14|n16,56.273359400515275,56.44388573696172,12,0.0006189436429163466,12,0.790745301309812,0.9884299594796175,1.503738775251378,0.9612716377562549,0.8179036230332031,1.6742651116978209,1
4,0|2|14|15,n01|n03|n15|n16,58.18050586817504,58.2906771132816,12,0.0006202721051491688,12,2.6978917689695763,0.9187165081801183,3.4108852429111423,2.80806301407614,1.028887753286682,3.521056488017706,1
4,0|3|4|5,n01|n04|n05|n06,54.92215538916073,54.67903815917204,12,0.0006175429622214833,12,0.5604587100447134,2.3396339708341998,0.1525347638968313,0.8035759400333973,2.5827512008228837,0.09058246609185971,1
4,0|3|4|6,n01|n04|n05|n07,58.18235866455358,57.979353446901676,12,0.0006197058861292589,12,2.6997445653481194,0.9205693045586614,3.4127380392896853,2.496739347696213,0.717564086906755,3.209732821637779,1
4,0|3|4|7,n01|n04|n05|n08,58.98071621440058,58.848536597926156,12,0.000617121072272314,12,3.498102115195117,1.7189268544056588,4.211095589136683,3.3659224987206926,1.5867472379312346,4.078915972662259,1
4,0|3|4|8,n01|n04|n05|n09,53.15475763536595,53.09989527064589,12,0.0006167780605976387,12,2.3278564638395096,4.107031724628996,1.614862989897972,2.3827188285595753,4.161894089349062,1.6697253546179809,1
4,0|3|4|9,n01|n04|n05|n10,54.79707551814414,54.658865142734776,12,0.0006181025802615349,12,0.685538581061337,2.4647138418507666,0.027454892880243165,0.8237489564706948,2.6029242172601244,0.11075548252910039,1
4,0|3|4|10,n01|n04|n05|n11,56.48227039242924,56.4629579326687,12,0.000619369116452212,12,0.9996562932237794,0.7795189675656502,1.7126497671653453,0.9803438334632375,0.7988314273262063,1.6933373074048035,1
4,0|3|4|11,n01|n04|n05|n12,58.13746982385459,58.03329361411451,12,0.0006173131191030863,12,2.6548557246491242,0.8756804638596662,3.36784919859069,2.5506795149090493,0.7715042541195913,3.2636729888506153,1
4,0|3|4|12,n01|n04|n05|n13,53.65265122107757,53.41495795908916,12,0.0006198065479981068,12,1.8299628781279011,3.6091381389173307,1.1169694041863067,2.0676561401162985,3.846831400905785,1.354662666174761,1
4,0|3|4|13,n01|n04|n05|n14,53.97803033549934,53.95865391580167,12,0.0006222909212941937,12,1.5045837637061368,3.2837590244955663,0.7915902897645424,1.5239601834038012,3.303135444193231,0.8109667094622068,1
4,0|3|4|14,n01|n04|n05|n15,55.44377316710984,55.31535398577576,12,0.0006200363911165036,12,0.038840932095638436,1.818016192885068,0.6741525418459418,0.1672601134297338,1.9464353742191634,0.5457333605118606,1
4,0|3|4|15,n01|n04|n05|n16,56.840698135848655,56.692434907846874,12,0.0006200363911165036,12,1.3580840366431914,0.42109122414626654,2.0710775105847574,1.2098208086414104,0.5693544521480476,1.9228142825829764,1
4,0|3|5|6,n01|n04|n06|n07,59.56480644522648,59.556591280214555,12,0.0006170366084889883,12,4.082192346021017,2.3030170852315592,4.795185819962583,4.0739771810090915,2.2948019202196335,4.786970654950657,1
4,0|3|5|7,n01|n04|n06|n08,60.95864716574212,60.75736119164419,12,0.0006215747214206656,12,5.476033066536658,3.6968578057472,6.189026540478224,5.27474709243873,3.495571831649272,5.987740566380296,1
4,0|3|5|8,n01|n04|n06|n09,55.91882930840504,55.75212894284865,12,0.0006304351608299448,12,0.4362152091995739,1.3429600515898983,1.1492086831411399,0.26951484364318645,1.5096604171462786,0.9825083175847524,1
4,0|3|5|9,n01|n04|n06|n10,55.7559004746836,55.82933415926025,12,0.000611246938077601,12,0.2732863754781363,1.5058888853113217,0.9862798494197023,0.3467200600547855,1.4324552007346938,1.0597135339963515,1
4,0|3|5|10,n01|n04|n06|n11,58.522486572261485,58.50071010868553,12,0.0006212269147396505,12,3.039872473056022,1.2606972122665638,3.752865946997588,3.018096009480068,1.2389207486906102,3.731089483421634,1
4,0|3|5|11,n01|n04|n06|n12,60.09642563858872,60.01780443307693,12,0.0006215747214206656,12,4.613811539383256,2.8346362785937984,5.326805013324822,4.535190333871469,2.756015073082011,5.248183807813035,1
4,0|3|5|12,n01|n04|n06|n13,55.61908341168375,55.382082124790685,12,0.0006353230865823675,12,0.1364693124782832,1.6427059483111748,0.8494627864198492,0.10053197441476414,1.8797072352042505,0.6124614995267876,1
4,0|3|5|13,n01|n04|n06|n14,55.925378522081814,55.91031195161415,12,0.0006322675419289224,12,0.4427644228763512,1.3364108379130926,1.1557578968179172,0.4276978524086843,1.351477408380788,1.1406913263502503,1
4,0|3|5|14,n01|n04|n06|n15,57.43090033129539,57.305844095922936,12,0.0006281811492649485,12,1.9482862320899272,0.16911097130046926,2.661279706031493,1.8232299967174725,0.044054735928014566,2.5362234706590385,1
4,0|3|5|15,n01|n04|n06|n16,58.80826034250362,58.67535373981746,12,0.0006264492661805162,12,3.3256462432981593,1.5464709825087013,4.038639717239725,3.1927396406119968,1.4135643798225388,3.9057331145535628,1
4,0|3|6|7,n01|n04|n07|n08,63.307127201015746,62.894413213299714,12,0.0006170366084889883,12,7.8245131018102825,6.0453378410208245,8.537506575751848,7.411799114094251,5.632623853304793,8.124792588035817,1
4,0|3|6|8,n01|n04|n07|n09,57.532692697686635,57.5611890766255,12,0.0006271719632122231,12,2.0500785984811714,0.2709033376917134,2.7630720724227373,2.0785749774200397,0.29939971663058174,2.7915684513616057,1
4,0|3|6|9,n01|n04|n07|n10,59.073823520473056,59.052832169521245,12,0.0006366163778893205,12,3.5912094212675925,1.8120341604781345,4.304202895209158,3.570218070315782,1.7910428095263242,4.283211544257348,1
4,0|3|6|10,n01|n04|n07|n11,61.16622619332681,61.475017708352745,12,0.0006356170714598801,12,5.683612094121344,3.9044368333318857,6.39660556806291,5.992403609147281,4.2132283483578234,6.705397083088847,1
4,0|3|6|11,n01|n04|n07|n12,62.21814412091974,62.22956151060239,12,0.0006206895757359432,12,6.7355300217142755,4.9563547609248175,7.4485234956558415,6.746947411396924,4.967772150607466,7.45994088533849,1
4,0|3|6|12,n01|n04|n07|n13,57.84969583239697,57.718565536990184,12,0.0006356121394607752,12,2.3670817331915046,0.5879064724020466,3.0800752071330706,2.2359514377847205,0.4567761769952625,2.9489449117262865,1
4,0|3|6|13,n01|n04|n07|n14,58.025751574439774,58.152073357814345,12,0.0006324805109538003,12,2.5431374752343103,0.7639622144448523,3.2561309491758763,2.6694592586088817,0.8902839978194237,3.3824527325504476,1
4,0|3|6|14,n01|n04|n07|n15,59.6352802919405,59.61823063099633,12,0.0006227986179556765,12,4.152666192735033,2.3734909319455753,4.865659666676599,4.135616531790866,2.356441271001408,4.848610005732432,1
4,0|3|6|15,n01|n04|n07|n16,60.952639128759145,60.942585527056984,12,0.000621302503414003,12,5.470025029553682,3.690849768764224,6.183018503495248,5.459971427851521,3.680796167062063,6.172964901793087,1
4,0|3|7|8,n01|n04|n08|n09,58.56664632935463,58.50388495802606,12,0.000622114902126,12,3.0840322301491696,1.3048569693597116,3.7970257040907356,3.0212708588206,1.242095598031142,3.734264332762166,1
4,0|3|7|9,n01|n04|n08|n10,59.817915168832904,59.718358273252925,12,0.0006203579776997391,12,4.335301069627441,2.556125808837983,5.048294543569007,4.235744174047461,2.4565689132580033,4.948737647989027,1
4,0|3|7|10,n01|n04|n08|n11,61.65161720381666,61.760739183308175,12,0.0006278228235906022,12,6.1690031046112,4.389827843821742,6.881996578552766,6.278125084102712,4.498949823313254,6.991118558044278,1
4,0|3|7|11,n01|n04|n08|n12,62.88887105407945,62.851981341320915,12,0.000619434705821066,12,7.406256954873989,5.627081694084531,8.119250428815555,7.369367242115452,5.590191981325994,8.082360716057018,1
4,0|3|7|12,n01|n04|n08|n13,58.759439009478086,58.553409030244445,12,0.0006303366919191212,12,3.276824910272623,1.497649649483165,3.989818384214189,3.070794931038982,1.2916196702495242,3.783788404980548,1
4,0|3|7|13,n01|n04|n08|n14,59.11858336847382,59.1190875503433,12,0.0006182629259828473,12,3.635969269268358,1.8567940084789,4.348962743209924,3.6364734511378387,1.8572981903483807,4.349466925079405,1
4,0|3|7|14,n01|n04|n08|n15,60.61101274312272,60.53772330477614,12,0.0006202721051491688,12,5.128398643917258,3.3492233831278,5.841392117858824,5.055109205570673,3.2759339447812152,5.768102679512239,1
4,0|3|7|15,n01|n04|n08|n16,61.869004977156486,61.79989524087922,12,0.0006234664650202484,12,6.386390877951023,4.607215617161565,7.0993843518925885,6.31728114167376,4.538105880884302,7.030274615615326,1
4,0|3|8|9,n01|n04|n09|n10,52.646392589463105,51.89900424736785,11,0.0006324073613345449,12,2.8362215097423586,4.615396770531788,2.123228035800821,3.5836098518375934,5.36278511262708,2.870616377896056,1
4,0|3|8|10,n01|n04|n09|n11,56.174743375710584,56.196143420898935,12,0.0006303452888685415,12,0.6921292765051206,1.087045984284316,1.4051227504466866,0.7135293216934713,1.0656459390959867,1.4265227956350373,1
4,0|3|8|11,n01|n04|n09|n12,57.74243476999516,57.69462224821843,12,0.0006223069489567723,12,2.2598206707896935,0.48064541000023553,2.9728141447312595,2.2120081490129664,0.4328328882235084,2.9250016229545324,1
4,0|3|8|12,n01|n04|n09|n13,52.76358551440252,52.61992685299133,12,0.0006198065479981068,12,2.7190285848029134,4.4982038455924,2.006035110861376,2.8626872462141364,4.641862507003566,2.149693772272599,1
4,0|3|8|13,n01|n04|n09|n14,51.387630769403536,51.20674552911239,11,0.000622529820011524,12,4.0949833298019485,5.874158590591378,3.381989855860354,4.275868570093053,6.055043830882539,3.562875096151515,1
4,0|3|8|14,n01|n04|n09|n15,55.06807347091082,54.97023534397463,12,0.0006198065479981068,12,0.4145406282946169,2.1937158890841033,0.29845284564692065,0.5123787552308272,2.2915540160203136,0.20061471871073167,1
4,0|3|8|15,n01|n04|n09|n16,56.47983089180213,56.366244262884855,12,0.0006250302209701896,12,0.9972167925966673,0.7819584681927836,1.7102102665382333,0.883630163679392,0.8955450971100731,1.596623637620958,1
4,0|3|9|10,n01|n04|n10|n11,57.07596958908637,57.09666268521518,12,0.0006203690279594869,12,1.5933554898809064,0.18581977090855162,2.3063489638224723,1.6140485860097158,0.1651266747797422,2.3270420599512818,1
4,0|3|9|11,n01|n04|n10|n12,59.097062243722505,59.01885921426592,12,0.0006187851575770712,12,3.6144481445170413,1.8352728837275833,4.327441618458607,3.53624511506046,1.757069854271002,4.249238589002026,1
4,0|3|9|12,n01|n04|n10|n13,54.847140473113015,54.552534957473966,12,0.0006309000489444523,12,0.6354736260924483,2.414648886881878,0.0775198478491177,0.9300791417314827,2.709254402520969,0.2170856677899451,1
4,0|3|9|13,n01|n04|n10|n14,51.99702920215963,51.87603638728478,11,0.0006170832759846897,12,3.4855848970458396,5.264760157835269,2.7725914231042452,3.6065777119206928,5.385752972710122,2.8935842379790984,1
4,0|3|9|14,n01|n04|n10|n15,56.48932862376382,56.326235296752635,12,0.0006198044618539165,12,1.0067145245583546,0.7724607362310962,1.7197079984999206,0.8436211975471721,0.9355540632423072,1.556614671488738,1
4,0|3|9|15,n01|n04|n10|n16,57.79599459968138,57.65044037942058,12,0.0006198044618539165,12,2.3133805004759154,0.5342052396864574,3.0263739744174813,2.1678262802151167,0.3886510194256587,2.8808197541566827,1
4,0|3|10|11,n01|n04|n11|n12,61.126723007333986,61.16170816484325,11,0.0006213264494206488,12,5.644108908128523,3.8649336473390647,6.357102382070089,5.679094065637784,3.899918804848326,6.39208753957935,1
4,0|3|10|12,n01|n04|n11|n13,56.48625470137722,56.31752899717844,12,0.0006327755589054802,12,1.0036406021717568,0.775534658617687,1.7166340761133227,0.834914897972979,0.9442603628164647,1.547908371914545,1
4,0|3|10|13,n01|n04|n11|n14,56.77279022118161,56.77756470499521,12,0.0006201978999230127,12,1.2901761219761454,0.4889991388133126,2.0031695959177114,1.2949506057897437,0.4842246549997071,2.0079440797313097,1
4,0|3|10|14,n01|n04|n11|n15,59.54839530519543,59.37737842575383,11,0.000617987658971013,12,4.065781205989964,2.286605945200506,4.77877467993153,3.894764326548369,2.115589065758911,4.607757800489935,1
4,0|3|10|15,n01|n04|n11|n16,59.56558046630976,59.50398103636269,12,0.0006185629674086472,12,4.082966367104298,2.30379110631484,4.795959841045864,4.021366937157225,2.242191676367767,4.734360411098791,1
4,0|3|11|12,n01|n04|n12|n13,57.94483597586719,57.74705193046477,12,0.0006324595745713969,12,2.4622218766617294,0.6830466158722714,3.1752153506032954,2.2644378312593076,0.48526257046984966,2.9774313052008736,1
4,0|3|11|13,n01|n04|n12|n14,58.31654237809773,58.307425658463,12,0.0006178156610753133,12,2.833928278892266,1.054753018102808,3.546921752833832,2.8248115592575402,1.0456362984680823,3.537805033199106,1
4,0|3|11|14,n01|n04|n12|n15,60.510665637031664,60.46085800649126,11,0.0006213264494206488,12,5.028051537826201,3.248876277036743,5.741045011767767,4.978243907285794,3.199068646496336,5.69123738122736,1
4,0|3|11|15,n01|n04|n12|n16,60.850697567928016,60.77402753537453,12,0.0006234664650202484,12,5.368083468722553,3.5889082079330947,6.081076942664119,5.291413436169066,3.5122381753796077,6.004406910110632,1
4,0|3|12|13,n01|n04|n13|n14,54.360937080083815,54.14615938469634,12,0.0006306578476663572,12,1.1216770191216483,2.900852279911078,0.40868354518011074,1.3364547145091024,3.1156299752985888,0.6234612405675648,1
4,0|3|12|14,n01|n04|n13|n15,55.43672398580842,55.108055815126754,12,0.0006363249261848556,12,0.04589011339703575,1.8250653741865221,0.6671033605445231,0.3745582840787165,2.153733544868146,0.3384351898628566,1
4,0|3|12|15,n01|n04|n13|n16,56.69477653906372,56.42307531176263,12,0.0006363249261848556,12,1.212162439858254,0.5670128209312111,1.92515591379982,0.9404612125571674,0.8387140482323048,1.6534546864987334,1
4,0|3|13|14,n01|n04|n14|n15,55.880999349247844,55.883203344910704,12,0.0006198065479981068,12,0.3983852500423808,1.3807900107470914,1.1113787239839468,0.4005892457052411,1.3785860150842382,1.113582719646807,1
4,0|3|13|15,n01|n04|n14|n16,57.04955181379489,57.00355076016757,12,0.0006211782448270369,12,1.5669377145894288,0.212237546200015,2.2799311885309947,1.5209366609621071,0.25823859982733666,2.233930134903673,1
4,0|3|14|15,n01|n04|n15|n16,58.905795090312054,58.8205039485775,12,0.0006219281347160864,12,3.423180991106591,1.644005730317133,4.136174465048157,3.33788984937204,1.558714588582582,4.050883323313606,1
4,0|4|5|6,n01|n05|n06|n07,54.11651234707575,54.0012249361004,11,0.0006175429622214836,12,1.3661017521297367,3.1452770129191663,0.6531082781881423,1.4813891631050637,3.2605644238944933,0.7683956891635262,1
4,0|4|5|7,n01|n05|n06|n08,54.41186121448342,53.75345387152504,12,0.000617121072272314,12,1.070752884722026,2.8499281455115124,0.35775941078048845,1.7291602276804383,3.508335488469868,1.016166753738844,1
4,0|4|5|8,n01|n05|n06|n09,48.95742281951083,48.48868638925851,12,0.0006161667916978763,12,6.5251912796946385,8.304366540484068,5.812197805753044,6.993927709946945,8.773102970736431,6.2809342360054075,1
4,0|4|5|9,n01|n05|n06|n10,49.107146193722365,48.81832714561097,12,0.0006111606987726971,12,6.375467905483106,8.154643166272535,5.662474431541511,6.664286953594512,8.443462214383942,5.951293479652918,1
4,0|4|5|10,n01|n05|n06|n11,51.07588807979128,50.71392244051063,12,0.0006175429622214833,12,4.4067260194141795,6.185901280203666,3.693732545472642,4.76869165869482,6.547866919484306,4.0556981847532825,1
4,0|4|5|11,n01|n05|n06|n12,52.76807256961171,52.34764605146907,12,0.0006089447872039558,12,2.7145415295937596,4.493716790383189,2.001548055652165,3.134968047736379,4.9141433085258655,2.4219745737948415,1
4,0|4|5|12,n01|n05|n06|n13,48.13467871589216,47.614434330192154,12,0.0006183959459757017,12,7.347935383313313,9.127110644102743,6.634941909371719,7.868179769013295,9.647355029802782,7.155186295071758,1
4,0|4|5|13,n01|n05|n06|n14,48.292506146388824,48.09143119901545,12,0.0006138669720000631,12,7.190107952816618,8.969283213606104,6.47711447887508,7.391182900190017,9.170358160979447,6.678189426248423,1
4,0|4|5|14,n01|n05|n06|n15,49.963452105420856,49.52385140295163,12,0.0006175429622214833,12,5.519161993784621,7.298337254574051,4.806168519843027,5.958762696253814,7.7379379570433,5.245769222312276,1
4,0|4|5|15,n01|n05|n06|n16,51.26751323147126,50.891237388717315,12,0.0006175429622214833,12,4.215100867734179,5.994276128523666,3.5021073937926417,4.5913767104881344,6.370551971277621,3.878383236546597,1
4,0|4|6|7,n01|n05|n07|n08,61.43583775010917,60.651603458485795,11,0.0006103907821845273,12,5.953223650903709,4.174048390114251,6.666217124845275,5.1689893592803315,3.3898140984908736,5.8819828332218975,1
4,0|4|6|8,n01|n05|n07|n09,50.72266071757126,50.46597465554678,12,0.000612985850278447,12,4.759953381634205,6.539128642423634,4.046959907692667,5.016639443658676,6.795814704448162,4.303645969717138,1
4,0|4|6|9,n01|n05|n07|n10,52.86315393646581,52.40243997653727,12,0.0006265357024564248,12,2.6194601627396423,4.398635423529129,1.9064666887981048,3.080174122668211,4.859349383457641,2.3671806487266167,1
4,0|4|6|10,n01|n05|n07|n11,54.63169596235803,54.26435631197451,12,0.0006088206650819992,12,0.8509181368474401,2.6300933976368697,0.1379246629058457,1.218257787230982,2.9974330480204117,0.5052643132893877,1
4,0|4|6|11,n01|n05|n07|n12,56.06696264919679,55.61089865419124,12,0.0006117205245383788,12,0.5843485499913257,1.194826710798111,1.2973420239328917,0.1282845549857754,1.650890705803704,0.8412780289273414,1
4,0|4|6|12,n01|n05|n07|n13,51.531100304450916,51.03260971793177,12,0.0006199009134121164,12,3.9515137947545327,5.730689055544019,3.238520320812995,4.450004381273686,6.229179642063173,3.7370109073321487,1
4,0|4|6|13,n01|n05|n07|n14,51.65942893542214,51.44819093017641,12,0.0006196059627533803,12,3.8231851637833074,5.602360424572794,3.11019168984177,4.034423169029083,5.813598429818512,3.321429695087488,1
4,0|4|6|14,n01|n05|n07|n15,53.2644443323811,52.86880321621907,12,0.0006168782590473074,12,2.21816976682436,3.9973450276138465,1.5051762928827657,2.6138108829863995,4.392986143775829,1.9008174090448051,1
4,0|4|6|15,n01|n05|n07|n16,54.655713481208174,54.2530773451937,12,0.0006117205245383788,12,0.8269006179972962,2.6060758787867258,0.11390714405570179,1.2295367540117468,3.008712014801233,0.5165432800702092,1
4,0|4|7|8,n01|n05|n08|n09,52.448169136925856,52.039109822903505,12,0.0006148323216790771,12,3.034444962279622,4.8136202230690515,2.3214514883380275,3.443504276301951,5.222679537091437,2.7305108023604134,1
4,0|4|7|9,n01|n05|n08|n10,54.22638474723411,53.65267712724888,12,0.0006109671141142515,12,1.2562293519713421,3.0354046127608285,0.5432358780298046,1.829936971956613,3.6091122327460425,1.1169434980150186,1
4,0|4|7|10,n01|n05|n08|n11,55.92944561612906,55.53222034155472,12,0.0006209399652740645,12,0.446831516923595,1.332343743865863,1.159824990865161,0.049606242349256036,1.729569018440202,0.762599716290822,1
4,0|4|7|11,n01|n05|n08|n12,57.37984530734102,56.75318057654439,12,0.0006118049418560593,12,1.8972312081355582,0.11805594734610025,2.610224682077124,1.2705664773389245,0.5086087834505406,1.9835599512804905,1
4,0|4|7|12,n01|n05|n08|n13,52.97630553824998,52.36336090862808,12,0.0006153069898711403,12,2.5063085609554605,4.285483821744947,1.793315087013923,3.1192531905774104,4.89842845136684,2.406259716635816,1
4,0|4|7|13,n01|n05|n08|n14,53.33945187467448,52.93414060347654,12,0.0006149897004397748,12,2.143162224531011,3.9223374853204405,1.4301687505894165,2.5484734957288993,4.327648756518386,1.8354800217873617,1
4,0|4|7|14,n01|n05|n08|n15,54.81697585035723,54.306944229169204,12,0.0006141205075444144,12,0.6656382488482109,2.4448135096376973,0.047355225093333786,1.175669870036245,2.9548451308257313,0.46267639609470734,1
4,0|4|7|15,n01|n05|n08|n16,56.153873724583136,55.61946751447456,12,0.0006128135855148816,12,0.6712596253776724,1.107915635411814,1.3842530993192383,0.13685341526909411,1.642321845520371,0.8498468892106601,1
4,0|4|8|9,n01|n05|n09|n10,43.90346450926962,43.36623866712664,11,0.0006147169654296203,12,11.579149589935867,13.358324850725296,10.866156115994272,12.116375432078826,13.895550692868255,11.403381958137288,1
4,0|4|8|10,n01|n05|n09|n11,49.1067222597665,49.011792410451136,12,0.0006163958079144467,12,6.375891839438964,8.155067100228393,5.662898365497426,6.470821688754313,8.2499969495438,5.7578282148127755,1
4,0|4|8|11,n01|n05|n09|n12,50.78536272910712,50.634710113589065,12,0.0006150688540217335,12,4.697251370098343,6.476426630887772,3.984257896156805,4.847903985616426,6.627079246405856,4.134910511674832,1
4,0|4|8|12,n01|n05|n09|n13,45.2721591169285,45.29326121842826,12,0.0006152138003106225,12,10.210454982276985,11.989630243066415,9.497461508335391,10.189352880777221,11.968528141566651,9.476359406835627,1
4,0|4|8|13,n01|n05|n09|n14,43.530674360554045,43.48203256989026,11,0.000615803328639259,12,11.95193973865139,13.731114999440877,11.238946264709853,12.000581529315184,13.77975679010467,11.287588055373647,1
4,0|4|8|14,n01|n05|n09|n15,47.77787535975206,47.74239671012427,12,0.0006144371277663312,12,7.704738739453433,9.483914000242862,6.991745265511838,7.740217389081181,9.519392649870667,7.027223915139643,1
4,0|4|8|15,n01|n05|n09|n16,49.31356164032264,49.21033774574128,12,0.0006156457767819961,12,6.169052458882845,7.948227719672275,5.456058984941251,6.2722763534641786,8.051451614253665,5.559282879522641,1
4,0|4|9|10,n01|n05|n10|n11,50.40347583607762,50.17859291553813,12,0.0006162356412911848,12,5.079138263127845,6.858313523917332,4.366144789186251,5.304021183667317,7.083196444456803,4.591027709725779,1
4,0|4|9|11,n01|n05|n10|n12,52.549513540721414,52.25931368401222,12,0.000612600991210271,12,2.933100558484057,4.712275819273486,2.2201070845424624,3.2233004151932505,5.00247567598268,2.510306941251656,1
4,0|4|9|12,n01|n05|n10|n13,48.204333122425155,47.76074602822086,12,0.0006156595747488976,12,7.278280976780309,9.057456237569795,6.565287502838714,7.721868070984613,9.501043331774042,7.008874597043018,1
4,0|4|9|13,n01|n05|n10|n14,44.36991584549456,44.35720068574729,11,0.0006115434460439763,12,11.112698253710903,12.89187351450039,10.399704779769309,11.125413413458205,12.904588674247634,10.41241993951661,1
4,0|4|9|14,n01|n05|n10|n15,49.734433740119336,49.437621314234256,12,0.0006144371277663312,12,5.7481803590861205,7.527355619875607,5.035186885144583,6.044992784971214,7.8241680457606435,5.3319993110296195,1
4,0|4|9|15,n01|n05|n10|n16,51.07197032622571,50.79780292845065,12,0.0006151068829481292,12,4.410643772979768,6.189819033769197,3.697650299038173,4.684811170754813,6.463986431544299,3.9718176968132184,1
4,0|4|10|11,n01|n05|n11|n12,53.88475029291885,53.73988343072891,11,0.0006158033286392584,12,1.5978638062866253,3.377039067076055,0.8848703323450309,1.742730668476554,3.5219059292660404,1.0297371945349596,1
4,0|4|10|12,n01|n05|n11|n13,49.75821453145927,49.422261013903686,12,0.0006186196519695777,12,5.724399567746218,7.503574828535648,5.011406093804624,6.060353085301756,7.839528346091242,5.347359611360218,1
4,0|4|10|13,n01|n05|n11|n14,50.07854469137325,49.893930523922336,12,0.0006186196519695777,12,5.404069407832196,7.183244668621683,4.691075933890659,5.588683575283142,7.367858836072571,4.875690101341547,1
4,0|4|10|14,n01|n05|n11|n15,52.071939801057745,51.74247580663763,11,0.0006169882871896343,12,3.4106742981477396,5.189849558937169,2.697680824206145,3.740138292567849,5.519313553357279,3.0271448186262546,1
4,0|4|10|15,n01|n05|n11|n16,52.80031421887449,52.595601456965646,12,0.0006163958079144467,12,2.682299880330959,4.461475141120445,1.9693064063894212,2.8870126422398243,4.666187903029254,2.17401916829823,1
4,0|4|11|12,n01|n05|n12|n13,51.35456734994287,50.96909861601606,12,0.0006150688540217335,12,4.12804674926258,5.907222010052067,3.4150532753210427,4.513515483189394,6.292690743978881,3.8005220092478567,1
4,0|4|11|13,n01|n05|n12|n14,51.713146542866795,51.529016087909596,12,0.0006151227689402823,12,3.769467556338668,5.548642817128098,3.0564740823971306,3.953598011295867,5.732773272085296,3.2406045373543293,1
4,0|4|11|14,n01|n05|n12|n15,53.337694572326384,53.010383406478596,11,0.000615803328639259,12,2.1449195268791073,3.924094787668537,1.4319260529375128,2.472230692726839,4.2514059535163256,1.7592372187853016,1
4,0|4|11|15,n01|n05|n12|n16,54.31021826273486,53.988870677387794,12,0.0006152601470344396,12,1.1723958364706277,2.9515710972600573,0.4594023625290333,1.493743421817669,3.2729186826071555,0.7807499478760747,1
4,0|4|12|13,n01|n05|n13|n14,47.70583031471346,47.32648607116897,12,0.0006201673545747459,12,7.776783784492011,9.55595904528144,7.0637903105504165,8.156128028036505,9.935303288825935,7.443134554094911,1
4,0|4|12|14,n01|n05|n13|n15,48.643347712136105,48.20266959097494,12,0.0006179382002969205,12,6.839266387069358,8.618441647858845,6.126272913127764,7.279944508230528,9.059119769019958,6.566951034288934,1
4,0|4|12|15,n01|n05|n13|n16,49.91452320336807,49.55185708060946,12,0.0006179382002969205,12,5.568090895837372,7.3472661566268584,4.8550974218958345,5.930757018596012,7.709932279385441,5.217763544654417,1
4,0|4|13|14,n01|n05|n14|n15,48.959113859016576,48.935299442890106,12,0.0006152601470344396,12,6.523500240188866,8.302675500978353,5.810506766247329,6.547314656315336,8.326489917104823,5.834321182373799,1
4,0|4|13|15,n01|n05|n14|n16,50.265410431877434,50.12432966781115,12,0.0006179382002969205,12,5.217203667328022,6.996378928117508,4.504210193386484,5.3582844313942815,7.137459692183768,4.645290957452744,1
4,0|4|14|15,n01|n05|n15|n16,52.10626296229111,51.89659938086589,12,0.0006188080170880326,12,3.3763511369143657,5.155526397703795,2.6633576629727713,3.586014718339584,5.365189979129013,2.8730212443979894,1
4,0|5|6|7,n01|n06|n07|n08,61.115717077274894,61.02672255348156,11,0.0006165302547564936,12,5.633102978069431,3.853927717279973,6.346096452010997,5.544108454276099,3.764933193486641,6.257101928217665,1
4,0|5|6|8,n01|n06|n07|n09,53.28551058210605,53.161811744271276,12,0.0006160555865644304,12,2.1971035170994355,3.976278777888865,1.4841100431578411,2.3208023549341874,4.099977615723674,1.607808880992593,1
4,0|5|6|9,n01|n06|n07|n10,53.54463108559179,53.65922642533348,12,0.0006085915445150431,12,1.9379830136136889,3.7171582744031184,1.2249895396720945,1.8233876738719914,3.602562934661421,1.110394199930397,1
4,0|5|6|10,n01|n06|n07|n11,56.65324676725114,56.49205321603332,12,0.0006073701983201488,12,1.170632668045677,0.6085425927437882,1.8836261419872429,1.0094391168278563,0.7697361439616088,1.7224325907694222,1
4,0|5|6|11,n01|n06|n07|n12,57.7844407403769,57.51533300864432,12,0.0006123353047543239,12,2.301826641171438,0.5226513803819799,3.014820115113004,2.032718909438856,0.2535436486493978,2.745712383380422,1
4,0|5|6|12,n01|n06|n07|n13,53.04546818744213,52.80568801335033,12,0.0006286516137188139,12,2.4371459117633094,4.216321172552796,1.7241524378217719,2.6769260858551434,4.456101346644573,1.963932611913549,1
4,0|5|6|13,n01|n06|n07|n14,53.216955029280534,53.31109763220647,12,0.0006076578879485415,12,2.2656590699249364,4.044834330714366,1.552665595983342,2.1715164669989804,3.950691727788467,1.4585229930574428,1
4,0|5|6|14,n01|n06|n07|n15,54.88750401087091,54.73858583474919,12,0.0006158501261622625,12,0.5951100883345362,2.3742853491240226,0.11788338560701561,0.7440282644562899,2.5232035252457194,0.031034790514695487,1
4,0|5|6|15,n01|n06|n07|n16,56.33384624572078,56.15614820552744,12,0.0006161990844011946,12,0.851232146515315,0.9279431142741714,1.564225620456881,0.6735341063219735,1.1056411544674916,1.3865275802635395,1
4,0|5|7|8,n01|n06|n08|n09,55.45138986175458,54.853788435533254,12,0.00061715151794596,12,0.03122423745088554,1.810399498240372,0.6817692364906804,0.6288256636722167,2.4080009244616463,0.08416781026935638,1
4,0|5|7|9,n01|n06|n08|n10,55.40163722612305,54.95856673818419,12,0.0006085915445150431,12,0.0809768730824203,1.8601521338718499,0.6320166008591528,0.524047361021303,2.3032226218107326,0.1889461129202914,1
4,0|5|7|10,n01|n06|n08|n11,58.159900418156234,57.73706971836237,12,0.0006209399652740645,12,2.6772863189507703,0.8981110581613123,3.3902797928923363,2.254455619156907,0.4752803583674492,2.967449093098473,1
4,0|5|7|11,n01|n06|n08|n12,59.5602397746479,58.88265924775042,12,0.0006136791825746123,12,4.077625675442434,2.298450414652976,4.790619149384,3.4000451485449545,1.6208698877554966,4.1130386224865205,1
4,0|5|7|12,n01|n06|n08|n13,55.14700279139828,54.481749356511465,12,0.00061715151794596,12,0.3356113078071985,2.114786568596628,0.3773821661343817,1.0008647426939774,2.780040003483464,0.28787126875243985,1
4,0|5|7|13,n01|n06|n08|n14,55.49551690724168,55.04346832192241,12,0.00061715151794596,12,0.012902808036216129,1.7662724527532419,0.7258962819777821,0.43914577728304494,2.2183210380725313,0.27384769665851394,1
4,0|5|7|14,n01|n06|n08|n15,57.014762104775954,56.45396927189339,12,0.00061705021125967,12,1.532148005570491,0.24702725521899538,2.245141479512057,0.9713551726879288,0.8078200881015505,1.6843486466294948,1
4,0|5|7|15,n01|n06|n08|n16,58.34423967046477,57.77416300360857,12,0.0006175734078951291,12,2.86162557125931,1.0824503104698522,3.574619045200876,2.2915489044031077,0.5123736436136497,3.0045423783446736,1
4,0|5|8|9,n01|n06|n09|n10,45.59112321339643,44.85432341403527,10,0.0006180324829170844,12,9.891490885809048,11.670666146598478,9.178497411867454,10.628290685170214,12.407465945959643,9.91529721122862,1
4,0|5|8|10,n01|n06|n09|n11,52.15392460312368,51.86182572257003,12,0.000626633066519177,12,3.328689496081779,5.107864756871265,2.6156960221402414,3.62078837663546,5.399963637424889,2.9077949026938654,1
4,0|5|8|11,n01|n06|n09|n12,53.86285433064173,53.48170592427212,12,0.0006156921235058131,12,1.6197597685637106,3.398935029353197,0.9067662946221731,2.000908174933329,3.7800834357228155,1.2879147009917915,1
4,0|5|8|12,n01|n06|n09|n13,48.61824632469781,48.27239929980915,12,0.0006183959459757017,12,6.8643677745076275,8.643543035297114,6.15137430056609,7.21021479939634,8.98939006018577,6.4972213254547455,1
4,0|5|8|13,n01|n06|n09|n14,46.85791579390724,46.467519465890355,11,0.0006238377111590722,12,8.624698305298239,10.403873566087668,7.911704831356644,9.01509463331513,10.79426989410456,8.302101159373535,1
4,0|5|8|14,n01|n06|n09|n15,50.95522398829541,50.61654601481594,12,0.000622049674176991,12,4.527390110910062,6.306565371699492,3.8143966369684676,4.866068084389553,6.645243345178983,4.153074610447959,1
4,0|5|8|15,n01|n06|n09|n16,52.402315146631416,52.048689473101156,12,0.000622049674176991,12,3.080298952574026,4.859474213363512,2.3673054786324883,3.4339246261043286,5.213099886893758,2.720931152162734,1
4,0|5|9|10,n01|n06|n10|n11,51.44577001150376,51.31517049167976,12,0.0006112978177424092,12,4.036844087701695,5.8160193484911815,3.3238506137601576,4.1674436075256835,5.94661886831517,3.454450133584146,1
4,0|5|9|11,n01|n06|n10|n12,53.7640255393819,53.6385723540575,12,0.0006043363777346943,12,1.7185885598235586,3.497763820613045,1.005595085882021,1.8440417451479334,3.62321700593742,1.1310482712063958,1
4,0|5|9|12,n01|n06|n10|n13,49.38090821491459,49.18892206796876,12,0.0006138669720000631,12,6.10170588429088,7.880881145080309,5.388712410349285,6.293692031236674,8.07286729202616,5.580698557295136,1
4,0|5|9|13,n01|n06|n10|n14,46.38014113145081,46.474142495731165,11,0.0006105517083666402,12,9.102472967754636,10.881648228544123,8.389479493813099,9.008471603474277,10.787646864263763,8.29547812953274,1
4,0|5|9|14,n01|n06|n10|n15,50.870012615577174,50.77987998654988,12,0.0006104747984743006,12,4.612601483628282,6.391776744417768,3.8996080096867445,4.702734112655605,6.481909373445035,3.989740638714011,1
4,0|5|9|15,n01|n06|n10|n16,52.22790128562881,52.14417469902069,12,0.0006111445536560987,12,3.2547128135766457,5.033888074366132,2.541719339635108,3.338439400184768,5.1176146609742545,2.6254459262432306,1
4,0|5|10|11,n01|n06|n11|n12,56.42144208375806,56.170131358107824,11,0.0006158033286392584,12,0.9388279845525958,0.8403472762368551,1.6518214584941617,0.6875172589023606,1.0916580018870832,1.4005107328439266,1
4,0|5|10|12,n01|n06|n11|n13,52.021499413164996,51.58789862692503,12,0.0006205210167002318,12,3.461114686040446,5.240289946829932,2.7481212120989085,3.8947154722804385,5.673890733069868,3.181721998338844,1
4,0|5|10|13,n01|n06|n11|n14,52.31957297407061,52.04655603216219,12,0.0006205210167002318,12,3.163041125134839,4.9422163859243256,2.4500476511933016,3.436058067043291,5.2152333278327205,2.7230645931016966,1
4,0|5|10|14,n01|n06|n11|n15,54.62797178989317,54.182387833351186,11,0.000617542962221483,12,0.8546423093122826,2.633817570101769,0.14164883537074502,1.3002262658542918,3.0794015266437214,0.5872327919126974,1
4,0|5|10|15,n01|n06|n11|n16,55.104367054717066,54.80298054532889,12,0.000616673145430371,12,0.37824704448837565,2.157422305277862,0.334746429453169,0.6796335538765561,2.4588088146660425,0.03335992006499566,1
4,0|5|11|12,n01|n06|n12|n13,53.56908037767131,53.10944739299047,12,0.0006158375889208902,12,1.9135337215341224,3.692708982323609,1.2005402475925848,2.373166706214988,4.1523419670044746,1.6601732322734506,1
4,0|5|11|13,n01|n06|n12|n14,53.90376754615593,53.65391646123526,12,0.0006095662155779889,12,1.578846553049516,3.3580218138390023,0.8658530791079784,1.8286976379702082,3.607872898759638,1.1157041640286138,1
4,0|5|11|14,n01|n06|n12|n15,55.77807716934595,55.38914842775129,11,0.000617542962221483,12,0.29546307014048523,1.483712190648987,1.0084565440820512,0.09346567145416884,1.8726409322436552,0.61952780248739,1
4,0|5|11|15,n01|n06|n12|n16,56.53216560212659,56.16714778329387,12,0.0006146507143714147,12,1.0495515029211262,0.7296237578683531,1.7625449768626922,0.6845336840884073,1.0946415767010649,1.3975271580299733,1
4,0|5|12|13,n01|n06|n13|n14,49.69576126280249,49.36247323891262,12,0.000622049674176991,12,5.786852836403,7.566028097192429,5.0738593624614055,6.1201408602928495,7.899316121082279,5.407147386351255,1
4,0|5|12|14,n01|n06|n13|n15,50.851762569113994,50.32269813070061,12,0.000622049674176991,12,4.6308515300914905,6.41002679088092,3.917858056149896,5.1599159685048335,6.93909122929432,4.446922494563296,1
4,0|5|12|15,n01|n06|n13|n16,52.121160121673164,51.68010048060417,12,0.000622049674176991,12,3.3614539775322783,5.140629238321765,2.6484605035907407,3.802513618601324,5.581688879390754,3.08952014465973,1
4,0|5|13|14,n01|n06|n14|n15,51.22825661633201,51.09614617465681,12,0.0006149803093711504,12,4.254357482873445,6.033532743662931,3.5413640089319074,4.38646792454864,6.165643185338126,3.6734744506071024,1
4,0|5|13|15,n01|n06|n14|n16,52.429576109574995,52.22838163689818,12,0.000622049674176991,12,3.053037989630468,4.832213250419954,2.3400445156888736,3.2542324623073,5.03340772309673,2.5412389883657056,1
4,0|5|14|15,n01|n06|n15|n16,54.32458077001749,54.04927984038717,12,0.0006189022997081964,12,1.1580333291879583,2.9372085899774447,0.44503985524642076,1.4333342588182632,3.2125095196077496,0.7203407848767256,1
4,0|6|7|8,n01|n07|n08|n09,60.59523617864976,60.17261613856181,11,0.0006155809183723672,12,5.1126220794443,3.333446818654842,5.825615553385866,4.690002039356344,2.9108267785668858,5.40299551329791,1
4,0|6|7|9,n01|n07|n08|n10,62.31816382117154,61.807352268849755,11,0.0006204870391694528,12,6.835549721966075,5.056374461176617,7.548543195907641,6.3247381696442915,4.5455629088548335,7.0377316435858575,1
4,0|6|7|10,n01|n07|n08|n11,63.966878303616205,63.75819772305632,11,0.000635152233333506,12,8.484264204410742,6.705088943621284,9.197257678352308,8.275583623850856,6.4964083630613985,8.988577097792422,1
4,0|6|7|11,n01|n07|n08|n12,65.67906111148193,65.2022011484254,11,0.000617542962221483,12,10.196447012276465,8.417271751487007,10.909440486218031,9.719587049219939,7.940411788430481,10.432580523161505,1
4,0|6|7|12,n01|n07|n08|n13,60.91483260034563,60.33371965364279,11,0.0006213642698735413,12,5.43221850114017,3.653043240350712,6.145211975081736,4.851105554437325,3.071930293647867,5.564099028378891,1
4,0|6|7|13,n01|n07|n08|n14,61.208536572558614,60.848348033808776,11,0.0006103907821845273,12,5.725922473353151,3.946747212563693,6.438915947294717,5.365733934603313,3.5865586738138546,6.078727408544879,1
4,0|6|7|14,n01|n07|n08|n15,62.95173749031613,62.45708767492121,11,0.000617542962221483,12,7.469123391110664,5.689948130321206,8.18211686505223,6.9744735757157486,5.195298314926291,7.6874670496573145,1
4,0|6|7|15,n01|n07|n08|n16,64.4146558179375,63.811979318209154,11,0.000617542962221483,12,8.932041718732037,7.152866457942579,9.645035192673603,8.32936521900369,6.550189958214233,9.042358692945257,1
4,0|6|8|9,n01|n07|n09|n10,50.32726501491793,49.31820925321636,11,0.000640825394444096,12,5.155349084287536,6.934524345076966,4.442355610345999,6.164404845989111,7.9435801067785405,5.451411372047517,1
4,0|6|8|10,n01|n07|n09|n11,54.264602694018585,54.045623404349975,12,0.0006338136748604587,12,1.2180114051868713,2.9971866659763577,0.5050179312453338,1.4369906948554672,3.2161659556449536,0.7239972209139296,1
4,0|6|8|11,n01|n07|n09|n12,55.46243831744611,55.20420951490935,12,0.0006178168102118024,12,0.020175781759348865,1.7993510425488353,0.69281769218221,0.27840458429614046,2.05757984508557,0.43458888964545395,1
4,0|6|8|12,n01|n07|n09|n13,50.448338895351846,50.15619083632907,12,0.0006237731531876707,12,5.0342752038536105,6.813450464643097,4.321281729912073,5.326423262876403,7.105598523665833,4.613429788934809,1
4,0|6|8|13,n01|n07|n09|n14,48.64681688897513,48.374937391537756,11,0.0006361398785853665,12,6.835797210230339,8.614972471019769,6.122803736288745,7.107676707667679,8.886851968457165,6.394683233726141,1
4,0|6|8|14,n01|n07|n09|n15,52.69888552688739,52.4557263176748,12,0.000620242171181918,12,2.7837285723180685,4.562903833107555,2.070735098376531,3.026887781530661,4.806063042320147,2.3138943075890666,1
4,0|6|8|15,n01|n07|n09|n16,54.101129304724466,53.858852320198594,12,0.0006184297378898623,12,1.3814847944810253,3.160660055270455,0.6684913205394309,1.623761779006884,3.4029370397963135,0.9107683050652895,1
4,0|6|9|10,n01|n07|n10|n11,55.241499802339426,54.94394184892227,12,0.0006196053723306703,12,0.24111429686604424,2.020289557655474,0.47187917707552884,0.5386722502831844,2.317847511072671,0.17432122365837444,1
4,0|6|9|11,n01|n07|n10|n12,57.05084657452265,56.707811076841594,12,0.0006195697311724112,12,1.5682324753171883,0.21094278547229806,2.2812259492587543,1.2251969776361307,0.5539782831533557,1.9381904515776966,1
4,0|6|9|12,n01|n07|n10|n13,52.72005574731091,52.22716235435185,12,0.0006366163778893205,12,2.7625583518945405,4.541733612684027,2.049564877953003,3.2554517448536444,5.034627005643074,2.54245827091205,1
4,0|6|9|13,n01|n07|n10|n14,49.549312949904106,49.28286644381074,11,0.0006145050671579225,12,5.933301149301371,7.712476410090801,5.220307675359777,6.199747655394731,7.97892291618416,5.486754181453136,1
4,0|6|9|14,n01|n07|n10|n15,54.347350469726415,53.99804289260169,12,0.0006223789128300785,12,1.1352636294790273,2.9144388902685137,0.4222701555374897,1.484571206603789,3.2637464673932186,0.7715777326621946,1
4,0|6|9|15,n01|n07|n10|n16,55.68515467846109,55.360087258985445,12,0.0006208827982884051,12,0.20254057925562563,1.5766346815338466,0.9155340531971916,0.12252684022001858,1.901702101009505,0.5904666337215474,1
4,0|6|10|11,n01|n07|n11|n12,58.56280622858309,58.198232048855076,11,0.0006049224919953992,12,3.080192129377629,1.301016868588171,3.793185603319195,2.7156179496496122,0.9364426888601542,3.428611423591178,1
4,0|6|10|12,n01|n07|n11|n13,54.72208386586913,54.31363152683215,12,0.0006327755589054802,12,0.7605302333363397,2.5397054941257693,0.04753675939474533,1.1689825723732952,2.9481578331627816,0.4559890984317576,1
4,0|6|10|13,n01|n07|n11|n14,54.807840913115534,54.60112253057406,12,0.0006232328369388737,12,0.674773186089908,2.4539484468793944,0.03822028785163667,0.881491568631418,2.6606668294208475,0.16849809468982357,1
4,0|6|10|14,n01|n07|n11|n15,59.16230779880765,54.22449682336908,11,0.0006175429622214837,12,3.67969369960219,1.9005184388127319,4.392687173543756,1.2581172758364119,3.0372925366258414,0.5451238018948175,1
4,0|6|10|15,n01|n07|n11|n16,58.00335597141888,57.79099723327986,12,0.0006180908404419372,12,2.5207418722134136,0.7415666114239556,3.2337353461549796,2.308383134074397,0.529207873284939,3.021376608015963,1
4,0|6|11|12,n01|n07|n12|n13,55.812837964926736,55.3733724155705,12,0.0006218901028190384,12,0.3302238657212726,1.4489513950682067,1.0432173396628386,0.1092416836349912,1.8884169444244208,0.6037517903066032,1
4,0|6|11|13,n01|n07|n12|n14,56.00918435362826,55.81453029099861,12,0.0006129561683712189,12,0.5265702544227935,1.2526050063666503,1.2395637283643595,0.33191619179314813,1.4472590689962885,1.044909665734714,1
4,0|6|11|14,n01|n07|n12|n15,58.19099077679774,57.84391893421916,11,0.0006213264494206488,12,2.708376677592277,0.9292014168028189,3.421370151533843,2.361304835013698,0.5821295742242398,3.074298308955264,1
4,0|6|11|15,n01|n07|n12|n16,58.69404549986347,58.36467384835076,12,0.000619434705821066,12,3.2114314006580074,1.4322561398685494,3.9244248745995733,2.8820597491452986,1.1028844883558406,3.5950532230868646,1
4,0|6|12|13,n01|n07|n13|n14,52.10650020023493,51.791625211313395,12,0.0006324805109538003,12,3.376113898970516,5.155289159760002,2.6631204250289784,3.690988887892047,5.470164148681533,2.9779954139505094,1
4,0|6|12|14,n01|n07|n13|n15,53.19525487469399,52.68807463030677,12,0.0006273348354840793,12,2.2873592245114764,4.066534485300963,1.574365750569882,2.7945394688986767,4.573714729688163,2.081545994957139,1
4,0|6|12|15,n01|n07|n13|n16,54.46370721976781,54.03254192162049,12,0.0006258815771754977,12,1.0189068794376226,2.798082140227109,0.30591340549608503,1.450072177584957,3.2292474383744434,0.7370787036434194,1
4,0|6|13|14,n01|n07|n14|n15,53.434413101625935,53.321281732661795,12,0.000619214038296873,12,2.0482009975795563,3.827376258368986,1.335207523637962,2.161332366543661,3.9405076273331474,1.4483388926021235,1
4,0|6|13|15,n01|n07|n14|n16,54.65098126081076,54.49846794983782,12,0.0006188203687344344,12,0.8316328383946825,2.610808099184169,0.11863936445314494,0.984146149367632,2.7633214101571184,0.27115267542609445,1
4,0|6|14|15,n01|n07|n15|n16,56.45287704442777,56.31583366947774,12,0.0006246467713390338,12,0.9702629452223093,0.80891231556717,1.6832564191638753,0.8332195702722771,0.9459556905171667,1.546213044213843,1
4,0|7|8|9,n01|n08|n09|n10,51.99609122777422,50.78716337073596,11,0.0006166991823231449,12,3.486522871431248,5.2656981322206775,2.7735293974896535,4.6954507284694955,6.474625989258982,3.982457254527958,1
4,0|7|8|10,n01|n08|n09|n11,55.631864000659505,55.2725304688649,12,0.0006303452888685415,12,0.14924990145404138,1.6299253593354024,0.8622433753956074,0.2100836303405913,1.9892588911300209,0.5029098436010031,1
4,0|7|8|11,n01|n08|n09|n12,56.99305190866766,56.42251856000703,12,0.0006138236780202547,12,1.5104378094621964,0.26873745132724025,2.2234312834037624,0.9399044608015643,0.8392707999879008,1.6528979347431303,1
4,0|7|8|12,n01|n08|n09|n13,52.07882919337798,51.5726408811896,12,0.0006153069898711403,12,3.4037849058274787,5.182960166616965,2.690791431885941,3.909973218015864,5.68914847880535,3.1969797440742695,1
4,0|7|8|13,n01|n08|n09|n14,50.64638205073834,50.08185213296858,11,0.0006166991823231449,12,4.836232048467139,6.615407309256568,4.123238574525544,5.400761966236871,7.1799372270263575,4.6877684922953335,1
4,0|7|8|14,n01|n08|n09|n15,54.4478824388966,53.968500281441216,12,0.0006141205075444144,12,1.0347316603088643,2.8139069210983507,0.3217381863672699,1.5141138177642688,3.2932890785536983,0.8011203438226744,1
4,0|7|8|15,n01|n08|n09|n16,55.802911204089334,55.3001182315212,12,0.0006148323216790771,12,0.32029710488387053,1.4588781559056088,1.0332905788254365,0.18249586768428117,1.9616711284737107,0.5304976062573061,1
4,0|7|9|10,n01|n08|n10|n11,56.62528058637151,56.216062844105714,12,0.0006196053723306703,12,1.1426664871660464,0.6365087736234045,1.8556599611076123,0.7334487449002509,1.0457265158892142,1.446442218841817,1
4,0|7|9|11,n01|n08|n10|n12,58.50813758860829,57.85370371291483,12,0.0006098585413131472,12,3.025523489402829,1.2463482286133711,3.738516963344395,2.3710896137093656,0.5919143529199076,3.0840830876509315,1
4,0|7|9|12,n01|n08|n10|n13,54.29868636489785,53.558274840727506,12,0.0006230459594387523,12,1.1839277343076446,2.963102995097074,0.47093426036605024,1.9243392584779713,3.703514519267401,1.2113457845363769,1
4,0|7|9|13,n01|n08|n10|n14,51.310044211593386,50.771030438982045,11,0.0006103907821845269,12,4.172569887612099,5.951745148401528,3.4595764136705043,4.711583660223425,6.490758921012855,3.998590186281831,1
4,0|7|9|14,n01|n08|n10|n15,55.999936365670926,55.386310704731315,12,0.0006135975931344916,12,0.5173222664654631,1.2618529943239878,1.230315740407029,0.09630339447414826,1.8754786552635778,0.6166900794674177,1
4,0|7|9|15,n01|n08|n10|n16,57.23679854890332,56.63995992293319,12,0.000611041655083687,12,1.7541844496978598,0.024990811091583964,2.467177923639426,1.1573458237277237,0.6218294370617059,1.8703392976692896,1
4,0|7|10|11,n01|n08|n11|n12,60.654464205657334,59.94079078039048,11,0.000617542962221483,12,5.1718501064518705,3.3926748456624125,5.8848435803934365,4.458176681185016,2.679001420395558,5.171170155126582,1
4,0|7|10|12,n01|n08|n11|n13,55.953843705565575,55.397760948858085,12,0.0006327755589054802,12,0.4712296063601116,1.307945654429318,1.1842230803016776,0.08485315034738505,1.8640284111368146,0.628140323594188,1
4,0|7|10|13,n01|n08|n11|n14,56.24049866351887,55.85634050919332,12,0.0006222408757115753,12,0.7578845643134073,1.0212906964760577,1.4708780382549733,0.3737264099878601,1.4054488508015766,1.086719883929426,1
4,0|7|10|14,n01|n08|n11|n15,59.12867826536211,58.58176547397317,11,0.0006175429622214837,12,3.6460641661566484,1.8668889053671904,4.359057640098214,3.0991513747677075,1.3199761139782495,3.8121448487092735,1
4,0|7|10|15,n01|n08|n11|n16,59.02375926144302,58.57571786464797,12,0.0006180908404419372,12,3.541145162237555,1.7619699014480972,4.254138636179121,3.093103765442507,1.313928504653049,3.806097239384073,1
4,0|7|11|12,n01|n08|n12|n13,57.20937333272527,56.47983744203782,12,0.0006212326610727983,12,1.7267592335198074,0.05241602726965766,2.4397527074613734,0.9972233428323563,0.7819519179570875,1.7102168167739222,1
4,0|7|11|13,n01|n08|n12|n14,57.61007332737039,57.06457965919994,12,0.0006129561683712189,12,2.1274592281649234,0.3482839673754654,2.8404527021064894,1.5819655599944795,0.19720970079498557,2.2949590339360455,1
4,0|7|11|14,n01|n08|n12|n15,59.77613031748422,59.09653284639503,11,0.0006192177608776889,12,4.293516218278754,2.5143409574892956,5.00650969222032,3.6139187471895653,1.8347434864001073,4.326912221131131,1
4,0|7|11|15,n01|n08|n12|n16,60.23853178412717,59.61562821173712,12,0.000619434705821066,12,4.755917684921705,2.9767424241322473,5.468911158863271,4.133014112531654,2.3538388517421964,4.84600758647322,1
4,0|7|12|13,n01|n08|n13|n14,53.753705703036076,53.1342127924956,12,0.0006209374995352464,12,1.7289083961694018,3.5080836569588314,1.0159149222278074,2.3484013067098886,4.127576567499318,1.6354078327682942,1
4,0|7|12|14,n01|n08|n13|n15,54.83475182530619,54.11062397268578,12,0.0006222780872902481,12,0.6478622738992499,2.4270375346887363,0.06513120004229478,1.3719901265196768,3.151165387309163,0.6589966525781392,1
4,0|7|12|15,n01|n08|n13|n16,56.02988003552444,55.36109419608933,12,0.0006222413047316205,12,0.5472659363189791,1.2319093244705073,1.260259410260545,0.12151990311610916,1.9006951639055956,0.5914735708254355,1
4,0|7|13|14,n01|n08|n14|n15,55.3986784235587,54.98708428696282,12,0.000613560810575864,12,0.08393567564678506,1.8631109364362146,0.6290577982948022,0.49552981224263704,2.2747050730321234,0.21746366169892184,1
4,0|7|13|15,n01|n08|n14|n16,56.41267584859538,55.96064110981067,12,0.0006122337446386401,12,0.9300617493899139,0.849113511399537,1.64305522333148,0.47802701060521,1.3011482501842693,1.191020484546776,1
4,0|7|14|15,n01|n08|n15|n16,58.3720235398857,57.84502550078419,12,0.000618380361549586,12,2.8894094406802395,1.1102341798907815,3.6024029146218055,2.3624114015787256,0.5832361407892677,3.0754048755202916,1
4,0|8|9|10,n01|n09|n10|n11,45.42660360032437,48.15073561044584,11,0.0006202510167495209,12,10.056010498881108,11.835185759670537,9.343017024939513,7.331878488759628,9.111053749549058,6.618885014818034,1
4,0|8|9|11,n01|n09|n10|n12,50.27300351521793,49.27370504277032,11,0.0006147169654296203,12,5.209610583987512,6.988785844776999,4.496617110045975,6.208909056435118,7.9880843172246045,5.495915582493581,1
4,0|8|9|12,n01|n09|n10|n13,48.312872811068544,47.57483873188052,12,0.0006180324829170844,12,7.169741288136947,8.948916548926377,6.456747814195353,7.907775367324916,9.686950628114403,7.194781893383379,1
4,0|8|9|13,n01|n09|n10|n14,45.31908042220522,44.547065287196084,11,0.0006147169654296203,12,10.16353367700026,11.94270893778969,9.450540203058665,10.935548812009358,12.714724072798845,10.22255533806782,1
4,0|8|9|14,n01|n09|n10|n15,49.226960986185006,46.749630472634365,11,0.000615803328639259,12,6.255653113020458,8.034828373809887,5.54265963907892,8.732983626571126,10.512158887360556,8.019990152629532,1
4,0|8|9|15,n01|n09|n10|n16,48.77075617792648,47.71560783121181,11,0.000615803328639259,12,6.711857921278977,8.491033182068463,5.998864447337439,7.767006267993679,9.546181528783109,7.054012794052085,1
4,0|8|10|11,n01|n09|n11|n12,53.6182364236204,53.470996651061846,11,0.000615803328639259,12,1.8643776755850467,3.643552936374533,1.1513842016435092,2.0116174481436246,3.790792708933054,1.2986239742020302,1
4,0|8|10|12,n01|n09|n11|n13,49.0102010726286,48.6279394944608,12,0.0006277016250415134,12,6.472413026576874,8.251588287366303,5.759419552635279,6.854674604744673,8.633849865534103,6.141681130803079,1
4,0|8|10|13,n01|n09|n11|n14,47.384767040648036,46.88616872185439,11,0.0006202510167495209,12,8.09784705855742,9.877022319346906,7.3848535846158825,8.596445377351074,10.375620638140504,7.8834519034095365,1
4,0|8|10|14,n01|n09|n11|n15,52.12526855603671,51.6089394129871,11,0.0006169882871896343,12,3.357345543168776,5.136520803958206,2.644352069227182,3.873674686218351,5.652849947007837,3.1606812122768133,1
4,0|8|10|15,n01|n09|n11|n16,52.59062193500432,52.36272137392115,12,0.0006178135029260129,12,2.891992164201156,4.6711674249905855,2.1789986902595615,3.1198927252843305,4.89906798607376,2.406899251342736,1
4,0|8|11|12,n01|n09|n12|n13,50.49107711895756,50.18961075449103,12,0.0006150688540217335,12,4.991536980247929,6.770712241037359,4.278543506306335,5.293003344714407,7.072178605503893,4.580009870772869,1
4,0|8|11|13,n01|n09|n12|n14,48.931569454595696,48.55687731122775,11,0.000615803328639259,12,6.55104464460976,8.330219905399247,5.838051170668223,6.925736787977712,8.704912048767142,6.2127433140361745,1
4,0|8|11|14,n01|n09|n12|n15,52.978151417834965,52.651938957876816,11,0.0006149458452306595,12,2.504462681370512,4.283637942159942,1.7914692074289178,2.8306751413286406,4.609850402118127,2.117681667387103,1
4,0|8|11|15,n01|n09|n12|n16,54.010122486328626,53.682933162830764,12,0.0006156921235058131,12,1.4724916128768655,3.251666873666295,0.7594981389352711,1.7996809363746706,3.578856197164157,1.086687462433133,1
4,0|8|12|13,n01|n09|n13|n14,47.14119483671007,46.72932721757942,12,0.0006211568298858866,12,8.341419262495378,10.120594523284865,7.628425788553841,8.753286881626025,10.532462142415511,8.040293407684487,1
4,0|8|12|14,n01|n09|n13|n15,47.60730051879456,47.34226708884442,12,0.0006179382002969205,12,7.875313580410875,9.654488841200362,7.162320106469338,8.14034701036104,9.919522271150527,7.427353536419446,1
4,0|8|12|15,n01|n09|n13|n16,49.08804235463615,48.791251064548334,12,0.0006179382002969205,12,6.394571744569305,8.173747005358791,5.681578270627767,6.691363034657115,8.470538295446602,5.978369560715578,1
4,0|8|13|14,n01|n09|n14|n15,46.15117500718673,45.83350157461867,11,0.0006200730719545821,12,9.33143909201874,11.11061435280817,8.618445618077146,9.64911252458677,11.428287785376256,8.936119050645232,1
4,0|8|13|15,n01|n09|n14|n16,47.43662346944043,47.060609564625736,11,0.0006200730719545821,12,8.045990629765015,9.825165890554501,7.332997155823477,8.422004534579742,10.201179795369171,7.709011060638147,1
4,0|8|14|15,n01|n09|n15|n16,51.80990788387826,51.58049202059337,12,0.0006179382002969205,12,3.672706215327196,5.451881476116682,2.9597127413856583,3.9021220786120807,5.681297339401567,3.189128604670543,1
4,0|9|10|11,n01|n10|n11|n12,53.87969431849267,56.83110641081562,11,0.0006158033286392584,12,1.6029197807127957,3.3820950415022253,0.8899263067712582,1.3484923116101584,0.4306829491792996,2.0614857855517243,1
4,0|9|10|12,n01|n10|n11|n13,50.2179584153848,49.5472877098093,12,0.0006248218766519403,12,5.264655683820649,7.043830944610136,4.551662209879112,5.9353263893961525,7.714501650185639,5.222332915454615,1
4,0|9|10|13,n01|n10|n11|n14,48.004255943471016,47.69627111036012,11,0.0006166679539431105,12,7.4783581557344405,9.257533416523927,6.765364681792903,7.78634298884532,9.565518249634806,7.073349514903782,1
4,0|9|10|14,n01|n10|n11|n15,53.2033683103749,52.935678211272254,11,0.0006147169654296203,12,2.279245788830565,4.058421049620051,1.5662523148889704,2.5469358879332162,4.326111148722646,1.8339424139916218,1
4,0|9|10|15,n01|n10|n11|n16,53.52886706162495,53.20067139945793,12,0.0006162356412911848,12,1.9537470375805128,3.7329222983699992,1.2407535636389184,2.2819426997475603,4.06111796053699,1.5689492258059659,1
4,0|9|11|12,n01|n10|n12|n13,52.683357730125536,52.18263016878662,12,0.0006152601470344396,12,2.799256369079899,4.578431629869385,2.0862628951383613,3.2999839304188185,5.079159191208305,2.586990456477281,1
4,0|9|11|13,n01|n10|n12|n14,49.52271485669837,49.21745965198106,11,0.000603334573553981,12,5.959899242507106,7.739074503296536,5.246905768565512,6.265154447224404,8.044329708013834,5.5521609732828665,1
4,0|9|11|14,n01|n10|n12|n15,54.63291170459408,54.21629945681831,11,0.000615803328639259,12,0.84970239461137,2.6288776554008564,0.13670892066983242,1.266314642387158,3.0454899031765876,0.5533211684455637,1
4,0|9|11|15,n01|n10|n12|n16,55.60401019406691,55.16293536957297,12,0.0006181451839043559,12,0.12139609486144565,1.657779165927991,0.8343895688030116,0.31967872963247146,2.098853990421958,0.3933147443090732,1
4,0|9|12|13,n01|n10|n13|n14,48.32885325010278,48.081423744793554,12,0.0006133237903952439,12,7.153760849102696,8.932936109892125,6.440767375161101,7.401190354411938,9.180365615201367,6.688196880470343,1
4,0|9|12|14,n01|n10|n13|n15,50.010701766360015,49.4020899411814,12,0.0006180324829170844,12,5.471912332845477,7.251087593634907,4.758918858903883,6.080524158024048,7.859699418813534,5.36753068408251,1
4,0|9|12|15,n01|n10|n13|n16,51.25925873421096,50.74054478202985,12,0.0006180324829170844,12,4.223355364994518,6.0025306257839475,3.5103618910529235,4.742069317175606,6.521244577965092,4.029075843234068,1
4,0|9|13|14,n01|n10|n14|n15,46.78209986281402,46.461695371859314,11,0.000615803328639259,12,8.700514236391427,10.479689497180914,7.98752076244989,9.020918727346157,10.800093988135586,8.307925253404562,1
4,0|9|13|15,n01|n10|n14|n16,47.963942040174246,47.691611012850665,11,0.0006147169654296203,12,7.518672059031246,9.297847319820676,6.805678585089652,7.791003086354806,9.570178347144235,7.0780096124132115,1
4,0|9|14|15,n01|n10|n15|n16,53.30286992342545,52.971404554202266,12,0.0006180324829170844,12,2.1797441757800016,3.958919436569488,1.466750701838464,2.5112095450032257,4.290384805792655,1.7982160710616313,1
4,0|10|11|12,n01|n11|n12|n13,53.996193962325954,53.61642363358351,11,0.000615803328639259,12,1.4864201368795307,3.2655953976689602,0.7734266629379363,1.866190465621969,3.6453657264113986,1.1531969916803746,1
4,0|10|11|13,n01|n11|n12|n14,53.914624275272935,53.668647270319724,11,0.000615803328639259,12,1.5679898239325212,3.3471650847220076,0.8549963499909836,1.8139668288857251,3.5931420896752115,1.1009733549441876,1
4,0|10|11|14,n01|n11|n12|n15,56.74715674412649,56.457110252687976,11,0.0006175429622214837,12,1.264542644921029,0.514632615868436,1.977536118862595,0.9744961534825123,0.8046791073069244,1.6874896274240783,1
4,0|10|11|15,n01|n11|n12|n16,57.408935612101686,57.249225235740575,12,0.000616673145430371,12,1.926321512896223,0.14714625210676502,2.639314986837789,1.7666111365351114,0.012564124254367925,2.4796046104766774,1
4,0|10|12|13,n01|n11|n13|n14,50.635504389374674,50.157543130427456,12,0.000636054737632622,12,4.847109709830761,6.626284970620247,4.134116235889223,5.325070968777993,7.1042462295674795,4.612077494836456,1
4,0|10|12|14,n01|n11|n13|n15,52.42534155526626,51.838978584277726,11,0.0006287979479140941,12,3.0572725439392343,4.836447804728664,2.34427906999764,3.6436355149277233,5.42281077571721,2.9306420409861857,1
4,0|10|12|15,n01|n11|n13|n16,52.94209679669537,52.49845807758686,12,0.0006178135029260129,12,2.540517302510125,4.319692563299554,1.8275238285685305,2.9841560216186167,4.763331282408046,2.2711625476770223,1
4,0|10|13|14,n01|n11|n14|n15,52.393143517917736,52.14536036152689,11,0.0006147169654296203,12,3.089470581287742,4.868645842077171,2.3764771073461475,3.337253737678566,5.116428998468052,2.6242602637370283,1
4,0|10|13|15,n01|n11|n14|n16,53.22875608739853,52.962881641895336,12,0.0006163958079144467,12,2.2538580118069262,4.033033272596413,1.5408645378653887,2.5197324573101127,4.298907718099599,1.8067389833685752,1
4,0|10|14|15,n01|n11|n15|n16,54.96181957944894,54.60902897566316,12,0.0006175429622214834,12,0.5207945197565209,2.2999697805460073,0.19219895418504507,0.8735851235422842,2.6527603843317706,0.16059164960074668,1
4,0|11|12|13,n01|n12|n13|n14,52.18396255370128,51.74532386417911,12,0.0006171756874025979,12,3.2986515455041854,5.077826806293615,2.585658071562648,3.7372902350263644,5.516465495815794,3.02429676108477,1
4,0|11|12|14,n01|n12|n13|n15,53.42135932390983,52.81268633570048,11,0.0006303988844774543,12,2.0612547752956516,3.840430036085081,1.3482613013540572,2.6699277635049725,4.449103024294459,1.956934289563435,1
4,0|11|12|15,n01|n12|n13|n16,54.25487021901038,53.749796282860906,12,0.0006231011065583566,12,1.227743880195078,3.0069191409845644,0.5147504062535404,1.73281781634455,3.5119930771340364,1.0198243424030125,1
4,0|11|13|14,n01|n12|n14|n15,53.864707491008794,53.65219757366277,11,0.0006147169654296203,12,1.6179066081966766,3.397081868986106,0.9049131342550822,1.8304165255427165,3.609591786332146,1.117423051601122,1
4,0|11|13|15,n01|n12|n14|n16,54.65386393715522,54.37735494515896,12,0.0006152601470344396,12,0.8287501620502553,2.607925422839685,0.11575668810866091,1.1052591540465073,2.884434414835937,0.3922656801049129,1
4,0|11|14|15,n01|n12|n15|n16,56.33513187649108,55.96716470354433,12,0.000618380361549586,12,0.8525177772856196,0.9266574835038455,1.5655112512271856,0.4845506043388639,1.294624656450594,1.1975440782804299,1
4,0|12|13|14,n01|n13|n14|n15,49.71045437343337,49.28984285356082,12,0.0006227187269711289,12,5.772159725772099,7.551334986561528,5.059166251830504,6.192771245644622,7.971946506434108,5.479777771703084,1
4,0|12|13|15,n01|n13|n14|n16,50.78166766692762,50.355040719308725,12,0.0006227187269711289,12,4.700946432277874,6.480121693067304,3.9879529583362796,5.127573379896717,6.906748640686203,4.414579905955179,1
4,0|12|14|15,n01|n13|n15|n16,52.232057487444166,51.730521369429844,12,0.000625330260836182,12,3.250556611761283,5.029731872550769,2.5375631378197454,3.7520927297755975,5.531267990565084,3.03909925583406,1
4,0|13|14|15,n01|n14|n15|n16,52.66890197348136,52.53954178476396,12,0.0006156686656194001,12,2.8137121257241233,4.592887386513553,2.100718651782529,2.9430723144415083,4.722247575230938,2.230078840499914,1
4,1|2|3|4,n02|n03|n04|n05,61.0588248353106,60.914067058775814,11,0.0006165302547564936,12,5.576210736105139,3.797035475315681,6.289204210046705,5.4314529595703505,3.6522776987808925,6.144446433511916,1
4,1|2|3|5,n02|n03|n04|n06,62.17581039196506,62.25434908711132,11,0.0006165302547564936,12,6.693196292759595,4.914021031970137,7.406189766701161,6.771734987905859,4.992559727116401,7.484728461847425,1
4,1|2|3|6,n02|n03|n04|n07,65.21548419414279,65.57541053443605,12,0.0006170366084889883,12,9.732870094937326,7.953694834147868,10.445863568878892,10.092796435230582,8.313621174441124,10.805789909172148,1
4,1|2|3|7,n02|n03|n04|n08,66.73988429518506,66.6971801039251,12,0.0006136784575358578,12,11.2572701959796,9.478094935190143,11.970263669921167,11.214566004719643,9.435390743930185,11.927559478661209,1
4,1|2|3|8,n02|n03|n04|n09,61.32214313431166,61.26183358189995,12,0.0006160555865644304,12,5.839529035106196,4.060353774316738,6.552522509047762,5.7792194826944865,4.0000442219050285,6.4922129566360525,1
4,1|2|3|9,n02|n03|n04|n10,62.1861567719091,62.23820209586702,12,0.0006111606987726971,12,6.703542672703634,4.924367411914176,7.4165361466452,6.7555879966615535,4.9764127358720955,7.4685814706031195,1
4,1|2|3|10,n02|n03|n04|n11,64.19932916420201,64.29105597653164,12,0.0006135956082074635,12,8.71671506499655,6.937539804207091,9.429708538938115,8.808441877326175,7.029266616536717,9.52143535126774,1
4,1|2|3|11,n02|n03|n04|n12,66.06898440790627,65.75075270702155,12,0.000610237457254333,12,10.586370308700808,8.80719504791135,11.299363782642374,10.268138607816084,8.488963347026626,10.98113208175765,1
4,1|2|3|12,n02|n03|n04|n13,61.110543268332854,61.03453827570186,12,0.0006137323089802041,12,5.627929169127391,3.848753908337933,6.340922643068957,5.551924176496399,3.7727489157069414,6.264917650437965,1
4,1|2|3|13,n02|n03|n04|n14,61.4927580213452,61.59483604164417,12,0.0006106087212498745,12,6.01014392213974,4.230968661350282,6.723137396081306,6.112221942438708,4.33304668164925,6.825215416380274,1
4,1|2|3|14,n02|n03|n04|n15,63.07732695977978,63.02244955763981,12,0.0006128217944851115,12,7.594712860574319,5.815537599784861,8.307706334515885,7.5398354584343465,5.760660197644889,8.252828932375913,1
4,1|2|3|15,n02|n03|n04|n16,64.48880829242805,64.35183936065977,12,0.0006104440455537131,12,9.006194193222584,7.2270189324331255,9.71918766716415,8.869225261454304,7.090050000664846,9.58221873539587,1
4,1|2|4|5,n02|n03|n05|n06,54.95253064178634,55.47068021365887,11,0.000625606480619848,12,0.5300834574190958,2.309258718208582,0.18291001652244177,0.01193388554656849,1.791109146336055,0.7010595883949762,1
4,1|2|4|6,n02|n03|n05|n07,62.070520254073266,62.80854821453803,10,0.0006197058861292589,12,6.587906154867802,4.808730894078344,7.300899628809368,7.325934115332565,5.546758854543107,8.038927589274131,1
4,1|2|4|7,n02|n03|n05|n08,62.94895838270343,63.04660053739936,10,0.000617121072272314,12,7.466344283497968,5.68716902270851,8.179337757439534,7.5639864381938935,5.7848111774044355,8.27697991213546,1
4,1|2|4|8,n02|n03|n05|n09,52.578712299175095,52.932054979169344,11,0.0006323320660979522,12,2.9039018000303827,4.683077060819812,2.1909083260887883,2.550559120036098,4.329734380825585,1.8375656460945606,1
4,1|2|4|9,n02|n03|n05|n10,54.18837767455069,54.54896255836821,11,0.0006324073613345449,12,1.2942364246547413,3.0734116854442277,0.5812429507132038,0.9336515408372748,2.7128268016267043,0.22065806689568035,1
4,1|2|4|10,n02|n03|n05|n11,56.11093725043872,56.50468322534113,11,0.000635152233333506,12,0.6283231512332534,1.1508521095561832,1.3413166251748194,1.0220691261356691,0.7571061346537817,1.7350626000772351,1
4,1|2|4|11,n02|n03|n05|n12,57.93360090848235,58.251125487393615,11,0.000617542962221483,12,2.450986809276884,0.6718115484874261,3.16398028321845,2.768511388188152,0.989336127398694,3.481504862129718,1
4,1|2|4|12,n02|n03|n05|n13,52.814756540912,53.03557690068443,11,0.0006399871610977014,12,2.6678575582934627,4.447032819082892,1.9548640843519252,2.447037198521002,4.226212459310489,1.7340437245794647,1
4,1|2|4|13,n02|n03|n05|n14,53.15772308667327,53.63528265252037,11,0.00062758061685036,12,2.3248910125321913,4.104066273321678,1.611897538590597,1.8473314466850752,3.6265067074745616,1.1343379727435376,1
4,1|2|4|14,n02|n03|n05|n15,54.76766761486202,55.14002923849865,11,0.0006262716980141204,12,0.714946484343443,2.4941217451329294,0.0019530104018485872,0.342584860706836,2.1217601214962656,0.37040861323475127,1
4,1|2|4|15,n02|n03|n05|n16,56.30807298640164,56.670155055052916,11,0.000625606480619848,12,0.8254588871961772,0.953716373593295,1.5384523611377432,1.187540955847453,0.5916343049419766,1.900534429789019,1
4,1|2|5|6,n02|n03|n06|n07,62.771768179537,63.69114305743743,10,0.0006170366084889883,12,7.289154080331535,5.509978819542077,8.002147554273101,8.208528958231966,6.429353697442508,8.921522432173532,1
4,1|2|5|7,n02|n03|n06|n08,64.03454066876756,64.58680664070296,10,0.000617121072272314,12,8.551926569562099,6.772751308772641,9.264920043503665,9.104192541497497,7.325017280708039,9.817186015439063,1
4,1|2|5|8,n02|n03|n06|n09,54.67275986410888,55.29362183286249,11,0.0006324751163874115,12,0.8098542350965658,2.5890294958860522,0.09686076115502829,0.1889922663429502,1.9681675271324366,0.5240012075985945,1
4,1|2|5|9,n02|n03|n06|n10,56.36598264768534,56.84606945932255,11,0.0006324073613345449,12,0.8833685484798792,0.895806712309593,1.5963620224214452,1.3634553601170865,0.4157199006723431,2.0764488340586524,1
4,1|2|5|10,n02|n03|n06|n11,57.217644452369385,57.95730865027563,11,0.0006202510167495209,12,1.7350303531639213,0.04414490762553669,2.4480238271054873,2.474694551070165,0.695519290280707,3.187688025011731,1
4,1|2|5|11,n02|n03|n06|n12,58.6596130955853,59.62199362504123,11,0.000617542962221483,12,3.1769989963798366,1.3978237355903786,3.8899924703214026,4.139379525835764,2.360204265046306,4.85237299977733,1
4,1|2|5|12,n02|n03|n06|n13,53.909994920055695,54.448986050843665,11,0.0006399871610977014,12,1.5726191791497968,3.3517944399392263,0.8596257052082024,1.033628048361777,2.8128033091512634,0.32063457442023946,1
4,1|2|5|13,n02|n03|n06|n14,54.21077427253097,55.028442818771694,11,0.0006361398785853665,12,1.2718398266745226,3.051015087463952,0.5588463527329282,0.4541712804337976,2.233346541223227,0.2588221935077968,1
4,1|2|5|14,n02|n03|n06|n15,55.854316528506125,56.57663134652853,11,0.0006279670932574189,12,0.37170242930066166,1.4074728314888034,1.0846959032422276,1.094017247323066,0.6851580134663777,1.807010721264632,1
4,1|2|5|15,n02|n03|n06|n16,57.36661148473881,58.105072292947256,11,0.000625606480619848,12,1.8839973855333483,0.1048221247438903,2.5969908594749143,2.6224581937417923,0.8432829329523344,3.3354516676833583,1
4,1|2|6|7,n02|n03|n07|n08,68.95117361288207,68.92596555631408,11,0.0006103907821845268,12,13.46855951367661,11.689384252887152,14.181552987618176,13.44335145710862,11.664176196319161,14.156344931050185,1
4,1|2|6|8,n02|n03|n07|n09,62.54560028176368,63.25045837520454,11,0.0006165302547564936,12,7.06298618255822,5.283810921768762,7.775979656499786,7.7678442759990745,5.9886690152096165,8.48083774994064,1
4,1|2|6|9,n02|n03|n07|n10,63.45301004191837,64.28801593979813,11,0.0006204870391694528,12,7.970395942712905,6.191220681923447,8.683389416654471,8.805401840592666,7.0262265798032075,9.518395314534231,1
4,1|2|6|10,n02|n03|n07|n11,70.90142959615297,76.79340128106664,11,0.0006096482541934441,12,15.418815496947502,13.639640236158044,16.131808970889068,21.310787181861173,19.531611921071715,22.02378065580274,1
4,1|2|6|11,n02|n03|n07|n12,65.98658401783396,67.97369348960763,11,0.0006096482541934439,12,10.5039699186285,8.724794657839041,11.216963392570065,12.491079390402163,10.711904129612705,13.204072864343729,1
4,1|2|6|12,n02|n03|n07|n13,62.177085277339735,62.87622769041437,11,0.0006213642698735413,12,6.694471178134272,4.915295917344814,7.407464652075838,7.393613591208904,5.614438330419446,8.10660706515047,1
4,1|2|6|13,n02|n03|n07|n14,62.45731075519179,63.39661678048989,11,0.0006103837642914934,12,6.974696655986328,5.19552139519687,7.687690129927894,7.91400268128443,6.134827420494972,8.626996155225996,1
4,1|2|6|14,n02|n03|n07|n15,64.26234953855273,65.02641987495069,11,0.0006162135558731319,12,8.779735439347263,7.000560178557805,9.492728913288829,9.543805775745227,7.764630514955769,10.256799249686793,1
4,1|2|6|15,n02|n03|n07|n16,65.7166172594024,66.44174440023792,11,0.0006096482541934439,12,10.234003160196934,8.454827899407476,10.9469966341385,10.95913030103246,9.179955040243001,11.672123774974025,1
4,1|2|7|8,n02|n03|n08|n09,63.062340750768506,63.22725341841862,11,0.0006166991823231449,12,7.579726651563043,5.800551390773585,8.292720125504609,7.744639319213157,5.965464058423699,8.457632793154723,1
4,1|2|7|9,n02|n03|n08|n10,64.27431277677671,64.43100125049455,11,0.0006103907821845268,12,8.791698677571247,7.012523416781789,9.504692151512813,8.948387151289083,7.169211890499625,9.661380625230649,1
4,1|2|7|10,n02|n03|n08|n11,66.08130922627521,66.50343912585103,11,0.0006213264494206488,12,10.598695127069746,8.819519866280288,11.311688601011312,11.020825026645568,9.24164976585611,11.733818500587134,1
4,1|2|7|11,n02|n03|n08|n12,67.80034960356298,67.78362166048514,11,0.0006120664376681423,12,12.317735504357515,10.538560243568057,13.03072897829908,12.301007561279675,10.521832300490217,13.014001035221241,1
4,1|2|7|12,n02|n03|n08|n13,62.82399698674536,62.97450997672323,11,0.0006165302547564936,12,7.341382887539893,5.5622076267504355,8.05437636148146,7.49189587751777,5.712720616728312,8.204889351459336,1
4,1|2|7|13,n02|n03|n08|n14,63.301589588266125,63.6262559352807,11,0.0006108266603152222,12,7.818975489060662,6.039800228271204,8.531968963002228,8.14364183607524,6.364466575285782,8.856635310016806,1
4,1|2|7|14,n02|n03|n08|n15,64.99609403289121,65.1962016216667,11,0.0006141572901030419,12,9.513479933685744,7.734304672896286,10.22647340762731,9.71358752246124,7.934412261671781,10.426580996402805,1
4,1|2|7|15,n02|n03|n08|n16,66.39524808429793,66.54878682076682,11,0.0006108266603152222,12,10.91263398509247,9.133458724303011,11.625627459034035,11.066172721561358,9.2869974607719,11.779166195502924,1
4,1|2|8|9,n02|n03|n09|n10,52.905043437896666,53.116868651513116,11,0.0006279325591323302,12,2.577570661308812,4.356745922098241,1.8645771873672174,2.3657454476923476,4.144920708481777,1.65275197375081,1
4,1|2|8|10,n02|n03|n09|n11,56.78719046552892,57.271300304653145,12,0.0006303452888685415,12,1.3045763663234595,0.47459889446599846,2.0175698402650255,1.7886862054476822,0.009510944658224219,2.501679679389248,1
4,1|2|8|11,n02|n03|n09|n12,58.466138478368,58.839280966469396,12,0.0006189734742174165,12,2.9835243791625388,1.2043491183730808,3.6965178531041047,3.3566668672639324,1.5774916064744744,4.069660341205498,1
4,1|2|8|12,n02|n03|n09|n13,53.10773545016472,53.543273099704074,12,0.0006188774599870621,12,2.3748786490407383,4.154053909830225,1.6618851750992008,1.9393409995013826,3.718516260290869,1.226347525559845,1
4,1|2|8|13,n02|n03|n09|n14,51.70532575271821,52.17876666528821,11,0.0006220520225768633,12,3.7772883464872393,5.556463607276726,3.0642948725457018,3.3038474339172694,5.083022694706699,2.590853959975675,1
4,1|2|8|14,n02|n03|n09|n15,55.510348957541176,55.96916290798511,12,0.000617837449383,12,0.02773485833571243,1.7514404024537384,0.7407283322772784,0.486548808779645,1.292626452009813,1.199542282721211,1
4,1|2|8|15,n02|n03|n09|n16,56.97783610099204,57.39696732131874,12,0.0006241298377320977,12,1.4952220017865798,0.28395325900288526,2.208215475728146,1.9143532221132773,0.13517796132381932,2.6273466960548433,1
4,1|2|9|10,n02|n03|n10|n11,57.24662275453689,57.898455089187905,12,0.0006194873611207042,12,1.7640086553314234,0.01516660545803461,2.4770021292729894,2.415840989982442,0.636665729192984,3.128834463924008,1
4,1|2|9|11,n02|n03|n10|n12,59.415910577276605,59.905314079346084,12,0.0006101225230386509,12,3.933296478071142,2.154121217281684,4.646289952012708,4.422699980140621,2.643524719351163,5.135693454082187,1
4,1|2|9|12,n02|n03|n10|n13,54.88073181490031,55.29361953150418,12,0.000622454278706448,12,0.6018822843051339,2.3810575450946203,0.11111118963641076,0.1889945677012861,1.9681698284907725,0.5239989062402799,1
4,1|2|9|13,n02|n03|n10|n14,51.880936276743256,52.61018663901633,11,0.0006103907821845268,12,3.601677822462193,5.380853083251679,2.8886843485206555,2.872427460189158,4.6516027209785875,2.1594339862475636,1
4,1|2|9|14,n02|n03|n10|n15,56.60528082193577,57.12438284756015,12,0.000612477100440502,12,1.1226667227303082,0.6565085380591427,1.8356601966718742,1.6417687483546857,0.13740651243477942,2.3547622222962517,1
4,1|2|9|15,n02|n03|n10|n16,57.977051790608655,58.47936843747723,12,0.000611041655083687,12,2.494437691403192,0.7152624306137341,3.207431165344758,2.9967543382717636,1.2175790774823056,3.7097478122133296,1
4,1|2|10|11,n02|n03|n11|n12,61.30639794661233,62.16278009803486,11,0.000617542962221483,12,5.823783847406865,4.044608586617407,6.536777321348431,6.680165998829395,4.900990738039937,7.393159472770961,1
4,1|2|10|12,n02|n03|n11|n13,56.7177409124461,57.123213040374445,12,0.0006253249506134876,12,1.2351268132406332,0.5440484475488461,1.9481202871821992,1.6405989411689816,0.13857631962048345,2.3535924151105476,1
4,1|2|10|13,n02|n03|n11|n14,57.0191053183091,57.59943947079932,12,0.000615264273693999,12,1.5364912191036382,0.24268404168583402,2.249484693045204,2.1168253715938548,0.3376501108043968,2.8298188455354207,1
4,1|2|10|14,n02|n03|n11|n15,59.95980307358268,60.3618800325319,11,0.000617542962221483,12,4.4771889743772135,2.6980137135877555,5.1901824483187795,4.879265933326437,3.100090672536979,5.592259407268003,1
4,1|2|10|15,n02|n03|n11|n16,59.93908807437669,60.398081083112004,12,0.0006135956082074635,12,4.456473975171228,2.67729871438177,5.169467449112794,4.915466983906541,3.1362917231170826,5.628460457848107,1
4,1|2|11|12,n02|n03|n12|n13,58.266858873201166,58.61296506697622,12,0.0006163193187566697,12,2.7842447739957024,1.0050695132062444,3.4972382479372683,3.1303509677707595,1.3511757069813015,3.8433444417123255,1
4,1|2|11|13,n02|n03|n12|n14,58.66147676889141,59.19323325730992,12,0.0006131776163830832,12,3.178862669685948,1.3996874088964901,3.891856143627514,3.710619158104457,1.931443897314999,4.423612632046023,1
4,1|2|11|14,n02|n03|n12|n15,60.997320602190086,61.48995190890244,11,0.000617542962221483,12,5.514706502984623,3.735531242195165,6.227699976926189,6.007337809696978,4.22816254890752,6.720331283638544,1
4,1|2|11|15,n02|n03|n12|n16,61.31184575606714,61.72004790549005,12,0.0006173804285604878,12,5.82923165686168,4.050056396072222,6.542225130803246,6.237433806284585,4.458258545495127,6.950427280226151,1
4,1|2|12|13,n02|n03|n13|n14,54.35221547733618,54.83928456110365,12,0.0006236139196621057,12,1.1303986218692899,2.9095738826587194,0.41740514792769545,0.6433295381017956,2.422504798891282,0.06966393583975616,1
4,1|2|12|14,n02|n03|n13|n15,55.47426324552904,55.828535971206506,12,0.0006222780872902481,12,0.008350853676404313,1.7875261144658907,0.7046426202651404,0.34592187200104263,1.4332533887884438,1.0589153459426086,1
4,1|2|12|15,n02|n03|n13|n16,56.7868922016593,57.17424478720847,12,0.0006206127723963383,12,1.3042781024538357,0.4748971583356365,2.0172715763954017,1.6916306880030092,0.08754457278644168,2.404624161944575,1
4,1|2|13|14,n02|n03|n14|n15,55.93908121869414,56.629315052852746,12,0.0006106052123033578,12,0.45646711948867846,1.3227081413007795,1.1694605934302444,1.146700953647283,0.6324743071421608,1.859694427588849,1
4,1|2|13|15,n02|n03|n14|n16,57.158712588260514,57.77532128826194,12,0.0006106052123033578,12,1.6760984890550503,0.10307677173443608,2.3890919629966163,2.292707189056479,0.513531928267021,3.005700662998045,1
4,1|2|14|15,n02|n03|n15|n16,59.097058352804765,59.64069290589757,12,0.000618380361549586,12,3.614444253599302,1.8352689928098442,4.327437727540868,4.15807880669211,2.378903545902652,4.871072280633676,1
4,1|3|4|5,n02|n04|n05|n06,57.23149409210834,57.32955354088774,11,0.000625606480619848,12,1.7488799929028787,0.03029526788657222,2.4618734668444446,1.8469394416822738,0.06776418089281577,2.5599329156238397,1
4,1|3|4|6,n02|n04|n05|n07,59.095652983120615,59.35510488626655,11,0.000625606480619848,12,3.613038883915152,1.8338636231256942,4.326032357856718,3.872490787061089,2.093315526271631,4.585484261002655,1
4,1|3|4|7,n02|n04|n05|n08,59.97245333679032,60.4330363108275,11,0.000625606480619848,12,4.48983923758486,2.710663976795402,5.202832711526426,4.950422211622033,3.1712469508325754,5.663415685563599,1
4,1|3|4|8,n02|n04|n05|n09,54.15380677878023,54.33753390484632,11,0.0006323320660979522,12,1.3288073204252555,3.107982581214685,0.6158138464836611,1.1450801943591387,2.924255455148625,0.4320867204176011,1
4,1|3|4|9,n02|n04|n05|n10,55.75955079585588,55.871962470181614,11,0.0006353780833701877,12,0.27693669665041654,1.5022385641390201,0.9899301705919825,0.38934837097615116,1.389826889813321,1.1023418449177171,1
4,1|3|4|10,n02|n04|n05|n11,57.613293652161666,57.84950126028146,11,0.000635152233333506,12,2.1306795529562024,0.3515042921667444,2.8436730268977684,2.3668871610759936,0.5877119002865356,3.0798806350175596,1
4,1|3|4|11,n02|n04|n05|n12,59.35877077838691,59.53719943871435,11,0.0006345202646653394,12,3.876156679181449,2.096981418391991,4.589150153123015,4.05458533950889,2.275410078719432,4.767578813450456,1
4,1|3|4|12,n02|n04|n05|n13,54.48292029386262,54.46803486767786,11,0.0006422509678922568,12,0.9996938053428721,2.7788690661323017,0.2867003314012777,1.0145792315275912,2.7937544923170776,0.30158575758605366,1
4,1|3|4|13,n02|n04|n05|n14,54.84953063220908,55.071521127092716,11,0.0006300731333545599,12,0.6330834669963679,2.4122587277858543,0.07991000694518391,0.41109297211272633,2.1902682329022127,0.30190050182881834,1
4,1|3|4|14,n02|n04|n05|n15,56.440651566013656,56.56046637862393,11,0.0006279670932574189,12,0.958037466808193,0.8211377939812792,1.671030940749759,1.0778522794184653,0.7013229813709927,1.7908457533600313,1
4,1|3|4|15,n02|n04|n05|n16,57.951974526531124,58.05847620125266,11,0.0006361562191775514,12,2.469360427325661,0.6901851665362031,3.182353901267227,2.5758621020471963,0.7966868412577384,3.2888555759887623,1
4,1|3|5|6,n02|n04|n06|n07,63.75178373570165,64.15845849392849,10,0.0006170366084889883,12,8.269169636496187,6.489994375706729,8.982163110437753,8.675844394723029,6.896669133933571,9.388837868664595,1
4,1|3|5|7,n02|n04|n06|n08,65.29885644236401,65.54074677438054,10,0.000617121072272314,12,9.81624234315855,8.037067082369092,10.529235817100115,10.058132675175074,8.278957414385616,10.77112614911664,1
4,1|3|5|8,n02|n04|n06|n09,56.96575029725495,57.15331504819327,11,0.0006324751163874115,12,1.4831361980494862,0.2960390627399647,2.196129671991052,1.6707009489878075,0.10847431180167177,2.3836944229293735,1
4,1|3|5|9,n02|n04|n06|n10,58.36760393504115,58.61556163385363,11,0.0006324073613345449,12,2.8849898358356896,1.1058145750462316,3.5979833097772556,3.132947534648167,1.3537722738587092,3.845941008589733,1
4,1|3|5|10,n02|n04|n06|n11,59.39485395714278,59.75374624063759,11,0.0006202510167495209,12,3.9122398579373154,2.1330645971478575,4.625233331878881,4.271132141432126,2.491956880642668,4.984125615373692,1
4,1|3|5|11,n02|n04|n06|n12,61.11105559792516,61.45165836198912,11,0.000625606480619848,12,5.628441498719695,3.8492662379302374,6.341434972661261,5.969044262783655,4.189869001994197,6.682037736725221,1
4,1|3|5|12,n02|n04|n06|n13,56.1747757079655,56.31151572015947,11,0.0006350523138907004,12,0.6921616087600384,1.087013652029441,1.4051550827016044,0.8289016209540065,0.9502736398354727,1.5418950948955725,1
4,1|3|5|13,n02|n04|n06|n14,56.52354885302437,56.90016530653904,11,0.0006350523138907004,12,1.0409347538189095,0.7382405069705555,1.7539282277604755,1.4175512073335739,0.3616240534558983,2.13054468127514,1
4,1|3|5|14,n02|n04|n06|n15,58.18548782035846,58.44115179111937,11,0.0006279670932574189,12,2.702873721152997,0.9236984603635392,3.415867195094563,2.9585376919139037,1.1793624311244457,3.6715311658554697,1
4,1|3|5|15,n02|n04|n06|n16,59.7034480459705,59.94074583489211,11,0.000625606480619848,12,4.220833946765033,2.4416586859755753,4.933827420706599,4.458131735686649,2.6789564748971912,5.171125209628215,1
4,1|3|6|7,n02|n04|n07|n08,67.42357805143078,67.46361238038243,11,0.0006103907821845273,12,11.940963952225317,10.16178869143586,12.653957426166883,11.980998281176966,10.201823020387508,12.693991755118532,1
4,1|3|6|8,n02|n04|n07|n09,59.37810204668496,59.752789079531766,12,0.0006212989317861877,12,3.895487947479495,2.116312686690037,4.608481421421061,4.270174980326303,2.4909997195368447,4.983168454267869,1
4,1|3|6|9,n02|n04|n07|n10,60.65770327338207,61.01890136744629,12,0.0006265357024564248,12,5.175089174176605,3.3959139133871474,5.888082648118171,5.536287268240827,3.7571120074513686,6.249280742182393,1
4,1|3|6|10,n02|n04|n07|n11,62.88186503769941,63.538688982910855,12,0.000619434705821066,12,7.3992509384939495,5.620075677704492,8.112244412435516,8.056074883705392,6.276899622915934,8.769068357646958,1
4,1|3|6|11,n02|n04|n07|n12,63.95358563779959,64.28113471860293,12,0.0006187978321363604,12,8.470971538594128,6.69179627780467,9.183965012535694,8.798520619397465,7.019345358608007,9.51151409333903,1
4,1|3|6|12,n02|n04|n07|n13,59.473511732574444,59.73947566310281,12,0.0006261338472572445,12,3.9908976333689807,2.2117223725795228,4.703891107310547,4.2568615638973455,2.4776863031078875,4.9698550378389115,1
4,1|3|6|13,n02|n04|n07|n14,59.68218173572331,60.19205858460727,12,0.0006196059627533803,12,4.199567636517848,2.4203923757283903,4.912561110459414,4.709444485401804,2.9302692246123456,5.42243795934337,1
4,1|3|6|14,n02|n04|n07|n15,61.328968032379606,61.67578226655294,12,0.000619434705821066,12,5.846353933174143,4.067178672384685,6.559347407115709,6.19316816734748,4.413992906558022,6.906161641289046,1
4,1|3|6|15,n02|n04|n07|n16,62.669065661987815,62.99627321791065,12,0.0006194107598144202,12,7.186451562782352,5.407276301992894,7.899445036723918,7.513659118705185,5.734483857915727,8.22665259264675,1
4,1|3|7|8,n02|n04|n08|n09,60.1520182750232,60.72947672660304,12,0.0006187141179292427,12,4.669404175817739,2.890228915028281,5.382397649759305,5.246862627397576,3.467687366608118,5.959856101339142,1
4,1|3|7|9,n02|n04|n08|n10,61.15368001786948,61.746002005264394,12,0.0006185931107462988,12,5.67106591866402,3.891890657874562,6.384059392605586,6.263387906058931,4.484212645269473,6.976381380000497,1
4,1|3|7|10,n02|n04|n08|n11,63.067287326802635,63.84444084438775,12,0.0006278228235906022,12,7.584673227597172,5.805497966807714,8.297666701538738,8.361826745182285,6.5826514843928265,9.07482021912385,1
4,1|3|7|11,n02|n04|n08|n12,64.34988569302838,65.02933387904677,12,0.000619434705821066,12,8.86727159382292,7.088096333033462,9.580265067764486,9.546719779841311,7.767544519051853,10.259713253782877,1
4,1|3|7|12,n02|n04|n08|n13,60.118553786944624,60.599196724067966,12,0.0006235490334002996,12,4.63593968773916,2.8567644269497023,5.348933161680726,5.116582624862502,3.3374073640730444,5.829576098804068,1
4,1|3|7|13,n02|n04|n08|n14,60.50338696186689,61.182218753279365,12,0.0006162974291084539,12,5.020772862661424,3.241597601871966,5.73376633660299,5.699604654073902,3.9204293932844436,6.412598128015468,1
4,1|3|7|14,n02|n04|n08|n15,62.01523451311869,62.616713932510734,12,0.000618380361549586,12,6.532620413913229,4.753445153123771,7.245613887854795,7.134099833305271,5.354924572515813,7.847093307246837,1
4,1|3|7|15,n02|n04|n08|n16,63.28120779481373,63.874961193539214,12,0.000619434705821066,12,7.798593695608268,6.01941843481881,8.511587169549834,8.39234709433375,6.613171833544293,9.105340568275317,1
4,1|3|8|9,n02|n04|n09|n10,53.9860929506015,54.08881046425314,11,0.0006324073613345449,12,1.4965211486039607,3.2756964093933902,0.7835276746624231,1.3938036349522918,3.172978895741778,0.6808101610107542,1
4,1|3|8|10,n02|n04|n09|n11,57.99931937781067,58.40640808207148,12,0.0006303452888685415,12,2.516705278605208,0.7375300178157502,3.229698752546774,2.923793982866016,1.144618722076558,3.636787456807582,1
4,1|3|8|11,n02|n04|n09|n12,59.59102064794967,59.910745914577525,12,0.0006241298377320977,12,4.108406548744206,2.329231287954748,4.821400022685772,4.428131815372062,2.648956554582604,5.141125289313628,1
4,1|3|8|12,n02|n04|n09|n13,54.46263485636863,54.7446082481208,12,0.0006188774599870621,12,1.0199792428368255,2.799154503626312,0.30698576889528795,0.7380058510846652,2.5171811118741516,0.025012377143070808,1
4,1|3|8|13,n02|n04|n09|n14,53.20668391636152,53.51381918492692,11,0.0006220520225768633,12,2.275930182843922,4.055105443633408,1.5629367089023845,1.9687949142785328,3.747970175068019,1.2558014403369953,1
4,1|3|8|14,n02|n04|n09|n15,56.85432847452598,57.15485360519402,12,0.000617837449383,12,1.371714375320515,0.4074608854689359,2.084707849262081,1.672239505988557,0.10693575480092932,2.385232979930123,1
4,1|3|8|15,n02|n04|n09|n16,58.29776066650295,58.55730096057223,12,0.0006241298377320977,12,2.8151465672974894,1.0359713065080314,3.5281400412390553,3.0746868613667644,1.2955116005773064,3.7876803353083304,1
4,1|3|9|10,n02|n04|n10|n11,58.65384651327457,59.126078697609756,12,0.0006194873611207042,12,3.1712324140691095,1.3920571532796515,3.8842258880106755,3.643464598404293,1.864289337614835,4.356458072345859,1
4,1|3|9|11,n02|n04|n10|n12,60.67806999108154,61.007148024371766,12,0.0006170727877730093,12,5.19545589187608,3.4162806310866216,5.908449365817646,5.524533925166303,3.7453586643768446,6.237527399107869,1
4,1|3|9|12,n02|n04|n10|n13,56.31622631904387,56.501051926247115,12,0.0006309000489444523,12,0.8336122198384075,0.9455630409510718,1.5466056937799735,1.0184378270416516,0.7607374337478063,1.7314313009832176,1
4,1|3|9|13,n02|n04|n10|n14,53.55375399634517,53.97826544069988,11,0.0006103907821845269,12,1.9288601028603125,3.708035363649742,1.215866628918718,1.5043486585055916,3.283523919295021,0.7913551845639972,1
4,1|3|9|14,n02|n04|n10|n15,58.03423401331373,58.31634675673341,12,0.0006173221646362474,12,2.551619914108265,0.7724446533188072,3.264613388049831,2.8337326575279462,1.0545573967384883,3.546726131469512,1
4,1|3|9|15,n02|n04|n10|n16,59.373285502130905,59.64177867656001,12,0.0006179919198180455,12,3.8906714029254417,2.1114961421359837,4.603664876867008,4.159164577354545,2.379989316565087,4.872158051296111,1
4,1|3|10|11,n02|n04|n11|n12,63.05702424794739,63.44698281147029,11,0.000617542962221483,12,7.574410148741926,5.795234887952468,8.287403622683492,7.964368712264829,6.185193451475371,8.677362186206395,1
4,1|3|10|12,n02|n04|n11|n13,58.079603536617725,58.34289715547324,12,0.0006323693801676566,12,2.5969894374122617,0.8178141766228038,3.3099829113538277,2.8602830562677752,1.0811077954783173,3.573276530209341,1
4,1|3|10|13,n02|n04|n11|n14,58.38918580519308,58.81723867144029,12,0.0006201978999230127,12,2.9065717059876164,1.1273964451981584,3.6195651799291824,3.33462457223483,1.555449311445372,4.047618046176396,1
4,1|3|10|14,n02|n04|n11|n15,61.42877429435696,61.65401840601065,11,0.000617987658971013,12,5.946160195151499,4.166984934362041,6.659153669093065,6.1714043068051865,4.3922290460157285,6.8843977807467525,1
4,1|3|10|15,n02|n04|n11|n16,61.273506938013384,61.56910221471147,12,0.0006185629674086472,12,5.79089283880792,4.011717578018462,6.503886312749486,6.0864881155060075,4.30731285471655,6.7994815894475735,1
4,1|3|11|12,n02|n04|n12|n13,59.561843435609426,59.783285491804065,12,0.0006324595745713969,12,4.079229336403962,2.3000540756145043,4.792222810345528,4.300671392598602,2.521496131809144,5.013664866540168,1
4,1|3|11|13,n02|n04|n12|n14,59.969411809628156,60.36181993602951,12,0.0006170383093084405,12,4.486797710422692,2.7076224496332344,5.199791184364258,4.879205836824049,3.100030576034591,5.592199310765615,1
4,1|3|11|14,n02|n04|n12|n15,62.35801567083233,62.72560416977456,11,0.0006213264494206488,12,6.875401571626867,5.096226310837409,7.588395045568433,7.2429900705691,5.463814809779642,7.955983544510666,1
4,1|3|11|15,n02|n04|n12|n16,62.55257741834956,62.84489597415853,12,0.0006234664650202484,12,7.069963319144094,5.290788058354636,7.78295679308566,7.362281874953069,5.583106614163611,8.075275348894635,1
4,1|3|12|13,n02|n04|n13|n14,55.88472766629512,56.138340164248405,12,0.0006306578476663572,12,0.40211356708965695,1.3770616936998294,1.115107041031223,0.6557260650429413,1.1234491957465025,1.3687195389845073,1
4,1|3|12|14,n02|n04|n13|n15,56.98664751030456,57.116631987451065,12,0.0006363249261848556,12,1.504033411099094,0.27514184969038524,2.21702688504066,1.6340178882456016,0.1451573725438493,2.3470113621871675,1
4,1|3|12|15,n02|n04|n13|n16,58.27994625532299,58.43554906228863,12,0.0006363249261848556,12,2.797332156117527,1.0181568953280689,3.510325630059093,2.952934963083166,1.173759702293708,3.665928437024732,1
4,1|3|13|14,n02|n04|n14|n15,57.47929832808246,57.914198881622454,12,0.0006122705271972677,12,1.996684228876994,0.21750896808753595,2.70967770281856,2.4315847824169907,0.6524095216275327,3.1445782563585567,1
4,1|3|13|15,n02|n04|n14|n16,58.66718591284342,59.03612582626789,12,0.0006151052169670216,12,3.184571813637959,1.4053965528485008,3.897565287579525,3.5535117270624283,1.7743364662729704,4.266505201003994,1
4,1|3|14|15,n02|n04|n15|n16,60.568494153282224,60.873092801377794,12,0.0006202721051491688,12,5.08588005407676,3.3067047932873024,5.798873528018326,5.390478702172331,3.611303441382873,6.103472176113897,1
4,1|4|5|6,n02|n05|n06|n07,54.1070860520755,53.923689173869654,11,0.0006175429622214836,12,1.375528047129933,3.1547033079194193,0.6625345731883954,1.5589249253358162,3.3381001861252457,0.8459314513942218,1
4,1|4|5|7,n02|n05|n06|n08,56.79054936375159,56.31333416853195,11,0.000617542962221483,12,1.3079352645461242,0.4712399962433551,2.02092873848769,0.8307200693264889,0.9484551914629833,1.5437135432680549,1
4,1|4|5|8,n02|n05|n06|n09,50.76938817001987,50.55783879853218,11,0.0006165302547564936,12,4.713225929185569,6.492401189975055,4.000232455244031,4.924775300673275,6.7039505614627615,4.2117818267317375,1
4,1|4|5|9,n02|n05|n06|n10,51.04483902970202,50.97125304609777,11,0.000615803328639259,12,4.437775069503459,6.216950330292889,3.724781595561865,4.5113610531076915,6.290536313897178,3.798367579166097,1
4,1|4|5|10,n02|n05|n06|n11,53.07953651085615,53.02052755196584,11,0.0006175429622214836,12,2.4030775883493334,4.182252849138763,1.690084114407739,2.4620865472396076,4.241261808029094,1.74909307329807,1
4,1|4|5|11,n02|n05|n06|n12,54.844102334376686,54.770753929205426,11,0.000617542962221483,12,0.6385117648287633,2.4176870256182497,0.07448170911278851,0.7118601700000227,2.491035430789509,0.0011333039415291069,1
4,1|4|5|12,n02|n05|n06|n13,49.867842016164055,49.591634845775715,11,0.0006202616371949098,12,5.61477208304143,7.39394734383086,4.901778609099836,5.890979253429748,7.670154514219234,5.177985779488154,1
4,1|4|5|13,n02|n05|n06|n14,50.07534003681538,50.13170958014521,11,0.000615803328639259,12,5.407274062390059,7.186449323179545,4.694280588448521,5.3509045190602365,7.130079779849723,4.637911045118699,1
4,1|4|5|14,n02|n05|n06|n15,51.87454833730127,51.71499235805519,11,0.0006175429622214836,12,3.608065761904186,5.387241022693672,2.8950722879626483,3.767621741150265,5.546797001939751,3.0546282672087273,1
4,1|4|5|15,n02|n05|n06|n16,53.28302072069361,53.201084940684574,11,0.0006175429622214836,12,2.1995933785118496,3.978768639301336,1.486599904570312,2.2815291585208684,4.060704419310355,1.5685356845793308,1
4,1|4|6|7,n02|n05|n07|n08,63.252928972375116,62.68754379027392,10,0.0006134605184705104,12,7.770314873169653,5.991139612380195,8.483308347111219,7.2049296910684575,5.4257544302789995,7.9179231650100235,1
4,1|4|6|8,n02|n05|n07|n09,51.31348650591295,51.44373985876972,11,0.0006218688100370348,12,4.169127593292501,5.948302854081987,3.4561341193509634,4.038874240435746,5.818049501225232,3.3258807664941514,1
4,1|4|6|9,n02|n05|n07|n10,53.353388883111336,53.306073952010486,11,0.0006353780833701877,12,2.1292252160941416,3.908400476883571,1.4162317421525472,2.1765401471949986,3.955715407984428,1.4635466732534042,1
4,1|4|6|10,n02|n05|n07|n11,55.365546399863156,55.43874137431221,11,0.000617542962221483,12,0.11706769934232852,1.896242960131758,0.5959257745992588,0.04387272489327643,1.823047985682706,0.6691207490483109,1
4,1|4|6|11,n02|n05|n07|n12,56.7928530071098,56.81278186585701,11,0.0006200527020512376,12,1.3102389079043348,0.46893635288512314,2.023232381845901,1.3301677666515488,0.4490074941379021,2.0431612405931148,1
4,1|4|6|12,n02|n05|n07|n13,51.90719715428457,51.7892621341151,11,0.0006418844974537301,12,3.575416944920903,5.354592205710333,2.8624234709793086,3.6933519650903577,5.472527225879844,2.98035849114882,1
4,1|4|6|13,n02|n05|n07|n14,52.052303441026666,52.25208207519524,11,0.0006300731333545599,12,3.430310658178769,5.209485918968255,2.7173171842372312,3.2305320240102446,5.009707284799674,2.5175385500686502,1
4,1|4|6|14,n02|n05|n07|n15,53.7797356759713,53.81485926403708,11,0.0006242707864907042,12,1.7028784232341536,3.48205368402364,0.9898849492926161,1.6677548351683527,3.446930095957839,0.9547613612268151,1
4,1|4|6|15,n02|n05|n07|n16,55.275327625295674,55.32812518445806,11,0.0006212785574073573,12,0.2072864739097895,1.986461734699219,0.5057070000317765,0.15448891474738957,1.933664175536876,0.5585045591941622,1
4,1|4|7|8,n02|n05|n08|n09,53.25048263790894,53.17831681978404,11,0.0006166991823231449,12,2.2321314612965466,4.011306722085976,1.5191379873549522,2.304297279421405,4.083472540210892,1.5913038054798676,1
4,1|4|7|9,n02|n05|n08|n10,55.01319025715254,54.774721867715776,11,0.0006272318203968502,12,0.4694238420529473,2.248599102842377,0.24356963188864,0.7078922314896658,2.4870674922791522,0.005101242451878818,1
4,1|4|7|10,n02|n05|n08|n11,56.84265866913669,56.82968486249238,11,0.000635152233333506,12,1.360044569931226,0.4191306908582533,2.073038043872792,1.347070763286915,0.4321044975025643,2.060064237228481,1
4,1|4|7|11,n02|n05|n08|n12,58.39575576097727,58.14498397103299,11,0.000617542962221483,12,2.91314166177181,1.1339664009823522,3.626135135713376,2.6623698718275293,0.8831946110380713,3.3753633457690952,1
4,1|4|7|12,n02|n05|n08|n13,53.60318199491094,53.317881403102994,11,0.0006418844974537301,12,1.8794321042945512,3.6586073650839808,1.1664386303529568,2.164732696102476,3.9439079568919055,1.4517392221608816,1
4,1|4|7|13,n02|n05|n08|n14,54.00565520110593,53.950827484006126,11,0.00062758061685036,12,1.4769588980995536,3.256134158888983,0.7639654241579592,1.5317866151993371,3.3109618759888235,0.8187931412577427,1
4,1|4|7|14,n02|n05|n08|n15,55.60502845460799,55.46003420030654,11,0.0006262716980141204,12,0.1224143554025261,1.6567609053869319,0.8354078293440921,0.02257989889892542,1.801755159688355,0.6904135750426406,1
4,1|4|7|15,n02|n05|n08|n16,57.046882916923074,56.892332624603334,11,0.000625606480619848,12,1.5642688177176112,0.21490644307186813,2.277262291659177,1.4097185253978708,0.36945673539156587,2.1227119993394368,1
4,1|4|8|9,n02|n05|n09|n10,44.30668526508255,43.975140768418136,10,0.0006263344992647273,12,11.175928834122942,12.955104094912372,10.462935360181348,11.50747333078732,13.286648591576807,10.794479856845783,1
4,1|4|8|10,n02|n05|n09|n11,49.779199512564674,49.9782404082384,11,0.000633714370936008,12,5.703414586640804,7.4825898474302335,4.9904211126992095,5.504373690967043,7.283548951756529,4.791380217025505,1
4,1|4|8|11,n02|n05|n09|n12,51.532411603797264,51.684978590048594,11,0.000615803328639259,12,3.9502024954081776,5.729377756197664,3.23720902146664,3.797635509156862,5.5768107699463485,3.0846420352153245,1
4,1|4|8|12,n02|n05|n09|n13,45.6125964308274,45.82320582435343,11,0.0006165302547564936,12,9.870017668378068,11.649192929167498,9.157024194436474,9.659408274852012,11.438583535641499,8.946414800910475,1
4,1|4|8|13,n02|n05|n09|n14,43.76725581506182,43.87880297540294,10,0.0006224346815352113,12,11.715358284143633,13.49453354493312,11.002364810202096,11.60381112380253,13.382986384591959,10.890817649860935,1
4,1|4|8|14,n02|n05|n09|n15,48.30928979929451,48.51986198243377,11,0.000615803328639259,12,7.173324299910973,8.952499560700403,6.460330825969379,6.962752116771696,8.741927377561183,6.249758642830102,1
4,1|4|8|15,n02|n05|n09|n16,49.95826787085976,50.12813425436444,11,0.0006202616371949098,12,5.524346228345735,7.303521489135164,4.81135275440414,5.354479844841023,7.13365510563051,4.641486370899429,1
4,1|4|9|10,n02|n05|n10|n11,51.06617930432373,51.12835210627139,11,0.0006202510167495209,12,4.416434794881752,6.195610055671182,3.7034413209401578,4.3542619929340844,6.133437253723514,3.64126851899249,1
4,1|4|9|11,n02|n05|n10|n12,53.23343265039919,53.27306524049506,11,0.000615803328639259,12,2.2491814488062687,4.028356709595755,1.5361879748647311,2.2095488587103773,3.9887241194998637,1.4965553847688398,1
4,1|4|9|12,n02|n05|n10|n13,48.55131747478007,48.362849755786186,11,0.0006324073613345449,12,6.931296624425386,8.710471885214872,6.218303150483848,7.119764343419263,8.89893960420875,6.406770869477725,1
4,1|4|9|13,n02|n05|n10|n14,44.41080332376913,44.665298355060116,10,0.0006138669720000631,12,11.071810775436347,12.850986036225777,10.358817301494753,10.817315744145333,12.596491004934819,10.104322270203795,1
4,1|4|9|14,n02|n05|n10|n15,50.21952431886415,50.212288483542274,11,0.0006202616371949098,12,5.263089780341318,7.042265041130747,4.550096306399723,5.270325615663182,7.049500876452669,4.557332141721645,1
4,1|4|9|15,n02|n05|n10|n16,51.67094925947278,51.701252939946855,11,0.0006202616371949098,12,3.811664839732657,5.5908401005221435,3.0986713657911196,3.7813611592586085,5.560536420048038,3.068367685317071,1
4,1|4|10|11,n02|n05|n11|n12,54.813068577778736,55.03522274120575,10,0.0006174241869178092,12,0.6695455214266985,2.448720782216185,0.04344795251483902,0.4473913579997202,2.2265666187891497,0.2656021159418529,1
4,1|4|10|12,n02|n05|n11|n13,50.24509588963766,50.179455023246,11,0.000635152233333506,12,5.2375182095677815,7.016693470357268,4.524524735626244,5.3031590759594565,7.082334336748943,4.590165602017919,1
4,1|4|10|13,n02|n05|n11|n14,50.59607213366937,50.70177376004857,11,0.0006283580059927685,12,4.886541965536082,6.665717226325569,4.173548491594545,4.780840339156896,6.560015599946382,4.0678468652153015,1
4,1|4|10|14,n02|n05|n11|n15,52.844868262758254,52.85077277301715,10,0.0006217938681562309,12,2.637745836447209,4.4169210972366955,1.9247523625056147,2.631841326188294,4.41101658697778,1.9188478522467562,1
4,1|4|10|15,n02|n05|n11|n16,53.55412043725015,53.671196443154635,11,0.0006186387186623914,12,1.928493661955315,3.7076689227448014,1.2155001880137206,1.8114176560508213,3.5905929168403077,1.0984241821092837,1
4,1|4|11|12,n02|n05|n12|n13,51.91625219746606,51.835316583547446,11,0.0006383132612495509,12,3.5663619017394126,5.345537162528842,2.853368427797818,3.6472975156580105,5.426472776447497,2.934304041716473,1
4,1|4|11|13,n02|n05|n12|n14,52.31403173556833,52.456520515733814,11,0.0006185480461659369,12,3.1685823636371424,4.947757624426572,2.455588889695548,3.0260935834716634,4.805268844261093,2.313100109530069,1
4,1|4|11|14,n02|n05|n12|n15,54.145908384661446,54.19822817193691,10,0.0006271193956357697,12,1.3367057145439958,3.115880975333482,0.6237122406024582,1.284385927268545,3.0635611880580313,0.5713924533270074,1
4,1|4|11|15,n02|n05|n12|n16,55.12338118578167,55.15614034235512,11,0.000625606480619848,12,0.3592329134237957,2.138408174213282,0.3537605605177703,0.32647375685036195,2.1056490176397915,0.38651971709122535,1
4,1|4|12|13,n02|n05|n13|n14,47.978609793645525,47.8504022879418,11,0.0006361398785853665,12,7.504004305559931,9.283179566349418,6.791010831618394,7.632211811263687,9.411387072053117,6.919218337322093,1
4,1|4|12|14,n02|n05|n13|n15,48.99188743591719,48.81234949965892,11,0.0006418844974537301,12,6.490726663288285,8.269901924077715,5.777733189346691,6.670264599546556,8.449439860335985,5.9572711256049615,1
4,1|4|12|15,n02|n05|n13|n16,50.36696185528854,50.28818233372782,11,0.0006418844974537301,12,5.115652243916941,6.89482750470637,4.402658769975346,5.1944317654776455,6.973607026267132,4.481438291536051,1
4,1|4|13|14,n02|n05|n14|n15,49.343024588476524,49.621342569376914,11,0.0006202616371949098,12,6.139589510728911,7.918764771518397,5.426596036787373,5.861271529828571,7.640446790618,5.148278055886976,1
4,1|4|13|15,n02|n05|n14|n16,50.753548270324615,50.92268521828349,11,0.00062758061685036,12,4.7290658288808345,6.508241089670321,4.016072354939297,4.559928880921973,6.339104141711459,3.8469354069803785,1
4,1|4|14|15,n02|n05|n15|n16,52.748006183704156,52.87068301340782,11,0.0006262716980141204,12,2.7346079155013285,4.513783176290758,2.021614441559734,2.6119310857976643,4.391106346587094,1.89893761185607,1
4,1|5|6|7,n02|n06|n07|n08,68.04912884389488,68.0473899943633,9,0.0006148552065809061,12,12.566514744689414,10.787339483899956,13.27950821863098,12.564775895157837,10.785600634368379,13.277769369099403,1
4,1|5|6|8,n02|n06|n07|n09,53.97413916267065,53.838201285269164,11,0.0006155809183723672,12,1.5084749365348102,3.2876501973242966,0.7954814625932158,1.6444128139362988,3.423588074725785,0.9314193399947044,1
4,1|5|6|9,n02|n06|n07|n10,55.763590765722086,55.64581431104902,11,0.0006121492384300354,12,0.28097666651662223,1.4981985942728215,0.9939701404581882,0.16320021184355937,1.6159750489458702,0.8761936857851254,1
4,1|5|6|10,n02|n06|n07|n11,57.13664319724091,57.08630324277604,11,0.0006050562733118411,12,1.6540290980354442,0.12514616275399248,2.36702257197701,1.603689143570577,0.1754861172188953,2.316682617512143,1
4,1|5|6|11,n02|n06|n07|n12,58.35525345126742,58.21000427949882,11,0.0006098154029277415,12,2.8726393520619595,1.0934640912725015,3.5856328260035255,2.727390180293355,0.9482149195038971,3.440383654234921,1
4,1|5|6|12,n02|n06|n07|n13,53.24655403157704,53.00447712577715,11,0.0006165302547564936,12,2.2360600676284434,4.015235328417873,1.523066593686849,2.4781369734283203,4.25731223421775,1.7651434994867259,1
4,1|5|6|13,n02|n06|n07|n14,53.435937664845234,53.5647902507274,11,0.0006050562733118411,12,2.046676434360222,3.8258516951497086,1.3336829604186846,1.917823848478065,3.6969991092674945,1.2048303745365274,1
4,1|5|6|14,n02|n06|n07|n15,55.23531935338552,55.14470976088365,11,0.0006141572901030419,12,0.24729474581994282,2.026470006609429,0.46569872812162316,0.33790433832183453,2.117079599111264,0.37508913561975277,1
4,1|5|6|15,n02|n06|n07|n16,56.791963536417995,56.70971058717551,11,0.0006148552065809061,12,1.309349437212532,0.4698258235769117,2.022342911154098,1.2270964879700443,0.5520787728194136,1.9400899619116103,1
4,1|5|7|8,n02|n06|n08|n09,56.51261448463471,56.13565326595694,11,0.0006165302547564936,12,1.030000385429247,0.749174875360211,1.742993859370813,0.6530391667514763,1.1261360940379745,1.3660326406930423,1
4,1|5|7|9,n02|n06|n08|n10,58.10448117222692,57.507573541377816,11,0.0006103907821845268,12,2.6218670730214555,0.8426918122319975,3.3348605469630215,2.024959442172353,0.24578418138289493,2.737952916113919,1
4,1|5|7|10,n02|n06|n08|n11,59.048044317130326,58.87876509628793,11,0.000617542962221483,12,3.565430217924863,1.7862549571354052,4.278423691866429,3.396150997082465,1.616975736293007,4.109144471024031,1
4,1|5|7|11,n02|n06|n08|n12,60.575326957745446,60.14810364316031,11,0.0006098154029277415,12,5.092712858539983,3.313537597750525,5.805706332481549,4.665489543954848,2.8863142831653903,5.378483017896414,1
4,1|5|7|12,n02|n06|n08|n13,55.69983322281365,55.28757891342755,11,0.0006165302547564936,12,0.21721912360818862,1.5619561371812551,0.9302125975497546,0.1950351857778969,1.9742104465673833,0.5179582881636549,1
4,1|5|7|13,n02|n06|n08|n14,56.096739040422904,55.91277930153672,11,0.0006103907821845268,12,0.6141249412174403,1.1650503195720034,1.3271184151590063,0.4301652023312599,1.349010058458191,1.1431586762728259,1
4,1|5|7|14,n02|n06|n08|n15,57.78568506220729,57.472538888859425,11,0.0006141572901030419,12,2.3030709630018293,0.5238957022123714,3.0160644369433953,1.989924789653962,0.21074952886450404,2.702918263595528,1
4,1|5|7|15,n02|n06|n08|n16,59.25876541544323,58.9226026665781,11,0.0006098154029277415,12,3.7761513162377653,1.9969760554483074,4.489144790179331,3.4399885673726374,1.6608133065831794,4.152982041314203,1
4,1|5|8|9,n02|n06|n09|n10,44.57490748777427,43.90168158165141,9,0.0006202616371949098,12,10.907706611431195,12.686881872220624,10.194713137489657,11.58093251755406,13.36010777834349,10.867939043612466,1
4,1|5|8|10,n02|n06|n09|n11,52.71070662314701,52.8217996174495,11,0.0006202510167495209,12,2.771907476058459,4.5510827368478886,2.0589140021168646,2.660814481755949,4.4399897425454355,1.9478210078144116,1
4,1|5|8|11,n02|n06|n09|n12,54.552688147989,54.59246333023755,11,0.0006158033286392587,12,0.9299259512164326,2.709101212005919,0.21693247727489506,0.890150768967942,2.6693260297573715,0.17715729502634758,1
4,1|5|8|12,n02|n06|n09|n13,48.78394140643031,48.837331664471954,11,0.000615803328639259,12,6.698672692775176,8.477847953564606,5.985679218833582,6.645282434733531,8.42445769552296,5.9322889607919365,1
4,1|5|8|13,n02|n06|n09|n14,46.836892512898515,46.884046850745676,10,0.0006180324829170844,12,8.645721586306934,10.42489684709642,7.932728112365396,8.598567248459801,10.37774250924923,7.885573774518207,1
4,1|5|8|14,n02|n06|n09|n15,51.37727911242385,51.4422445038975,11,0.000615803328639259,12,4.1053349867816,5.884510247571086,3.392341512840062,4.040369595307993,5.819544856097423,3.327376121366399,1
4,1|5|8|15,n02|n06|n09|n16,52.981703740884114,53.024264525910226,11,0.000615803328639259,12,2.5009103583213346,4.280085619110821,1.787916884379797,2.4583495732952088,4.237524834084695,1.7453560993536712,1
4,1|5|9|10,n02|n06|n10|n11,53.573152159241275,53.435060350675414,11,0.0006158033286392587,12,1.909461939964217,3.6886372007536465,1.1964684660226226,2.0475537485300492,3.826729009319479,1.3345602745885117,1
4,1|5|9|11,n02|n06|n10|n12,56.12936195813888,56.032581525537,11,0.0006067923068455594,12,0.6467478589334164,1.1324274018560345,1.3597413328749823,0.5499674263315342,1.2292078344579522,1.2629609002731002,1
4,1|5|9|12,n02|n06|n10|n13,51.23062868471466,51.07068658617185,11,0.000615803328639259,12,4.251985414490832,6.031160675280262,3.538991940549238,4.411927513033618,6.191102773823047,3.6989340390920233,1
4,1|5|9|13,n02|n06|n10|n14,48.11696157247801,48.204621897649524,10,0.0006120399268954513,12,7.365652526727445,9.144827787516931,6.652659052785907,7.277992201555946,9.057167462345376,6.564998727614352,1
4,1|5|9|14,n02|n06|n10|n15,52.93365946510722,52.88601850348972,11,0.0006158033286392587,12,2.5489546340982656,4.328129894887695,1.8359611601566712,2.596595595715712,4.3757708565051985,1.8836021217741745,1
4,1|5|9|15,n02|n06|n10|n16,54.44362448406437,54.407333872203445,11,0.0006158033286392587,12,1.0389896151410767,2.818164875930563,0.3259961411995391,1.075280227001997,2.8544554877914834,0.36228675306045943,1
4,1|5|10|11,n02|n06|n11|n12,56.94885056446314,57.18751806522141,10,0.0006158033286392585,12,1.4662364652576798,0.31293879553174975,2.179229939199246,1.704903966015948,0.07427129477349581,2.417897439957514,1
4,1|5|10|12,n02|n06|n11|n13,52.105246903853775,52.0818551424194,11,0.0006158718492025214,12,3.377367195351667,5.156542456141153,2.6643737214101293,3.400758956786035,5.179934217575521,2.6877654828444975,1
4,1|5|10|13,n02|n06|n11|n14,52.435294780570786,52.59116639636123,11,0.000615803328639259,12,3.0473193186346634,4.82649457942415,2.334325844693126,2.891447702844232,4.670622963633718,2.1784542289026376,1
4,1|5|10|14,n02|n06|n11|n15,55.03554180588405,55.04486961286803,10,0.0006158033286392589,12,0.44707229332141196,2.2262475541108415,0.265921180620154,0.4377444863374649,2.2169197471268944,0.2752489876041295,1
4,1|5|10|15,n02|n06|n11|n16,55.52038668630938,55.639282891615956,11,0.0006158033286392587,12,0.03777258710391607,1.7414026736855703,0.750766061045482,0.15666879241049259,1.6225064683789583,0.8696622663520586,1
4,1|5|11|12,n02|n06|n12|n13,53.761958341818755,53.74239011685832,11,0.000615803328639259,12,1.7206557573866803,3.4998310181761667,1.0076622834451427,1.7402239823471746,3.519399243136604,1.0272305084055802,1
4,1|5|11|13,n02|n06|n12|n14,54.135109096850535,54.34827587507725,11,0.0006155285724509442,12,1.3475050023549215,3.126680263144408,0.634511528413384,1.1343382241282143,2.913513484917644,0.4213447501866767,1
4,1|5|11|14,n02|n06|n12|n15,56.246094773574555,56.36087565359822,10,0.000616673145430371,12,0.7634806743690916,1.0156945864203522,1.4764741483106576,0.8782615543927577,0.9009137063966932,1.5912550283343236,1
4,1|5|11|15,n02|n06|n12|n16,57.03436552777181,57.12456853014439,11,0.0006158033286392587,12,1.551751428566348,0.2274238322231099,2.264744902507914,1.6419544309389238,0.1372208298505484,2.3549479048804898,1
4,1|5|12|13,n02|n06|n13|n14,49.53814557936181,49.6263889078967,11,0.000615803328639259,12,5.944468519843667,7.723643780633097,5.231475045902073,5.856225191308795,7.635400452098224,5.1432317173672,1
4,1|5|12|14,n02|n06|n13|n15,50.81170375615268,50.68653183613233,11,0.0006158718492025214,12,4.67091034305281,6.45008560384224,3.957916869111216,4.796082263073117,6.575257523862604,4.08308878913158,1
4,1|5|12|15,n02|n06|n13|n16,52.21114174122504,52.18207462040625,11,0.0006158718492025214,12,3.2714723579804286,5.050647618769858,2.558478884038834,3.3005394787992373,5.079714739588667,2.587546004857643,1
4,1|5|13|14,n02|n06|n14|n15,51.22650495733397,51.54355202655072,11,0.0006141572901030419,12,4.256109141871491,6.035284402660977,3.5431156679298965,3.9390620726547354,5.718237333444222,3.226068598713198,1
4,1|5|13|15,n02|n06|n14|n16,52.55350599505235,52.79161166010559,11,0.000615803328639259,12,2.9291081041531015,4.708283364942588,2.216114630211564,2.6910024390998615,4.470177699889348,1.978008965158324,1
4,1|5|14|15,n02|n06|n15|n16,54.64894358765148,54.80554166592971,11,0.000615803328639259,12,0.8336705115539758,2.612845772343462,0.1206770376124382,0.6770724332757254,2.456247694065212,0.03592104066581214,1
4,1|6|7|8,n02|n07|n08|n09,63.19403805187863,62.815513542252404,11,0.0006103907821845273,12,7.711423952673165,5.932248691883707,8.424417426614731,7.332899443046941,5.553724182257483,8.045892916988507,1
4,1|6|7|9,n02|n07|n08|n10,64.63716740108208,64.1932216008292,11,0.0006103907821845268,12,9.154553301876618,7.37537804108716,9.867546775818184,8.710607501623741,6.931432240834283,9.423600975565307,1
4,1|6|7|10,n02|n07|n08|n11,66.42638755987463,66.24137785911375,11,0.0006163876883792979,12,10.943773460669163,9.164598199879705,11.65676693461073,10.758763759908291,8.979588499118833,11.471757233849857,1
4,1|6|7|11,n02|n07|n08|n12,68.17716510494051,67.6643243034665,11,0.0006068988399767352,12,12.69455100573505,10.915375744945592,13.407544479676616,12.181710204261037,10.40253494347158,12.894703678202603,1
4,1|6|7|12,n02|n07|n08|n13,63.26243503901876,62.78545793172896,11,0.0006103907821845273,12,7.779820939813298,6.00064567902384,8.492814413754864,7.3028438325235,5.523668571734042,8.015837306465066,1
4,1|6|7|13,n02|n07|n08|n14,63.605646251165474,63.31969595930918,11,0.0006103837642914934,12,8.123032151960011,6.343856891170553,8.836025625901577,7.837081860103716,6.057906599314258,8.550075334045282,1
4,1|6|7|14,n02|n07|n08|n15,65.39861563703516,64.94113591738196,11,0.0006141572901030418,12,9.9160015378297,8.136826277040242,10.628995011771266,9.458521818176493,7.679346557387035,10.171515292118059,1
4,1|6|7|15,n02|n07|n08|n16,66.90679156197811,66.28264829835086,11,0.0006068988399767352,12,11.424177462772647,9.64500220198319,12.137170936714213,10.8000341991454,9.020858938355943,11.513027673086967,1
4,1|6|8|9,n02|n07|n09|n10,51.572601575175874,51.49484600366205,11,0.0006324073613345449,12,3.9100125240295824,5.689187784819069,3.197019050088045,3.9877680955434016,5.766943356332888,3.274774621601864,1
4,1|6|8|10,n02|n07|n09|n11,56.089642522870776,56.320171152299615,12,0.000626602084961376,12,0.6070284236653123,1.17214683712416,1.3200218976068783,0.8375570530941516,0.941618207695285,1.5505505270357176,1
4,1|6|8|11,n02|n07|n09|n12,57.2796673270152,57.438527303654624,12,0.0006178168102118024,12,1.7970532278097338,0.017877967020275776,2.5100467017512997,1.9559132044491605,0.17673794365970252,2.6689066783907265,1
4,1|6|8|12,n02|n07|n09|n13,52.11679975583963,52.29705653454539,12,0.0006212989317861877,12,3.365814343365855,5.144989604155285,2.6528208694242608,3.185557564660087,4.964732825449516,2.4725640907184925,1
4,1|6|8|13,n02|n07|n09|n14,50.42967007713821,50.69422875530591,11,0.0006288211433222339,12,5.0529440220672655,6.832119282856695,4.339950548125671,4.788385343899563,6.5675606046889925,4.0753918699579685,1
4,1|6|8|14,n02|n07|n09|n15,54.454590060521376,54.66679816581273,12,0.0006184713047042362,12,1.028024038684066,2.8071992994735524,0.31503056474252844,0.8158159333927415,2.594991194182171,0.1028224594511471,1
4,1|6|8|15,n02|n07|n09|n16,55.88701834434936,56.08139165479042,12,0.0006181549859538538,12,0.40440424514389406,1.3747710156455923,1.11739771908546,0.5987775555849595,1.1803977052044843,1.3117710295265255,1
4,1|6|9|10,n02|n07|n10|n11,56.89005413500351,57.08879808379898,12,0.0006126551075963118,12,1.4074400357980466,0.37173522499142564,2.1204335097396125,1.606183984593514,0.172991276195944,2.31917745853508,1
4,1|6|9|11,n02|n07|n10|n12,58.599182202884,58.72025476464207,12,0.0006126194664380528,12,3.1165681036785386,1.3373928428890807,3.8295615776201046,3.237640665436608,1.45846540464715,3.950634139378174,1
4,1|6|9|12,n02|n07|n10|n13,54.135682521869086,54.17981086079803,12,0.0006309000489444523,12,1.3469315773363633,3.1261068381258497,0.6339381033948257,1.3028032384074208,3.0819784991969073,0.5898097644658833,1
4,1|6|9|13,n02|n07|n10|n14,51.04936948878252,51.380909494286655,11,0.0006103907821845269,12,4.433244610422946,6.2124198712124326,3.7202511364813518,4.101704604918837,5.880879865708266,3.388711130977242,1
4,1|6|9|14,n02|n07|n10|n15,55.83638710337378,55.99818185015964,12,0.0006181405688855026,12,0.3537730041683176,1.4254022566211688,1.0667664781098836,0.5155677509541761,1.2636075098353103,1.228561224895742,1
4,1|6|9|15,n02|n07|n10|n16,57.20155848124044,57.36575145029648,12,0.0006179919198180455,12,1.7189443820349766,0.06023087875450983,2.4319378559765426,1.8831373510910154,0.10396209030155745,2.5961308250325814,1
4,1|6|10|11,n02|n07|n11|n12,60.47405858386257,60.55166946468985,11,0.0006048108864847677,12,4.991444484657109,3.2122692238676507,5.704437958598675,5.069055365484388,3.28988010469493,5.782048839425954,1
4,1|6|10|12,n02|n07|n11|n13,56.29837412781555,56.38812071725439,12,0.0006158560045090134,12,0.8157600286100859,0.9634152321793863,1.5287535025516519,0.9055066180489248,0.8736686427405402,1.6185000919904908,1
4,1|6|10|13,n02|n07|n11|n14,56.401084044141285,56.68982442260906,12,0.0006100160092424687,12,0.918469944935822,0.860705315853636,1.631463418877388,1.2072103234035936,0.5719649373858715,1.9202037973451596,1
4,1|6|10|14,n02|n07|n11|n15,61.25814133951869,56.63804209132279,11,0.0006163876883792979,12,5.775527240313224,3.996351979523766,6.48852071425479,1.1554279921173247,0.6237472686721048,1.8684214660588907,1
4,1|6|10|15,n02|n07|n11|n16,59.65015743626189,59.91511653426715,12,0.000613017971286371,12,4.167543337056429,2.3883680762669712,4.880536810997995,4.432502435061686,2.6533271742722278,5.145495909003252,1
4,1|6|11|12,n02|n07|n12|n13,57.39857367434686,57.43609854441148,12,0.0006207084859623895,12,1.9159595751414003,0.13678431435194227,2.6289530490829662,1.9534844452060156,0.17430918441655763,2.6664779191475816,1
4,1|6|11|13,n02|n07|n12|n14,57.627919466434875,57.897589367986924,12,0.0006100160092424687,12,2.145305367229412,0.3661301064399538,2.8582988411709778,2.414975268781461,0.6358000079920032,3.127968742723027,1
4,1|6|11|14,n02|n07|n12|n15,60.004152457339885,60.1529309476068,11,0.000617542962221483,12,4.521538358134421,2.7423630973449633,5.234531832075987,4.670316848401335,2.8911415876118767,5.383310322342901,1
4,1|6|11|15,n02|n07|n12|n16,60.36441408008422,60.472707508682596,12,0.000615205646690855,12,4.881799980878753,3.1026247200892954,5.594793454820319,4.990093409477133,3.210918148687675,5.703086883418699,1
4,1|6|12|13,n02|n07|n13|n14,53.605708150220295,53.81897780845001,12,0.0006269984800347909,12,1.8769059489851543,3.6560812097746407,1.1639124750436167,1.6636362907554485,3.442811551544935,0.9506428168139109,1
4,1|6|12|14,n02|n07|n13|n15,54.717124834766146,54.73288641590175,12,0.0006233477552297936,12,0.7654892644393385,2.544664525228768,0.05249579049774411,0.7497276833037176,2.528902944093147,0.03673420936212324,1
4,1|6|12|15,n02|n07|n13|n16,56.01847588026922,56.08555291346538,12,0.0006213214136404493,12,0.5358617810637583,1.243313479725714,1.2488552550053242,0.6029388142599146,1.176236446529515,1.3159322882014806,1
4,1|6|13|14,n02|n07|n14|n15,54.99795288063861,55.39076795733057,12,0.0006122705271972677,12,0.4846612185668846,2.263836479356314,0.2283322553747098,0.09184614187489615,1.8710214026643825,0.6211473320666698,1
4,1|6|13|15,n02|n07|n14|n16,56.23441890208118,56.5736610166998,12,0.0006133729721765024,12,0.7518048028757178,1.0273704579137188,1.4647982768172838,1.0910469174943387,0.6881283432951477,1.8040403914359047,1
4,1|6|14|15,n02|n07|n15|n16,58.06904804336258,58.418175372380105,12,0.000619434705821066,12,2.5864339441571147,0.8072586833676567,3.2994274180986807,2.935561273174642,1.156386012385184,3.648554747116208,1
4,1|7|8|9,n02|n08|n09|n10,53.20069013049943,52.975545097603074,11,0.0006166991823231449,12,2.281923968706053,4.061099229495483,1.5689304947644587,2.5070690016024173,4.286244262391847,1.794075527660823,1
4,1|7|8|10,n02|n08|n09|n11,57.29841021002081,57.478903487405276,12,0.0006303452888685415,12,1.8157961108153486,0.03662085002589066,2.5287895847569146,1.9962893881998127,0.21711412741035474,2.7092828621413787,1
4,1|7|8|11,n02|n08|n09|n12,58.7143854428732,58.642652583663136,12,0.0006138236780202547,12,3.231771343667738,1.45259608287828,3.944764817609304,3.1600384844576723,1.3808632236682143,3.8730319583992383,1
4,1|7|8|12,n02|n08|n09|n13,53.648227781332714,53.694983428360686,12,0.0006166147185398193,12,1.8343863178727702,3.6135615786621997,1.1213928439311758,1.7876306708448055,3.566805931634235,1.0746371969032111,1
4,1|7|8|13,n02|n08|n09|n14,52.32856382104638,52.38308773434213,11,0.000618536580130849,12,3.1540502781591044,4.933225538948534,2.44105680421751,3.0995263648633227,4.878701625652809,2.386532890921785,1
4,1|7|8|14,n02|n08|n09|n15,56.09567122540951,56.15498468718213,12,0.0006145515676668507,12,0.6130571262040476,1.1661181345854175,1.3260506001456136,0.6723705879766655,1.1068046728128138,1.3853640619182315,1
4,1|7|8|15,n02|n08|n09|n16,57.47437988741613,57.49670944822557,12,0.0006181549859538538,12,1.9917657882106639,0.21259052742120588,2.70475926215223,2.01409534902011,0.2349200882306519,2.727088822961676,1
4,1|7|9|10,n02|n08|n10|n11,58.081229036337,58.25721521740214,12,0.0006196053723306703,12,2.5986149371315364,0.8194396763420784,3.3116084110731023,2.774601118196678,0.9954258574072199,3.487594592138244,1
4,1|7|9|11,n02|n08|n10|n12,59.98743187319867,59.846282576448054,12,0.0006042777645566245,12,4.50481777399321,2.725642513203752,5.217811247934776,4.363668477242591,2.584493216453133,5.076661951184157,1
4,1|7|9|12,n02|n08|n10|n13,55.65142396440405,55.51011060622344,12,0.0006219655013599975,12,0.16880986519858965,1.6103653955908612,0.8818033391401556,0.0274965070179789,1.7516787537715004,0.7404899809595449,1
4,1|7|9|13,n02|n08|n10|n14,52.74031410813483,52.87065137649928,11,0.0006103907821845269,12,2.742299991070638,4.521475251860068,2.0293065171290436,2.611962722706153,4.391137983495639,1.8989692487646153,1
4,1|7|9|14,n02|n08|n10|n15,57.42346447379294,57.38230189055574,12,0.0006135975931344916,12,1.9408503745874768,0.1616751137980188,2.6538438485290428,1.8996877913502743,0.12051253056081634,2.6126812652918403,1
4,1|7|9|15,n02|n08|n10|n16,58.68601129318369,58.64026214656805,12,0.000611041655083687,12,3.203397193978226,1.4242219331887682,3.916390667919792,3.157648047362585,1.378472786573127,3.870641521304151,1
4,1|7|10|11,n02|n08|n11|n12,62.554650364988284,62.24207904631438,11,0.0006096482541934439,12,7.07203626578282,5.292861004993362,7.785029739724386,6.759464947108917,4.980289686319459,7.472458421050483,1
4,1|7|10|12,n02|n08|n11|n13,57.38491501508662,57.41881178062909,12,0.0006323693801676566,12,1.9023009158811561,0.12312565509169815,2.615294389822722,1.9361976814236286,0.1570224206341706,2.6491911553651946,1
4,1|7|10|13,n02|n08|n11|n14,57.692293291079004,57.89261560990282,12,0.0006222408757115753,12,2.2096791918735406,0.4305039310840826,2.9226726658151065,2.410001510697356,0.6308262499078978,3.122994984638922,1
4,1|7|10|14,n02|n08|n11|n15,60.81189920102711,60.85813155841838,11,0.0006175429622214837,12,5.329285101821647,3.5501098410321887,6.042278575763213,5.375517459212915,3.596342198423457,6.088510933154481,1
4,1|7|10|15,n02|n08|n11|n16,60.55363443957755,60.6425168165518,12,0.0006180908404419372,12,5.071020340372087,3.291845079582629,5.784013814313653,5.159902717346334,3.380727456556876,5.8728961912879,1
4,1|7|11|12,n02|n08|n12|n13,58.69230233329621,58.519008419412614,12,0.0006108573459307931,12,3.2096882340907484,1.4305129733012905,3.9226817080323144,3.036394320207151,1.257219059417693,3.749387794148717,1
4,1|7|11|13,n02|n08|n12|n14,59.12511454962064,59.121690620521974,12,0.0006100160092424687,12,3.6425004504151772,1.8633251896257192,4.355493924356743,3.639076521316511,1.859901260527053,4.352069995258077,1
4,1|7|11|14,n02|n08|n12|n15,61.4771380190756,61.374538131697044,11,0.000617542962221483,12,5.99452391987014,4.215348659080682,6.707517393811706,5.8919240324915805,4.1127487717021225,6.6049175064331465,1
4,1|7|11|15,n02|n08|n12|n16,61.79544672042483,61.69684269180176,12,0.000615205646690855,12,6.312832621219364,4.533657360429906,7.02582609516093,6.2142285925962994,4.4350533318068415,6.927222066537865,1
4,1|7|12|13,n02|n08|n13|n14,55.136891762451306,55.12593223797918,12,0.0006209374995352464,12,0.345722336754136,2.1248975975436224,0.36727113718740867,0.35668186122626366,2.13585712201575,0.356311612715281,1
4,1|7|12|14,n02|n08|n13|n15,56.241052493555394,56.12056065084631,12,0.0006222780872902481,12,0.7584383943499304,1.0207368664395062,1.4714318682914964,0.6379465516408445,1.1412287091486064,1.3509400255824104,1
4,1|7|12|15,n02|n08|n13|n16,57.46363231424174,57.37820386149784,12,0.0006200235693354492,12,1.9810182150362792,0.2018429542468212,2.694011688977845,1.8955897622923743,0.11641450150291632,2.6085832362339403,1
4,1|7|13|14,n02|n08|n14|n15,56.850358738389225,57.020182611599004,12,0.0006117108302287173,12,1.367744639183762,0.4114306216056889,2.080738113125328,1.5375685123935412,0.24160674839589547,2.250561986335107,1
4,1|7|13|15,n02|n08|n14|n16,57.87617738953992,57.998313497430686,12,0.0006100160092424687,12,2.3935632903344555,0.6143880295449975,3.1065567642760215,2.515699398225223,0.7365241374357652,3.228692872166789,1
4,1|7|14|15,n02|n08|n15|n16,59.87882727670643,59.906050289955424,12,0.000618380361549586,12,4.396213177500968,2.61703791671151,5.109206651442534,4.42343619074996,2.6442609299605024,5.136429664691526,1
4,1|8|9|10,n02|n09|n10|n11,46.480571284609596,50.38821747916074,11,0.0006202510167495209,12,9.002042814595882,10.781218075385311,8.289049340654287,5.0943966200447335,6.873571880834163,4.381403146103139,1
4,1|8|9|11,n02|n09|n10|n12,51.441748200656946,51.47104945747984,11,0.0006136585363765659,12,4.040865898548532,5.820041159337961,3.3278724246069373,4.011564641725613,5.790739902515099,3.2985711677840754,1
4,1|8|9|12,n02|n09|n10|n13,49.33563653671975,49.57271550425681,12,0.0006180324829170844,12,6.146977562485745,7.926152823275174,5.43398408854415,5.909898594948629,7.6890738557381155,5.196905121007092,1
4,1|8|9|13,n02|n09|n10|n14,46.315868499610445,46.670924760946406,11,0.0006119306153608673,12,9.166745599595004,10.94592086038449,8.453752125653466,8.811689338259043,10.59086459904853,8.098695864317506,1
4,1|8|9|14,n02|n09|n10|n15,50.34258344743308,48.9431170622045,11,0.000615803328639259,12,5.140030651772406,6.919205912561836,4.427037177830812,6.539497037000956,8.318672297790442,5.826503563059418,1
4,1|8|9|15,n02|n09|n10|n16,49.9118686642599,49.91496578177451,11,0.000615803328639259,12,5.570745434945593,7.3499206957350225,4.8577519610039985,5.567648317430951,7.346823578220437,4.854654843489357,1
4,1|8|10|11,n02|n09|n11|n12,55.51349063340369,55.92954131184602,11,0.0006173054116141353,12,0.030876534198228,1.7482987265912016,0.743870008139794,0.4469272126405599,1.3322480481489265,1.1599206865821259,1
4,1|8|10|12,n02|n09|n11|n13,50.57545174428906,50.77490931023121,12,0.0006279406434344232,12,4.907162354916409,6.686337615705838,4.194168880974814,4.70770478897424,6.486880049763727,3.9947113150327027,1
4,1|8|10|13,n02|n09|n11|n14,49.04518753609285,49.203668871846894,11,0.0006207290535353404,12,6.437426563112638,8.216601823902067,5.724433089171043,6.278945227358577,8.058120488148006,5.565951753416982,1
4,1|8|10|14,n02|n09|n11|n15,53.98508367949114,54.07409167103965,11,0.0006207290535353404,12,1.4975304197143373,3.276705680503767,0.7845369457727429,1.4085224281658384,3.187697688955268,0.695528954224244,1
4,1|8|10|15,n02|n09|n11|n16,54.29406642841914,54.60199014994751,12,0.0006196838860988659,12,1.1885476707863063,2.9677229315757927,0.47555419684476874,0.880623949257938,2.6597992100474244,0.1676304753164004,1
4,1|8|11|12,n02|n09|n12|n13,52.08848305311257,52.34167487948532,12,0.0006156120356265529,12,3.394131046092866,5.173306306882353,2.6811375721513286,3.140939219720167,4.920114480509596,2.4279457457785725,1
4,1|8|11|13,n02|n09|n12|n14,50.6383468284326,50.88742327561415,11,0.000618536580130849,12,4.844267270772889,6.623442531562318,4.1312737968312945,4.595190823591338,6.3743660843807675,3.8821973496497435,1
4,1|8|11|14,n02|n09|n12|n15,54.81137580985879,55.08392460099402,11,0.000615803328639259,12,0.6712382893466611,2.4504135501361475,0.04175518459489069,0.3986894982114677,2.1778647590008973,0.3143039757301196,1
4,1|8|11|15,n02|n09|n12|n16,55.709888892079825,55.91546049393884,12,0.0006182661910872998,12,0.22727479287436125,1.551900467915118,0.9402682668159272,0.4328463947333745,1.3463288660560693,1.1458398686749405,1
4,1|8|12|13,n02|n09|n13|n14,48.635008414148174,48.82305301392844,12,0.0006213905380561019,12,6.84760568505726,8.626780945846747,6.134612211115723,6.659561085277005,8.438736346066491,5.9465676113354675,1
4,1|8|12|14,n02|n09|n13|n15,49.13889984208878,49.454285370379374,12,0.0006180324829170844,12,6.343714257116687,8.122889517906117,5.630720783175093,6.028328728826068,7.8075039896155545,5.3153352548845305,1
4,1|8|12|15,n02|n09|n13|n16,50.65481698159087,50.92543806433627,12,0.0006180324829170844,12,4.82779711761458,6.606972378404066,4.114803643673042,4.557176034869201,6.3363512956586305,3.8441825609276066,1
4,1|8|13|14,n02|n09|n14|n15,47.78274913595128,48.119722220287684,11,0.0006202616371949098,12,7.699864963254186,9.479040224043615,6.986871489312648,7.362891878917765,9.142067139707251,6.649898404976227,1
4,1|8|13|15,n02|n09|n14|n16,49.10040527575648,49.367881920736615,11,0.0006202616371949098,12,6.382208823448991,8.16138408423842,5.669215349507397,6.1147321784688415,7.893907439258328,5.401738704527304,1
4,1|8|14|15,n02|n09|n15|n16,53.46912266080406,53.79361775591119,12,0.0006180324829170844,12,2.0134914384013882,3.7926666991908746,1.3004979644598507,1.6889963432942636,3.46817160408375,0.9760028693527261,1
4,1|9|10|11,n02|n10|n11|n12,55.36523929951061,59.0085525060827,11,0.0006158033286392584,12,0.11737479969485776,1.8965500604842873,0.5956186742467153,3.5259384068772377,1.7467631460877797,4.238931880818804,1
4,1|9|10|12,n02|n10|n11|n13,51.55847629903236,51.55513104973751,12,0.0006248218766519403,12,3.9241378001731277,5.703313060962557,3.2111443262315333,3.9274830494679236,5.70665831025741,3.214489575526386,1
4,1|9|10|13,n02|n10|n11|n14,49.45201127131205,49.864831764600815,11,0.000615803328639259,12,6.030602827893404,7.80977808868289,5.317609353951866,5.617782334604669,7.396957595394099,4.904788860663075,1
4,1|9|10|14,n02|n10|n11|n15,54.874486541773614,55.244035606537636,11,0.0006065865097007352,12,0.6081275574318283,2.3873028182213147,0.10486591650971633,0.23857849266784115,2.0177537534572707,0.47441498127373904,1
4,1|9|10|15,n02|n10|n11|n16,54.96820694386161,55.285853422031366,12,0.0006111949191699975,12,0.5144071553438607,2.2935824161332903,0.19858631859771236,0.1967606771740975,1.975935937963527,0.5162327967674685,1
4,1|9|11|12,n02|n10|n12|n13,54.03439319864582,54.14971063702552,12,0.0006147309325079124,12,1.4482209005596474,3.227396161349077,0.735227426618053,1.3329034621799565,3.112078722969386,0.6199099882383621,1
4,1|9|11|13,n02|n10|n12|n14,50.935945888300495,51.328364127083965,11,0.0006019690194125135,12,4.546668210904954,6.325843471694441,3.8336747369634168,4.154249972121477,5.933425232910963,3.441256498179939,1
4,1|9|11|14,n02|n10|n12|n15,56.188696076142996,56.425012192586856,11,0.000615803328639259,12,0.7060819769375328,1.0730932838519038,1.4190754508790988,0.9423980933813922,0.8367771674080586,1.6553915673229582,1
4,1|9|11|15,n02|n10|n12|n16,57.044015692508694,57.18572507414182,12,0.0006181451839043559,12,1.5614015933032306,0.21777366748619897,2.2743950672447966,1.703110974936358,0.07606428585307867,2.416104448877924,1
4,1|9|12|13,n02|n10|n13|n14,49.612290016439474,50.01885121245938,12,0.0006111606987726972,12,5.87032408276599,7.649499343555476,5.157330608824395,5.4637628867460535,7.24293814753554,4.750769412804516,1
4,1|9|12|14,n02|n10|n13|n15,51.32177726470418,51.367194189403655,12,0.0006180324829170844,12,4.1608368345013105,5.94001209529074,3.447843360559716,4.115419909801801,5.894595170591288,3.4024264358602636,1
4,1|9|12|15,n02|n10|n13|n16,52.60954031386829,52.71863432717486,12,0.0006180324829170844,12,2.8730737853371693,4.652249046126656,2.1600803113956317,2.763979772030609,4.543155032820039,2.050986298089015,1
4,1|9|13|14,n02|n10|n14|n15,48.14364984825809,48.565516341643686,11,0.000615803328639259,12,7.338964250947356,9.118139511736842,6.6259707770058185,6.917097757561805,8.696273018351235,6.204104283620211,1
4,1|9|13|15,n02|n10|n14|n16,49.377288509724195,49.80979534895182,11,0.0005968673887919306,12,6.105325589481254,7.88450085027074,5.392332115539716,5.672818750253668,7.451994011043098,4.959825276312074,1
4,1|9|14|15,n02|n10|n15|n16,54.73422047899494,55.004384920914816,12,0.0006180324829170844,12,0.7483936202105497,2.5275688809999792,0.03540014626895527,0.4782291782906327,2.257404439080119,0.23476429565091905,1
4,1|10|11|12,n02|n11|n12|n13,55.62476808965669,55.87007064164719,11,0.000615803328639259,12,0.14215399045122723,1.6370212703382094,0.8551474643927932,0.38745654244172556,1.3917187183477608,1.1004500163832915,1
4,1|10|11|13,n02|n11|n12|n14,55.54960639681391,55.93507400550942,11,0.000615803328639259,12,0.06699229760844361,1.7121829631810215,0.7799857715500096,0.4524599063039574,1.3267153544854864,1.1654533802455234,1
4,1|10|11|14,n02|n11|n12|n15,58.46927700368467,58.77500373500196,11,0.000617542962221483,12,2.9866629044792035,1.2074876436897455,3.6996563784207694,3.2923896357964963,1.5132143750070384,4.005383109738062,1
4,1|10|11|15,n02|n11|n12|n16,58.99722042400646,59.36247039249204,12,0.0006165543701266971,12,3.5146063248009938,1.7354310640115358,4.22759979874256,3.879856293286579,2.1006810324971212,4.592849767228145,1
4,1|10|12|13,n02|n11|n13|n14,52.01354168546175,52.17309225587482,12,0.0006297578463026034,12,3.4690724137437314,5.248247674533161,2.756078939802137,3.3095218433306286,5.088697104120115,2.596528369389091,1
4,1|10|12|14,n02|n11|n13|n15,54.02566404209714,54.101883498750915,11,0.0006287979479140941,12,1.4569500571083154,3.236125317897802,0.7439565831667778,1.3807306004545694,3.159905861243999,0.667737126512975,1
4,1|10|12|15,n02|n11|n13|n16,54.40362863911999,54.553753032791946,12,0.0006172210236508253,12,1.078985460085505,2.8581607208749347,0.3659919861439107,0.9288610664135035,2.70803632720299,0.21586759247196596,1
4,1|10|13|14,n02|n11|n14|n15,54.0218332911532,54.41583382704425,11,0.0006096482541934439,12,1.4607808080522773,3.239956068841707,0.7477873341106829,1.0667802721612247,2.8459555329506543,0.3537867982196303,1
4,1|10|13|15,n02|n11|n14|n16,54.710741817913444,55.03546448347392,12,0.0006130935464653762,12,0.7718722812920191,2.5510475420815055,0.05887880735042472,0.4471496157315187,2.226324876521005,0.265843858210026,1
4,1|10|14|15,n02|n11|n15|n16,56.50629319857186,56.72998090630412,12,0.0006175429622214834,12,1.0236790993663973,0.755496161423082,1.7366725733079633,1.2473668070986577,0.5318084536908145,1.9603602810402236,1
4,1|11|12|13,n02|n12|n13|n14,53.598761257961115,53.77041048502271,12,0.0006171756874025979,12,1.8838528412443338,3.6630281020338202,1.1708593673027963,1.7122036141827266,3.491378874972213,0.999210140241189,1
4,1|11|12|14,n02|n12|n13|n15,54.988787255930056,55.05095237733044,11,0.0006303988844774543,12,0.4938268432754285,2.273002104064858,0.21916663066615882,0.4316617218750025,2.210836982664489,0.28133175206654215,1
4,1|11|12|15,n02|n12|n13|n16,55.71514381472249,55.8030328965133,12,0.0006231011065583566,12,0.23252971551702473,1.5466455452724404,0.9455231894585907,0.3204187973078376,1.4587564634816204,1.0334122712494036,1
4,1|11|13|14,n02|n12|n14|n15,55.48684198324031,55.92117482806645,11,0.0006103837642914934,12,0.004227884034847307,1.7749473767545965,0.7172213579764133,0.43856072886098474,1.340614531928452,1.1515542028025507,1
4,1|11|13|15,n02|n12|n14|n16,56.148336273254586,56.45253772762507,12,0.0006130935464653762,12,0.6657221740491224,1.1134530867403214,1.3787156479906884,0.9699236284196076,0.8092516323698646,1.6829171023611735,1
4,1|11|14|15,n02|n12|n15|n16,57.87788810790179,58.06401339532155,12,0.000618380361549586,12,2.395274008696326,0.616098747906868,3.108267482637892,2.581399296116089,0.8022240353266312,3.294392770057655,1
4,1|12|13|14,n02|n13|n14|n15,51.06973158989007,51.29313000151615,12,0.0006227187269711289,12,4.412882509315409,6.192057770104839,3.6998890353738147,4.189484097689331,5.96865935847876,3.476490623747736,1
4,1|12|13|15,n02|n13|n14|n16,52.16527414268719,52.36817446362855,12,0.0006227187269711289,12,3.3173399565182535,5.09651521730774,2.604346482576716,3.1144396355769004,4.893614896366387,2.401446161635363,1
4,1|12|14|15,n02|n13|n15|n16,53.64924959374001,53.769015526161674,12,0.000625330260836182,12,1.833364505465454,3.6125397662549403,1.1203710315238595,1.7135985730437824,3.492773833833269,1.0006050991022448,1
4,1|13|14|15,n02|n14|n15|n16,54.1272178553131,54.604924202898204,12,0.0006129588834455173,12,1.3553962438923577,3.134571504681844,0.6424027699508201,0.8776898963072881,2.6568651570967177,0.1646964223656937,1
4,2|3|4|5,n03|n04|n05|n06,60.795817259343494,60.655521856949434,11,0.0006165302547564936,12,5.3132031601380305,3.5340278993485725,6.0261966340795965,5.172907757743971,3.393732496954513,5.885901231685537,1
4,2|3|4|6,n03|n04|n05|n07,61.533751101303984,61.83248652041828,12,0.0006237376453284414,12,6.051137002098521,4.271961741309063,6.764130476040087,6.349872421212815,4.570697160423357,7.062865895154381,1
4,2|3|4|7,n03|n04|n05|n08,62.780967836850415,62.77501464704179,12,0.000617121072272314,12,7.298353737644952,5.519178476855494,8.011347211586518,7.29240054783633,5.513225287046872,8.005394021777896,1
4,2|3|4|8,n03|n04|n05|n09,57.32197896377294,57.23574450423837,12,0.0006167780605976387,12,1.8393648645674787,0.06018960377802074,2.5523583385090447,1.7531304050329055,0.026044855756538254,2.4661238789744715,1
4,2|3|4|9,n03|n04|n05|n10,58.616701676311074,58.53096879508044,12,0.0006137232181097018,12,3.1340875771056105,1.3549123163161525,3.8470810510471765,3.048354695874977,1.269179435085519,3.761348169816543,1
4,2|3|4|10,n03|n04|n05|n11,60.35838038773089,60.395579611445335,12,0.0006277016250415134,12,4.875766288525426,3.0965910277359683,5.588759762466992,4.912965512239872,3.1337902514504137,5.625958986181438,1
4,2|3|4|11,n03|n04|n05|n12,62.11010659051152,61.859914849150506,12,0.0006169299241524093,12,6.627492491306057,4.848317230516599,7.340485965247623,6.377300749945043,4.598125489155585,7.090294223886609,1
4,2|3|4|12,n03|n04|n05|n13,57.405852555450124,57.21443608902715,12,0.0006167780605976387,12,1.9232384562446612,0.14406319545520319,2.636231930186227,1.7318219898216896,0.04735327096778974,2.4448154637632555,1
4,2|3|4|13,n03|n04|n05|n14,57.79097164447,57.78618714508794,12,0.0006191844543300995,12,2.308357545264535,0.5291822844750769,3.021351019206101,2.30357304588248,0.5243977850930222,3.016566519824046,1
4,2|3|4|14,n03|n04|n05|n15,59.27038399193696,59.15320091694618,12,0.0006169299241524093,12,3.7877698927314967,2.0085946319420387,4.500763366673063,3.6705868177407197,1.8914115569512617,4.383580291682286,1
4,2|3|4|15,n03|n04|n05|n16,60.658233478752834,60.5021847370917,12,0.0006169299241524093,12,5.175619379547371,3.3964441187579126,5.888612853488937,5.01957063788624,3.2403953770967817,5.732564111827806,1
4,2|3|5|6,n03|n04|n06|n07,62.79572267878307,63.15248713927686,12,0.0006170366084889883,12,7.313108579577609,5.533933318788151,8.026102053519175,7.669873040071394,5.890697779281936,8.38286651401296,1
4,2|3|5|7,n03|n04|n06|n08,64.94335158490757,64.89715863611279,12,0.0006166147185398193,12,9.460737485702111,7.681562224912653,10.173730959643677,9.414544536907329,7.635369276117871,10.127538010848895,1
4,2|3|5|8,n03|n04|n06|n09,59.78921229606497,59.73018159694537,12,0.0006137557668666172,12,4.306598196859504,2.527422936070046,5.01959167080107,4.247567497739908,2.46839223695045,4.960560971681474,1
4,2|3|5|9,n03|n04|n06|n10,60.083096585115904,60.13814753598195,12,0.0006084268688188817,12,4.60048248591044,2.8213072251209823,5.313475959852006,4.655533436776487,2.876358175987029,5.368526910718053,1
4,2|3|5|10,n03|n04|n06|n11,62.50765159898868,62.563256976372415,12,0.0006136791825746123,12,7.025037499783217,5.245862238993759,7.738030973724783,7.080642877166952,5.301467616377494,7.793636351108518,1
4,2|3|5|11,n03|n04|n06|n12,64.27422168472285,64.00118861677204,12,0.0006058922111701273,12,8.791607585517383,7.012432324727925,9.504601059458949,8.518574517566577,6.739399256777119,9.231567991508143,1
4,2|3|5|12,n03|n04|n06|n13,59.43178834761318,59.36865968046186,12,0.0006139012322816943,12,3.949174248407715,2.169998987618257,4.662167722349281,3.886045581256397,2.106870320466939,4.599039055197963,1
4,2|3|5|13,n03|n04|n06|n14,59.81707436353201,59.92062033258345,12,0.0006102261064883654,12,4.334460264326545,2.5552850035370867,5.047453738268111,4.438006233377983,2.6588309725885253,5.150999707319549,1
4,2|3|5|14,n03|n04|n06|n15,61.37122474890313,61.31923252132696,12,0.0006121093604476229,12,5.888610649697668,4.10943538890821,6.601604123639234,5.8366184221214965,4.0574431613320385,6.5496118960630625,1
4,2|3|5|15,n03|n04|n06|n16,62.77607897333813,62.65059227994939,12,0.0006099384168599727,12,7.293464874132667,5.514289613343209,8.006458348074233,7.16797818074393,5.388802919954472,7.880971654685496,1
4,2|3|6|7,n03|n04|n07|n08,67.30630398724965,67.23409925909421,12,0.0006189655085326651,12,11.823689888044186,10.044514627254728,12.536683361985752,11.751485159888745,9.972309899099287,12.46447863383031,1
4,2|3|6|8,n03|n04|n07|n09,61.95620703494111,62.10940740876817,12,0.0006348637962868885,12,6.473592935735645,4.6944176749461874,7.186586409677211,6.626793309562707,4.847618048773249,7.339786783504273,1
4,2|3|6|9,n03|n04|n07|n10,63.077122254918216,63.30671435670703,12,0.0006265357024564248,12,7.594508155712752,5.815332894923294,8.307501629654318,7.82410025750157,6.044924996712112,8.537093731443136,1
4,2|3|6|10,n03|n04|n07|n11,68.23397013107119,68.70527113210179,11,0.0006366648806309103,12,12.751356031865726,10.972180771076268,13.464349505807292,13.222657032896322,11.443481772106864,13.935650506837888,1
4,2|3|6|11,n03|n04|n07|n12,68.97779516426084,68.93654655010715,11,0.0006203880548438471,12,13.495181065055377,11.716005804265919,14.208174538996943,13.45393245090169,11.674757190112231,14.166925924843255,1
4,2|3|6|12,n03|n04|n07|n13,61.96130607722126,62.06543849734775,12,0.0006335318825541823,12,6.478691978015796,4.699516717226338,7.191685451957362,6.582824398142286,4.803649137352828,7.295817872083852,1
4,2|3|6|13,n03|n04|n07|n14,62.2100689053255,62.53118276938593,12,0.0006324805109538003,12,6.727454806120036,4.948279545330578,7.440448280061602,7.048568670180465,5.269393409391007,7.761562144122031,1
4,2|3|6|14,n03|n04|n07|n15,63.83561632001514,64.00638706258084,12,0.0006227986179556765,12,8.353002220809678,6.57382696002022,9.065995694751244,8.523772963375379,6.744597702585921,9.236766437316945,1
4,2|3|6|15,n03|n04|n07|n16,65.14696808493342,65.2974169740188,12,0.000621302503414003,12,9.664353985727956,7.885178724938498,10.377347459669522,9.814802874813338,8.03562761402388,10.527796348754904,1
4,2|3|7|8,n03|n04|n08|n09,63.10348499089877,62.99331573107444,12,0.0006166147185398193,12,7.620870891693308,5.84169563090385,8.333864365634874,7.510701631868976,5.731526371079518,8.223695105810542,1
4,2|3|7|9,n03|n04|n08|n10,64.18289030871239,64.13926306380965,12,0.0006128018111594918,12,8.700276209506924,6.921100948717466,9.41326968344849,8.656648964604187,6.877473703814729,9.369642438545753,1
4,2|3|7|10,n03|n04|n08|n11,66.03458398718585,66.13449447077956,12,0.0006228317088736474,12,10.551969887980391,8.772794627190933,11.264963361921957,10.651880371574094,8.872705110784636,11.36487384551566,1
4,2|3|7|11,n03|n04|n08|n12,67.43056706846166,67.35373977526808,12,0.0006187586303282485,12,11.947952969256193,10.168777708466735,12.660946443197759,11.871125676062618,10.09195041527316,12.584119150004184,1
4,2|3|7|12,n03|n04|n08|n13,63.05802517295533,62.910496119814724,12,0.0006173526919303171,12,7.575411073749869,5.796235812960411,8.288404547691435,7.42788202060926,5.648706759819802,8.140875494550826,1
4,2|3|7|13,n03|n04|n08|n14,63.49287102498917,63.49946987979105,12,0.0006162974291084539,12,8.010256925783708,6.2310816649942495,8.723250399725273,8.016855780585587,6.237680519796129,8.729849254527153,1
4,2|3|7|14,n03|n04|n08|n15,65.0222828023544,64.91844504401537,12,0.0006177745818794862,12,9.539668703148934,7.760493442359476,10.2526621770905,9.435830944809908,7.65665568402045,10.148824418751474,1
4,2|3|7|15,n03|n04|n08|n16,66.2849295037805,66.14363199781177,12,0.0006177745818794862,12,10.80231540457504,9.023140143785582,11.515308878516606,10.661017898606303,8.881842637816845,11.37401137254787,1
4,2|3|8|9,n03|n04|n09|n10,57.12503423905524,56.71401542032779,11,0.0006155158208585363,12,1.6424201398497758,0.13675512093971065,2.3554136137913417,1.231401321122327,0.5477739396671382,1.944394795063893,1
4,2|3|8|10,n03|n04|n09|n11,60.67358476518361,60.64796006925188,12,0.000630067626183651,12,5.190970665978149,3.411795405188691,5.903964139919715,5.165345970046417,3.386170709256959,5.878339443987983,1
4,2|3|8|11,n03|n04|n09|n12,62.438361248390486,62.08474704434129,12,0.000615500830493107,12,6.955747149185022,5.176571888395564,7.668740623126588,6.602132945135828,4.82295768434637,7.315126419077394,1
4,2|3|8|12,n03|n04|n09|n13,57.10573141620703,56.95448098432905,12,0.0006146992929583605,12,1.6231173170015651,0.15605794378791416,2.336110790943131,1.471866885123589,0.3073083756658548,2.184860359065155,1
4,2|3|8|13,n03|n04|n09|n14,56.09234239129652,55.94807486811668,11,0.000618536580130849,12,0.6097282920910558,1.1694469686984235,1.3227217660326218,0.465460768911214,1.3137144918782724,1.17845424285278,1
4,2|3|8|14,n03|n04|n09|n15,59.54496624290735,59.363087395592075,12,0.0006128217944851115,12,4.062352143701887,2.2831768829124286,4.775345617643453,3.8804732963866115,2.1012980355971536,4.5934667703281775,1
4,2|3|8|15,n03|n04|n09|n16,60.983675329444054,60.7355118123349,12,0.0006128211745822856,12,5.501061230238591,3.721885969449133,6.214054704180157,5.252897713129435,3.4737224523399775,5.965891187071001,1
4,2|3|9|10,n03|n04|n10|n11,61.26955270614724,61.393296231699495,12,0.000615931810500423,12,5.786938606941774,4.007763346152316,6.49993208088334,5.910682132494031,4.131506871704573,6.623675606435597,1
4,2|3|9|11,n03|n04|n10|n12,63.54571631193948,63.23170065338013,12,0.0006053092752225534,12,8.063102212734016,6.283926951944558,8.776095686675582,7.749086554174667,5.969911293385209,8.462080028116233,1
4,2|3|9|12,n03|n04|n10|n13,58.899707005319044,58.722485947055745,12,0.000611167135695859,12,3.417092906113581,1.6379176453241229,4.130086380055147,3.2398718478502815,1.4606965870608235,3.9528653217918475,1
4,2|3|9|13,n03|n04|n10|n14,56.4240671777074,56.43798398972882,11,0.000610061430792204,12,0.9414530785019366,0.8377221822875072,1.6544465524435026,0.9553698905233574,0.8238053702660864,1.6683633644649234,1
4,2|3|9|14,n03|n04|n10|n15,60.681067361516604,60.54240726450101,12,0.0006102325434115272,12,5.198453262311141,3.4192780015216826,5.911446736252707,5.059793165295545,3.2806179045060873,5.772786639237111,1
4,2|3|9|15,n03|n04|n10|n16,62.021145635412175,61.83855300441766,12,0.0006087569014855726,12,6.538531536206712,4.759356275417254,7.251525010148278,6.355938905212199,4.576763644422741,7.068932379153765,1
4,2|3|10|11,n03|n04|n11|n12,69.30253541358168,69.10896734699497,10,0.0006135160599219384,12,13.819921314376217,12.040746053586759,14.532914788317782,13.62635324778951,11.847177987000052,14.339346721731076,1
4,2|3|10|12,n03|n04|n11|n13,60.76262882190077,60.64607163566145,12,0.0006253249506134876,12,5.280014722695306,3.500839461905848,5.993008196636872,5.1634575364559865,3.3842822756665285,5.8764510103975525,1
4,2|3|10|13,n03|n04|n11|n14,61.09789912771657,61.12471959380915,12,0.000615264273693999,12,5.61528502851111,3.836109767721652,6.328278502452676,5.642105494603683,3.8629302338142253,6.355098968545249,1
4,2|3|10|14,n03|n04|n11|n15,64.43561256859076,64.14809339188582,11,0.000617542962221483,12,8.952998469385292,7.1738232085958344,9.665991943326858,8.66547929268036,6.8863040318909015,9.378472766621925,1
4,2|3|10|15,n03|n04|n11|n16,64.0079151703119,63.836465991384394,12,0.0006135160599219384,12,8.52530107110644,6.7461258103169826,9.238294545048007,8.35385189217893,6.5746766313894724,9.066845366120496,1
4,2|3|11|12,n03|n04|n12|n13,62.39580056462556,62.003640361111835,12,0.0006167134720756679,12,6.913186465420097,5.134011204630639,7.626179939361663,6.521026261906371,4.741851001116913,7.234019735847937,1
4,2|3|11|13,n03|n04|n12|n14,62.85446228898654,62.58810161122207,12,0.0006129561683712189,12,7.371848189781076,5.592672928991618,8.084841663722642,7.105487512016609,5.326312251227151,7.818480985958175,1
4,2|3|11|14,n03|n04|n12|n15,65.50584572283434,65.11560792719399,11,0.0006180062015374892,12,10.023231623628874,8.244056362839416,10.73622509757044,9.632993827988528,7.85381856719907,10.345987301930094,1
4,2|3|11|15,n03|n04|n12|n16,65.44088728103975,65.03022314090177,12,0.0006177745818794862,12,9.958273181834286,8.179097921044828,10.671266655775852,9.547609041696305,7.768433780906847,10.26060251563787,1
4,2|3|12|13,n03|n04|n13|n14,58.54107580174682,58.39187309843629,12,0.0006200291120571763,12,3.058461702541358,1.2792864417518999,3.771455176482924,2.909258999230829,1.130083738441371,3.622252473172395,1
4,2|3|12|14,n03|n04|n13|n15,59.6455750069608,59.36531970793843,12,0.0006160817458202656,12,4.162960907755334,2.383785646965876,4.8759543816969,3.8827056087329694,2.1035303479435115,4.595699082674535,1
4,2|3|12|15,n03|n04|n13|n16,60.94957435544118,60.657432293504556,12,0.0006140338161648466,12,5.466960256235716,3.6877849954462576,6.179953730177282,5.1748181942990925,3.3956429335096345,5.8878116682406585,1
4,2|3|13|14,n03|n04|n14|n15,60.20323677380164,60.16876701679764,12,0.0006102225975418487,12,4.720622674596179,2.9414474138067206,5.4336161485377446,4.686152917592175,2.9069776568027166,5.3991463915337405,1
4,2|3|13|15,n03|n04|n14|n16,61.3773735323563,61.26581954525127,12,0.0006102225975418487,12,5.894759433150838,4.11558417236138,6.607752907092404,5.783205446045805,4.004030185256347,6.496198919987371,1
4,2|3|14|15,n03|n04|n15|n16,63.2808664047033,63.08104211219783,12,0.0006177745818794862,12,7.79825230549784,6.019077044708382,8.511245779439406,7.598428012992365,5.819252752202907,8.31142148693393,1
4,2|4|5|6,n03|n05|n06|n07,60.85562074786889,61.70121108023547,9,0.0006256064806198476,12,5.373006648663427,3.593831387873969,6.086000122604993,6.218596981030004,4.439421720240546,6.93159045497157,1
4,2|4|5|7,n03|n05|n06|n08,62.90069269424656,62.78513094966834,10,0.0006171298085174355,12,7.418078595041095,5.638903334251637,8.131072068982661,7.3025168504628795,5.5233415896734215,8.015510324404445,1
4,2|4|5|8,n03|n05|n06|n09,53.70204359741064,53.81516038752352,11,0.0006219258165359481,12,1.7805705017948412,3.559745762584271,1.0675770278532468,1.6674537116819579,3.4466289724713874,0.9544602377403635,1
4,2|4|5|9,n03|n05|n06|n10,53.96701839945291,54.235213450788116,11,0.0006119306153608673,12,1.5155956997525664,3.294770960541996,0.802602225810972,1.24740064841734,3.0265759092068265,0.5344071744758025,1
4,2|4|5|10,n03|n05|n06|n11,56.12072483854289,56.327354729944275,11,0.0006185577952818358,12,0.6381107393374279,1.1410645214520514,1.3511042132789939,0.8447406307388121,0.9344346300506459,1.557734104680378,1
4,2|4|5|11,n03|n05|n06|n12,57.89874077242684,58.04340779952683,11,0.000617542962221483,12,2.4161266732213775,0.6369514124319196,3.1291201471629435,2.560793700321369,0.7816184395319112,3.273787174262935,1
4,2|4|5|12,n03|n05|n06|n13,52.768801945913765,52.835470695229944,11,0.0006287979479140937,12,2.7138121532917125,4.492987414081142,2.000818679350118,2.6471434039755195,4.426318664764949,1.934149930033982,1
4,2|4|5|13,n03|n05|n06|n14,53.039679657211735,53.403562190798716,11,0.0006219258165359481,12,2.442934441993714,4.2221097027832,1.7299409680521762,2.0790519084067682,3.858227169196198,1.3660584344651738,1
4,2|4|5|14,n03|n05|n06|n15,54.84687782435588,55.00509648329552,11,0.0006219258165359481,12,0.6357362748495916,2.414911535639021,0.07725719909198148,0.4775176159099601,2.2566928766993897,0.23547585803162008,1
4,2|4|5|15,n03|n05|n06|n16,56.2660156356982,56.469099011563536,11,0.0006219258165359481,12,0.7834015364927396,0.9957737242967255,1.4963950104343056,0.9864849123580726,0.7926903484313925,1.6994783862996385,1
4,2|4|6|7,n03|n05|n07|n08,64.79958580125466,64.87923756857829,11,0.000617542962221483,12,9.316971702049202,7.537796441259744,10.029965175990768,9.396623469372827,7.617448208583369,10.109616943314393,1
4,2|4|6|8,n03|n05|n07|n09,58.10247572483717,58.69536800705637,11,0.0006324751163874115,12,2.6198616256317067,0.8406863648422487,3.3328550995732726,3.21275390785091,1.4335786470614522,3.925747381792476,1
4,2|4|6|9,n03|n05|n07|n10,59.74841332121504,60.354538564143056,11,0.0006353780833701877,12,4.265799222009576,2.4866239612201184,4.978792695951142,4.871924464937592,3.0927492041481344,5.584917938879158,1
4,2|4|6|10,n03|n05|n07|n11,66.12646707618718,71.94300981314356,11,0.0006361562191775514,12,10.64385297698172,8.864677716192261,11.356846450923285,16.460395713938098,14.68122045314864,17.173389187879664,1
4,2|4|6|11,n03|n05|n07|n12,62.12696687695952,63.89321555565454,11,0.0006200527020512376,12,6.644352777754058,4.8651775169646,7.357346251695624,8.41060145644908,6.631426195659621,9.123594930390645,1
4,2|4|6|12,n03|n05|n07|n13,58.34339105093805,58.81356580027872,11,0.0006418844974537301,12,2.860776951732589,1.0816016909431312,3.573770425674155,3.3309517010732534,1.5517764402837955,4.043945175014819,1
4,2|4|6|13,n03|n05|n07|n14,58.598861787514444,59.33240590833201,11,0.0006300731333545599,12,3.116247688308981,1.337072427519523,3.829241162250547,3.8497918091265433,2.0706165483370853,4.562785283068109,1
4,2|4|6|14,n03|n05|n07|n15,60.27812285506108,60.89863073235514,11,0.0006242707864907042,12,4.795508755855614,3.0163334950661564,5.50850222979718,5.416016633149674,3.636841372360216,6.12901010709124,1
4,2|4|6|15,n03|n05|n07|n16,61.694380594794076,62.33948948315075,11,0.0006212785574073573,12,6.211766495588613,4.432591234799155,6.924759969530179,6.856875383945287,5.077700123155829,7.569868857886853,1
4,2|4|7|8,n03|n05|n08|n09,58.92636315973086,58.89509875490852,11,0.0006166991823231449,12,3.4437490605253984,1.6645737997359404,4.156742534466964,3.4124846557030537,1.6333093949135957,4.12547812964462,1
4,2|4|7|9,n03|n05|n08|n10,60.418867321670405,60.344030999465055,11,0.0006166991823231449,12,4.936253222464941,3.1570779616754834,5.649246696406507,4.8614169002595915,3.0822416394701335,5.5744103742011575,1
4,2|4|7|10,n03|n05|n08|n11,62.21707086473196,62.377954119136085,11,0.000635152233333506,12,6.734456765526495,4.955281504737037,7.447450239468061,6.895340019930622,5.116164759141164,7.608333493872188,1
4,2|4|7|11,n03|n05|n08|n12,63.774777586310144,63.61903991239234,11,0.000617542962221483,12,8.29216348710468,6.512988226315223,9.005156961046247,8.136425813186875,6.357250552397417,8.849419287128441,1
4,2|4|7|12,n03|n05|n08|n13,58.99986176140042,58.86578123522408,11,0.0006166991823231449,12,3.517247662194954,1.7380724014054962,4.23024113613652,3.3831671360186135,1.6039918752291555,4.0961606099601795,1
4,2|4|7|13,n03|n05|n08|n14,59.48198328797888,59.5328159604377,11,0.0006166991823231449,12,3.9993691887734144,2.2201939279839564,4.71236266271498,4.050201861232239,2.271026600442781,4.763195335173805,1
4,2|4|7|14,n03|n05|n08|n15,61.075826443555364,61.04123863644967,11,0.000617542962221483,12,5.593212344349901,3.814037083560443,6.306205818291467,5.5586245372442065,3.7794492764547485,6.2716180111857724,1
4,2|4|7|15,n03|n05|n08|n16,62.469809495068375,62.41903600085864,11,0.000617542962221483,12,6.987195395862912,5.208020135073454,7.700188869804478,6.936421901653176,5.157246640863718,7.649415375594742,1
4,2|4|8|9,n03|n05|n09|n10,48.513621601434394,48.24373452766459,11,0.0006399871610977014,12,6.968992497771069,8.748167758560498,6.255999023829531,7.238879571540849,9.018054832330336,6.525886097599312,1
4,2|4|8|10,n03|n05|n09|n11,53.049908174342015,53.25133891226657,12,0.0006330947436617097,12,2.4327059248634555,4.211881185652885,1.719712450921861,2.2312751869388876,4.010450447728374,1.51828171299735,1
4,2|4|8|11,n03|n05|n09|n12,54.66058815329059,54.80526188715911,12,0.0006247749804987224,12,0.822025945914902,2.6012012067043315,0.10903247197330757,0.677352212046344,2.4565274728358304,0.03564126189521488,1
4,2|4|8|12,n03|n05|n09|n13,49.18746539936788,49.38142075926344,12,0.0006175432413144635,12,6.2951486998375685,8.074323960627055,5.582155225896031,6.101193339942029,7.880368600731458,5.388199866000434,1
4,2|4|8|13,n03|n05|n09|n14,47.82080242706925,47.943728206316855,11,0.0006327864561533479,12,7.661811672136196,9.440986932925682,6.948818198194658,7.538885892888629,9.318061153678059,6.825892418947035,1
4,2|4|8|14,n03|n05|n09|n15,51.70864049013564,51.916271077463136,12,0.0006252678662887775,12,3.773973609069799,5.553148869859285,3.0609801351282613,3.566343021742341,5.345518282531771,2.8533495478007467,1
4,2|4|8|15,n03|n05|n09|n16,53.205356503538155,53.37799021403409,12,0.0006324035912426819,12,2.277257595667322,4.056432856456752,1.5642641217257278,2.1046238851713497,3.883799145960836,1.3916304112298121,1
4,2|4|9|10,n03|n05|n10|n11,53.90994167324945,54.10432464538248,12,0.0006278145500598543,12,1.572672425956,3.3518476867454865,0.8596789520144625,1.3782894538229584,3.157464714612445,0.6652959798814209,1
4,2|4|9|11,n03|n05|n10|n12,55.99598668618096,56.14020784095402,12,0.0006154382156380292,12,0.5133725869754997,1.265802673813937,1.2263660609170657,0.6575937417485562,1.1215815190408875,1.3705872156901222,1
4,2|4|9|12,n03|n05|n10|n13,51.60515845927253,51.58751992489245,12,0.0006361972612161232,12,3.8774556399329185,5.656630900722405,3.164462165991381,3.8950941743130443,5.674269435102474,3.18210070037145,1
4,2|4|9|13,n03|n05|n10|n14,48.19278669763482,48.506119594890095,11,0.0006106963753546285,12,7.289827401570619,9.069002662360106,6.576833927629082,6.976494504315383,8.755669765104813,6.263501030373789,1
4,2|4|9|14,n03|n05|n10|n15,53.20010257652145,53.32946495993631,12,0.0006247676867366149,12,2.28251152268399,4.061686783473476,1.5695180487424523,2.1531491392691464,3.932324400058633,1.4401556653276089,1
4,2|4|9|15,n03|n05|n10|n16,54.523750425860804,54.67935130132245,12,0.000625437441918413,12,0.9588636733446378,2.7380389341341242,0.2458701994031003,0.8032627978830078,2.582438058672494,0.09026932394147025,1
4,2|4|10|11,n03|n05|n11|n12,57.34148488391602,57.89230997659777,11,0.0006361562191775514,12,1.858870784710554,0.07969552392109591,2.57186425865212,2.409695877392309,0.6305206166028512,3.122689351333875,1
4,2|4|10|12,n03|n05|n11|n13,53.281878446547346,53.30982739713645,12,0.0006385183653936181,12,2.2007356526581248,3.9799109134475543,1.4877421787165304,2.172786702069004,3.9519619628584906,1.4597932281274666,1
4,2|4|10|13,n03|n05|n11|n14,53.628524225708404,53.8055415582321,12,0.0006292155696736642,12,1.8540898734970597,3.6332651342864892,1.1410963995555221,1.67707254097337,3.4562478017627996,0.9640790670317756,1
4,2|4|10|14,n03|n05|n11|n15,56.02209428100743,56.08502561013755,11,0.0006175429622214837,12,0.5394801818019701,1.239695078987495,1.252473655743536,0.602411510932086,1.1767637498574004,1.315404984873652,1
4,2|4|10|15,n03|n05|n11|n16,56.37042824023646,56.525499871420884,12,0.0006180908404419372,12,0.8878141410309937,0.8913611197584714,1.6008076149725596,1.0428857722154206,0.7362894885740161,1.7558792461569865,1
4,2|4|11|12,n03|n05|n12|n13,54.773162947410164,54.79190397598658,12,0.0006295511961766113,12,0.7094511517952924,2.488626412584779,0.0035423221462664856,0.6907101232188779,2.4698853840083643,0.02228335072268095,1
4,2|4|11|13,n03|n05|n12|n14,55.18075032287603,55.381559912894396,12,0.0006178829705327147,12,0.3018637763294123,2.0810390371188987,0.41112969761213236,0.10105418631104612,1.8802294471005325,0.6119392876304985,1
4,2|4|11|14,n03|n05|n12|n15,57.09008980838132,57.24084171475411,11,0.0006262716980141204,12,1.6074757091758585,0.1716995516135853,2.3204691831174244,1.7582276155486483,0.02094764524082393,2.4712210894902142,1
4,2|4|11|15,n03|n05|n12|n16,57.73143988254669,57.84557812256795,12,0.0006215747214206656,12,2.248825783341225,0.46965052255176687,2.961819257282791,2.362964023362487,0.5837887625730289,3.075957497304053,1
4,2|4|12|13,n03|n05|n13|n14,51.12340402797598,51.13176771977498,12,0.000638063519841534,12,4.359210071229484,6.13838533201897,3.6462165972878893,4.350846379430493,6.130021640219923,3.6378529054888986,1
4,2|4|12|14,n03|n05|n13|n15,52.06223317841079,52.02685953199232,12,0.0006409358292757158,12,3.4203809207946847,5.199556181584114,2.7073874468530903,3.455754567213148,5.234929828002578,2.742761093271554,1
4,2|4|12|15,n03|n05|n13|n16,53.33237614923093,53.369567606018244,12,0.0006409358292757158,12,2.150237949974553,3.9294132107639825,1.4372444760329586,2.1130464931871984,3.892221753976685,1.4000530192456608,1
4,2|4|13|14,n03|n05|n14|n15,52.45822885188839,52.79486255769544,12,0.0006231710645357187,12,3.0243852473170705,4.803560508106557,2.311391773375476,2.6877515415100106,4.466926802299497,1.974758067568473,1
4,2|4|13|15,n03|n05|n14|n16,53.72614428399879,53.9756162628399,12,0.00062882687510246,12,1.7564698152066853,3.535645075996115,1.043476341265091,1.5069978363655423,3.2861730971550287,0.7940043624240047,1
4,2|4|14|15,n03|n05|n15|n16,55.55107634218233,55.765842921979626,12,0.0006271193956357697,12,0.06846224297686376,1.7107130178126226,0.7814557169184297,0.28322882277416284,1.4959464380152667,0.9962222967157288,1
4,2|5|6|7,n03|n06|n07|n08,66.34726714700913,66.26310813041978,11,0.0006148552065809061,12,10.864653047803671,9.085477787014213,11.577646521745237,10.780494031214317,9.00131877042486,11.493487505155883,1
4,2|5|6|8,n03|n06|n07|n09,59.87922607854096,60.5751928966923,11,0.0006165302547564936,12,4.396611979335496,2.6174367185460383,5.109605453277062,5.092578797486837,3.313403536697379,5.805572271428403,1
4,2|5|6|9,n03|n06|n07|n10,60.58864588987955,61.42751047686547,11,0.0006103907821845268,12,5.106031790674088,3.3268565298846298,5.819025264615654,5.944896377660008,4.16572111687055,6.657889851601574,1
4,2|5|6|10,n03|n06|n07|n11,67.72869676701302,73.37331418733088,11,0.0006098154029277415,12,12.246082667807556,10.466907407018098,12.959076141749122,17.890700088125413,16.111524827335955,18.60369356206698,1
4,2|5|6|11,n03|n06|n07|n12,63.46252815379099,65.33126215955329,11,0.0006148552065809061,12,7.979914054585528,6.20073879379607,8.692907528527094,9.848648060347827,8.069472799558369,10.561641534289393,1
4,2|5|6|12,n03|n06|n07|n13,59.55135657763929,60.19304273335943,11,0.0006308235753213575,12,4.068742478433826,2.289567217644368,4.781735952375392,4.710428634153963,2.9312533733645054,5.423422108095529,1
4,2|5|6|13,n03|n06|n07|n14,59.87517153248263,60.79501246842608,11,0.0006103907821845268,12,4.392557433277169,2.613382172487711,5.105550907218735,5.312398369220617,3.5332231084311587,6.025391843162183,1
4,2|5|6|14,n03|n06|n07|n15,61.60798473518864,62.344165982163744,11,0.000617542962221483,12,6.125370635983174,4.346195375193716,6.83836410992474,6.861551882958281,5.082376622168823,7.574545356899847,1
4,2|5|6|15,n03|n06|n07|n16,63.07063838052207,63.79851552736764,11,0.000617542962221483,12,7.588024281316606,5.808849020527148,8.301017755258172,8.315901428162178,6.53672616737272,9.028894902103744,1
4,2|5|7|8,n03|n06|n08|n09,61.627484477192645,61.568845266757634,11,0.0006166991823231449,12,6.144870377987182,4.365695117197724,6.857863851928748,6.086231167552171,4.307055906762713,6.799224641493737,1
4,2|5|7|9,n03|n06|n08|n10,62.14507262884404,62.039945910058734,11,0.0006067923068455594,12,6.662458529638577,4.8832832688491195,7.375452003580143,6.55733181085327,4.778156550063812,7.270325284794836,1
4,2|5|7|10,n03|n06|n08|n11,64.56733199138817,64.70351567824157,11,0.000617542962221483,12,9.08471789218271,7.305542631393251,9.797711366124275,9.22090157903611,7.441726318246651,9.933895052977675,1
4,2|5|7|11,n03|n06|n08|n12,66.1564205026152,65.89163735643044,11,0.0006098154029277415,12,10.673806403409742,8.894631142620284,11.386799877351308,10.409023257224973,8.629847996435515,11.12201673116654,1
4,2|5|7|12,n03|n06|n08|n13,61.22471189955946,61.17154935132729,11,0.0006166991823231449,12,5.742097800353996,3.9629225395645378,6.455091274295562,5.68893525212183,3.909759991332372,6.401928726063396,1
4,2|5|7|13,n03|n06|n08|n14,61.715000132620546,61.82015443869785,11,0.0006166991823231449,12,6.232386033415082,4.453210772625624,6.945379507356648,6.337540339492385,4.558365078702927,7.050533813433951,1
4,2|5|7|14,n03|n06|n08|n15,63.39458520537891,63.35676647398639,11,0.000616557460297857,12,7.911971106173446,6.132795845383988,8.624964580115012,7.874152374780927,6.094977113991469,8.587145848722493,1
4,2|5|7|15,n03|n06|n08|n16,64.81700642838966,64.72728066319036,11,0.000616716654813388,12,9.334392329184197,7.5552170683947395,10.047385803125763,9.244666563984893,7.465491303195435,9.957660037926459,1
4,2|5|8|9,n03|n06|n09|n10,50.85739974120374,51.057895664178325,11,0.0006119306153608673,12,4.625214358001699,6.4043896187911855,3.9122208840601616,4.42471843502716,6.203893695816589,3.711724961085565,1
4,2|5|8|10,n03|n06|n09|n11,55.40903777520339,55.760270935457044,12,0.0006263630665684662,12,0.07357632400209013,1.8527515847915197,0.6394171499394901,0.27765683625158033,1.5015184245378919,0.9906503101931463,1
4,2|5|8|11,n03|n06|n09|n12,57.101203656271174,57.33945505011067,12,0.0006163994066359299,12,1.618589557065711,0.16058570372376835,2.331583031007277,1.8568409509052088,0.07766569011575086,2.569834424846775,1
4,2|5|8|12,n03|n06|n09|n13,51.70271316919316,52.0864772513883,12,0.0006192280356462209,12,3.7799009300123316,5.559076190801761,3.0669074560707372,3.3961368478171607,5.17531210860659,2.683143373875623,1
4,2|5|8|13,n03|n06|n09|n14,50.20755420778271,50.63947764861934,11,0.0006361398785853665,12,5.275059891422757,7.054235152212186,4.562066417481219,4.843136450586144,6.622311711375573,4.130142976644549,1
4,2|5|8|14,n03|n06|n09|n15,54.135526008520586,54.49426215098711,12,0.0006272004664616798,12,1.347088090684906,3.1262633514743356,0.6340946167433117,0.9883519482183374,2.767527209007824,0.2753584742767998,1
4,2|5|8|15,n03|n06|n09|n16,55.60031741554951,55.911113277219805,12,0.0006246089341385662,12,0.1177033163440484,1.6614719444453954,0.8306967902856144,0.42849917801434145,1.3506760827751236,1.1414926519559074,1
4,2|5|9|10,n03|n06|n10|n11,55.11673948147745,55.5251922695427,12,0.0006066894082731476,12,0.365874617728025,2.1450498785174545,0.3471188562135552,0.04257817033723654,1.7365970904522214,0.7555716442788025,1
4,2|5|9|11,n03|n06|n10|n12,57.455992750621,57.80079169982219,12,0.0006042777645566245,12,1.973378651415537,0.19420339062607894,2.686372125357103,2.3181776006167283,0.5390023398272703,3.0311710745582943,1
4,2|5|9|12,n03|n06|n10|n13,52.93028823363725,53.315724607950365,12,0.0006111606987726971,12,2.552325865568207,4.3315011263576935,1.8393323916266695,2.1668894912551195,3.946064752044549,1.4538960173135251,1
4,2|5|9|13,n03|n06|n10|n14,50.33493273384148,51.00477173397042,11,0.0006103907821845269,12,5.147681365364008,6.9268566261534374,4.4346878914224135,4.4778423652350625,6.257017626024492,3.764848891293468,1
4,2|5|9|14,n03|n06|n10|n15,54.51900972193044,54.966316511250966,12,0.0006066894082731476,12,0.9636043772750327,2.7427796380644622,0.2506109033334383,0.5162975879545115,2.295472848743941,0.19669588598706866,1
4,2|5|9|15,n03|n06|n10|n16,55.89134177398001,56.31434520662799,12,0.0006066894082731476,12,0.4087276747745463,1.3704475860149046,1.1217211487161123,0.8317311074225273,0.9474441533669165,1.5447245813640933,1
4,2|5|10|11,n03|n06|n11|n12,59.64279173866064,60.308159394575085,11,0.0006098154029277415,12,4.160177639455178,2.3810023786657197,4.873171113396744,4.825545295369622,3.046370034580164,5.538538769311188,1
4,2|5|10|12,n03|n06|n11|n13,55.22443339721716,55.49354880847197,12,0.0006194044060156784,12,0.25818070198829446,2.037355962777781,0.4548127719532644,0.010934709266507525,1.768240551522922,0.7239281832080735,1
4,2|5|10|13,n03|n06|n11|n14,55.55882192712789,55.970963313944445,12,0.0006194044060156784,12,0.07620782792242409,1.7029674328670126,0.7892013018639901,0.48834921473898163,1.2908260460504835,1.2013426886805476,1
4,2|5|10|14,n03|n06|n11|n15,58.30989141560093,58.523304874109385,11,0.000617542962221483,12,2.8272773163954668,1.0481020556060088,3.5402707903370327,3.040690774903922,1.261515514114464,3.753684248845488,1
4,2|5|10|15,n03|n06|n11|n16,58.44105010978278,58.72797146337953,12,0.0006136791825746123,12,2.9584360105773158,1.1792607497878578,3.6714294845188817,3.245357364174069,1.466182103384611,3.958350838115635,1
4,2|5|11|12,n03|n06|n12|n13,56.755761197667766,56.97493547705946,12,0.000616544872051007,12,1.273147098462303,0.5060281623271408,1.986140572403869,1.4923213778539974,0.28685388293547476,2.2053148517955634,1
4,2|5|11|13,n03|n06|n12|n14,57.15377068908213,57.543394002679875,12,0.0006095662155779889,12,1.6711565898766665,0.10801867091277018,2.3841500638182325,2.060779903474412,0.2816046426849539,2.773773377415978,1
4,2|5|11|14,n03|n06|n12|n15,59.34315185494104,59.64747458801393,11,0.000617542962221483,12,3.860537755735578,2.08136249494612,4.573531229677144,4.164860488808465,2.385685228019007,4.877853962750031,1
4,2|5|11|15,n03|n06|n12|n16,59.799306409061835,60.04502529452061,12,0.0006153579975015314,12,4.316692309856371,2.5375170490669134,5.029685783797937,4.56241119531515,2.783235934525692,5.275404669256716,1
4,2|5|12|13,n03|n06|n13|n14,52.79815983789658,53.23197757747924,12,0.0006263746959286528,12,2.684454261308872,4.463629522098358,1.9714607873673344,2.2506365217262214,4.029811782515708,1.537643047784627,1
4,2|5|12|14,n03|n06|n13|n15,53.9663410565439,54.20766453822544,12,0.0006263746959286528,12,1.5162730426615667,3.295448303451053,0.8032795687199723,1.2749495609800192,3.0541248217695056,0.5619560870384817,1
4,2|5|12|15,n03|n06|n13|n16,55.266660117257445,55.54946794357962,12,0.0006246089341385662,12,0.21595398194801874,1.9951292427374483,0.49703949199354724,0.0668538443741582,1.7123214164153069,0.7798473183157242,1
4,2|5|13|14,n03|n06|n14|n15,54.42975937744202,55.01023754168257,12,0.0006137637751719501,12,1.052854721763424,2.8320299825529105,0.33986124782188654,0.47237655752292085,2.2515518183123504,0.24061691641867355,1
4,2|5|13|15,n03|n06|n14|n16,55.63056993681503,56.12578235909725,12,0.0006263746959286528,12,0.14795583760956532,1.631219423179914,0.8609493115511313,0.6431682598917874,1.1360070008976777,1.3561617338333534,1
4,2|5|14|15,n03|n06|n15|n16,57.555583307742566,57.954144879894585,12,0.0006197343893787155,12,2.0729692085371028,0.2937939477476448,2.7859626824786687,2.471530780689122,0.6923555198996638,3.184524254630688,1
4,2|6|7|8,n03|n07|n08|n09,65.26213637187182,65.16184939851298,11,0.0006165302547564936,12,9.779522272666355,8.000347011876897,10.492515746607921,9.679235299307521,7.900060038518063,10.392228773249087,1
4,2|6|7|9,n03|n07|n08|n10,66.51826377982187,66.46929176870357,11,0.0006103907821845273,12,11.035649680616402,9.256474419826944,11.748643154557968,10.986677669498107,9.207502408708649,11.699671143439673,1
4,2|6|7|10,n03|n07|n08|n11,68.56434459731402,68.87196461078653,11,0.0006366648806309103,12,13.081730498108556,11.302555237319098,13.794723972050122,13.389350511581071,11.610175250791613,14.102343985522637,1
4,2|6|7|11,n03|n07|n08|n12,69.9801779417033,69.91477633294375,11,0.0006203880548438471,12,14.49756384249784,12.718388581708382,15.210557316439406,14.432162233738282,12.652986972948824,15.145155707679848,1
4,2|6|7|12,n03|n07|n08|n13,65.24970791505835,65.10748705731362,11,0.0006213642698735413,12,9.767093815852888,7.98791855506343,10.480087289794454,9.624872958108156,7.845697697318698,10.337866432049722,1
4,2|6|7|13,n03|n07|n08|n14,65.6124057813134,65.65110673034538,11,0.0006116319323606514,12,10.129791682107935,8.350616421318477,10.842785156049501,10.168492631139912,8.389317370350454,10.881486105081478,1
4,2|6|7|14,n03|n07|n08|n15,67.3329690989901,67.25701081676026,11,0.0006203880548438471,12,11.850354999784642,10.071179738995184,12.563348473726208,11.774396717554794,9.995221456765336,12.48739019149636,1
4,2|6|7|15,n03|n07|n08|n16,68.782441206252,68.56379769099105,11,0.0006203880548438471,12,13.29982710704654,11.520651846257081,14.012820580988105,13.081183591785589,11.30200833099613,13.794177065727155,1
4,2|6|8|9,n03|n07|n09|n10,58.361322373029225,58.5767142749936,10,0.0006460492812897878,12,2.8787082738237615,1.0995330130343035,3.5917017477653275,3.0941001757881352,1.3149249149986773,3.807093649729701,1
4,2|6|8|10,n03|n07|n09|n11,66.54432906992949,72.16377812232152,11,0.0006479806210444582,12,11.061714970724026,9.282539709934568,11.774708444665592,16.681164023116054,14.901988762326596,17.39415749705762,1
4,2|6|8|11,n03|n07|n09|n12,62.567095186794184,64.18358845235046,11,0.0006324751163874115,12,7.0844810875887205,5.3053058267992625,7.7974745615302865,8.700974353145,6.921799092355542,9.413967827086566,1
4,2|6|8|12,n03|n07|n09|n13,58.143655636284414,58.5560320765419,11,0.0006372524761863654,12,2.661041537078951,0.8818662762894931,3.374035011020517,3.073417977336433,1.2942427165469752,3.786411451277999,1
4,2|6|8|13,n03|n07|n09|n14,56.99270073814283,57.49666588126031,10,0.0006406852088607414,12,1.5100866389373664,0.26908862185212,2.2230801128789324,2.0140517820548496,0.2348765212653916,2.7270452559964156,1
4,2|6|8|14,n03|n07|n09|n15,60.68561658130907,61.173570852251466,11,0.0006324751163874115,12,5.2030024821036065,3.4238272213141485,5.9159959560451725,5.690956753046002,3.9117814922565444,6.403950226987568,1
4,2|6|8|15,n03|n07|n09|n16,62.154042092715194,62.63997425585238,11,0.0006324751163874115,12,6.671427993509731,4.892252732720273,7.384421467451297,7.1573601566469165,5.3781848958574585,7.8703536305884825,1
4,2|6|9|10,n03|n07|n10|n11,67.13423593377946,72.96265682350945,11,0.0006204870391694528,12,11.651621834574001,9.872446573784543,12.364615308515567,17.480042724303985,15.700867463514527,18.19303619824555,1
4,2|6|9|11,n03|n07|n10|n12,63.73880487627319,65.48073138507198,11,0.0006186524231753697,12,8.25619077706773,6.477015516278271,8.969184251009295,9.998117285866513,8.218942025077055,10.71111075980808,1
4,2|6|9|12,n03|n07|n10|n13,60.048508498564956,60.513538293642775,11,0.0006324073613345449,12,4.565894399359493,2.786719138570035,5.278887873301059,5.030924194437311,3.2517489336478533,5.743917668378877,1
4,2|6|9|13,n03|n07|n10|n14,57.54350282442869,58.164491236920526,10,0.0006124479246712247,12,2.0608887252232293,0.2817134644337713,2.7738821991647953,2.6818771377150625,0.9027018769256046,3.3948706116566285,1
4,2|6|9|14,n03|n07|n10|n15,61.96858379209734,62.531544004830984,11,0.0006204870391694528,12,6.485969692891878,4.70679443210242,7.198963166833444,7.048929905625521,5.269754644836063,7.761923379567087,1
4,2|6|9|15,n03|n07|n10|n16,63.37031930329041,63.94408035524019,11,0.0006204870391694528,12,7.887705204084945,6.108529943295487,8.600698678026511,8.461466256034726,6.682290995245268,9.174459729976292,1
4,2|6|10|11,n03|n07|n11|n12,73.21191764383916,73.26009540086477,9,0.0006213264494206488,12,17.729303544633694,15.950128283844236,18.44229701857526,17.777481301659307,15.99830604086985,18.490474775600873,1
4,2|6|10|12,n03|n07|n11|n13,66.79777170820766,72.30941041988174,11,0.0006366648806309103,12,11.315157609002199,9.535982348212741,12.028151082943765,16.82679632067628,15.047621059886822,17.539789794617846,1
4,2|6|10|13,n03|n07|n11|n14,67.02326237184485,72.75345404041285,11,0.0006366648806309106,12,11.540648272639388,9.76147301184993,12.253641746580954,17.270839941207385,15.491664680417927,17.98383341514895,1
4,2|6|10|14,n03|n07|n11|n15,75.37777373277422,75.68662478832469,10,0.0006213264494206489,12,19.895159633568753,18.115984372779295,20.60815310751032,20.20401068911923,18.42483542832977,20.917004163060795,1
4,2|6|10|15,n03|n07|n11|n16,70.50737628838827,76.44226318040754,11,0.0006213264494206488,12,15.024762189182809,13.245586928393351,15.737755663124375,20.959649081202073,19.180473820412615,21.67264255514364,1
4,2|6|11|12,n03|n07|n12|n13,62.569244010532195,64.13099463183241,11,0.0006303988844774543,12,7.086629911326732,5.307454650537274,7.799623385268298,8.648380532626945,6.869205271837487,9.36137400656851,1
4,2|6|11|13,n03|n07|n12|n14,62.88664475476217,64.66888656264732,11,0.0006203880548438471,12,7.40403065555671,5.624855394767252,8.117024129498276,9.186272463441853,7.407097202652395,9.899265937383419,1
4,2|6|11|14,n03|n07|n12|n15,65.67138862675667,67.73365005703408,10,0.0006246467713390338,12,10.188774527551203,8.409599266761745,10.90176800149277,12.25103595782862,10.471860697039162,12.964029431770186,1
4,2|6|11|15,n03|n07|n12|n16,65.55785120639672,67.36587906591572,11,0.0006213264494206488,12,10.075237107191256,8.296061846401798,10.788230581132822,11.883264966710257,10.1040897059208,12.596258440651823,1
4,2|6|12|13,n03|n07|n13|n14,59.65665949778575,60.198755293737456,11,0.0006361398785853665,12,4.17404539858029,2.394870137790832,4.887038872521856,4.716141194531993,2.9369659337425347,5.429134668473559,1
4,2|6|12|14,n03|n07|n13|n15,60.79712857538204,61.187269754413535,11,0.0006303988844774543,12,5.314514476176576,3.5353392153871184,6.027507950118142,5.704655655208072,3.9254803944186136,6.417649129149638,1
4,2|6|12|15,n03|n07|n13|n16,62.158518504293745,62.590619684746294,11,0.0006303988844774543,12,6.675904405088282,4.896729144298824,7.388897879029848,7.10800558554083,5.328830324751372,7.820999059482396,1
4,2|6|13|14,n03|n07|n14|n15,61.23577931064593,61.939518611277606,11,0.0006242707864907042,12,5.753165211440468,3.97398995065101,6.466158685382034,6.456904512072143,4.677729251282685,7.169897986013709,1
4,2|6|13|15,n03|n07|n14|n16,62.48014767161734,63.161631719367875,11,0.0006212785574073573,12,6.997533572411875,5.218358311622417,7.710527046353441,7.679017620162412,5.899842359372954,8.392011094103978,1
4,2|6|14|15,n03|n07|n15|n16,64.34004357556664,65.12813285704107,11,0.0006279670932574189,12,8.857429476361176,7.078254215571718,9.570422950302742,9.645518757835603,7.866343497046145,10.35851223177717,1
4,2|7|8|9,n03|n08|n09|n10,58.92130512965121,58.499667814149376,10,0.0006224743246898846,12,3.438691030445746,1.6595157696562879,4.151684504387312,3.0170537149439127,1.2378784541544547,3.7300471888854787,1
4,2|7|8|10,n03|n08|n09|n11,62.56167628816202,62.63930124768523,11,0.0006319197910176306,12,7.079062188956556,5.299886928167098,7.792055662898122,7.156687148479769,5.377511887690311,7.869680622421335,1
4,2|7|8|11,n03|n08|n09|n12,64.13224552370144,63.85279065249424,11,0.0006155809183723672,12,8.649631424495979,6.870456163706521,9.362624898437545,8.370176553288779,6.591001292499321,9.083170027230345,1
4,2|7|8|12,n03|n08|n09|n13,58.68611188946376,58.57115449668678,11,0.0006165302547564936,12,3.2034977902582966,1.4243225294688386,3.9164912641998626,3.0885403974813173,1.3093651366918593,3.8015338714228832,1
4,2|7|8|13,n03|n08|n09|n14,57.77632663148401,57.66503846300715,10,0.000617617881226997,12,2.2937125322785477,0.5145372714890897,3.0067060062201136,2.1824243638016867,0.4032491030122287,2.8954178377432527,1
4,2|7|8|14,n03|n08|n09|n15,61.37930006877664,61.25779858093993,11,0.0006141572901030419,12,5.896685969571173,4.117510708781715,6.609679443512739,5.775184481734463,3.9960092209450053,6.488177955676029,1
4,2|7|8|15,n03|n08|n09|n16,62.824721268694354,62.66092546119474,11,0.0006155809183723672,12,7.342107169488891,5.562931908699433,8.055100643430457,7.17831136198928,5.399136101199822,7.891304835930846,1
4,2|7|9|10,n03|n08|n10|n11,63.218005881831644,63.43176193666533,11,0.0006187237054918876,12,7.735391782626181,5.956216521836723,8.448385256567747,7.9491478374598685,6.1699725766704105,8.662141311401435,1
4,2|7|9|11,n03|n08|n10|n12,65.45933704330358,65.18861073168468,11,0.0006065865097007359,12,9.976722944098114,8.197547683308656,10.68971641803968,9.705996632479213,7.926821371689755,10.418990106420779,1
4,2|7|9|12,n03|n08|n10|n13,60.724937507990745,60.536143896553156,11,0.0006103907821845268,12,5.242323408785282,3.463148147995824,5.955316882726848,5.053529797347693,3.274354536558235,5.766523271289259,1
4,2|7|9|13,n03|n08|n10|n14,58.22378427968338,58.21135614718594,10,0.0006089215771817341,12,2.7411701804779156,0.9619949196884576,3.4541636544194816,2.728742047980475,0.9495667871910172,3.441735521922041,1
4,2|7|9|14,n03|n08|n10|n15,62.73491277706233,62.59362655043072,11,0.0006074523721789413,12,7.252298677856864,5.473123417067406,7.96529215179843,7.111012451225257,5.331837190435799,7.824005925166823,1
4,2|7|9|15,n03|n08|n10|n16,64.06562692563892,63.9053924272102,11,0.0006065865097007359,12,8.58301282643346,6.803837565644002,9.296006300375026,8.422778328004739,6.643603067215281,9.135771801946305,1
4,2|7|10|11,n03|n08|n11|n12,68.72323329320943,68.27953940341588,10,0.0006135160599219384,12,13.240619194003969,11.461443933214511,13.953612667945535,12.796925304210419,11.01775004342096,13.509918778151984,1
4,2|7|10|12,n03|n08|n11|n13,62.6463165007635,62.63193656735543,11,0.0006303988844774543,12,7.163702401558034,5.384527140768576,7.8766958754996,7.149322468149968,5.37014720736051,7.862315942091534,1
4,2|7|10|13,n03|n08|n11|n14,63.028450163849904,63.16163635977502,11,0.0006201447830965046,12,7.5458360646444405,5.7666608038549825,8.258829538586006,7.679022260569553,5.899846999780095,8.39201573451112,1
4,2|7|10|14,n03|n08|n11|n15,66.98140421217929,66.88495643412242,10,0.0006175429622214834,12,11.498790112973822,9.719614852184364,12.211783586915388,11.402342334916952,9.623167074127494,12.115335808858518,1
4,2|7|10|15,n03|n08|n11|n16,66.12932875107542,66.07614591731463,11,0.000617542962221483,12,10.646714651869956,8.867539391080498,11.359708125811522,10.59353181810917,8.814356557319712,11.306525292050736,1
4,2|7|11|12,n03|n08|n12|n13,64.07568375647811,63.75986586388555,11,0.0006180062015374892,12,8.59306965727265,6.813894396483192,9.306063131214216,8.277251764680088,6.49807650389063,8.990245238621654,1
4,2|7|11|13,n03|n08|n12|n14,64.62480999583926,64.4297974236591,11,0.0006155285724509442,12,9.142195896633794,7.363020635844336,9.85518937057536,8.947183324453633,7.168008063664175,9.660176798395199,1
4,2|7|11|14,n03|n08|n12|n15,67.6488892811211,67.36280570008314,10,0.0006186119812075891,12,12.166275181915637,10.387099921126179,12.879268655857203,11.88019160087768,10.101016340088222,12.593185074819246,1
4,2|7|11|15,n03|n08|n12|n16,67.40194160413982,67.14792472007109,11,0.0006180062015374892,12,11.919327504934358,10.1401522441449,12.632320978875924,11.665310620865625,9.886135360076167,12.378304094807191,1
4,2|7|12|13,n03|n08|n13|n14,60.29396459320884,60.18094180872472,11,0.0006180062015374892,12,4.811350494003378,3.03217523321392,5.524343967944944,4.698327709519255,2.919152448729797,5.411321183460821,1
4,2|7|12|14,n03|n08|n13|n15,61.46870950495438,61.255626730868045,11,0.0006180062015374892,12,5.9860954057489195,4.2069201449594615,6.6990888796904855,5.773012631662581,3.9938373708731234,6.486006105604147,1
4,2|7|12|15,n03|n08|n13|n16,62.776393468258625,62.57090183681521,11,0.0006180062015374892,12,7.293779369053162,5.514604108263704,8.006772842994728,7.088287737609747,5.309112476820289,7.801281211551313,1
4,2|7|13|14,n03|n08|n14|n15,62.247578157368096,62.24598597451186,11,0.0006130910780981218,12,6.764964058162633,4.985788797373175,7.477957532104199,6.763371875306397,4.984196614516939,7.476365349247963,1
4,2|7|13|15,n03|n08|n14|n16,63.29921276681697,63.266133055367604,11,0.0006130910780981218,12,7.816598667611508,6.03742340682205,8.529592141553074,7.7835189561621405,6.0043436953726825,8.496512430103706,1
4,2|7|14|15,n03|n08|n15|n16,65.43230929510331,65.29505832605258,11,0.0006180062015374892,12,9.949695195897846,8.170519935108388,10.662688669839412,9.81244422684712,8.033268966057662,10.525437700788686,1
4,2|8|9|10,n03|n09|n10|n11,49.6158558370973,53.10492988431899,11,0.0006202510167495209,12,5.866758262108192,7.6459335228976215,5.1537647881665976,2.3776842148864716,4.156859475675901,1.664690740944934,1
4,2|8|9|11,n03|n09|n10|n12,54.281432157177136,54.09182433938473,11,0.0006172178948994926,12,1.2011819420283132,2.9803572028177996,0.48818846808677563,1.3907897598207342,3.1699650206102206,0.6777962858791398,1
4,2|8|9|12,n03|n09|n10|n13,51.895705226583026,51.94536046662849,12,0.0006303284141955846,12,3.5869088726224163,5.366084133411903,2.8739153986808788,3.537253632576949,5.316428893366435,2.8242601586354112,1
4,2|8|9|13,n03|n09|n10|n14,49.164682710882644,49.28533338925085,11,0.0006119306153608673,12,6.3179313883227906,8.097106649112277,5.604937914381253,6.197280709954612,7.976455970744041,5.484287236013074,1
4,2|8|9|14,n03|n09|n10|n15,53.02703717403856,51.568988019850046,11,0.0006282494670566242,12,2.455576925166895,4.234752185956381,1.7425834512253573,3.9136260793554243,5.692801340144854,3.20063260541383,1
4,2|8|9|15,n03|n09|n10|n16,52.7081972849182,52.51663983911125,11,0.0006282494670566242,12,2.7744168142872923,4.553592075076722,2.061423340345698,2.9659742600941854,4.745149520883672,2.252980786152648,1
4,2|8|10|11,n03|n09|n11|n12,57.68863155916106,58.19286447780727,11,0.0006319197910176306,12,2.2060174599555964,0.4268421991661384,2.9190109338971624,2.710250378601806,0.9310751178123482,3.423243852543372,1
4,2|8|10|12,n03|n09|n11|n13,52.93298076616382,52.992179213659085,12,0.0006335360121755684,12,2.5496333330416405,4.328808593831127,1.8366398591000461,2.4904348855463923,4.269610146335822,1.7774414116047978,1
4,2|8|10|13,n03|n09|n11|n14,51.6245983804502,51.64525374877717,11,0.0006319197910176306,12,3.8580157187552686,5.637190979544698,3.145022244813674,3.8373603504282983,5.616535611217728,3.124366876486704,1
4,2|8|10|14,n03|n09|n11|n15,56.61236671878994,56.516684812588245,11,0.0006319197910176306,12,1.1297526195844796,0.6494226412049784,1.8427460935260456,1.034070713382782,0.7451045474066973,1.747064187324348,1
4,2|8|10|15,n03|n09|n11|n16,56.68474932298676,56.806786777888185,12,0.0006234270900060315,12,1.2021352237812977,0.5770400370081461,1.9151286977228636,1.3241726786827215,0.4550025821067152,2.0371661526242875,1
4,2|8|11|12,n03|n09|n12|n13,54.448978898517616,54.54278114191025,12,0.0006163193187566697,12,1.0336352006878542,2.8128104614772838,0.3206417267462598,0.9398329572952093,2.7190082180846957,0.22683948335367177,1
4,2|8|11|13,n03|n09|n12|n14,53.23378977936694,53.314774848061305,11,0.000618536580130849,12,2.2488243198385476,4.027999580627977,1.5358308458969532,2.167839251144187,3.9470145119336166,1.4548457772025927,1
4,2|8|11|14,n03|n09|n12|n15,57.38682391965824,57.48718446055125,11,0.0006172178948994926,12,1.9042098204527775,0.12503455966331956,2.6172032943943435,2.0045703613457846,0.2253951005563266,2.7175638352873506,1
4,2|8|11|15,n03|n09|n12|n16,58.05697420584074,58.09971267086904,12,0.0006223742584141738,12,2.5743601066352753,0.7951848458458173,3.2873535805768412,2.6170985716635755,0.8379233108741175,3.3300920456051415,1
4,2|8|12|13,n03|n09|n13|n14,50.962195956336835,51.042950648959994,12,0.0006366249510276808,12,4.520418142868607,6.299593403658093,3.8074246689270694,4.439663450245462,6.218838711034948,3.726669976303924,1
4,2|8|12|14,n03|n09|n13|n15,51.501269339106095,51.67614035464222,12,0.0006275853198300692,12,3.9813447600993754,5.760520020888805,3.268351286157781,3.8064737445632204,5.585649005352707,3.093480270621683,1
4,2|8|12|15,n03|n09|n13|n16,52.999148991092305,53.13005097586777,12,0.0006275853198300692,12,2.483465108113137,4.262640368902623,1.7704716341715994,2.3525631233376885,4.131738384127175,1.639569649396151,1
4,2|8|13|14,n03|n09|n14|n15,50.37273693662003,50.566245732463805,11,0.000628281512881294,12,5.109877162585462,6.889052423374892,4.396883688643868,4.916368366741665,6.695543627531094,4.2033748928000705,1
4,2|8|13|15,n03|n09|n14|n16,51.67135960705609,51.79857540195334,11,0.0006310140011310165,12,3.8112544921493736,5.590429752938803,3.098261018207836,3.684038697252106,5.463213958041592,2.9710452233105684,1
4,2|8|14|15,n03|n09|n15|n16,55.81828312937445,55.9999404064406,12,0.0006252678662887775,12,0.33566903016898664,1.4435062306204713,1.0486625041105526,0.5173263072351375,1.2618489535543063,1.2303197811767035,1
4,2|9|10|11,n03|n10|n11|n12,57.83729239054117,61.322018859825114,11,0.0006172230197990789,12,2.354678291335709,0.5755030305462512,3.067671765277275,5.839404760619651,4.060229499830193,6.552398234561217,1
4,2|9|10|12,n03|n10|n11|n13,53.68883373627548,53.69229511698292,12,0.0006248218766519403,12,1.7937803629299651,3.5729556237194515,1.0807868889884276,1.7903189822225158,3.5694942430120022,1.0773255082809783,1
4,2|9|10|13,n03|n10|n11|n14,51.86916114081924,52.21666906508339,11,0.0006179982949724818,12,3.613452958386233,5.392628219175663,2.9004594844446387,3.265945034122069,5.0451202949115554,2.5529515601805315,1
4,2|9|10|14,n03|n10|n11|n15,57.34797037560595,57.60303327816345,11,0.0006065865097007359,12,1.8653562764004832,0.0861810156110252,2.578349750342049,2.120419178957988,0.34124391816853006,2.833412652899554,1
4,2|9|10|15,n03|n10|n11|n16,57.09122812186215,57.416683767740764,12,0.0006127253335757115,12,1.6086140226566883,0.170561238132791,2.3216074965982543,1.934069668535301,0.15489440774584295,2.647063142476867,1
4,2|9|11|12,n03|n10|n12|n13,56.288411804715075,56.35669031557327,12,0.0006105554542777536,12,0.8057977055096117,0.9733775552798534,1.5187911794511777,0.8740762163678042,0.9050990444216609,1.5870696903093702,1
4,2|9|11|13,n03|n10|n12|n14,53.46572464605225,53.77008764718362,11,0.000603334573553981,12,2.016889453153226,3.7960647139426555,1.3038959792116316,1.712526452021848,3.4917017128112775,0.9995329780802535,1
4,2|9|11|14,n03|n10|n12|n15,58.67019222217747,58.84157855729693,11,0.0006079178769062587,12,3.187578122972006,1.4084028621825482,3.900571596913572,3.3589644580914637,1.5797891973020057,4.07195793203303,1
4,2|9|11|15,n03|n10|n12|n16,59.297316561231426,59.38184337473787,12,0.0006123351335392169,12,3.814702462025963,2.035527201236505,4.527695935967529,3.899229275532406,2.120054014742948,4.612222749473972,1
4,2|9|12|13,n03|n10|n13|n14,51.86031548674259,52.22607157936926,12,0.0006103907821845269,12,3.6222986124628846,5.401473873252314,2.9093051385212902,3.2565425198362163,5.035717780625646,2.543549045894622,1
4,2|9|12|14,n03|n10|n13|n15,53.52871679001689,53.57412012310871,12,0.000612477100440502,12,1.9538973091885623,3.7330725699780487,1.2409038352470247,1.9084939760967359,3.6876692368862223,1.1955005021551983,1
4,2|9|12|15,n03|n10|n13|n16,54.81732036956086,54.90849864260016,12,0.0006130965879106334,12,0.6652937296445884,2.444468990434075,0.04769974429696333,0.5741154566052842,2.3532907173947706,0.13887801733626048,1
4,2|9|13|14,n03|n10|n14|n15,50.617510285322965,51.000768053575,11,0.0006106963753546285,12,4.865103813882513,6.6442790746719425,4.1521103399409185,4.481846045630448,6.261021306419934,3.7688525716889103,1
4,2|9|13|15,n03|n10|n14|n16,51.871375490883466,52.229016254190284,11,0.0006040320407443707,12,3.611238608321969,5.390413869111455,2.8982451343804314,3.253597845015179,5.032773105804608,2.5406043710736412,1
4,2|9|14|15,n03|n10|n15|n16,56.96741224824502,57.20095575087902,12,0.0006103789030734159,12,1.4847981490395554,0.29437711174989545,2.1977916229811214,1.7183416516735548,0.060833609115888976,2.4313351256151208,1
4,2|10|11|12,n03|n11|n12|n13,57.807609781259764,58.197547063291395,11,0.0006303988844774543,12,2.3249956820543005,0.5458204212648425,3.0379891559958665,2.714932964085932,0.9357577032964741,3.427926438027498,1
4,2|10|11|13,n03|n11|n12|n14,57.74501003719801,58.274043854366596,11,0.0006201447830965046,12,2.262395937992544,0.4832206772030858,2.9753894119341098,2.7914297551611327,1.0122544943716747,3.5044232291026987,1
4,2|10|11|14,n03|n11|n12|n15,60.627216673635914,61.09347295213989,11,0.000617987658971013,12,5.144602574430451,3.3654273136409927,5.857596048372017,5.610858852934427,3.8316835921449695,6.323852326875993,1
4,2|10|11|15,n03|n11|n12|n16,60.9628367256245,61.46408781392638,12,0.000619434705821066,12,5.480222626419035,3.7010473656295773,6.193216100360601,5.98147371472092,4.202298453931462,6.694467188662486,1
4,2|10|12|13,n03|n11|n13|n14,54.38779716581529,54.45026603610919,12,0.0006309203486891291,12,1.0948169333901774,2.873992194179607,0.381823459448583,1.032348063096265,2.8115233238857513,0.31935458915472736,1
4,2|10|12|14,n03|n11|n13|n15,56.67188028773131,56.603115883780006,11,0.0006287979479140941,12,1.189266188525849,0.5899090722635947,1.902259662467415,1.120501784574543,0.6586734762149149,1.833495258516109,1
4,2|10|12|15,n03|n11|n13|n16,56.799100079823454,56.814548239563756,12,0.0006169815196505602,12,1.3164859806179905,0.46268928017144617,2.0294794545595565,1.3319341403582925,0.4472411204311584,2.0449276142998585,1
4,2|10|13|14,n03|n11|n14|n15,56.71567779793086,56.91647738778684,11,0.0006094891576223939,12,1.2330636987253953,0.546111562064084,1.9460571726669613,1.433863288581378,0.3453119722080942,2.146856762522944,1
4,2|10|13|15,n03|n11|n14|n16,57.12452759140591,57.3029191456822,12,0.0006124717907880614,12,1.6419134922004446,0.13726176858904182,2.3549069661420106,1.82030504647674,0.041129785687282094,2.533298520418306,1
4,2|10|14|15,n03|n11|n15|n16,58.93098711257013,59.00630141207502,12,0.0006175429622214834,12,3.448373013364666,1.669197752575208,4.161366487306232,3.523687312869555,1.744512052080097,4.236680786811121,1
4,2|11|12|13,n03|n12|n13|n14,55.946652694767835,56.013530408992565,12,0.000618277123851713,12,0.46403859556237137,1.3151366652271008,1.1770320695039374,0.5309163097871021,1.2482589510023558,1.2439097837286681,1
4,2|11|12|14,n03|n12|n13|n15,57.52149202018685,57.49434385807324,11,0.0006303988844774543,12,2.0388779209813848,0.2597026601919268,2.7518713949229507,2.01172975886778,0.23255449807832207,2.724723232809346,1
4,2|11|12|15,n03|n12|n13|n16,58.03946873425383,58.026456972018664,12,0.0006242025430074718,12,2.556854635048367,0.7776793742589092,3.269848108989933,2.543842872813201,0.764667612023743,3.256836346754767,1
4,2|11|13|14,n03|n12|n14|n15,58.083041252543154,58.373839412355146,11,0.0006172178948994926,12,2.600427153337691,0.8212518925482328,3.313420627279257,2.8912253131496826,1.1120500523602246,3.6042187870912485,1
4,2|11|13|15,n03|n12|n14|n16,58.50742940542492,58.683434699960195,12,0.0006176120482184909,12,3.024815306219459,1.245640045430001,3.737808780161025,3.2008206007547315,1.4216453399652735,3.9138140746962975,1
4,2|11|14|15,n03|n12|n15|n16,60.23317146192139,60.27791703887394,12,0.0006186119812075891,12,4.750557362715924,2.9713821019264657,5.46355083665749,4.795302939668474,3.016127678879016,5.50829641361004,1
4,2|12|13|14,n03|n13|n14|n15,53.40615396639496,53.556734610756294,12,0.000626728664814321,12,2.076460132810496,3.8556353935999823,1.3634666588689583,1.9258794884491408,3.705054749238627,1.2128860145076032,1
4,2|12|13|15,n03|n13|n14|n16,54.489238941831644,54.61588480331148,12,0.0006280949089391822,12,0.993375157373805,2.7725504181632914,0.28038168343226744,0.8667292958940038,2.6459045566834334,0.15373582195240942,1
4,2|12|14|15,n03|n13|n15|n16,55.95738223260598,56.00988962199171,12,0.0006335318825541823,12,0.4747681334005165,1.304407127388913,1.1877616073420825,0.5272755227862476,1.2518997380032033,1.2402689967278135,1
4,2|13|14|15,n03|n14|n15|n16,56.47960418318978,56.85431043477818,12,0.0006167701020685151,12,0.9969900839843149,0.7821851768051147,1.7099835579258809,1.3716963355727145,0.40747892521676476,2.0846898095142805,1
4,3|4|5|6,n04|n05|n06|n07,51.78021403356971,53.513772946129194,11,0.0006256064806198476,12,3.702400065635743,5.481575326425229,2.9894065916942054,1.968841153076255,3.7480164138657415,1.2558476791347175,1
4,3|4|5|7,n04|n05|n06|n08,58.165534067070276,58.10768268793631,11,0.0006175429622214836,12,2.6829199678648123,0.9037447070753544,3.3959134418063783,2.625068588730848,0.8458933279413898,3.338062062672414,1
4,3|4|5|8,n04|n05|n06|n09,53.26826274092644,53.17290914686208,11,0.0006283952052724782,12,2.214351358279032,3.9935266190684615,1.5013578843374376,2.3097049523433952,4.088880213132825,1.5967114784018008,1
4,3|4|5|9,n04|n05|n06|n10,53.39437351346554,53.510654520065316,11,0.0006119306153608673,12,2.088240585739925,3.8674158465294113,1.3752471117983305,1.9719595791401616,3.751134839929591,1.2589661051985672,1
4,3|4|5|10,n04|n05|n06|n11,55.48487139723813,55.59718707139013,11,0.0006202510167495209,12,0.0022572980326671654,1.7769179627567837,0.7152507719742331,0.11457297218466778,1.664602288604783,0.8275664461262338,1
4,3|4|5|11,n04|n05|n06|n12,57.2060106104972,57.281253628234786,11,0.0006175429622214836,12,1.7233965112917389,0.055778749497733315,2.436389985233305,1.7986395290293231,0.019464268239865135,2.511633002970889,1
4,3|4|5|12,n04|n05|n06|n13,52.35195715592159,52.204087473015804,11,0.0006287979479140937,12,3.1306569432838955,4.909832204073325,2.417663469342301,3.2785266261896595,5.057701886979089,2.565533152248122,1
4,3|4|5|13,n04|n05|n06|n14,52.61021936216251,52.76198446131149,11,0.0006283952052724782,12,2.872394737042953,4.651569997832439,2.1594012631013584,2.7206296378939783,4.499804898683408,2.007636163952384,1
4,3|4|5|14,n04|n05|n06|n15,54.39182209400685,54.34627953878296,11,0.0006279670932574189,12,1.0907920051986366,2.869967265988066,0.3777985312570422,1.1363345604224833,2.9155098212119697,0.4233410864809457,1
4,3|4|5|15,n04|n05|n06|n16,55.790010542007906,55.80208443024268,11,0.000625606480619848,12,0.3073964428024425,1.4717788179870013,1.0203899167440085,0.3194703310372162,1.459704929752263,1.0324638049787822,1
4,3|4|6|7,n04|n05|n07|n08,60.49671162724977,60.28257091382158,12,0.0006170366084889883,12,5.01409752804431,3.234922267254852,5.727091001985876,4.799956814616117,3.0207815538266587,5.512950288557683,1
4,3|4|6|8,n04|n05|n07|n09,54.69360754210651,54.85905749357839,12,0.0006246437800306776,12,0.7890065570989577,2.5681818178883873,0.07601308315736333,0.6235566056270727,2.4027318664165023,0.08943686831449327,1
4,3|4|6|9,n04|n05|n07|n10,56.41190190060347,56.490015579305314,12,0.0006338927223523663,12,0.9292878013980044,0.8498874593914252,1.6422812753395704,1.0074014800998512,0.7717737806896139,1.7203949540414172,1
4,3|4|6|10,n04|n05|n07|n11,58.4022421073487,58.800982980474906,12,0.0006356542262555287,12,2.919628008143235,1.1404527473537769,3.632621482084801,3.3183688812694427,1.5391936204799848,4.031362355211009,1
4,3|4|6|11,n04|n05|n07|n12,59.43521446462025,59.60389145643835,12,0.0006228295913355428,12,3.9526003654147885,2.1734251046253306,4.6655938393563545,4.121277357232884,2.3421020964434263,4.83427083117445,1
4,3|4|6|12,n04|n05|n07|n13,55.100523243137815,55.10410523819197,12,0.0006394346069667723,12,0.3820908560676344,2.161266116857121,0.3309026178739174,0.37850886101347214,2.1576841218029585,0.3344846129280725,1
4,3|4|6|13,n04|n05|n07|n14,55.284307744094775,55.54821755128869,12,0.0006331065059699632,12,0.19830635511067385,1.9774816159001603,0.5146871188308779,0.0656034520832236,1.713571808706206,0.7785969260247896,1
4,3|4|6|14,n04|n05|n07|n15,56.83726119271192,56.96612961502696,12,0.0006261189398740616,12,1.3546470935064576,0.4245281672830288,2.0676405674480236,1.4835155158214945,0.29565974496796343,2.1965089897630605,1
4,3|4|6|15,n04|n05|n07|n16,58.16398616139523,58.30760310040641,12,0.0006234425190136026,12,2.681372062189766,0.9021968014003079,3.394365536131332,2.8249890012009473,1.0458137404114893,3.5379824751425133,1
4,3|4|7|8,n04|n05|n08|n09,55.810038938477724,55.87213950911553,12,0.0006234868408419665,12,0.3274248392722612,1.451750421517204,1.0404183132138272,0.389525409910064,1.3896498508793798,1.10251888385163,1
4,3|4|7|9,n04|n05|n08|n10,57.124251565499534,57.13415407483806,12,0.0006253713205298124,12,1.6416374662940711,0.13753779449541526,2.354630940235637,1.6515399756325948,0.1276352851568845,2.364533449574161,1
4,3|4|7|10,n04|n05|n08|n11,58.95036460519467,59.14602558740507,12,0.000629744600830076,12,3.4677505059892084,1.6885752451997504,4.180743979930774,3.663411488199607,1.884236227410149,4.376404962141173,1
4,3|4|7|11,n04|n05|n08|n12,60.17566508541733,60.254420577023964,12,0.0006215747214206656,12,4.6930509862118654,2.9138757254224075,5.406044460153431,4.771806477818501,2.992631217029043,5.484799951760067,1
4,3|4|7|12,n04|n05|n08|n13,56.03129724045907,55.95110532761019,12,0.0006347876753161355,12,0.5486831412536048,1.2304921195358247,1.2616766151951708,0.46849122840473,1.3106840323847564,1.181484702346296,1
4,3|4|7|13,n04|n05|n08|n14,56.42715588539603,56.54239448586265,12,0.00062882687510246,12,0.9445417861905696,0.8346334745988884,1.6575352601321356,1.059780386657188,0.7193948741322629,1.772773860598754,1
4,3|4|7|14,n04|n05|n08|n15,57.866294625178405,57.91532792789471,12,0.0006271193956357697,12,2.3836805259729417,0.6045052651834837,3.0966739999145076,2.432713828689245,0.6535385678997869,3.145707302630811,1
4,3|4|7|15,n04|n05|n08|n16,59.14649630291395,59.196059232756944,12,0.0006279404899903181,12,3.6638822037084893,1.8847069429190313,4.376875677650055,3.713445133551481,1.9342698727620231,4.426438607493047,1
4,3|4|8|9,n04|n05|n09|n10,48.81180225252712,48.465230875413155,11,0.0006324073613345449,12,6.670811846678362,8.449987107467791,5.957818372736767,7.017383223792308,8.796558484581738,6.30438974985077,1
4,3|4|8|10,n04|n05|n09|n11,53.41415028562386,53.56020143870903,12,0.000627215495550697,12,2.068463813581616,3.8476390743710454,1.3554703396400214,1.922412660496434,3.7015879212858636,1.2094191865548964,1
4,3|4|8|11,n04|n05|n09|n12,54.95411506477576,55.04852078479368,12,0.000624707671041321,12,0.5284990344297285,2.307674295219158,0.18449443951186595,0.43409331441176846,2.213268575201255,0.2789001595297833,1
4,3|4|8|12,n04|n05|n09|n13,49.67724537045638,49.755267840054984,12,0.0006170545712117367,12,5.805368728749102,7.584543989538531,5.092375254807507,5.727346259150465,7.506521519939952,5.014352785208928,1
4,3|4|8|13,n04|n05|n09|n14,48.36205631015419,48.36775921421129,11,0.0006228173404935594,12,7.120557789051304,8.899733049840734,6.40756431510971,7.114854884994202,8.894030145783631,6.401861411052607,1
4,3|4|8|14,n04|n05|n09|n15,52.18951416962646,52.27093371930649,12,0.0006198065479981068,12,3.293099929579,5.072275190368487,2.580106455637406,3.211680379898951,4.990855640688437,2.4986869059574133,1
4,3|4|8|15,n04|n05|n09|n16,53.67513732982797,53.716611754353416,12,0.000627430943054738,12,1.8074767693775016,3.586652030166931,1.0944832954359072,1.7660023448520406,3.545177605641527,1.053008870910503,1
4,3|4|9|10,n04|n05|n10|n11,54.410733207974594,54.50733678731515,12,0.0006217312002141755,12,1.071880891230876,2.8510561520203055,0.35888741728928153,0.9752773118902951,2.7544525726797815,0.26228383794875754,1
4,3|4|9|11,n04|n05|n10|n12,56.377445479187344,56.421931196412864,12,0.0006237985004071446,12,0.8948313799818806,0.8843438808075916,1.6078248539234465,0.9393170972074003,0.8398581635820506,1.6523105711489663,1
4,3|4|9|12,n04|n05|n10|n13,52.17538829180965,51.995729011481785,12,0.0006314605430820722,12,3.3072258073958096,5.086401068185296,2.594232333454272,3.4868850877236923,5.266060348513122,2.773891613782098,1
4,3|4|9|13,n04|n05|n10|n14,48.87669957547579,48.99488383167684,11,0.0006170832759846897,12,6.605914523729666,8.385089784519153,5.892921049788129,6.487730267528605,8.266905528318091,5.774736793587067,1
4,3|4|9|14,n04|n05|n10|n15,53.76129219610072,53.71981810542314,12,0.0006248178046839899,12,1.7213219031047515,3.500497163894181,1.0083284291631571,1.7627959937823334,3.541971254571763,1.049802519840739,1
4,3|4|9|15,n04|n05|n10|n16,55.066363578114846,55.04959324271622,12,0.0006248178046839899,12,0.41625052109060334,2.1954257818800897,0.2967429528509484,0.43302085648923594,2.2121961172787223,0.27997261745232294,1
4,3|4|10|11,n04|n05|n11|n12,58.08531899346308,58.26448133984514,11,0.000617542962221483,12,2.60270489425762,0.8235296334681621,3.315698368199186,2.781867240639677,1.0026919798502192,3.494860714581243,1
4,3|4|10|12,n04|n05|n11|n13,53.72020747254798,53.67899378685198,12,0.0006277016250415134,12,1.76240662665748,3.5415818874469096,1.0494131527159425,1.8036203123534733,3.5827955731429597,1.0906268384119358,1
4,3|4|10|13,n04|n05|n11|n14,54.06660488372655,54.17037329527091,12,0.0006243045113711447,12,1.4160092154789368,3.1951844762683663,0.7030157415373424,1.3122408039345714,3.091416064724001,0.599247329992977,1
4,3|4|10|14,n04|n05|n11|n15,56.48101844369511,56.455569534548005,11,0.0006175429622214837,12,0.99840434448965,0.7807709162997867,1.711397818431216,0.9729554353425414,0.8062198254469308,1.6859489092841073,1
4,3|4|10|15,n04|n05|n11|n16,56.783262593262485,56.855647741407914,12,0.000618015089188193,12,1.3006484940570218,0.4785267667324433,2.0136419679985877,1.3730336422024507,0.40614161858701436,2.0860271161440167,1
4,3|4|11|12,n04|n05|n12|n13,55.1897616804703,55.13245610989433,12,0.0006369105579684111,12,0.29285241873515133,2.0720276795246377,0.42014105520640044,0.3501579893111284,2.129333250100615,0.36283548463043047,1
4,3|4|11|13,n04|n05|n12|n14,55.597501001754495,55.717297199857256,12,0.0006230643315081484,12,0.11488690254903133,1.6642883582404124,0.8278803764905973,0.2346831006517931,1.544492160137679,0.9476765745933591,1
4,3|4|11|14,n04|n05|n12|n15,57.51092077907063,57.583058418911456,11,0.0006279670932574189,12,2.0283066798651674,0.24913141907570946,2.7413001538067334,2.1004443197059928,0.3212690589165348,2.8134377936475587,1
4,3|4|11|15,n04|n05|n12|n16,58.10762980378847,58.15053191952446,12,0.0006300633726425937,12,2.6250157045830065,0.8458404437935485,3.3380091785245725,2.6679178203189977,0.8887425595295397,3.3809112942605637,1
4,3|4|12|13,n04|n05|n13|n14,51.7416142183526,51.59726720008464,12,0.0006377203649284248,12,3.7409998808528826,5.520175141642312,3.028006406911288,3.8853468991208047,5.664522159910291,3.172353425179267,1
4,3|4|12|14,n04|n05|n13|n15,52.67187462802458,52.483191742274954,12,0.0006405926743626065,12,2.8107394711809093,4.589914731970339,2.097745997239315,2.999422356930495,4.778597617719981,2.2864288829889574,1
4,3|4|12|15,n04|n05|n13|n16,53.929813257842056,53.807993045194706,12,0.0006405926743626065,12,1.5528008413634211,3.3319761021528507,0.8398073674218267,1.6746210540107427,3.453796314800229,0.9616275800692051,1
4,3|4|13|14,n04|n05|n14|n15,53.0779074908223,53.24543698687732,12,0.000625405666446409,12,2.404706608383151,4.183881869172637,1.6917131344416134,2.2371771123281405,4.01635237311757,1.524183638386603,1
4,3|4|13|15,n04|n05|n14|n16,54.327025584764385,54.41002078534967,12,0.00062882687510246,12,1.1555885144410922,2.934763775230522,0.4425950404994978,1.0725933138558048,2.8517685746452344,0.3595998399142104,1
4,3|4|14|15,n04|n05|n15|n16,56.1315036594458,56.17901074046676,12,0.0006271193956357697,12,0.6488895602403346,1.1302857005491092,1.3618830341819006,0.6963966412612947,1.082778619528142,1.4093901152028607,1
4,3|5|6|7,n04|n06|n07|n08,65.83684545997673,65.58072101155467,11,0.0006148552065809061,12,10.354231360771266,8.575056099981808,11.067224834712832,10.098106912349209,8.318931651559751,10.811100386290775,1
4,3|5|6|8,n04|n06|n07|n09,57.16136154040628,57.283120433262795,12,0.0006160555865644304,12,1.6787474412008194,0.10042781958861724,2.3917409151423854,1.8005063340573315,0.021331073267873535,2.5134998079988975,1
4,3|5|6|9,n04|n06|n07|n10,57.81441706883969,58.058060990120985,12,0.0006100358003838233,12,2.331802969634225,0.5526277088447671,3.044796443575791,2.575446890915522,0.7962716301260642,3.288440364857088,1
4,3|5|6|10,n04|n06|n07|n11,60.641498368936,60.99341575220901,12,0.0006136791825746123,12,5.158884269730535,3.3797090089410773,5.871877743672101,5.510801653003547,3.731626392214089,6.223795126945113,1
4,3|5|6|11,n04|n06|n07|n12,61.492302071103865,61.54838094467219,12,0.0006123353047543239,12,6.009687971898401,4.230512711108943,6.722681445839967,6.065766845466726,4.286591584677268,6.778760319408292,1
4,3|5|6|12,n04|n06|n07|n13,56.87072240651113,56.93679258885566,12,0.0006236769150389256,12,1.3881083073056644,0.3910669534838007,2.1011017812472303,1.4541784896501966,0.3249967711392401,2.1671719635917626,1
4,3|5|6|13,n04|n06|n07|n14,57.12075540820632,57.467627373187085,12,0.0006100358003838233,12,1.6381413090008579,0.1410339517885859,2.351134782942424,1.9850132739816218,0.20583801319216377,2.6980067479231877,1
4,3|5|6|14,n04|n06|n07|n15,58.760032812658906,58.88807906185313,12,0.0006158501261622625,12,3.277418713453443,1.498243452663985,3.990412187395009,3.405464962647663,1.6262897018582052,4.118458436589229,1
4,3|5|6|15,n04|n06|n07|n16,60.1584876022547,60.256015687614635,12,0.0006161990844011946,12,4.675873503049239,2.896698242259781,5.388866976990805,4.773401588409172,2.994226327619714,5.486395062350738,1
4,3|5|7|8,n04|n06|n08|n09,58.71701884407614,58.55133622700474,12,0.0006166147185398193,12,3.234404744870673,1.4552294840812152,3.947398218812239,3.0687221277992762,1.2895468670098182,3.781715601740842,1
4,3|5|7|9,n04|n06|n08|n10,58.804238393027674,58.72485559218142,12,0.0006088977029533962,12,3.321624293822211,1.542449033032753,4.034617767763777,3.242241492975957,1.463066232186499,3.955234966917523,1
4,3|5|7|10,n04|n06|n08|n11,61.417103534040926,61.44296175052736,12,0.0006209399652740645,12,5.934489434835463,4.155314174046005,6.647482908777029,5.9603476513218965,4.1811723905324385,6.6733411252634625,1
4,3|5|7|11,n04|n06|n08|n12,62.67156660790469,62.52185572158721,12,0.0006161983792346499,12,7.188952508699224,5.409777247909766,7.90194598264079,7.039241622381745,5.260066361592287,7.752235096323311,1
4,3|5|7|12,n04|n06|n08|n13,58.366688555000664,58.18976013837593,12,0.0006166147185398193,12,2.8840744557952007,1.1048991950057427,3.5970679297367667,2.7071460391704676,0.9279707783810096,3.4201395131120336,1
4,3|5|7|13,n04|n06|n08|n14,58.768518787441955,58.769252985518214,12,0.0006157764892854808,12,3.285904688236492,1.5067294274470342,3.998898162178058,3.286638886312751,1.5074636255232932,3.999632360254317,1
4,3|5|7|14,n04|n06|n08|n15,60.29697423258298,60.17677500423793,12,0.0006157056282728368,12,4.8143601333775194,3.0351848725880615,5.527353607319085,4.694160905032469,2.9149856442430107,5.407154378974035,1
4,3|5|7|15,n04|n06|n08|n16,61.61198041481578,61.46033597878733,12,0.0006161983792346499,12,6.129366315610319,4.350191054820861,6.842359789551885,5.977721879581864,4.198546618792406,6.69071535352343,1
4,3|5|8|9,n04|n06|n09|n10,51.79410458655524,51.65611020385101,11,0.0006119306153608673,12,3.688509512650228,5.467684773439657,2.9755160387086335,3.826503895354449,5.605679156143935,3.1135104214129115,1
4,3|5|8|10,n04|n06|n09|n11,56.19393517315728,56.273164303017964,12,0.0006212269147396505,12,0.7113210739518152,1.0678541868376215,1.4243145478933812,0.7905502038125007,0.9886250569769572,1.5035436777540667,1
4,3|5|8|11,n04|n06|n09|n12,57.83540822786256,57.80767580756031,12,0.0006152173573100918,12,2.352794128657095,0.573618867867637,3.065787602598661,2.325061708354845,0.5458864475653868,3.038055182296411,1
4,3|5|8|12,n04|n06|n09|n13,52.652393431395744,52.6812612725249,12,0.000615692025502155,12,2.8302206678097264,4.609395928599156,2.117227193868132,2.8013528266805565,4.580528087470043,2.088359352739019,1
4,3|5|8|13,n04|n06|n09|n14,51.26100998118431,51.30551748259354,11,0.0006283952052724782,12,4.221604118021162,6.000779378810591,3.5086106440795675,4.177096616611948,5.956271877401377,3.4641031426703535,1
4,3|5|8|14,n04|n06|n09|n15,55.0813268937102,55.073794651112934,12,0.0006216245007601474,12,0.4012872054952368,2.180462466284723,0.3117062684463008,0.40881944809251536,2.1879947088820018,0.3041740258490364,1
4,3|5|8|15,n04|n06|n09|n16,56.531397545925174,56.473678243220476,12,0.0006214364850567757,12,1.0487834467197104,0.730391814069776,1.7617769206612763,0.991064144015013,0.7881111167744166,1.704057617956579,1
4,3|5|9|10,n04|n06|n10|n11,55.654679859430516,55.836307995046,12,0.0006126078779980025,12,0.1720657602250526,1.6071095005644338,0.8850592341666186,0.3536938958405358,1.4254813649489506,1.0666873697821018,1
4,3|5|9|11,n04|n06|n10|n12,58.11615747100851,58.20843636435879,12,0.0006066894082731476,12,2.63354337180305,0.8543681110135921,3.346536845744616,2.725822265153326,0.946647004363868,3.438815739094892,1
4,3|5|9|12,n04|n06|n10|n13,53.77518601831363,53.84218889937655,12,0.000611246938077601,12,1.707428080891816,3.4866033416813025,0.9944346069502785,1.6404251998288828,3.419600460618369,0.9274317258873452,1
4,3|5|9|13,n04|n06|n10|n14,51.31744467320802,51.6117030020138,11,0.0006105517083666402,12,4.165169425997419,5.944344686786906,3.4521759520558817,3.8709110971916516,5.650086357981138,3.157917623250114,1
4,3|5|9|14,n04|n06|n10|n15,55.3641704400741,55.480709448717946,12,0.0006104626102712617,12,0.11844365913134425,1.8976189199208306,0.5945498148102004,0.0019046504875177561,1.7810799112769473,0.7110888234540482,1
4,3|5|9|15,n04|n06|n10|n16,56.71972756351544,56.810831487739044,12,0.0006104626102712617,12,1.237113464309978,0.5420617964794587,1.950106938251544,1.3282173885335808,0.4509578722558558,2.041210862475147,1
4,3|5|10|11,n04|n06|n11|n12,60.77808296919063,60.83947911856403,11,0.0006103619597481884,12,5.295468869985164,3.5162936091957064,6.00846234392673,5.356865019358565,3.5776897585691074,6.069858493300131,1
4,3|5|10|12,n04|n06|n11|n13,56.00597658632258,56.00842791841869,12,0.000619369116452212,12,0.5233624871171187,1.2558127736723463,1.2363559610586847,0.5258138192132265,1.253361441576203,1.2388072931547924,1
4,3|5|10|13,n04|n06|n11|n14,56.34385803389773,56.48305096654846,12,0.000619369116452212,12,0.8612439346922685,0.9179313260971753,1.5742374086338344,1.000436867342998,0.7787383934464742,1.713430341284564,1
4,3|5|10|14,n04|n06|n11|n15,59.151986226375875,59.057426760042894,11,0.000617542962221483,12,3.669372127170412,1.890196866380954,4.382365601111978,3.5748126608374307,1.7956374000479727,4.287806134778997,1
4,3|5|10|15,n04|n06|n11|n16,59.20263066254923,59.20983376535324,12,0.0006161983792346499,12,3.720016563343769,1.9408413025543112,4.433010037285335,3.727219666147775,1.948044405358317,4.440213140089341,1
4,3|5|11|12,n04|n06|n12|n13,57.48970815286494,57.44612657304282,12,0.000615362822725169,12,2.007094053659479,0.22791879287002104,2.720087527601045,1.9635124738373548,0.18433721304789685,2.676505947778921,1
4,3|5|11|13,n04|n06|n12|n14,57.89555428786585,58.011679836504484,12,0.00061332322736734,12,2.412940188660386,0.6337649278709279,3.125933662601952,2.529065737299021,0.7498904765095631,3.242059211240587,1
4,3|5|11|14,n04|n06|n12|n15,60.11626300836539,60.1355585464693,11,0.000617542962221483,12,4.633648909159923,2.8544736483704654,5.346642383101489,4.652944447263835,2.8737691864743766,5.365937921205401,1
4,3|5|11|15,n04|n06|n12|n16,60.500944334402114,60.48645742378524,12,0.0006141759481756933,12,5.01833023519665,3.2391549744071924,5.731323709138216,5.003843324579776,3.2246680637903182,5.716836798521342,1
4,3|5|12|13,n04|n06|n13|n14,53.74679454380927,53.821161713298075,12,0.0006216245007601474,12,1.7358195553961764,3.514994816185663,1.0228260814546388,1.6614523859074097,3.4406276466968393,0.9484589119658153,1
4,3|5|12|14,n04|n06|n13|n15,54.90276316485729,54.78907943900436,12,0.0006221335272374997,12,0.579850934348201,2.3590261951376306,0.1331425395933934,0.6935346602011236,2.472709920990553,0.019458813740463654,1
4,3|5|12|15,n04|n06|n13|n16,56.19458496249155,56.11474302450089,12,0.0006215819504718529,12,0.7119708632860835,1.0672043975033603,1.4249643372276495,0.6321289252954259,1.1470463354940534,1.3451223992369918,1
4,3|5|13|14,n04|n06|n14|n15,55.38579504418532,55.58756100286752,12,0.0006137637751719501,12,0.09681905502014843,1.875994315809578,0.6161744189214247,0.10494690366205361,1.6742283571273902,0.8179403776036196,1
4,3|5|13|15,n04|n06|n14|n16,56.569767017692214,56.68907046212669,12,0.0006216245007601474,12,1.0871529184867512,0.692022342302721,1.8001463924283172,1.2064563629212302,0.572718897868242,1.9194498368627961,1
4,3|5|14|15,n04|n06|n15|n16,58.47677165862193,58.499322822728445,12,0.0006161983792346499,12,2.9941575594164647,1.2149822986270067,3.7071510333580306,3.0167087235229815,1.2375334627335235,3.7297021974645475,1
4,3|6|7|8,n04|n07|n08|n09,60.86123985327712,60.49199299695349,12,0.0006129858502784472,12,5.378625754071656,3.5994504932821982,6.091619228013222,5.009378897748029,3.2302036369585707,5.722372371689595,1
4,3|6|7|9,n04|n07|n08|n10,62.27559717271826,61.87946812084693,12,0.000610390782184527,12,6.792983073512794,5.013807812723336,7.50597654745436,6.396854021641467,4.617678760852009,7.109847495583033,1
4,3|6|7|10,n04|n07|n08|n11,63.92053265290626,63.75505948061929,12,0.000619434705821066,12,8.437918553700797,6.658743292911339,9.150912027642363,8.272445381413824,6.493270120624366,8.98543885535539,1
4,3|6|7|11,n04|n07|n08|n12,65.49768891821249,65.08224172241528,12,0.0006138883510515985,12,10.015074819007026,8.235899558217568,10.728068292948592,9.599627623209813,7.820452362420355,10.312621097151379,1
4,3|6|7|12,n04|n07|n08|n13,61.09728297894096,60.631223965783875,12,0.0006189472623150175,12,5.614668879735497,3.835493618946039,6.327662353677063,5.148609866578411,3.3694346057889533,5.861603340519977,1
4,3|6|7|13,n04|n07|n08|n14,61.37131688504165,61.10358388628053,12,0.000610390782184527,12,5.888702785836188,4.10952752504673,6.6016962597777535,5.620969787075069,3.841794526285611,6.333963261016635,1
4,3|6|7|14,n04|n07|n08|n15,62.98031933739043,62.57409360165084,12,0.0006158501261622625,12,7.49770523818497,5.718529977395512,8.210698712126536,7.091479502445374,5.312304241655916,7.80447297638694,1
4,3|6|7|15,n04|n07|n08|n16,64.32988189894552,63.81160065331859,12,0.0006138883510515985,12,8.847267799740052,7.068092538950594,9.560261273681618,8.32898655411313,6.549811293323671,9.041980028054695,1
4,3|6|8|9,n04|n07|n09|n10,54.60049876454791,54.29690576913014,11,0.0006441179415351175,12,0.8821153346575556,2.661290595446985,0.1691218607160181,1.1857083300753288,2.9648835908647584,0.47271485613373443,1
4,3|6|8|10,n04|n07|n09|n11,58.86780014107511,59.14919151575141,12,0.0006338136748604587,12,3.3851860418696447,1.6060107810801867,4.098179515811211,3.666577416545948,1.8874021557564902,4.379570890487514,1
4,3|6|8|11,n04|n07|n09|n12,59.79740936506211,59.819549930172315,12,0.0006178168102118024,12,4.314795265856645,2.5356200050671873,5.027788739798211,4.336935830966851,2.5577605701773933,5.049929304908417,1
4,3|6|8|12,n04|n07|n09|n13,54.83911190679272,54.83235339465534,12,0.0006237731531876707,12,0.6435021924127113,2.4226774532021977,0.06949128152882622,0.650260704550135,2.4294359653395645,0.06273276939144523,1
4,3|6|8|13,n04|n07|n09|n14,53.46448075154234,53.518325836771,11,0.0006361398785853665,12,2.018133347663138,3.7973086084525676,1.3051398737215436,1.9642882624344793,3.743463523223909,1.251294788492885,1
4,3|6|8|14,n04|n07|n09|n15,57.14996255362255,57.17202042385904,12,0.000620242171181918,12,1.6673484544170876,0.11182680637239173,2.3803419283586535,1.689406324653575,0.08976893613589709,2.402399798595141,1
4,3|6|8|15,n04|n07|n09|n16,58.52841543946494,58.5338323098778,12,0.0006184297378898623,12,3.04580134025948,1.2666260794700221,3.758794814201046,3.0512182106723387,1.2720429498828807,3.7642116846139047,1
4,3|6|9|10,n04|n07|n10|n11,59.7121583440531,60.0084321164025,12,0.0006196053723306703,12,4.229544244847638,2.45036898405818,4.942537718789204,4.5258180171970395,2.7466427564075815,5.2388114911386054,1
4,3|6|9|11,n04|n07|n10|n12,61.181906926766324,61.19461019280984,12,0.0006144430815285418,12,5.6992928275608605,3.9201175667714026,6.4122863015024265,5.711996093604377,3.932820832814919,6.424989567545943,1
4,3|6|9|12,n04|n07|n10|n13,56.87693741096801,56.799937860332115,12,0.0006297943481826636,12,1.3943233117625482,0.3848519490269382,2.107316785704114,1.3173237611266515,0.4618514996628278,2.0303172350682175,1
4,3|6|9|13,n04|n07|n10|n14,54.20232445836784,54.32726256203772,11,0.0006103907821845269,12,1.2802896408376228,3.0594649016270523,0.5672961668960852,1.1553515371677463,2.9345267979572327,0.4423580632261519,1
4,3|6|9|14,n04|n07|n10|n15,58.590154791426826,58.59895505871877,12,0.0006181405688855026,12,3.107540692221363,1.328365431431905,3.820534166162929,3.116340959513309,1.337165698723851,3.829334433454875,1
4,3|6|9|15,n04|n07|n10|n16,59.90520065919712,59.91293241753283,12,0.0006179919198180455,12,4.422586559991657,2.6434112992021994,5.135580033933223,4.430318318327366,2.651143057537908,5.143311792268932,1
4,3|6|10|11,n04|n07|n11|n12,66.86509897192873,66.79320148756165,10,0.0006079142699997813,12,11.382484872723268,9.60330961193381,12.095478346664834,11.310587388356183,9.531412127566725,12.023580862297749,1
4,3|6|10|12,n04|n07|n11|n13,59.2032007989408,59.3618952292468,12,0.0006327755589054802,12,3.7205866997353354,1.9414114389458774,4.433580173676901,3.879281130041335,2.100105869251877,4.592274603982901,1
4,3|6|10|13,n04|n07|n11|n14,59.32760746218648,59.66781281506154,12,0.0006235243224612019,12,3.8449933629810147,2.0658181021915567,4.557986836922581,4.185198715856075,2.4060234550666166,4.898192189797641,1
4,3|6|10|14,n04|n07|n11|n15,64.56671000127336,60.06650030937082,11,0.0006175429622214837,12,9.0840959020679,7.304920641278443,9.797089376009467,4.583886210165353,2.8047109493758953,5.296879684106919,1
4,3|6|10|15,n04|n07|n11|n16,62.40090276333114,62.77557185260245,12,0.0006180908404419372,12,6.918288664125676,5.139113403336218,7.631282138067242,7.292957753396983,5.513782492607525,8.00595122733855,1
4,3|6|11|12,n04|n07|n12|n13,60.03893258419449,59.96206075125442,12,0.0006258815771754977,12,4.556318484989028,2.7771432241995697,5.269311958930594,4.479446652048956,2.7002713912594984,5.192440125990522,1
4,3|6|11|13,n04|n07|n12|n14,60.30508826956444,60.42724818462309,12,0.0006129561683712189,12,4.82247417035898,3.043298909569522,5.535467644300546,4.944634085417626,3.1654588246281676,5.657627559359192,1
4,3|6|11|14,n04|n07|n12|n15,62.804419970730066,62.83842998431543,11,0.0006213264494206488,12,7.321805871524603,5.542630610735145,8.034799345466169,7.355815885109969,5.576640624320511,8.068809359051535,1
4,3|6|11|15,n04|n07|n12|n16,62.92407981469224,62.917268991107065,12,0.000619434705821066,12,7.441465715486778,5.66229045469732,8.154459189428344,7.434654891901602,5.655479631112144,8.147648365843168,1
4,3|6|12|13,n04|n07|n13|n14,56.44603724105881,56.48496048604751,12,0.0006324805109538003,12,0.9634231418533474,0.8157521189361319,1.6764166157949134,1.0023463868420492,0.7768288739474087,1.7153398607836152,1
4,3|6|12|14,n04|n07|n13|n15,57.51589180754735,57.379739598712284,12,0.0006273348354840793,12,2.0332777083418847,0.2541024475524267,2.7462711822834507,1.8971254995068207,0.11795023871736277,2.6101189734483867,1
4,3|6|12|15,n04|n07|n13|n16,58.77968887323995,58.68172229810547,12,0.0006258815771754977,12,3.297074774034485,1.5178995132450268,4.010068247976051,3.1991081989000065,1.4199329381105485,3.9121016728415725,1
4,3|6|13|14,n04|n07|n14|n15,57.850654894611836,58.038780671471635,12,0.000619214038296873,12,2.3680407954063725,0.5888655346169145,3.0810342693479384,2.5561665722661715,0.7769913114767135,3.2691600462077375,1
4,3|6|13|15,n04|n07|n14|n16,59.02950448918975,59.175132173074125,12,0.0006188203687344344,12,3.5468903899842843,1.7677151291948263,4.25988386392585,3.692518073868662,1.913342813079204,4.405511547810228,1
4,3|6|14|15,n04|n07|n15|n16,60.78504997441939,60.96924725190657,12,0.0006246467713390338,12,5.302435875213924,3.5232606144244656,6.0154293491554895,5.48663315270111,3.707457891911652,6.199626626642676,1
4,3|7|8|9,n04|n08|n09|n10,55.399233120508114,55.03076867034399,11,0.0006324073613345449,12,0.08338097869733474,1.8625562394868211,0.629612495244217,0.45184542886147483,2.2310206896509044,0.26114804508009115,1
4,3|7|8|10,n04|n08|n09|n11,59.3228252390828,59.421723475650346,12,0.0006338136748604587,12,3.84021113987734,2.061035879087882,4.553204613818906,3.9391093764448826,2.1599341156554246,4.6521028503864486,1
4,3|7|8|11,n04|n08|n09|n12,60.524678417320835,60.476093655919186,12,0.0006216206285602399,12,5.042064318115372,3.262889057325914,5.755057792056938,4.993479556713723,3.214304295924265,5.706473030655289,1
4,3|7|8|12,n04|n08|n09|n13,55.77757153787885,55.697663904951426,12,0.0006234868408419665,12,0.29495743867338575,1.4842178221160793,1.0079509126149517,0.21504980574596289,1.564125455043495,0.9280432796875289,1
4,3|7|8|13,n04|n08|n09|n14,54.696910215938466,54.605264169873415,11,0.0006302744993607882,12,0.78570388326699,2.5648791440564764,0.07271040932545247,0.8773499293320697,2.6565251901214992,0.16435645539047528,1
4,3|7|8|14,n04|n08|n09|n15,58.17601294696973,58.12537035196934,12,0.0006226101722957239,12,2.6933988477642643,0.9142235869748063,3.4063923217058303,2.642756252763874,0.8635809919744162,3.35574972670544,1
4,3|7|8|15,n04|n08|n09|n16,59.500194573300966,59.426714362137425,12,0.0006289025606448216,12,4.017580474095503,2.238405213306045,4.730573948037069,3.9441002629319613,2.1649250021425033,4.657093736873527,1
4,3|7|9|10,n04|n08|n10|n11,59.99245509788432,60.16025357837605,12,0.0006222577289351788,12,4.509840998678854,2.730665737889396,5.22283447262042,4.677639479170587,2.898464218381129,5.390632953112153,1
4,3|7|9|11,n04|n08|n10|n12,61.68280815225992,61.60106532015758,12,0.0006123370094847675,12,6.20019405305446,4.421018792265002,6.913187526996026,6.118451220952117,4.339275960162659,6.831444694893683,1
4,3|7|9|12,n04|n08|n10|n13,57.63187035991483,57.47094011078933,12,0.0006248108263921926,12,2.1492562607093646,0.3700809999199066,2.8622497346509306,1.9883260115838652,0.20915075079440726,2.701319485525431,1
4,3|7|9|13,n04|n08|n10|n14,55.04980040147864,55.078489714896,11,0.0006115434460439766,12,0.43281369772682865,2.211988958516258,0.28017977621474444,0.40412438430945485,2.1832996450989413,0.308869089632104,1
4,3|7|9|14,n04|n08|n10|n15,59.38388525888621,59.32022689145624,12,0.0006171931031665337,12,3.9012711596807463,2.1220958988912884,4.614264633622312,3.8376127922507735,2.0584375314613155,4.550606266192339,1
4,3|7|9|15,n04|n08|n10|n16,60.59668835640261,60.53816317741361,12,0.0006178628583483318,12,5.114074257197146,3.334898996407688,5.827067731138712,5.055549078208145,3.276373817418687,5.768542552149711,1
4,3|7|10|11,n04|n08|n11|n12,64.23073024344217,64.14691984898631,11,0.000617542962221483,12,8.748116144236704,6.968940883447246,9.46110961817827,8.664305749780851,6.885130488991393,9.377299223722417,1
4,3|7|10|12,n04|n08|n11|n13,59.54531376348167,59.517924749653965,12,0.0006327755589054802,12,4.062699664276209,2.2835244034867515,4.775693138217775,4.035310650448501,2.2561353896590433,4.748304124390067,1
4,3|7|10|13,n04|n08|n11|n14,59.86337469887132,59.98999087975832,12,0.0006243177702361609,12,4.380760599665855,2.601585338876397,5.093754073607421,4.507376780552853,2.7282015197633953,5.220370254494419,1
4,3|7|10|14,n04|n08|n11|n15,63.09586493322356,63.07811412519916,11,0.000617987658971013,12,7.613250834018096,5.834075573228638,8.326244307959662,7.595500025993694,5.816324765204236,8.30849349993526,1
4,3|7|10|15,n04|n08|n11|n16,62.65051900386562,62.67048053927307,12,0.00061998258404152,12,7.167904904660155,5.388729643870697,7.880898378601721,7.187866440067609,5.408691179278151,7.900859914009175,1
4,3|7|11|12,n04|n08|n12|n13,60.651959913866186,60.51851033943012,12,0.0006335318825541823,12,5.169345814660723,3.3901705538712648,5.882339288602289,5.035896240224659,3.256720979435201,5.748889714166225,1
4,3|7|11|13,n04|n08|n12|n14,61.09729120351935,61.117098957754976,12,0.0006172748926166298,12,5.614677104313884,3.835501843524426,6.32767057825545,5.634484858549513,3.855309597760055,6.347478332491079,1
4,3|7|11|14,n04|n08|n12|n15,63.514501297733595,63.491767777667256,11,0.0006213264494206488,12,8.031887198528132,6.252711937738674,8.744880672469698,8.009153678461793,6.229978417672335,8.722147152403359,1
4,3|7|11|15,n04|n08|n12|n16,63.64439022595121,63.6240546376141,12,0.0006234664650202484,12,8.16177612674575,6.382600865956292,8.874769600687316,8.141440538408638,6.36226527761918,8.854434012350204,1
4,3|7|12|13,n04|n08|n13|n14,57.384015634195855,57.27604027222883,12,0.0006332071889730774,12,1.9014015349903914,0.12222627420093346,2.6143950089319574,1.79342617302337,0.01425091223391206,2.506419646964936,1
4,3|7|12|14,n04|n08|n13|n15,58.451200275309475,58.253626583255524,12,0.0006335318825541823,12,2.9685861761040115,1.1894109153145536,3.6815796500455775,2.771012484050061,0.9918372232606032,3.484005957991627,1
4,3|7|12|15,n04|n08|n13|n16,59.63537692862649,59.47310721620037,12,0.0006335318825541823,12,4.152762829421029,2.373587568631571,4.865756303362595,3.990493116994905,2.211317856205447,4.703486590936471,1
4,3|7|13|14,n04|n08|n14|n15,59.08943469404492,59.14442899423235,12,0.0006149211019333944,12,3.606820594839455,1.827645334049997,4.319814068781021,3.661814895026886,1.882639634237428,4.374808368968452,1
4,3|7|13|15,n04|n08|n14|n16,60.064903937261505,60.09164654644647,12,0.000625050584501669,12,4.582289838056042,2.8031145772665838,5.295283311997608,4.609032447241006,2.829857186451548,5.322025921182572,1
4,3|7|14|15,n04|n08|n15|n16,61.999133272758755,61.95357232649889,12,0.0006246467713390338,12,6.5165191735532915,4.7373439127638335,7.2295126474948574,6.47095822729343,4.691782966503972,7.183951701234996,1
4,3|8|9|10,n04|n09|n10|n11,50.15564475835705,53.324283885641336,11,0.0006479806210444582,12,5.326969340848393,7.1061446016378795,4.613975866906856,2.1583302135641134,3.9375054743535998,1.4453367396225758,1
4,3|8|9|11,n04|n09|n10|n12,54.59224198403406,54.256615644910895,11,0.0006345202646653394,12,0.8903721151714308,2.6695473759608603,0.17737864122983638,1.2259984542945404,3.0051737150840268,0.5130049803530028,1
4,3|8|9|12,n04|n09|n10|n13,52.36338202427175,52.19779383338438,12,0.0006373291646134009,12,3.119232074933734,4.898407335723164,2.4062386009921397,3.284820265821054,5.06399552661054,2.5718267918795163,1
4,3|8|9|13,n04|n09|n10|n14,49.74249990331509,49.607432347291656,11,0.0006191218845383803,12,5.740114195890385,7.5192894566798145,5.027120721948791,5.8751817519138285,7.654357012703258,5.162188277972234,1
4,3|8|9|14,n04|n09|n10|n15,53.493081921947685,51.85396922664573,11,0.0006422509678922568,12,1.9895321772577859,3.7687074380472154,1.2765387033161915,3.6286448725597324,5.407820133349219,2.915651398618138,1
4,3|8|9|15,n04|n09|n10|n16,53.19986138220551,52.783050336740494,11,0.0006422509678922568,12,2.282752716999937,4.0619279777894235,1.5697592430583995,2.6995637624649476,4.478739023254434,1.98657028852341,1
4,3|8|10|11,n04|n09|n11|n12,58.50845704197464,58.57769455176634,11,0.0006324751163874115,12,3.0258429427691738,1.2466676819797158,3.7388364167107397,3.095080452560879,1.3159051917714208,3.808073926502445,1
4,3|8|10|12,n04|n09|n11|n13,53.481448733136745,53.39539037869215,12,0.0006382494617235877,12,2.001165366068733,3.7803406268581625,1.2881718921271386,2.0872237205132933,3.8663989813027797,1.3742302465717557,1
4,3|8|10|13,n04|n09|n11|n14,52.24714548605908,52.108639803491485,11,0.0006428991358425502,12,3.235468613146395,5.014643873935825,2.5224751392048006,3.3739742957139924,5.153149556503422,2.660980821772398,1
4,3|8|10|14,n04|n09|n11|n15,57.15096131833256,56.904327521439164,11,0.0006324751163874115,12,1.6683472191270994,0.11082804166233018,2.3813406930686654,1.421713422233701,0.3574618385557642,2.134706896175267,1
4,3|8|10|15,n04|n09|n11|n16,57.175189606648864,57.1536458760152,12,0.0006234270900060315,12,1.6925755074434008,0.08659975334603587,2.4055689813849668,1.671031776809734,0.10814348397974527,2.3840252507513,1
4,3|8|11|12,n04|n09|n12|n13,54.93325430771578,54.88551669714413,12,0.0006258017703250145,12,0.5493597914896782,2.3285350522791646,0.1636336824518807,0.5970974020613085,2.376272662850795,0.1158960718802362,1
4,3|8|11|13,n04|n09|n12|n14,53.79035868352626,53.70980674439369,11,0.0006185480461659369,12,1.692255415679199,3.4714306764686853,0.9792619417376613,1.772807354811789,3.5519826156012186,1.0598138808701947,1
4,3|8|11|14,n04|n09|n12|n15,57.8504070637768,57.81638441472146,11,0.0006324751163874115,12,2.3677929645713363,0.5886177037818783,3.0807864385129022,2.3337703155159986,0.5545950547265406,3.0467637894575645,1
4,3|8|11|15,n04|n09|n12|n16,58.46752599261464,58.39130151890805,12,0.0006300028691581332,12,2.9849118934091763,1.2057366326197183,3.6979053673507423,2.908687419702588,1.1295121589131298,3.621680893644154,1
4,3|8|12|13,n04|n09|n13|n14,51.66109703854266,51.5170891636426,12,0.0006391954232388117,12,3.8215170606628135,5.600692321452243,3.108523586721219,3.9655249355628825,5.744700196352312,3.252531461621288,1
4,3|8|12|14,n04|n09|n13|n15,52.20220574587105,52.14231259202459,12,0.0006301336335749677,12,3.280408353334394,5.059583614123881,2.5674148793928566,3.340301507180868,5.119476767970355,2.6273080332393306,1
4,3|8|12|15,n04|n09|n13|n16,53.67199569290241,53.573442346406054,12,0.0006323903939518905,12,1.8106184063030355,3.589793667092522,1.097624932361498,1.9091717527994092,3.6883470135888956,1.1961782788578148,1
4,3|8|13|14,n04|n09|n14|n15,51.15798797680842,51.094362254935206,11,0.000628281512881294,12,4.324626122397035,6.103801383186521,3.6116326484554975,4.388251844270258,6.167427105059687,3.67525837032872,1
4,3|8|13|15,n04|n09|n14|n16,52.42942331090263,52.30555212320357,11,0.0006310140011310165,12,3.0531907883028566,4.832366049092286,2.340197314361262,3.1770619760018803,4.956237236791367,2.464068502060343,1
4,3|8|14|15,n04|n09|n15|n16,56.4484330227842,56.40479334498198,12,0.0006275024681994677,12,0.9658189235787376,0.8133563372107346,1.6788123975203035,0.922179245776519,0.8569960150129532,1.635172719718085,1
4,3|9|10|11,n04|n10|n11|n12,59.237873425187075,61.944444225743524,11,0.0006170832759846897,12,3.755259325981612,1.976084065192154,4.468252799923178,6.461830126538061,4.682654865748603,7.174823600479627,1
4,3|9|10|12,n04|n10|n11|n13,54.42036982249843,54.23721212978098,12,0.0006263020601165949,12,1.0622442767070197,2.841419537496506,0.34925080276548215,1.2454019694245062,3.0245772302139358,0.5324084954829118,1
4,3|9|10|13,n04|n10|n11|n14,52.73324085673338,52.84112673589262,11,0.0006202510167495209,12,2.7493732424720747,4.528548503261561,2.036379768530537,2.6414873633128195,4.420662624102306,1.928493889371282,1
4,3|9|10|14,n04|n10|n11|n15,58.1138846283519,58.13055284063405,11,0.0006170832759846897,12,2.631270529146434,0.852095268356976,3.344264003088,2.6479387414285895,0.8687634806391316,3.3609322153701555,1
4,3|9|10|15,n04|n10|n11|n16,57.75726711792952,57.89798485372855,12,0.0006186054608233953,12,2.2746530187240595,0.49547775793460147,2.9876464926656254,2.4153707545230887,0.6361954937336307,3.1283642284646547,1
4,3|9|11|12,n04|n10|n12|n13,56.89562086334869,56.76891354865743,12,0.0006232380062695247,12,1.4130067641432262,0.36616849664625306,2.126000238084792,1.2862994494519668,0.49287581133751246,1.9992929233935328,1
4,3|9|11|13,n04|n10|n12|n14,54.21587680652879,54.269305541037276,11,0.0006085213149526795,12,1.2667372926766802,3.04591255346611,0.5537438187350858,1.213308558168194,2.9924838189576235,0.5003150842265995,1
4,3|9|11|14,n04|n10|n12|n15,59.2761352484476,59.24831600785885,11,0.0006204870391694528,12,3.793521149242139,2.014345888452681,4.506514623183705,3.7657019086533836,1.9865266478639256,4.47869538259495,1
4,3|9|11|15,n04|n10|n12|n16,59.83496148237249,59.74391597209945,12,0.0006270349753275826,12,4.352347383167029,2.5731721223775708,5.065340857108595,4.261301872893988,2.48212661210453,4.974295346835554,1
4,3|9|12|13,n04|n10|n13|n14,52.7129356624376,52.777462894290395,12,0.0006145069456727785,12,2.76967843676789,4.54885369755732,2.0566849628262958,2.7051512049150688,4.484326465704498,1.9921577309735312,1
4,3|9|12|14,n04|n10|n13|n15,54.33322362227488,54.10423553317113,12,0.00062425731054637,12,1.1493904769305914,2.928565737720021,0.436397002988997,1.3783785660343142,3.1575538268238006,0.6653850920927766,1
4,3|9|12|15,n04|n10|n13|n16,55.59640056001813,55.413583379516226,12,0.00062425731054637,12,0.11378646081266908,1.6653887999767676,0.8267799347542351,0.06903071968923769,1.848205980478724,0.6439627542523283,1
4,3|9|13|14,n04|n10|n14|n15,51.580381956706916,51.628591049128296,11,0.0006170832759846897,12,3.9022321424985194,5.681407403288006,3.189238668556982,3.85402305007716,5.633198310866646,3.1410295761356224,1
4,3|9|13|15,n04|n10|n14|n16,52.81403230847275,52.83181257106486,11,0.0006170832759846897,12,2.6685817907327305,4.44775705152216,1.955588316791136,2.6508015281406188,4.429976788930048,1.9378080541990244,1
4,3|9|14|15,n04|n10|n15|n16,57.711195769222506,57.6706967289436,12,0.0006198044618539165,12,2.228581670017043,0.4494064092275849,2.941575143958609,2.1880826297381333,0.4089073689486753,2.9010761036796993,1
4,3|10|11|12,n04|n11|n12|n13,58.76384023737487,58.687421344282534,11,0.0006303988844774543,12,3.2812261381694086,1.5020508773799506,3.9942196121109745,3.2048072450770704,1.4256319842876124,3.9178007190186364,1
4,3|10|11|13,n04|n11|n12|n14,58.70723886070051,58.76481930260252,11,0.0006201447830965046,12,3.2246247614950434,1.4454495007055854,3.9376182354366094,3.282205203397055,1.503029942607597,3.995198677338621,1
4,3|10|11|14,n04|n11|n12|n15,61.54097994479965,61.52681478399642,11,0.000617987658971013,12,6.058365845594189,4.279190584804731,6.771359319535755,6.044200684790958,4.2650254240015,6.757194158732524,1
4,3|10|11|15,n04|n11|n12|n16,61.79467920368991,61.85178075071395,12,0.000619434705821066,12,6.3120651044844465,4.5328898436949885,7.0250585784260124,6.369166651508486,4.589991390719028,7.082160125450052,1
4,3|10|12|13,n04|n11|n13|n14,55.04249578366823,54.934118510172574,12,0.0006309203486891291,12,0.4401183155372337,2.2192935763266632,0.2728751584043323,0.548495589032882,2.3276708498223684,0.1644978849086769,1
4,3|10|12|14,n04|n11|n13|n15,57.35396672921403,57.09689871587016,11,0.0006287979479140941,12,1.871352630008566,0.09217736921910813,2.584346103950132,1.6142846166646976,0.16489064412473908,2.3272780906062636,1
4,3|10|12|15,n04|n11|n13|n16,57.4163818341768,57.25903014248362,12,0.0006185629674086472,12,1.9337677349713402,0.15459247418188227,2.6467612089129062,1.7764160432781537,0.0027592175113113626,2.4894095172197197,1
4,3|10|13|14,n04|n11|n14|n15,57.40870128163365,57.40481536265034,11,0.0006170832759846897,12,1.9260871824281836,0.14691192163872557,2.6390806563697495,1.922201263444876,0.14302600265541798,2.635194737386442,1
4,3|10|13|15,n04|n11|n14|n16,57.74044126647707,57.74111013130099,12,0.0006180011677478362,12,2.257827167271607,0.47865190648214906,2.970820641213173,2.258496032095529,0.479320771306071,2.971489506037095,1
4,3|10|14|15,n04|n11|n15|n16,59.5161759186202,59.41936303672834,12,0.0006177653105962483,12,4.033561819414736,2.254386558625278,4.746555293356302,3.9367489375228786,2.1575736767334206,4.649742411464445,1
4,3|11|12|13,n04|n12|n13|n14,56.56953999503849,56.46218249715541,12,0.0006298480407063436,12,1.0869258958330263,0.6922493649564103,1.7999193697745923,0.9795683979499472,0.7996068628394823,1.6925618718915132,1
4,3|11|12|14,n04|n12|n13|n15,58.15479824693455,57.958121354805805,11,0.0006366648806309103,12,2.6721841477290837,0.8930088869396258,3.3851776216706497,2.4755072556003412,0.6963319948108833,3.188500729541907,1
4,3|11|12|15,n04|n12|n13|n16,58.6112571125946,58.44188131249536,12,0.0006355925726481248,12,3.128643013389137,1.3494677525996792,3.841636487330703,2.9592672132898983,1.1800919525004403,3.6722606872314643,1
4,3|11|13|14,n04|n12|n14|n15,58.718032356435266,58.825018871029755,11,0.0006247020196330472,12,3.235418257229803,1.456242996440345,3.948411731171369,3.3424047718242917,1.5632295110348338,4.055398245765858,1
4,3|11|13|15,n04|n12|n14|n16,59.077131036170734,59.09044816250285,12,0.0006243951804963651,12,3.5945169369652703,1.8153416761758123,4.307510410906836,3.607834063297389,1.8286588025079311,4.320827537238955,1
4,3|11|14|15,n04|n12|n15|n16,60.763551159005665,60.65809504879114,12,0.0006246467713390338,12,5.280937059800202,3.501761799010744,5.993930533741768,5.175480949585676,3.396305688796218,5.888474423527242,1
4,3|12|13|14,n04|n13|n14|n15,54.248790066798996,54.127762572607374,12,0.0006317126328021131,12,1.23382403240646,3.0129992931959464,0.5208305584649224,1.354851526598111,3.1340267873875405,0.6418580526565165,1
4,3|12|13|15,n04|n13|n14|n16,55.308540357312125,55.167679754144295,12,0.0006338394408809634,12,0.17407374189332359,1.95324900268281,0.5389197320482282,0.3149343450611468,2.094109605850633,0.39805912888039785,1
4,3|12|14|15,n04|n13|n15|n16,56.745489062563124,56.53972147661469,12,0.0006394579242615836,12,1.2628749633576604,0.516300297431826,1.9758684372992263,1.0571073774092241,0.7220678833802481,1.77010085135079,1
4,3|13|14|15,n04|n14|n15|n16,57.27291129833227,57.373602920417895,12,0.0006198065479981068,12,1.7902971991268046,0.011121938337346648,2.5032906730683706,1.8909888212124315,0.11181356042297352,2.6039822951539975,1
4,4|5|6|7,n05|n06|n07|n08,52.260325418755016,54.383678236747514,10,0.0006175429622214833,12,3.222288680450447,5.0014639412398765,2.5092952065089094,1.0989358624579495,2.878111123247436,0.3859423885163551,1
4,4|5|6|8,n05|n06|n07|n09,45.333342861038496,46.659064987950075,11,0.0006165302547564936,12,10.149271238166989,11.928446498956419,9.436277764225395,8.823549111255375,10.602724372044861,8.110555637313837,1
4,4|5|6|9,n05|n06|n07|n10,46.36051195458159,47.660723995461616,11,0.0006324073613345449,12,9.122102144623852,10.901277405413339,8.409108670682315,7.82189010374384,9.601065364533326,7.108896629802302,1
4,4|5|6|10,n05|n06|n07|n11,48.26543583064197,49.825622685149995,11,0.000617542962221483,12,7.217178268563487,8.996353529352973,6.504184794621949,5.656991414055483,7.4361666748449124,4.9439979401138885,1
4,4|5|6|11,n05|n06|n07|n12,49.51171211990007,51.02965389541895,11,0.0006175429622214836,12,5.970901979305381,7.750077240094868,5.257908505363844,4.4529602037865175,6.232135464575947,3.739966729844923,1
4,4|5|6|12,n05|n06|n07|n13,44.79651847207405,45.79095770735618,11,0.0006436493979436913,12,10.686095627131408,12.465270887920894,9.97310215318987,9.691656391849278,11.470831652638765,8.97866291790774,1
4,4|5|6|13,n05|n06|n07|n14,44.68982783041471,46.32211908660434,11,0.0006103907821845268,12,10.792786268790735,12.571961529580221,10.079792794849197,9.160495012601132,10.939670273390561,8.447501538659537,1
4,4|5|6|14,n05|n06|n07|n15,46.51482985158877,47.88732569549298,11,0.0006242707864907042,12,8.967784247616692,10.746959508406121,8.254790773675154,7.595288403712459,9.374463664501945,6.8822949297709215,1
4,4|5|6|15,n05|n06|n07|n16,48.009210856112766,49.485880487907906,11,0.0006212785574073573,12,7.473403243092719,9.252578503882148,6.760409769151124,5.996733611297543,7.7759088720870295,5.283740137356006,1
4,4|5|7|8,n05|n06|n08|n09,52.67614324368465,52.15779692087502,11,0.0006166991823231449,12,2.8064708555208426,4.585646116310272,2.0934773815792482,3.32481717833042,5.1039924391199065,2.6118237043888826,1
4,4|5|7|9,n05|n06|n08|n10,52.92641143246611,52.52227361972389,11,0.0006103907821845268,12,2.5562026667393525,4.335377927528839,1.843209192797758,2.9603404794816015,4.739515740271031,2.247347005540007,1
4,4|5|7|10,n05|n06|n08|n11,55.02587932873055,54.73369027159103,11,0.0006175429622214836,12,0.4567347704748954,2.235910031264382,0.25625870346664925,0.7489238276144192,2.5280990884039056,0.035930353672881665,1
4,4|5|7|11,n05|n06|n08|n12,56.51150863040718,55.9938904429406,11,0.000617542962221483,12,1.0288945312017148,0.7502807295877574,1.7418880051432808,0.5112763437351333,1.2678989170543105,1.2242698176766993,1
4,4|5|7|12,n05|n06|n08|n13,51.73965147222133,51.184973788586944,11,0.0006176038535687752,12,3.742962626984138,5.522137887773567,3.0299691530425434,4.297640310618533,6.076815571407963,3.5846468366769386,1
4,4|5|7|13,n05|n06|n08|n14,52.04575795608919,51.77935735820084,11,0.0006166991823231449,12,3.4368561431163016,5.216031403905731,2.723862669174707,3.7032567410046227,5.482432001794109,2.9902632670630283,1
4,4|5|7|14,n05|n06|n08|n15,53.846397910859764,53.37866141916348,11,0.000617542962221483,12,1.6362161883457134,3.415391449135143,0.923222714404119,2.103952680041971,3.883127940831457,1.3909592061004332,1
4,4|5|7|15,n05|n06|n08|n16,55.1966941208231,54.777029898578476,11,0.0006175429622214836,12,0.28591997838236693,2.0650952391717965,0.42707349555920615,0.7055842006269586,2.484759461416445,0.007409273314578968,1
4,4|5|8|9,n05|n06|n09|n10,43.76332419656178,43.112991220618916,10,0.0006180324829170844,12,11.719289902643709,13.498465163433139,11.006296428702115,12.36962287858654,14.148798139376026,11.656629404645003,1
4,4|5|8|10,n05|n06|n09|n11,49.07555611279713,48.84774860853485,11,0.0006207910166509427,12,6.407057986408347,8.186233247197777,5.694064512466753,6.63486549067062,8.41404075146005,5.921872016729026,1
4,4|5|8|11,n05|n06|n09|n12,50.91921509415018,50.62681574351694,11,0.0006155809183723672,12,4.56339900505526,6.342574265844746,3.850405531113722,4.855798355688535,6.634973616477964,4.14280488174694,1
4,4|5|8|12,n05|n06|n09|n13,44.84892210558715,44.77818411057466,11,0.0006165302547564936,12,10.6336919936183,12.412867254407786,9.920698519676762,10.704429988630807,12.483605249420293,9.991436514689212,1
4,4|5|8|13,n05|n06|n09|n14,43.05110395541028,42.699520230831766,10,0.000622049674176991,12,12.431510143795208,14.210685404584638,11.718516669853614,12.783093868373726,14.562269129163155,12.070100394432131,1
4,4|5|8|14,n05|n06|n09|n15,48.112812600171154,47.65741308437752,11,0.0006202616371949098,12,7.369801499034338,9.148976759823768,6.656808025092744,7.82520101482794,9.604376275617426,7.112207540886402,1
4,4|5|8|15,n05|n06|n09|n16,49.334812592685054,49.059527216132004,11,0.0006202616371949098,12,6.147801506520409,7.926976767309839,5.4348080325788715,6.423086883073438,8.202262143862924,5.7100934091319,1
4,4|5|9|10,n05|n06|n10|n11,48.66411754098568,48.47543756784868,11,0.000615803328639259,12,6.818496558219806,8.597671819009236,6.105503084278212,7.007176531356777,8.786351792146263,6.294183057415239,1
4,4|5|9|11,n05|n06|n10|n12,51.139737039732324,51.049190403757116,11,0.0006065865097007353,12,4.342877059473153,6.122052320262583,3.6298835855315588,4.433423695448369,6.212598956237798,3.720430221506774,1
4,4|5|9|12,n05|n06|n10|n13,43.07731703357216,42.63467488940635,10,0.0006180324829170844,12,12.405297065633306,14.184472326422792,11.692303591691712,12.847939209799108,14.627114470588594,12.13494573585757,1
4,4|5|9|13,n05|n06|n10|n14,38.19985747934455,38.192392859964215,9,0.0006119306153608671,12,17.28275661986089,19.061931880650377,16.569763145919353,17.290221239241248,19.069396500030734,16.577227765299654,1
4,4|5|9|14,n05|n06|n10|n15,48.028151286752156,47.91185273711895,11,0.0006141572901030419,12,7.454462812453301,9.233638073242787,6.741469338511763,7.5707613620865,9.349936622875987,6.857767888144963,1
4,4|5|9|15,n05|n06|n10|n16,49.48340960936125,49.40941184934181,11,0.0006154968004666382,12,5.999204489844203,7.77837975063369,5.286211015902666,6.073202249863641,7.8523775106531275,5.3602087759221035,1
4,4|5|10|11,n05|n06|n11|n12,52.65881019850408,52.609028773028314,10,0.0006158033286392587,12,2.823803900701364,4.60297916149085,2.1108104267598264,2.8735853261771354,4.652760586966622,2.160591852235598,1
4,4|5|10|12,n05|n06|n11|n13,48.33114442856019,47.98245363472218,11,0.0006207910166509427,12,7.15146967064527,8.930644931434756,6.438476196703732,7.500160464483315,9.279335725272745,6.787166990541721,1
4,4|5|10|13,n05|n06|n11|n14,48.603847831683645,48.46749943367149,11,0.0006202510167495209,12,6.878766267521826,8.657941528311255,6.165772793580231,7.015114665533986,8.794289926323415,6.302121191592391,1
4,4|5|10|14,n05|n06|n11|n15,50.90031953048379,50.52191264745211,10,0.0006175429622214833,12,4.582294568721693,6.3614698295111225,3.8693010947800985,4.96070145175338,6.739876712542809,4.247707977811785,1
4,4|5|10|15,n05|n06|n11|n16,51.60708500522381,51.465694199194225,11,0.000617542962221483,12,3.8755290939816405,5.654704354771127,3.162535620040103,4.01691990001126,5.796095160800689,3.3039264260696655,1
4,4|5|11|12,n05|n06|n12|n13,49.99890527415864,49.65598440460244,11,0.000615803328639259,12,5.483708825046847,7.262884085836276,4.7707153511052525,5.826629694603014,7.6058049553925,5.113636220661476,1
4,4|5|11|13,n05|n06|n12|n14,50.27832372102333,50.228284176220974,11,0.0006033724322484507,12,5.204290378182122,6.983465638971609,4.491296904240585,5.254329922984482,7.033505183773968,4.541336449042944,1
4,4|5|11|14,n05|n06|n12|n15,52.15497641832788,51.84104741374404,10,0.0006175429622214833,12,3.327637680877615,5.1068129416670445,2.6146442069360205,3.6415666854614415,5.420741946250871,2.928573211519847,1
4,4|5|11|15,n05|n06|n12|n16,53.20134787472333,52.97795202247104,11,0.000615803328639259,12,2.281266224482124,4.06044148527161,1.5682727505405865,2.504662076734405,4.283837337523892,1.7916686027928677,1
4,4|5|12|13,n05|n06|n13|n14,42.548065198875996,42.18434674969104,10,0.000622049674176991,12,12.934548900329446,14.713724161118932,12.221555426387908,13.298267349514447,15.077442610303876,12.585273875572852,1
4,4|5|12|14,n05|n06|n13|n15,47.20060857626561,46.65957832212065,11,0.0006238377111590722,12,8.282005522939869,10.061180783729299,7.569012048998275,8.823035777084783,10.60221103787427,8.110042303143246,1
4,4|5|12|15,n05|n06|n13|n16,48.438736658205144,48.10177509697762,11,0.0006238377111590722,12,7.043877441000291,8.823052701789777,6.330883967058753,7.3808390022278445,9.160014263017274,6.667845528286307,1
4,4|5|13|14,n05|n06|n14|n15,47.433861145466096,47.456298749608436,11,0.000615803328639259,12,8.048752953739381,9.82792821452881,7.335759479797787,8.026315349597041,9.805490610386471,7.313321875655447,1
4,4|5|13|15,n05|n06|n14|n16,48.69454354470207,48.67261751239446,11,0.0006202616371949098,12,6.788070554503406,8.567245815292836,6.075077080561812,6.809996586810996,8.589171847600483,6.097003112869459,1
4,4|5|14|15,n05|n06|n15|n16,50.90874920740913,50.71021405013498,11,0.0006175429622214836,12,4.573864891796347,6.353040152585777,3.860871417854753,4.772400049070484,6.551575309859913,4.059406575128946,1
4,4|6|7|8,n05|n07|n08|n09,57.45015578242545,57.240057981922554,11,0.0006155809183723672,12,1.9675416832199843,0.18836642243052637,2.6805351571615503,1.7574438827170908,0.021731378072388452,2.470437356658657,1
4,4|6|7|9,n05|n07|n08|n10,59.35431213587001,59.02704999771932,11,0.0006266978348196981,12,3.8716980366645473,2.0925227758750893,4.584691510606113,3.5444358985138535,1.7652606377243956,4.2574293724554195,1
4,4|6|7|10,n05|n07|n08|n11,60.905954599969895,60.86174385452095,11,0.000635152233333506,12,5.423340500764432,3.644165239974974,6.136333974705998,5.379129755315489,3.599954494526031,6.092123229257055,1
4,4|6|7|11,n05|n07|n08|n12,62.614555251966834,62.36488353628603,11,0.000617542962221483,12,7.131941152761371,5.352765891971913,7.844934626702937,6.882269437080566,5.103094176291108,7.595262911022132,1
4,4|6|7|12,n05|n07|n08|n13,57.855970969276896,57.49179615696826,11,0.0006179330167871981,12,2.373356870071433,0.5941816092819749,3.086350344012999,2.0091820577628,0.23000679697334192,2.722175531704366,1
4,4|6|7|13,n05|n07|n08|n14,58.15770452473487,58.0213516897438,11,0.0006116319323606514,12,2.6750904255294046,0.8959151647399466,3.3880838994709706,2.5387375905383394,0.7595623297488814,3.2517310644799053,1
4,4|6|7|14,n05|n07|n08|n15,59.85101719135674,59.58222353089408,11,0.000617542962221483,12,4.368403092151276,2.5892278313618178,5.081396566092842,4.09960943168862,2.320434170899162,4.812602905630186,1
4,4|6|7|15,n05|n07|n08|n16,61.3156631857282,60.9615779179253,11,0.000617542962221483,12,5.833049086522735,4.053873825733277,6.546042560464301,5.4789638187198335,3.6997885579303755,6.1919572926613995,1
4,4|6|8|9,n05|n07|n09|n10,46.448210735312294,45.86071467487655,11,0.0006391214900925872,12,9.034403363893148,10.813578624682634,8.32140988995161,9.621899424328944,11.401074685118374,8.90890595038735,1
4,4|6|8|10,n05|n07|n09|n11,51.378915781569596,51.29181832996887,12,0.0006186988041914053,12,4.10369831763586,5.882873578425347,3.390704843694323,4.190795769236615,5.969971030026045,3.477802295295021,1
4,4|6|8|11,n05|n07|n09|n12,52.4965733795586,52.4396597353501,12,0.0006178168102118024,12,2.986040719646894,4.765215980436324,2.2730472457052997,3.0429543638553582,4.822129624644845,2.3299608899138207,1
4,4|6|8|12,n05|n07|n09|n13,47.300325577468264,47.2378590683029,12,0.0006191995323967642,12,8.182288521737178,9.961463782526664,7.46929504779564,8.244755030902581,10.023930291692011,7.531761556960987,1
4,4|6|8|13,n05|n07|n09|n14,45.487813880192675,45.43861312321191,11,0.0006288211433222339,12,9.994800219012802,11.773975479802232,9.281806745071208,10.044000975993526,11.823176236783013,9.331007502051989,1
4,4|6|8|14,n05|n07|n09|n15,49.68908206173986,49.66172417180424,12,0.000620242171181918,12,5.793532037465582,7.572707298255068,5.080538563524044,5.820889927401254,7.600065188190683,5.107896453459659,1
4,4|6|8|15,n05|n07|n09|n16,51.1399904040047,51.0966024546861,12,0.0006184297378898623,12,4.342623695200757,6.1217989559902435,3.6296302212592195,4.386011644519385,6.165186905308815,3.673018170577791,1
4,4|6|9|10,n05|n07|n10|n11,52.6324737060862,52.40106008801651,12,0.0006270508944310377,12,2.8501403931192613,4.629315653908748,2.137146919177667,3.0815540111889277,4.860729271978414,2.36856053724739,1
4,4|6|9|11,n05|n07|n10|n12,54.27741855207553,54.084605991119496,12,0.0006205341794699525,12,1.2051955471299607,2.9843708079193902,0.4922020731883663,1.3980081080859463,3.1771833688754327,0.6850146341444088,1
4,4|6|9|12,n05|n07|n10|n13,50.044887293257204,49.662710393121735,12,0.0006366783846749281,12,5.437726805948273,7.216902066737703,4.724733332006679,5.819903706083721,7.599078966873208,5.106910232142184,1
4,4|6|9|13,n05|n07|n10|n14,46.446517077481104,46.40553627560577,11,0.0006145050671579225,12,9.036097021724345,10.815272282513831,8.323103547782807,9.077077823599666,10.856253084389152,8.364084349658128,1
4,4|6|9|14,n05|n07|n10|n15,51.59759120161617,51.37628879559828,12,0.0006254843106552012,12,3.8850228975892946,5.664198158378781,3.1720294236477002,4.106325303607207,5.8855005643966365,3.3933318296656125,1
4,4|6|9|15,n05|n07|n10|n16,52.927141342032506,52.73847569287817,12,0.0006239881961135278,12,2.555472757172936,4.334648017962422,1.8424792832313983,2.744138406327295,4.523313667116781,2.0311449323857005,1
4,4|6|10|11,n05|n07|n11|n12,55.27814996320026,55.14491818715988,11,0.0006038435584418796,12,0.20446413600518554,1.983639396794672,0.5085293379363662,0.33769591204560356,2.116871172835033,0.37529756189598373,1
4,4|6|10|12,n05|n07|n11|n13,51.86834543766033,51.59444620723213,12,0.0006252382769861174,12,3.614268661545111,5.393443922334598,2.9012751876035736,3.888167891973353,5.667343152762783,3.1751744180317587,1
4,4|6|10|13,n05|n07|n11|n14,51.98370510069533,51.895986965251424,12,0.0006174978126749796,12,3.49890899851016,5.27808425929959,2.7859155245685656,3.586627133954039,5.3658023947434685,2.8736336600125014,1
4,4|6|10|14,n05|n07|n11|n15,55.78749996514082,51.18851897050904,11,0.000617542962221483,12,0.30488586593535416,1.474289394854111,1.0178793398769201,4.294095128696426,6.073270389485856,3.581101654754889,1
4,4|6|10|15,n05|n07|n11|n16,55.14906480154058,55.03087635899636,12,0.0006112327271084411,12,0.33354929766488794,2.1127245584543175,0.37944417627668514,0.4517377402091256,2.230913000998555,0.2612557337324617,1
4,4|6|11|12,n05|n07|n12|n13,52.95457271469515,52.703843470852384,12,0.0006212343189078864,12,2.5280413845102885,4.307216645299775,1.815047910568751,2.7787706283530724,4.557945889142559,2.065777154411535,1
4,4|6|11|13,n05|n07|n12|n14,53.15943934344046,53.15431209628614,12,0.0006189722541077398,12,2.3231747557650237,4.102350016554453,1.6101812818234293,2.3283020029193153,4.107477263708802,1.6153085289777778,1
4,4|6|11|14,n05|n07|n12|n15,55.0300515264485,54.872903198512574,11,0.0006224159357645354,12,0.45256257275696044,2.23173783354639,0.26043090118460555,0.6097109006929031,2.3888861614823327,0.10328257324867707,1
4,4|6|11|15,n05|n07|n12|n16,55.8017299226669,55.658722681985836,12,0.0006199794489930092,12,0.31911582346143774,1.4600594373280273,1.0321092974030037,0.17610858278037256,1.6030666780090996,0.8891020567219385,1
4,4|6|12|13,n05|n07|n13|n14,49.42355157944999,49.19993203421607,12,0.0006365622975325906,12,6.059062519755457,7.838237780544944,5.34606904581392,6.2826820649893875,8.061857325778874,5.56968859104785,1
4,4|6|12|14,n05|n07|n13|n15,50.35869917061485,50.02158397980577,12,0.0006306277514852594,12,5.1239149285906365,6.903090189380066,4.410921454649042,5.461030119399709,7.240205380189138,4.748036645458114,1
4,4|6|12|15,n05|n07|n13|n16,51.617478260933574,51.368045299558254,12,0.000629131636943586,12,3.8651358382718968,5.644311099061326,3.1521423643303024,4.114568799647202,5.893744060436688,3.4015753257056645,1
4,4|6|13|14,n05|n07|n14|n15,50.52575769606582,50.625375237622414,12,0.000627171959922632,12,4.956856403139625,6.736031663929111,4.243862929198087,4.857238861583028,6.636414122372514,4.14424538764149,1
4,4|6|13|15,n05|n07|n14|n16,51.82057316884733,51.84062742674095,12,0.0006256758453809586,12,3.6620409303581027,5.441216191147589,2.949047456416565,3.6419866724644976,5.421161933253984,2.92899319852296,1
4,4|6|14|15,n05|n07|n15|n16,53.57654488201139,53.6003897875639,12,0.0006320616562174851,12,1.9060692171940445,3.685244477983531,1.193075743252507,1.8822243116415507,3.661399572431037,1.1692308377000131,1
4,4|7|8|9,n05|n08|n09|n10,48.03164133471303,47.319473619288225,11,0.0006166991823231449,12,7.450972764492462,9.230148025281892,6.737979290550868,8.163140479917217,9.942315740706704,7.45014700597568,1
4,4|7|8|10,n05|n08|n09|n11,52.81121478851169,52.615985084087704,12,0.0006284060423570287,12,2.6713993106938005,4.45057457148323,1.9584058367522061,2.8666290151177805,4.64580427590721,2.153635541176186,1
4,4|7|8|11,n05|n08|n09|n12,54.10684433429604,53.741362671191816,12,0.0006138236780202547,12,1.3757697649094212,3.1549450256989076,0.6627762909678268,1.7412514280136406,3.520426688803127,1.028257954072103,1
4,4|7|8|12,n05|n08|n09|n13,48.90338473130432,48.68433617921152,12,0.0006134760280730072,12,6.579229367901121,8.358404628690607,5.866235893959583,6.79827791999395,8.57745318078338,6.085284446052356,1
4,4|7|8|13,n05|n08|n09|n14,47.53365636584112,47.22102715775807,11,0.0006166991823231449,12,7.948957733364352,9.728132994153782,7.235964259422758,8.261586941447376,10.040762202236863,7.548593467505839,1
4,4|7|8|14,n05|n08|n09|n15,51.48653074472576,51.243516351456144,12,0.000613560810575864,12,3.9960833544797083,5.775258615269138,3.283089880538114,4.239097747749327,6.018273008538756,3.526104273807732,1
4,4|7|8|15,n05|n08|n09|n16,52.92115554443645,52.62105216467333,12,0.0006148323216790771,12,2.56145855476899,4.340633815558476,1.8484650808274523,2.8615619345321193,4.640737195321606,2.1485684605905817,1
4,4|7|9|10,n05|n08|n10|n11,53.89955008267042,53.60331073777272,12,0.0006215303369092668,12,1.5830640165350474,3.362239277324477,0.870070542593453,1.8793033614327328,3.658478622222219,1.1663098874911952,1
4,4|7|9|11,n05|n08|n10|n12,55.696421778221634,55.22040994323819,12,0.0006098585413131472,12,0.21380767901617048,1.5653675817732733,0.9268011529577365,0.2622041559672539,2.0413794167567403,0.4507893179742908,1
4,4|7|9|12,n05|n08|n10|n13,51.54816015656785,50.97549867036318,12,0.0006236064535763722,12,3.9344539426376173,5.713629203427047,3.221460468696023,4.507115428842269,6.286290689631755,3.7941219549007315,1
4,4|7|9|13,n05|n08|n10|n14,48.09923978194336,47.86774884536471,11,0.0006103907821845269,12,7.38337431726211,9.16254957805154,6.670380843320515,7.614865253840776,9.394040514630206,6.9018717798991815,1
4,4|7|9|14,n05|n08|n10|n15,53.19093484431508,52.75179438225981,12,0.0006135975931344916,12,2.2916792548903686,4.070854515679855,1.578685780948831,2.730819716945632,4.5099949777351185,2.0178262430040945,1
4,4|7|9|15,n05|n08|n10|n16,54.43013373672266,54.007501894716846,12,0.000611041655083687,12,1.052480362482811,2.8316556232722405,0.33948688854121656,1.475112204488596,3.2542874652780824,0.7621187305470585,1
4,4|7|10|11,n05|n08|n11|n12,57.507706963979714,57.01464262099788,11,0.0006103102497120399,12,2.025092864774251,0.24591760398479323,2.738086338715817,1.5320285217924194,0.24714673899705986,2.2450219957339854,1
4,4|7|10|12,n05|n08|n11|n13,53.13092080359186,52.740710451490884,12,0.000629744600830076,12,2.351693295613586,4.1308685564030725,1.6386998216720485,2.7419036477145937,4.521078908504023,2.0289101737729993,1
4,4|7|10|13,n05|n08|n11|n14,53.47861202129692,53.22970729037854,12,0.0006263474871597073,12,2.004002077908524,3.7831773386980103,1.2910086039669864,2.2529068088269355,4.032082069616365,1.539913334885341,1
4,4|7|10|14,n05|n08|n11|n15,56.00435288133908,55.637949504034324,11,0.000617542962221483,12,0.5217387821336175,1.2574364786558476,1.2347322560751834,0.1553354048288611,1.6238398559605685,0.8683288787704271,1
4,4|7|10|15,n05|n08|n11|n16,56.18428440768632,55.903637103751706,12,0.0006139266059667615,12,0.7016703084808569,1.0775049523085727,1.4146637824224229,0.4210230045462424,1.3581522562432156,1.1340164784878084,1
4,4|7|11|12,n05|n08|n12|n13,54.362781106523094,53.83368869275476,12,0.0006256836444698125,12,1.1198329926823476,2.899008253471834,0.40683951874081004,1.6489254064507008,3.4281006672401872,0.9359319325091064,1
4,4|7|11|13,n05|n08|n12|n14,54.80390667907463,54.44369535463691,12,0.0006171838612462896,12,0.6787074201308201,2.4578826809203065,0.03428605381073169,1.038918744568548,2.8180940053580343,0.3259252706270104,1
4,4|7|11|14,n05|n08|n12|n15,56.662475127181885,56.173588102561034,11,0.0006262716980141204,12,1.179861027976422,0.5993142328130148,1.8928545019179879,0.6909740033555707,1.088201257433866,1.4039674772971367,1
4,4|7|11|15,n05|n08|n12|n16,57.41409933962294,56.954122509176855,12,0.0006215747214206656,12,1.93148524041748,0.15230997962802206,2.644478714359046,1.471508409971392,0.307666850818066,2.184501883912958,1
4,4|7|12|13,n05|n08|n13|n14,51.06634931111443,50.56394820642737,12,0.0006264195304542557,12,4.416264788091041,6.195440048880471,3.703271314149447,4.918665892778108,6.697841153567538,4.205672418836514,1
4,4|7|12|14,n05|n08|n13|n15,51.99516406400247,51.462829153107414,12,0.0006267290706872624,12,3.4874500352029827,5.266625295992469,2.774456561261445,4.019784946098071,5.7989602068875,3.306791472156476,1
4,4|7|12|15,n05|n08|n13|n16,53.193397841140765,52.71953182731872,12,0.0006266922881286349,12,2.289216258064698,4.068391518854128,1.5762227841231606,2.7630822718867307,4.542257532676217,2.050088797945193,1
4,4|7|13|14,n05|n08|n14|n15,52.52034431192374,52.32651942452827,12,0.0006141205075444144,12,2.962269787281741,4.741445048071171,2.2492763133401468,3.156094674677206,4.935269935466636,2.4431012007356117,1
4,4|7|13|15,n05|n08|n14|n16,53.62002797467285,53.34056778241465,12,0.0006208321709180735,12,1.8625861245326405,3.64176138532207,1.149592650591046,2.142046316790811,3.9212215775802406,1.4290528428492735,1
4,4|7|14|15,n05|n08|n15|n16,55.520528142744155,55.17449029146569,12,0.0006219073301178017,12,0.037914043538691544,1.7412612172507806,0.7509075174802575,0.30812380773977566,2.087299068529205,0.4048696662017903,1
4,4|8|9|10,n05|n09|n10|n11,40.83748202316957,44.39598427343979,11,0.0006202510167495209,12,14.645132076035907,16.424307336825336,13.932138602094312,11.08662982576567,12.865805086555156,10.373636351824132,1
4,4|8|9|11,n05|n09|n10|n12,46.27092754997452,45.793274352517976,11,0.0006147169654296203,12,9.211686549230933,10.99086181002042,8.498693075289395,9.689339746687494,11.468515007476924,8.9763462727459,1
4,4|8|9|12,n05|n09|n10|n13,44.6483216040231,44.424361836552265,12,0.0006180324829170844,12,10.834292495182353,12.61346775597184,10.121299021240816,11.058252262653184,12.83742752344267,10.345258788711647,1
4,4|8|9|13,n05|n09|n10|n14,41.283357568401506,41.16504479661084,11,0.0006147169654296203,12,14.19925653080395,15.978431791593437,13.486263056862413,14.31756930259462,16.09674456338405,13.604575828653083,1
4,4|8|9|14,n05|n09|n10|n15,45.37447994839247,43.28764716663803,11,0.000615803328639259,12,10.108134150812987,11.887309411602473,9.39514067687145,12.19496693256741,13.974142193356897,11.481973458625873,1
4,4|8|9|15,n05|n09|n10|n16,44.76450102769813,44.25653304841488,11,0.000615803328639259,12,10.718113071507332,12.497288332296762,10.005119597565795,11.226081050790583,13.00525631158007,10.513087576848989,1
4,4|8|10|11,n05|n09|n11|n12,50.439542340257894,50.51912193572951,11,0.000615803328639259,12,5.043071758947576,6.822247019737006,4.330078285005982,4.963492163475962,6.742667424265392,4.250498689534368,1
4,4|8|10|12,n05|n09|n11|n13,45.80583141858041,45.69799100345304,12,0.0006186196519695777,12,9.676782680625024,11.45595794141451,8.963789206683487,9.784623095752409,11.563798356541895,9.071629621810871,1
4,4|8|10|13,n05|n09|n11|n14,44.335977655995805,44.05220365453403,11,0.0006219558747139824,12,11.146636443209673,12.925811703999102,10.433642969268078,11.430410444671452,13.209585705460881,10.717416970729857,1
4,4|8|10|14,n05|n09|n11|n15,48.80579889230265,48.553035402249,11,0.0006169882871896343,12,6.676815206902802,8.455990467692288,5.963821732961264,6.929578696956469,8.708753957745898,6.216585223014874,1
4,4|8|10|15,n05|n09|n11|n16,49.70038081731183,49.67949654060873,12,0.0006178135029260129,12,5.782233281893639,7.561408542683068,5.069239807952044,5.803117558596739,7.5822928193861685,5.0901240846551445,1
4,4|8|11|12,n05|n09|n12|n13,47.2915507455681,47.289119023437955,12,0.000613792648294924,12,8.191063353637333,9.970238614426819,7.478069879695795,8.193495075767487,9.972670336556973,7.480501601825949,1
4,4|8|11|13,n05|n09|n12|n14,45.80134319468174,45.68592439074544,11,0.000615803328639259,12,9.681270904523728,11.460446165313158,8.968277430582134,9.796689708460008,11.575864969249494,9.08369623451847,1
4,4|8|11|14,n05|n09|n12|n15,49.7342141109572,49.65311645495551,11,0.0006147169654296203,12,5.748399988248252,7.527575249037739,5.035406514306715,5.829497644249955,7.608672905039384,5.116504170308417,1
4,4|8|11|15,n05|n09|n12|n16,51.111742994002206,50.98172973571902,12,0.0006156921235058131,12,4.370871105203264,6.150046365992694,3.6578776312616696,4.500884363486421,6.280059624275907,3.787890889544883,1
4,4|8|12|13,n05|n09|n13|n14,43.77555332202583,43.6646034600046,12,0.0006201673545747459,12,11.707060777179663,13.486236037969093,10.994067303238069,11.81801063920085,13.597185899990336,11.105017165259312,1
4,4|8|12|14,n05|n09|n13|n15,44.27621866165972,44.383470122843576,12,0.0006152601470344396,12,11.206395437545723,12.98557069833521,10.493401963604185,11.099143976361916,12.878319237151345,10.386150502420321,1
4,4|8|12|15,n05|n09|n13|n16,45.89261073183175,45.90560824547472,12,0.0006152601470344396,12,9.590003367373697,11.369178628163183,8.87700989343216,9.577005853730725,11.356181114520211,8.864012379789187,1
4,4|8|13|14,n05|n09|n14|n15,42.8574267426332,42.89363860971334,11,0.0006200730719545821,12,12.625187356572269,14.404362617361699,11.912193882630675,12.5889754894921,14.368150750281586,11.875982015550562,1
4,4|8|13|15,n05|n09|n14|n16,44.32647040884621,44.20719463295122,11,0.0006202616371949098,12,11.156143690359272,12.935318951148702,10.443150216417678,11.27541946625422,13.054594727043707,10.562425992312683,1
4,4|8|14|15,n05|n09|n15|n16,48.833473784731545,48.8419986468646,12,0.0006179382002969205,12,6.649140314473925,8.428315575263355,5.936146840532331,6.640615452340853,8.41979071313034,5.927621978399316,1
4,4|9|10|11,n05|n10|n11|n12,50.499483366762874,53.87233553372295,11,0.0006158033286392584,12,4.983130732442589,6.762305993232076,4.270137258500995,1.6102785654825311,3.3894538262719607,0.8972850915409367,1
4,4|9|10|12,n05|n10|n11|n13,47.581650663958435,46.99161762394701,12,0.000630600212382416,12,7.900963435247036,9.680138696036465,7.187969961305441,8.490996475258441,10.270171736047928,7.778003001316904,1
4,4|9|10|13,n05|n10|n11|n14,44.90114736248072,44.822071061322404,11,0.0006166679539431105,12,10.581466736724735,12.360641997514222,9.868473262783198,10.66054303788303,12.439718298672517,9.947549563941493,1
4,4|9|10|14,n05|n10|n11|n15,50.08568938946406,50.01903919725197,11,0.0006147169654296203,12,5.396924709741427,7.176099970530856,4.683931235799832,5.463574901953507,7.2427501627429365,4.7505814280119125,1
4,4|9|10|15,n05|n10|n11|n16,50.84602989032859,50.56379150423717,12,0.0006162356412911848,12,4.6365842088768545,6.415759469666341,3.923590734935317,4.918822594968276,6.697997855757762,4.2058291210267384,1
4,4|9|11|12,n05|n10|n12|n13,49.92145139308828,49.58719970991545,12,0.0006152601470344396,12,5.561162706117159,7.340337966906645,4.848169232175621,5.895414389290011,7.674589650079497,5.182420915348416,1
4,4|9|11|13,n05|n10|n12|n14,46.313307839876586,46.307927247302885,11,0.000603334573553981,12,9.169306259328891,10.948481520118321,8.456312785387297,9.174686851902607,10.953862112692036,8.461693377961012,1
4,4|9|11|14,n05|n10|n12|n15,51.570206366006765,51.31392632399931,11,0.000615803328639259,12,3.912407733198677,5.691582993988163,3.1994142592571393,4.168687775206138,5.947863035995624,3.4556943012646,1
4,4|9|11|15,n05|n10|n12|n16,52.80716148517192,52.50779722487238,12,0.0006231585267344293,12,2.6754526140335315,4.454627874823018,1.962459140091994,2.9748168743331007,4.75399213512253,2.2618234003915063,1
4,4|9|12|13,n05|n10|n13|n14,42.822332331173484,42.69442431408733,11,0.0006147169654296203,12,12.66028176803195,14.439457028821437,11.947288294090413,12.788189785118107,14.567365045907593,12.075196311176569,1
4,4|9|12|14,n05|n10|n13|n15,47.277713093998905,46.82623240992329,12,0.0006180324829170844,12,8.20490100520658,9.98407626599601,7.491907531264985,8.65638168928217,10.4355569500716,7.943388215340633,1
4,4|9|12|15,n05|n10|n13|n16,48.50551044554802,48.1556745036328,12,0.0006180324829170844,12,6.977103653657423,8.75627891444691,6.264110179715885,7.3269395955726395,9.106114856362126,6.613946121631102,1
4,4|9|13|14,n05|n10|n14|n15,43.61631441340682,43.58499877028018,11,0.000615803328639259,12,11.866299685798651,13.645474946588081,11.153306211857057,11.89761532892527,13.676790589714756,11.184621854983732,1
4,4|9|13|15,n05|n10|n14|n16,44.750900776503904,44.80228146381161,11,0.0006147169654296203,12,10.73171332270158,12.51088858349101,10.018719848759986,10.680332635393825,12.459507896183311,9.967339161452287,1
4,4|9|14|15,n05|n10|n15|n16,50.493251954342654,50.323394033597516,12,0.0006180324829170844,12,4.98936214486281,6.768537405652296,4.276368670921215,5.15922006560794,6.938395326397426,4.446226591666402,1
4,4|10|11|12,n05|n11|n12|n13,50.83034504962188,50.66995346225482,11,0.0006158033286392584,12,4.6522690495835946,6.431444310373024,3.939275575642,4.812660636950625,6.591835897740111,4.099667163009087,1
4,4|10|11|13,n05|n11|n12|n14,50.83700358027885,50.757158931273025,11,0.000615803328639259,12,4.645610518926617,6.424785779716103,3.9326170449850224,4.7254551679324095,6.504630428721896,4.012461693990872,1
4,4|10|11|14,n05|n11|n12|n15,53.58527644158787,53.469472149917436,11,0.000617542962221483,12,1.8973376576175838,3.67651291840707,1.1843441836760462,2.0131419492880127,3.792317210077499,1.3001484753464752,1
4,4|10|11|15,n05|n11|n12|n16,54.52312283490096,54.530662103785346,12,0.0006158033286392587,12,0.9594912643045177,2.7386665250939473,0.2464977903629233,0.9519519954201314,2.731127256209561,0.23895852147853702,1
4,4|10|12|13,n05|n11|n13|n14,47.96523421338628,47.56802167321574,12,0.0006345034751499093,12,7.517379885819196,9.296555146608625,6.804386411877601,7.914592425989724,9.69376768677921,7.20159895204813,1
4,4|10|12|14,n05|n11|n13|n15,49.23500094130291,48.877255490966085,11,0.0006169882871896343,12,6.247613157902549,8.026788418692036,5.534619683961012,6.605358608239385,8.384533869028814,5.8923651342977905,1
4,4|10|12|15,n05|n11|n13|n16,50.06450923751108,49.821186443816316,12,0.0006163958079144467,12,5.41810486169436,7.197280122483846,4.705111387752822,5.661427655389161,7.440602916178591,4.948434181447567,1
4,4|10|13|14,n05|n11|n14|n15,49.02240171958495,49.09057328191926,11,0.0006147169654296203,12,6.460212379620543,8.239387640409973,5.747218905678949,6.392040817286215,8.171216078075645,5.679047343344621,1
4,4|10|13|15,n05|n11|n14|n16,50.41983086040357,50.31277803482963,12,0.0006163958079144467,12,5.062783238801899,6.841958499591328,4.349789764860304,5.169836064375829,6.949011325165316,4.456842590434292,1
4,4|10|14|15,n05|n11|n15|n16,52.063025617959866,51.881264607941844,12,0.0006172656247055586,12,3.419588481245569,5.198763742035055,2.7065950073040312,3.6013494912635906,5.380524752053077,2.888356017322053,1
4,4|11|12|13,n05|n12|n13|n14,49.48508989231185,49.16198895781255,12,0.0006171756874025979,12,5.997524206893615,7.776699467683102,5.284530732952021,6.320625141392895,8.099800402182382,5.607631667451358,1
4,4|11|12|14,n05|n12|n13|n15,50.324699441005514,49.90289330353193,11,0.0006393008512714829,12,5.157914658199957,6.937089918989386,4.444921184258362,5.579720795673552,7.3588960564629815,4.8667273217319575,1
4,4|11|12|15,n05|n12|n13|n16,51.41090243264703,51.09019334509938,12,0.0006275520899553709,12,4.0717116665584285,5.850886927347915,3.358718192616891,4.39242075410607,6.171596014895556,3.679427280164532,1
4,4|11|13|14,n05|n12|n14|n15,50.71385365602971,50.72083586825961,11,0.000615803328639259,12,4.768760443175779,6.547935703965209,4.055766969234185,4.761778230945879,6.5409534917353085,4.0487847570042845,1
4,4|11|13|15,n05|n12|n14|n16,51.850472155439235,51.73749508934287,12,0.0006216919727448096,12,3.6321419437662144,5.411317204555701,2.919148469824677,3.7451190098626057,5.524294270652035,3.0321255359210113,1
4,4|11|14|15,n05|n12|n15|n16,53.45725714793459,53.276929253235764,12,0.0006219073301178017,12,2.025356951270851,3.8045322120603373,1.3123634773293134,2.2056848459696994,3.984860106759129,1.4926913720281618,1
4,4|12|13|14,n05|n13|n14|n15,47.0117370591755,46.710347856646486,12,0.0006242715750381019,12,8.470877040029961,10.250052300819448,7.757883566088367,8.772266242558999,10.551441503348428,8.059272768617404,1
4,4|12|13|15,n05|n13|n14|n16,48.10055138708945,47.78165578366701,12,0.0006256378191629631,12,7.38206271211601,9.161237972905496,6.669069238174416,7.7009583155384576,9.480133576327887,6.987964841596863,1
4,4|12|14|15,n05|n13|n15|n16,49.39168362443907,49.07425249255913,12,0.0006297812442331963,12,6.090930474766424,7.870105735555853,5.377937000824829,6.408361606646338,8.187536867435767,5.695368132704743,1
4,4|13|14|15,n05|n14|n15|n16,49.7954572718603,49.86493802887006,12,0.0006179382002969205,12,5.687156827345177,7.466332088134607,4.974163353403583,5.617676070335392,7.3968513311248785,4.9046825963938545,1
4,5|6|7|8,n06|n07|n08|n09,58.35498227984911,58.47248689335897,11,0.0006155809183723672,12,2.8723681806436474,1.0931929198541894,3.5853616545852134,2.9898727941535057,1.2106975333640477,3.7028662680950717,1
4,5|6|7|9,n06|n07|n08|n10,59.029891459370674,59.242848158718886,11,0.0006103907821845268,12,3.547277360165211,1.7681020993757528,4.260270834106777,3.7602340595134223,1.9810587987239643,4.473227533454988,1
4,5|6|7|10,n06|n07|n08|n11,61.580285050851124,61.962885876720705,11,0.000617542962221483,12,6.097670951645661,4.318495690856203,6.810664425587227,6.480271777515242,4.701096516725784,7.193265251456808,1
4,5|6|7|11,n06|n07|n08|n12,63.21912465631105,63.25610923601915,11,0.0006098154029277415,12,7.736510557105589,5.957335296316131,8.449504031047155,7.773495136813686,5.994319876024228,8.486488610755252,1
4,5|6|7|12,n06|n07|n08|n13,58.01303362537322,58.08201327965734,11,0.0006165302547564936,12,2.530419526167755,0.7512442653782969,3.243413000109321,2.5993991804518757,0.8202239196624177,3.3123926543934417,1
4,5|6|7|13,n06|n07|n08|n14,58.29312498875723,58.636530649326,11,0.0006103907821845268,12,2.8105108895517645,1.0313356287623066,3.5235043634933305,3.1539165501205346,1.3747412893310766,3.8669100240621006,1
4,5|6|7|14,n06|n07|n08|n15,60.21581854269294,60.339635472975246,11,0.0006141572901030418,12,4.73320444348748,2.9540291826980223,5.446197917429046,4.857021373769783,3.0778461129803247,5.570014847711349,1
4,5|6|7|15,n06|n07|n08|n16,61.79664342638678,61.7801272129875,11,0.0006098154029277415,12,6.314029327181316,4.534854066391858,7.027022801122882,6.297513113782038,4.51833785299258,7.010506587723604,1
4,5|6|8|9,n06|n07|n09|n10,49.30989295076834,49.17857154692348,11,0.0006103907821845268,12,6.17272114843712,7.951896409226606,5.459727674495582,6.304042552281999,8.083217813071428,5.591049078340404,1
4,5|6|8|10,n06|n07|n09|n11,54.15169497792268,54.16826448467258,12,0.0006024381133513613,12,1.3309191212827614,3.1100943820722478,0.6179256473412238,1.3143496145328868,3.093524875322373,0.6013561405912924,1
4,5|6|8|11,n06|n07|n09|n12,55.303671464230725,55.2085110467514,12,0.0006089581344307217,12,0.17894263497476004,1.9581178957641896,0.5340508389668273,0.274103052454052,2.0532783132435384,0.4388904214874998,1
4,5|6|8|12,n06|n07|n09|n13,49.92652152939013,49.96998332696295,12,0.0006146992929583605,12,5.556092569815348,7.335267830604778,4.843099095873754,5.512630772242517,7.291806033032003,4.799637298300922,1
4,5|6|8|13,n06|n07|n09|n14,48.11491243288616,48.34869322527775,11,0.0006103907821845268,12,7.367701666319306,9.146876927108792,6.654708192377711,7.133920873927707,8.913096134717193,6.420927399986169,1
4,5|6|8|14,n06|n07|n09|n15,52.39514754579534,52.421661646866944,12,0.0006126237750344832,12,3.087466553410138,4.866641814199568,2.374473079468544,3.0609524523385403,4.84012771312797,2.347958978396946,1
4,5|6|8|15,n06|n07|n09|n16,53.88695845036452,53.862790738903975,12,0.0006142860967606272,12,1.595655648840932,3.3748309096304183,0.8826621748993944,1.6198233603014955,3.398998621090925,0.9068298863599011,1
4,5|6|9|10,n06|n07|n10|n11,54.30900782720064,54.370187677861104,12,0.0006057557517066461,12,1.173606272004804,2.9527815327942903,0.4606127980632664,1.1124264213443666,2.891601682133796,0.39943294740277224,1
4,5|6|9|11,n06|n07|n10|n12,55.95949716394675,55.98471437318909,12,0.0006034470065625346,12,0.47688306474128694,1.3022921960481426,1.189876538682853,0.5021002739836291,1.2770749868058147,1.215093747925195,1
4,5|6|9|12,n06|n07|n10|n13,51.52703081059293,51.59700458049417,12,0.00060867794398591,12,3.9555832886125017,5.734758549401988,3.242589814670964,3.8856095187113056,5.664784779500735,3.172616044769711,1
4,5|6|9|13,n06|n07|n10|n14,48.72676566512859,49.17024264244409,11,0.0006103907821845268,12,6.755848434076881,8.535023694866311,6.042854960135287,6.312371456761355,8.091546717550841,5.599377982819817,1
4,5|6|9|14,n06|n07|n10|n15,53.100758948260406,53.231469174373764,12,0.0006066894082731476,12,2.381855150945057,4.161030411734487,1.6688616770035196,2.251144924831692,4.0303201856211786,1.5381514508901546,1
4,5|6|9|15,n06|n07|n10|n16,54.57799781117705,54.68027897465894,12,0.0006066894082731476,12,0.9046162880284214,2.683791548817851,0.19162281408682702,0.8023351245465165,2.581510385336003,0.0893416506049789,1
4,5|6|10|11,n06|n07|n11|n12,58.142697001667194,57.95215467154967,11,0.0005922606138537881,12,2.660082902461731,0.8809076416722732,3.373076376403297,2.469540572344208,0.6903653115547499,3.182534046285774,1
4,5|6|10|12,n06|n07|n11|n13,54.14160947292213,54.0294836693803,12,0.0006155980849206252,12,1.3410046262833362,3.1201798870728226,0.6280111523417418,1.453130429825137,3.2323056906146235,0.7401369558835995,1
4,5|6|10|13,n06|n07|n11|n14,54.264586666818154,54.366688443443806,12,0.0006034881454767421,12,1.2180274323873164,2.997202693176746,0.505033958445722,1.1159256557616573,2.895100916551087,0.4029321818201197,1
4,5|6|10|14,n06|n07|n11|n15,58.882371032697655,54.070313069615054,11,0.0006049249937125562,12,3.399756933492192,1.620581672702734,4.112750407433758,1.4123010295904237,3.1914762903798533,0.6993075556488293,1
4,5|6|10|15,n06|n07|n11|n16,57.60981424982844,57.56467859290399,12,0.0006028428318235852,12,2.1272001506229756,0.34802488983351765,2.8401936245645416,2.0820644936985246,0.30288923290906666,2.7950579676400906,1
4,5|6|11|12,n06|n07|n12|n13,55.01676810484881,54.86014416250585,12,0.0006103984214575389,12,0.4658459943566413,2.2450212551461277,0.24714747958491046,0.6224699366996447,2.4016451974890742,0.09052353724194973,1
4,5|6|11|13,n06|n07|n12|n14,55.289142941617,55.40294776698216,12,0.0006034881454767421,12,0.19347115758847622,1.9726464183779058,0.519522316353104,0.07966633222332575,1.8588415930127553,0.6333271417182615,1
4,5|6|11|14,n06|n07|n12|n15,57.4794273520788,57.34903364728457,11,0.0006136708395039351,12,1.9968132528733378,0.2176379920838798,2.7098067268149038,1.866419548079108,0.08724428728964995,2.579413022020674,1
4,5|6|11|15,n06|n07|n12|n16,58.1159229324526,57.9769372588345,12,0.0006138617688705665,12,2.633308833247135,0.8541335724576768,3.346302307188701,2.4943231596290403,0.7151478988395823,3.2073166335706063,1
4,5|6|12|13,n06|n07|n13|n14,51.121790305974635,51.282633274948296,12,0.000618102201098041,12,4.36082379323085,6.139999054020279,3.6478303192892554,4.199980824257182,5.979156085046611,3.4869873503155873,1
4,5|6|12|14,n06|n07|n13|n15,52.268424573633276,52.13652552897511,12,0.0006200713178466128,12,3.2141895255721806,4.993364786361667,2.501196051630643,3.346088570230336,5.125263831019822,2.6330950962887982,1
4,5|6|12|15,n06|n07|n13|n16,53.613749986860945,53.51837915101447,12,0.0006185752033049394,12,1.8688641123445109,3.6480393731339973,1.1558706384029733,1.964234948191006,3.7434102089804355,1.2512414742494116,1
4,5|6|13|14,n06|n07|n14|n15,52.54191338769372,52.864153194442714,12,0.0006042644262087949,12,2.940700711511738,4.7198759723012245,2.2277072375702005,2.618460904762742,4.397636165552228,1.9054674308212043,1
4,5|6|13|15,n06|n07|n14|n16,53.821263414511904,54.04770627747605,12,0.0006042644262087949,12,1.6613506846935593,3.4405259454830457,0.9483572107519649,1.434907821729439,3.2140830825188687,0.7219143477878447,1
4,5|6|14|15,n06|n07|n15|n16,55.71122237419763,55.840835715097896,12,0.0006156069008627091,12,0.22860827499216896,1.5505669857972748,0.9416017489337349,0.3582216158924325,1.420953644897054,1.0712150898339985,1
4,5|7|8|9,n06|n08|n09|n10,51.27489096131694,50.67140990320882,11,0.0006103907821845268,12,4.207723137888536,5.986898398677965,3.4947296639469414,4.811204195996652,6.590379456786081,4.098210722055057,1
4,5|7|8|10,n06|n08|n09|n11,55.784085514833684,55.50003267150466,12,0.0006195953822872313,12,0.301471415628221,1.4777038451612157,1.014464889569787,0.017418572299199298,1.7617566884902658,0.7304120462407653,1
4,5|7|8|11,n06|n08|n09|n12,57.218175646153995,56.654173833723185,12,0.0006084114078301648,12,1.7355615469485315,0.043613713840954915,2.4485550208900975,1.1715597345177216,0.6076155262717293,1.8845532084592875,1
4,5|7|8|12,n06|n08|n09|n13,52.09262529667769,51.7665474708465,12,0.000615692025502155,12,3.389988802527796,5.1691640633172256,2.6769953285862016,3.7160666283589876,5.495241889148417,3.003073154417393,1
4,5|7|8|13,n06|n08|n09|n14,50.66213759775841,50.33154053600878,11,0.0006166991823231449,12,4.820476501447047,6.599651762236533,4.107483027505509,5.1510735631966895,6.930248823986119,4.438080089255095,1
4,5|7|8|14,n06|n08|n09|n15,54.59639805946731,54.20883049591714,12,0.0006145055431754292,12,0.8862160397381444,2.665391300527631,0.1732225657966069,1.2737836032883365,3.052958864077766,0.5607901293467421,1
4,5|7|8|15,n06|n08|n09|n16,56.004674456648914,55.55687863125445,12,0.0006152173573100918,12,0.5220603574434506,1.2571149033460074,1.2350538313850166,0.07426453204898564,1.7049107287404581,0.7872580059905516,1
4,5|7|9|10,n06|n08|n10|n11,55.55336740070422,55.278333423453994,12,0.0006066894082731476,12,0.0707533014987547,1.7084219592907175,0.7837467754403207,0.2042806757514768,1.9834559365409064,0.5087127981900963,1
4,5|7|9|11,n06|n08|n10|n12,57.69997385020169,57.162821333322924,12,0.000599705379587265,12,2.2173597509962235,0.43818449020676553,2.9303532249377895,1.6802072341174608,0.0989680266719688,2.3932007080590267,1
4,5|7|9|12,n06|n08|n10|n13,53.35783992700216,52.95799705760696,12,0.00060867794398591,12,2.1247741722032742,3.9039494329927606,1.4117806982617367,2.5246170415985034,4.303792302387933,1.8116235676569659,1
4,5|7|9|13,n06|n08|n10|n14,50.851156021040865,50.70773010500808,11,0.0006103907821845268,12,4.631458078164599,6.410633338954085,3.9184646042230042,4.774883994197353,6.554059254986839,4.061890520255815,1
4,5|7|9|14,n06|n08|n10|n15,55.01309708953767,54.65038085804757,12,0.0006066894082731476,12,0.4695170096678112,2.2486922704572407,0.24347646427377612,0.8322332411578941,2.6114085019473805,0.1192397672162997,1
4,5|7|9|15,n06|n08|n10|n16,56.34457746490034,55.94420835253141,12,0.0006038024053005609,12,0.8619633656948764,0.9172118950945674,1.5749568396364424,0.4615942533259485,1.3175810074635024,1.1745877272675145,1
4,5|7|10|11,n06|n08|n11|n12,60.436150420410094,59.76739607628716,11,0.000590402216313177,12,4.953536321204631,3.1743610604151726,5.666529795146197,4.2847819770817,2.5056067162922417,4.997775451023266,1
4,5|7|10|12,n06|n08|n11|n13,55.595712605957615,55.23503448303121,12,0.0006155980849206252,12,0.11309850675215216,1.6660767540373058,0.8260919806937181,0.24757961617427782,2.0267548769637074,0.4654138577673095,1
4,5|7|10|13,n06|n08|n11|n14,55.9356882777969,55.70896139555858,12,0.000614029966816745,12,0.45307417859143584,1.3261010821980221,1.1660676525330018,0.22634729635311857,1.5528279644363465,0.9393407702946845,1
4,5|7|10|14,n06|n08|n11|n15,58.87199347525925,58.42331474418208,11,0.0006132061373856734,12,3.389379376053789,1.610204115264331,4.102372849995355,2.9407006449766158,1.1615253841871578,3.6536941189181817,1
4,5|7|10|15,n06|n08|n11|n16,58.78262258368543,58.42714616878078,12,0.0006115107701567075,12,3.3000084844799673,1.5208332236905093,4.013001958421533,2.9445320695753168,1.1653568087858588,3.6575255435168827,1
4,5|7|11|12,n06|n08|n12|n13,56.86558565357701,56.290746727041245,12,0.0006084114078301648,12,1.3829715543715437,0.39620370641790714,2.0959650283131097,0.8081326278357821,0.9710426329536972,1.521126101777348,1
4,5|7|11|13,n06|n08|n12|n14,57.31821858893164,56.89855585939087,12,0.0006034881454767421,12,1.8356044897261796,0.05642922893672164,2.5485979636677456,1.4159417601854045,0.36323350060405346,2.1289352341269705,1
4,5|7|11|14,n06|n08|n12|n15,59.51223966710433,58.89618455571214,11,0.0006148537962478165,12,4.029625567898869,2.2504503071094106,4.742619041840435,3.413570456506676,1.634395195717218,4.126563930448242,1
4,5|7|11|15,n06|n08|n12|n16,60.14432560496538,59.55695049365202,12,0.0006138610637040217,12,4.661711505759918,2.88253624497046,5.374704979701484,4.074336394446554,2.2951611336570963,4.78732986838812,1
4,5|7|12|13,n06|n08|n13|n14,53.25857764818601,52.94349753205925,12,0.0006157764892854808,12,2.224036451019458,4.003211711808888,1.5110429770778637,2.539116567146209,4.318291827935695,1.8261230932046715,1
4,5|7|12|14,n06|n08|n13|n15,54.41885191372256,53.923263644889815,12,0.000615362822725169,12,1.063762185482915,2.8429374462723445,0.3507687115413205,1.5593504543156769,3.3385257151051064,0.8463569803740825,1
4,5|7|12|15,n06|n08|n13|n16,55.66323946388865,55.1962995035534,12,0.000615362822725169,12,0.18062536468318768,1.598549896106249,0.8936188386247537,0.2863145956520725,2.065489856441502,0.4266788782895006,1
4,5|7|13|14,n06|n08|n14|n15,55.030321585580424,54.82238000499014,12,0.0006132040782033997,12,0.4522925136250251,2.2314677744145115,0.2607009603165267,0.6602340942152978,2.439409355004784,0.052759379726239786,1
4,5|7|13|15,n06|n08|n14|n16,56.07483734479929,55.796756725574824,12,0.0006092288274764251,12,0.5922232455938286,1.1869520151956294,1.3052167195353945,0.3141426263693603,1.4650326344200835,1.0271361003109263,1
4,5|7|14|15,n06|n08|n15|n16,58.086246125245054,57.6748989887849,12,0.0006133877399986679,12,2.603632026039591,0.8244567652501331,3.316625499981157,2.1922848895794402,0.41310962878998225,2.905278363521006,1
4,5|8|9|10,n06|n09|n10|n11,43.79865472707752,47.71387595133384,11,0.0006020862457686528,12,11.683959372127958,13.463134632917388,10.970965898186364,7.768738147871602,9.547913408661088,7.055744673930064,1
4,5|8|9|11,n06|n09|n10|n12,49.500880635804435,49.224907712657696,11,0.0006019690194125131,12,5.981733463401042,7.760908724190472,5.268739989459448,6.2577063865477385,8.036881647337225,5.544712912606201,1
4,5|8|9|12,n06|n09|n10|n13,47.473381989578606,47.50623970432933,12,0.0006133922058043419,12,8.00923210962685,9.788407370416337,7.296238635685313,7.976374394876132,9.755549655665618,7.263380920934537,1
4,5|8|9|13,n06|n09|n10|n14,44.04247373972534,44.370857932650196,11,0.0006103907821845269,12,11.440140359480097,13.219315620269583,10.72714688553856,11.111756166555267,12.890931427344754,10.398762692613673,1
4,5|8|9|14,n06|n09|n10|n15,48.39871256981354,46.66838238691295,11,0.0006141572901030419,12,7.083901529391937,8.863076790181367,6.370908055450343,8.814231712292496,10.593406973081983,8.101238238350959,1
4,5|8|9|15,n06|n09|n10|n16,47.86854387394065,47.634748391789486,11,0.0006148537962478165,12,7.614070225264811,9.393245486054298,6.901076751323217,7.847865707415963,9.62704096820545,7.134872233474425,1
4,5|8|10|11,n06|n09|n11|n12,53.72213653126032,53.695709950541634,11,0.0006148537962478165,12,1.760477567945145,3.5396528287345745,1.0474840940036074,1.7869041486638366,3.566079409453266,1.0739106747222422,1
4,5|8|10|12,n06|n09|n11|n13,48.88181074730547,48.77250170995318,12,0.00061802717269439,12,6.60080335189997,8.379978612689456,5.887809877958432,6.710112389252288,8.489287650041717,5.997118915310693,1
4,5|8|10|13,n06|n09|n11|n14,47.247823316026576,47.081079794026444,11,0.0006202510167495209,12,8.23479078317888,10.013966043968367,7.521797309237343,8.401534305179041,10.18070956596847,7.688540831237447,1
4,5|8|10|14,n06|n09|n11|n15,52.18160575782665,51.840561191616715,11,0.000615803328639259,12,3.301008341378804,5.08018360216829,2.5880148674372663,3.642052907588777,5.421228168378207,2.9290594336471827,1
4,5|8|10|15,n06|n09|n11|n16,52.651822325264924,52.56767633353188,12,0.0006153285624435378,12,2.8307917739405184,4.609967034730005,2.117798299998981,2.914937765673585,4.694113026463015,2.2019442917320475,1
4,5|8|11|12,n06|n09|n12|n13,50.47998822015905,50.392560177227175,12,0.0006074772884644402,12,5.002625879046434,6.7818011398358635,4.28963240510484,5.090053921978267,6.869229182767754,4.37706044803673,1
4,5|8|11|13,n06|n09|n12|n14,48.89660169672559,48.806098707365706,11,0.0006148537962478165,12,6.5860124024798665,8.365187663269353,5.873018928538329,6.676515391839757,8.455690652629187,5.96352191789822,1
4,5|8|11|14,n06|n09|n12|n15,53.11689081354855,52.92419799873975,11,0.0006148537962478165,12,2.365723285656941,4.14489854644637,1.6527298117153464,2.5584161004657062,4.337591361255193,1.8454226265241687,1
4,5|8|11|15,n06|n09|n12|n16,54.17121135775137,53.94394982091251,12,0.0006141759481756933,12,1.311402741454117,3.0905780022435465,0.5984092675125225,1.5386642782929698,3.3178395390823994,0.8256708043513754,1
4,5|8|12|13,n06|n09|n13|n14,46.96150138616284,46.881823760691695,12,0.0006180324829170844,12,8.521112713042612,10.300287973832098,7.8081192391010745,8.600790338513775,10.379965599303205,7.887796864572181,1
4,5|8|12|14,n06|n09|n13|n15,47.50385889125077,47.528066637482,12,0.0006153285624435378,12,7.978755207954691,9.75793046874412,7.265761734013154,7.95454746172345,9.733722722512937,7.241553987781913,1
4,5|8|12|15,n06|n09|n13|n16,49.03007377073034,48.98935302448035,12,0.0006153285624435378,12,6.452540328475152,8.231715589264581,5.7395468545335575,6.493261074725126,8.272436335514556,5.780267600783532,1
4,5|8|13|14,n06|n09|n14|n15,46.024631390633424,46.08176857851951,11,0.0006148537962478165,12,9.457982708572047,11.237157969361476,8.744989234630452,9.400845520685948,11.180020781475434,8.68785204674441,1
4,5|8|13|15,n06|n09|n14|n16,47.33444745274024,47.29105863966088,11,0.0006202616371949098,12,8.1481666464652,9.927341907254686,7.435173172523662,8.191555459544588,9.970730720334018,7.478561985602994,1
4,5|8|14|15,n06|n09|n15|n16,51.8816236233143,51.81208768872051,12,0.0006153285624435378,12,3.6009904758911944,5.380165736680624,2.8879970019496,3.6705264104849675,5.449701671274397,2.957532936543373,1
4,5|9|10|11,n06|n10|n11|n12,52.0562945906463,55.54517575668617,11,0.0006065865097007359,12,3.4263195085591747,5.205494769348604,2.7133260346175803,0.06256165748070686,1.7166136033087582,0.7755551314222728,1
4,5|9|10|12,n06|n10|n11|n13,48.97191688181976,48.69373784115386,12,0.0006109094510175549,12,6.510697217385712,8.289872478175141,5.797703743444117,6.788876258051573,8.56805151884106,6.075882784110036,1
4,5|9|10|13,n06|n10|n11|n14,47.26228929334453,47.35003666199911,11,0.0006105517083666402,12,8.220324805860912,9.999500066650398,7.507331331919374,8.13257743720635,9.91175269799578,7.419583963264813,1
4,5|9|10|14,n06|n10|n11|n15,51.77761193104201,51.85111385102618,11,0.0006020862457686528,12,3.705002168163446,5.484177428952933,2.9920086942219086,3.631500248179293,5.410675508968723,2.9185067742376987,1
4,5|9|10|15,n06|n10|n11|n16,52.3285323243022,52.223605041852856,12,0.0006043363777346943,12,3.1540817749032612,4.933257035692691,2.4410883009617237,3.259009057352614,5.038184318142044,2.5460155834110196,1
4,5|9|11|12,n06|n10|n12|n13,51.71908131517429,51.638617271955866,12,0.000602027632590583,12,3.763532784031156,5.5427080448206425,3.0505393100896185,3.8439968272496117,5.623172088039041,3.1310033533080173,1
4,5|9|11|13,n06|n10|n12|n14,48.899552011406726,49.0797404533144,11,0.0006019690194125131,12,6.583062087798737,8.362237348588224,5.870068613857143,6.402873645891077,8.182048906680507,5.689880171949483,1
4,5|9|11|14,n06|n10|n12|n15,53.545221005354605,53.472181864637825,11,0.0006065865097007359,12,1.937393093850858,3.7165683546403443,1.2243996199092635,2.010432234567645,3.7896074953570746,1.2974387606260507,1
4,5|9|11|15,n06|n10|n12|n16,54.64940595722178,54.48752010221771,12,0.0006066894082731476,12,0.8332081419836754,2.612383402773162,0.12021466804213787,0.9950939969877481,2.7742692577772345,0.2821005230462106,1
4,5|9|12|13,n06|n10|n13|n14,44.04026252012908,44.37232232441368,11,0.0006103907821845269,12,11.442351579076387,13.221526839865817,10.729358105134793,11.11029177479179,12.88946703558122,10.397298300850196,1
4,5|9|12|14,n06|n10|n13|n15,48.90081872129716,48.82308100001957,12,0.0006105611979451676,12,6.581795377908293,8.36097063869778,5.868801903966755,6.659533099185865,8.438708359975351,5.946539625244327,1
4,5|9|12|15,n06|n10|n13|n16,50.195943625372,50.16512316258071,12,0.0006109094510175549,12,5.286670473833453,7.06584573462294,4.573676999891916,5.317490936624722,7.0966661974142085,4.6044974626831845,1
4,5|9|13|14,n06|n10|n14|n15,45.895780782763985,46.18907338823922,11,0.0006027150716391948,12,9.58683331644147,11.366008577230957,8.873839842499933,9.293540710966226,11.072715971755713,8.580547237024689,1
4,5|9|13|15,n06|n10|n14|n16,47.20413650500749,47.50049206500301,11,0.0005947142569258566,12,8.278477594197966,10.057652854987452,7.5654841202564285,7.982122034202462,9.761297294991891,7.269128560260867,1
4,5|9|14|15,n06|n10|n15|n16,52.17623843495583,52.226422021498294,12,0.0006067329113981891,12,3.3063756642496287,5.085550925039115,2.593382190308091,3.256192077707169,5.035367338496599,2.5431986037656316,1
4,5|10|11|12,n06|n11|n12|n13,53.52739194879613,53.405240151520566,11,0.0006153243206387289,12,1.9552221504093268,3.734397411198813,1.2422286764677892,2.0773739476849187,3.8565492084743482,1.3643804737433243,1
4,5|10|11|13,n06|n11|n12|n14,53.49467156263361,53.473132222753485,11,0.0006148537962478165,12,1.9879425365718362,3.7671177973613226,1.2749490626302986,2.0094818764519573,3.7886571372414437,1.2964884025104197,1
4,5|10|11|14,n06|n11|n12|n15,56.412034043043874,56.26564517258342,11,0.0006158033286392584,12,0.9294199438384112,0.8497553169510184,1.6424134177799772,0.7830310733779555,0.9961441874115167,1.4960245473195215,1
4,5|10|11|15,n06|n11|n12|n16,57.12449731313105,57.0741108354828,12,0.000612334599587779,12,1.6418832139255883,0.13729204686387675,2.3548766878671543,1.5914967362773353,0.18767852451213685,2.3044902102189013,1
4,5|10|12|13,n06|n11|n13|n14,50.07320989692016,49.949145265268484,12,0.00061802717269439,12,5.409404202285316,7.1885794630747455,4.6964107283437215,5.533468833936979,7.3126440947264655,4.820475359995385,1
4,5|10|12|14,n06|n11|n13|n15,51.91033021308243,51.63140488878717,11,0.000615803328639259,12,3.5722838861230457,5.351459146912475,2.8592904121814513,3.85120921041829,5.630384471207776,3.1382157364766954,1
4,5|10|12|15,n06|n11|n13|n16,52.48388753176113,52.306166866789965,12,0.000615563824638994,12,2.9987265674443506,4.77790182823378,2.285733093502756,3.176447232415512,4.955622493204942,2.463453758473918,1
4,5|10|13|14,n06|n11|n14|n15,51.926795884615096,51.964705717302586,11,0.0006033724322484507,12,3.5558182145903743,5.334993475379804,2.84282474064878,3.5179083819028847,5.297083642692314,2.8049149079612903,1
4,5|10|13|15,n06|n11|n14|n16,52.82692066502621,52.78676411805251,12,0.0006092288274764251,12,2.655693434179284,4.4348686949687135,1.9426999602376895,2.6958499811529464,4.475025241942433,1.9828565072114088,1
4,5|10|14|15,n06|n11|n15|n16,54.59235944405324,54.43041792027031,12,0.0006153285624435378,12,0.890254655152205,2.6694299159416914,0.17726118121066747,1.0521961789351622,2.8313714397245917,0.33920270499356775,1
4,5|11|12|13,n06|n12|n13|n14,51.64607736910436,51.55231501664103,12,0.0006093225837363054,12,3.836536730101102,5.6157119908905315,3.1235432561595644,3.9302990825644315,5.709474343353918,3.217305608622837,1
4,5|11|12|14,n06|n12|n13|n15,52.942352302060236,52.61241965235447,11,0.000615803328639259,12,2.540261797145206,4.319437057934692,1.8272683232036684,2.8701944468509737,4.64936970764046,2.157200972909436,1
4,5|11|12|15,n06|n12|n13|n16,53.84289782342704,53.58397555629166,12,0.0006141759481756933,12,1.6397162757784258,3.4188915365679122,0.9267228018368314,1.8986385429137727,3.677813803703259,1.185645068972235,1
4,5|11|13|14,n06|n12|n14|n15,53.42396803018124,53.47517136683957,11,0.0006036038587050336,12,2.0586460690242347,3.8378213298136643,1.3456525950826403,2.0074427323659165,3.786617993155346,1.2944492584243221,1
4,5|11|13|15,n06|n12|n14|n16,54.25566898575251,54.19453862364556,12,0.0006091707619616585,12,1.2269451134529845,3.006120374242414,0.5139516395113901,1.2880754755598787,3.067250736349365,0.5750820016183411,1
4,5|11|14|15,n06|n12|n15|n16,55.97212017997914,55.75481210686289,12,0.000612334599587779,12,0.48950608077367974,1.2896691800157782,1.2024995547152457,0.27219800765742974,1.5069772531320496,0.9851914815989957,1
4,5|12|13|14,n06|n13|n14|n15,49.095507101769776,49.061125482687714,12,0.0006153285624435378,12,6.387106997435694,8.166282258225124,5.6741135234941,6.421488616517763,8.200663877307193,5.708495142576169,1
4,5|12|13|15,n06|n13|n14|n16,50.18300889153475,50.1454862889874,12,0.0006180324829170844,12,5.299605207670709,7.078780468460195,4.586611733729171,5.337127810218078,7.116303071007508,4.624134336276484,1
4,5|12|14|15,n06|n13|n15|n16,51.73709610679811,51.52975168462034,12,0.0006158375889208902,12,3.745517992407372,5.524693253196801,3.0325245184657774,3.9528624145851268,5.732037675374613,3.2398689406435324,1
4,5|13|14|15,n06|n14|n15|n16,52.146970685931535,52.30914622814295,12,0.0006141120282443374,12,3.3356434132739423,5.114818674063372,2.622649939332348,3.173467871062485,4.952643131851971,2.4604743971209473,1
4,6|7|8|9,n07|n08|n09|n10,57.53191354153917,56.83058077903051,10,0.0006213990717595362,12,2.049299442333705,0.2701241815442472,2.762292916275271,1.3479666798250491,0.4312085809643804,2.060960153766615,1
4,6|7|8|10,n07|n08|n09|n11,61.41639179910616,61.22191076231161,11,0.0006324751163874115,12,5.933777699900695,4.154602439111237,6.646771173842261,5.7392966631061455,3.9601214023166875,6.4522901370477115,1
4,6|7|8|11,n07|n08|n09|n12,63.00948832565911,62.575236051104916,11,0.0006102337398817139,12,7.52687422645365,5.747698965664192,8.239867700395216,7.092621951899453,5.313446691109995,7.805615425841019,1
4,6|7|8|12,n07|n08|n09|n13,57.57278580750286,57.17224110320747,11,0.0006128683311602275,12,2.0901717082973974,0.3109964475079394,2.8031651822389634,1.6896270040020056,0.08954825678745237,2.4026204779435716,1
4,6|7|8|13,n07|n08|n09|n14,56.3553051006552,56.0003824504439,10,0.0006110113572725894,12,0.8726910014497378,0.9064842593397202,1.5856844753913037,0.5177683512384377,1.261406909550999,1.2307618251800037,1
4,6|7|8|14,n07|n08|n09|n15,60.19788169990594,59.78330837415784,11,0.0006141572901030418,12,4.715267600700479,2.9360923399110206,5.4282610746420445,4.300694274952377,2.5215190141629193,5.013687748893943,1
4,6|7|8|15,n07|n08|n09|n16,61.71673859047912,61.184469008641116,11,0.0006102337398817139,12,6.234124491273654,4.454949230484196,6.94711796521522,5.701854909435653,3.922679648646195,6.414848383377219,1
4,6|7|9|10,n07|n08|n10|n11,62.356037484460074,62.157108104990485,11,0.0006187237054918876,12,6.873423385254611,5.094248124465153,7.586416859196177,6.6744940057850215,4.8953187449955635,7.3874874797265875,1
4,6|7|9|11,n07|n08|n10|n12,64.58356077067144,64.09186595282037,11,0.0006074523721789413,12,9.100946671465977,7.321771410676519,9.813940145407543,8.609251853614907,6.830076592825449,9.322245327556473,1
4,6|7|9|12,n07|n08|n10|n13,59.85604925014442,59.33059701953154,11,0.0006103907821845273,12,4.37343515093896,2.5942598901495018,5.086428624880526,3.847982920326075,2.068807659536617,4.560976394267641,1
4,6|7|9|13,n07|n08|n10|n14,57.19277665735891,56.85507472458838,10,0.0006103122610331204,12,1.7101625581534492,0.0690127026360301,2.423156032095015,1.3724606253829137,0.4067146354065585,2.0854540993244797,1
4,6|7|9|14,n07|n08|n10|n15,61.83344018509373,61.353919730084264,11,0.0006141572901030418,12,6.350826085888265,4.571650825098807,7.063819559829831,5.871305630878801,4.092130370089343,6.584299104820367,1
4,6|7|9|15,n07|n08|n10|n16,63.2780675926783,62.693730064257686,11,0.0006102337398817139,12,7.795453493472834,6.016278232683376,8.5084469674144,7.2111159650522225,5.4319407042627645,7.9241094389937885,1
4,6|7|10|11,n07|n08|n11|n12,67.27653396684649,66.73687445011558,10,0.0006075223131832407,12,11.793919867641023,10.014744606851565,12.506913341582589,11.254260350910116,9.475085090120658,11.967253824851682,1
4,6|7|10|12,n07|n08|n11|n13,61.774096790179726,61.444228605487815,11,0.0006303988844774543,12,6.291482690974263,4.512307430184805,7.004476164915829,5.961614506282352,4.182439245492894,6.674607980223918,1
4,6|7|10|13,n07|n08|n11|n14,61.93855050751197,61.78774776078792,11,0.0006103837642914934,12,6.455936408306506,4.676761147517048,7.168929882248072,6.30513366158246,4.525958400793002,7.018127135524026,1
4,6|7|10|14,n07|n08|n11|n15,68.70216523817503,68.01884514803677,9,0.0006175429622214837,12,13.219551138969564,11.440375878180106,13.93254461291113,12.536231048831311,10.757055788041853,13.249224522772877,1
4,6|7|10|15,n07|n08|n11|n16,66.59153588955199,66.08291108537875,10,0.0006138883510515985,12,11.108921790346528,9.32974652955707,11.821915264288094,10.60029698617329,8.821121725383833,11.313290460114857,1
4,6|7|11|12,n07|n08|n12|n13,63.24937370997668,62.71782525023165,11,0.0006213642698735413,12,7.766759610771217,5.987584349981759,8.479753084712783,7.235211151026185,5.456035890236727,7.948204624967751,1
4,6|7|11|13,n07|n08|n12|n14,63.77096999034595,63.38672806497315,11,0.0006102337398817139,12,8.288355891140483,6.509180630351025,9.00134936508205,7.904113965767685,6.124938704978227,8.617107439709251,1
4,6|7|11|14,n07|n08|n12|n15,66.7121296112172,66.17716477855147,10,0.000619434705821066,12,11.22951551201173,9.450340251222272,11.942508985953296,10.694550679346008,8.91537541855655,11.407544153287574,1
4,6|7|11|15,n07|n08|n12|n16,66.67036775507498,66.1980607511781,11,0.000617542962221483,12,11.187753655869514,9.408578395080056,11.90074712981108,10.715446651972641,8.936271391183183,11.428440125914207,1
4,6|7|12|13,n07|n08|n13|n14,59.4413211302028,59.01556996106639,11,0.0006116319323606514,12,3.9587070309973384,2.1795317702078805,4.671700504938904,3.532955861860927,1.753780601071469,4.245949335802493,1
4,6|7|12|14,n07|n08|n13|n15,60.56723298061344,59.998348480950405,11,0.0006224247239688832,12,5.084618881407977,3.3054436206185187,5.797612355349543,4.515734381744942,2.7365591209554836,5.2287278556865076,1
4,6|7|12|15,n07|n08|n13|n16,61.96991281788858,61.33345303130304,11,0.0006213642698735413,12,6.487298718683114,4.708123457893656,7.20029219262468,5.850838932097574,4.071663671308116,6.56383240603914,1
4,6|7|13|14,n07|n08|n14|n15,61.209920992722665,60.87974504311286,11,0.0006103837642914934,12,5.727306893517202,3.948131632727744,6.440300367458768,5.397130943907399,3.617955683117941,6.110124417848965,1
4,6|7|13|15,n07|n08|n14|n16,62.34572620174494,61.91040413379498,11,0.0006102337398817139,12,6.863112102539475,5.083936841750017,7.576105576481041,6.427790034589513,4.648614773800055,7.140783508531079,1
4,6|7|14|15,n07|n08|n15|n16,66.31539445875916,65.73269009577733,10,0.000619434705821066,12,10.832780359553695,9.053605098764237,11.54577383349526,10.250075996571866,8.470900735782408,10.963069470513432,1
4,6|8|9|10,n07|n09|n10|n11,48.15348734358223,51.1878581230135,11,0.0006102337398817142,12,7.329126755623236,9.108302016412722,6.616133281681641,4.2947559761919365,6.073931236981423,3.581762502250399,1
4,6|8|9|11,n07|n09|n10|n12,52.24384507902245,51.6604034027588,11,0.0006186524231753697,12,3.2387690201829855,5.017944280972472,2.525775546241448,3.822210696446632,5.601385957236118,3.1092172225050945,1
4,6|8|9|12,n07|n09|n10|n13,50.16520845715255,49.842616706761284,12,0.0006380283796391181,12,5.317405642052904,7.0965809028423905,4.6044121681113666,5.639997392444172,7.419172653233659,4.927003918502635,1
4,6|8|9|13,n07|n09|n10|n14,47.25446687753212,46.991568476377104,11,0.0006145050671579225,12,8.22814722167334,10.007322482462826,7.515153747731802,8.49104562282838,10.27022088361781,7.778052148886786,1
4,6|8|9|14,n07|n09|n10|n15,51.19780627855335,49.25401943353377,11,0.0006242707864907042,12,4.284807820652134,6.063983081441563,3.571814346710539,6.2285946656717215,8.007769926461151,5.515601191730127,1
4,6|8|9|15,n07|n09|n10|n16,50.817067547386394,50.21802739425674,11,0.0006212785574073573,12,4.665546551819091,6.44472181260852,3.9525530778774964,5.2645867049487265,7.043761965738213,4.551593231007132,1
4,6|8|10|11,n07|n09|n11|n12,55.838433228593274,55.57345864472378,11,0.0006049224919953992,12,0.355819129387811,1.423356131401647,1.068812603329377,0.09084454551831556,1.6883307152711495,0.8038380194598815,1
4,6|8|10|12,n07|n09|n11|n13,51.74636408230245,51.411320396168335,12,0.0006228179709373338,12,3.736250016903,5.515425277692486,3.0232565429614624,4.0712937030370995,5.850468963826586,3.358300229095562,1
4,6|8|10|13,n07|n09|n11|n14,50.04644578042669,49.68759016854863,11,0.0006249644074558242,12,5.436168318778755,7.215343579568241,4.723174844837217,5.795023930656839,7.574199191446269,5.082030456715245,1
4,6|8|10|14,n07|n09|n11|n15,56.52669340005747,51.71892574261947,11,0.0006213397483854816,12,1.0440793008520046,0.7350959599374391,1.7570727747935706,3.7636883565859875,5.542863617375474,3.05069488264445,1
4,6|8|10|15,n07|n09|n11|n16,55.63621833221225,55.41947225686617,12,0.0006144362292720526,12,0.1536042330067886,1.6255710277826552,0.8665977069483546,0.06314184233929154,1.842317103128721,0.6498516316022744,1
4,6|8|11|12,n07|n09|n12|n13,52.67703390887061,52.449420000199446,12,0.0006164605166057326,12,2.805580190334865,4.584755451124295,2.0925867163932708,3.033194099006039,4.812369359795468,2.3202006250644445,1
4,6|8|11|13,n07|n09|n12|n14,51.09738803827504,50.89900539723161,11,0.0006155285724509442,12,4.385226060930449,6.164401321719879,3.672232586988855,4.583608701973844,6.362783962763331,3.8706152280323067,1
4,6|8|11|14,n07|n09|n12|n15,55.38328008975933,55.12145656395141,11,0.0006133535436377989,12,0.09933400944612458,1.878509270235611,0.6136594644954343,0.36115753525405125,2.140332796043481,0.3518359386875147,1
4,6|8|11|15,n07|n09|n12|n16,56.18256300304789,55.911504192995395,12,0.0006142246247662971,12,0.6999489038424258,1.0792263569470606,1.4129423777839918,0.42889009378993137,1.3502851669995266,1.1418835677314974,1
4,6|8|12|13,n07|n09|n13|n14,49.4505099027925,49.196973153159654,12,0.0006324805109538003,12,6.032104196412945,7.811279457202431,5.319110722471407,6.285640946045817,8.064816206835246,5.572647472104222,1
4,6|8|12|14,n07|n09|n13|n15,49.828683700800084,49.666142240485364,12,0.000620242171181918,12,5.65393039840535,7.433105659194837,4.940936924463813,5.816471858720092,7.595647119509579,5.103478384778555,1
4,6|8|12|15,n07|n09|n13|n16,51.337577791103264,51.12688779638948,12,0.0006170734442837924,12,4.145036308102192,5.924211568891678,3.4320428341606544,4.355726302815981,6.134901563605467,3.6427328288743865,1
4,6|8|13|14,n07|n09|n14|n15,48.351548567944654,48.222840921899994,11,0.0006242707864907042,12,7.131065531260788,8.910240792050274,6.41807205731925,7.259773177305476,9.038948438094906,6.546779703363882,1
4,6|8|13|15,n07|n09|n14|n16,49.670978921425615,49.489990772530696,11,0.0006212785574073573,12,5.811635177779863,7.590810438569292,5.098641703838268,5.992623326674789,7.771798587464218,5.279629852733194,1
4,6|8|14|15,n07|n09|n15|n16,53.897850997022765,53.83781264102731,12,0.0006213544281345627,12,1.5847631021827056,3.363938362972135,0.8717696282411111,1.644801458178165,3.4239767189675945,0.9318079842365705,1
4,6|9|10|11,n07|n10|n11|n12,56.42735739961933,58.99242190765522,11,0.0006065865097007359,12,0.9447433004138688,0.8344319603755821,1.6577367743554348,3.5098078084497573,1.7306325476602993,4.222801282391323,1
4,6|9|10|12,n07|n10|n11|n13,52.6242816073518,52.130960208977456,12,0.0006198132382180368,12,2.858332491853673,4.637507752643103,2.145339017912079,3.3516538902280217,5.130829151017451,2.6386604162864273,1
4,6|9|10|13,n07|n10|n11|n14,50.672557789169964,50.51587074050844,11,0.0006074523721789413,12,4.81005631003552,6.58923157082495,4.097062836093926,4.966743358697045,6.745918619486474,4.25374988475545,1
4,6|9|10|14,n07|n10|n11|n15,57.174467616685064,52.61258249472439,11,0.0006065865097007352,12,1.6918535174796006,0.08732174330987164,2.4048469914211665,2.8700316044810847,4.649206865270514,2.1570381305394903,1
4,6|9|10|15,n07|n10|n11|n16,56.375969647401924,56.21952461934429,12,0.0006088430560303276,12,0.8933555481964603,0.8858197125929905,1.6063490221380263,0.736910520138828,1.0422647406506371,1.449903994080394,1
4,6|9|11|12,n07|n10|n12|n13,54.77259165640983,54.43066560944289,12,0.0006144430815285418,12,0.7100224427956618,2.4891977035850914,0.0029710311459325567,1.0519484897625944,2.831123750552024,0.33895501582099996,1
4,6|9|11|13,n07|n10|n12|n14,51.74931530347015,51.64829795296108,11,0.0006074523721789413,12,3.7332987957353225,5.512474056524752,3.020305321793728,3.834316146244362,5.613491407033848,3.1213226723028242,1
4,6|9|11|14,n07|n10|n12|n15,56.9952109434514,56.708413246860445,11,0.0006128241547061082,12,1.5125968442459339,0.2665784165435525,2.2255903181875,1.2257991476549819,0.5533761131345045,1.9387926215965479,1
4,6|9|11|15,n07|n10|n12|n16,57.77866817010116,57.44029401154271,12,0.0006153603895255834,12,2.2960540708957,0.5168788101062418,3.0090475448372658,1.9576799123372481,0.17850465154779016,2.670673386278814,1
4,6|9|12|13,n07|n10|n13|n14,50.442495526657304,50.40787272558255,12,0.0006103907821845269,12,5.040118572548181,6.8192938333376105,4.327125098606587,5.074741373622942,6.853916634412371,4.3617478996813475,1
4,6|9|12|14,n07|n10|n13|n15,52.13968549713554,51.75842666310563,12,0.0006200324425461283,12,3.3429286020699465,5.122103862859376,2.629935128128352,3.7241874360998395,5.503362696889269,3.011193962158245,1
4,6|9|12|15,n07|n10|n13|n16,53.42634391885152,53.10050379726734,12,0.0006183876789369977,12,2.05627018035392,3.8354454411434062,1.3432767064123823,2.3821103019380985,4.161285562727585,1.669116827996561,1
4,6|9|13|14,n07|n10|n14|n15,49.028268578101724,48.98820012188466,11,0.0006141572901030419,12,6.454345521103733,8.233520781893219,5.741352047162195,6.494413977320789,8.273589238110276,5.781420503379252,1
4,6|9|13|15,n07|n10|n14|n16,50.30231584610928,50.24578464827166,11,0.0006074523721789413,12,5.1802982530961685,6.959473513885655,4.467304779154631,5.236829450933783,7.016004711723269,4.523835976992245,1
4,6|9|14|15,n07|n10|n15|n16,55.348937493199664,55.28016816688231,12,0.0006153603895255834,12,0.13367660600579256,1.912851866795279,0.5793168679357663,0.202445932323144,1.9816211931126304,0.5105475416184149,1
4,6|10|11|12,n07|n11|n12|n13,56.253758232733816,55.830268605449106,11,0.0006102337398817139,12,0.7711441335283524,1.0080311272611198,1.4841376074699184,0.3476545062436429,1.4315207545458293,1.060647980185209,1
4,6|10|11|13,n07|n11|n12|n14,55.9606093804853,55.70406571415237,11,0.0006049224919953992,12,0.4779952812798385,1.3011799795096408,1.1909887552214045,0.22145161494690768,1.5577236458425432,0.9344450888884737,1
4,6|10|11|14,n07|n11|n12|n15,59.40690521487702,58.93511645395131,11,0.000617542962221483,12,3.924291115671558,2.1451158548821,4.637284589613124,3.452502354745846,1.673327093956388,4.165495828687412,1
4,6|10|11|15,n07|n11|n12|n16,59.439508061599426,59.15689734142194,12,0.0006048666892400834,12,3.9568939623939627,2.1777187016045048,4.669887436335529,3.6742832422164753,1.8951079814270173,4.387276716158041,1
4,6|10|12|13,n07|n11|n13|n14,53.2717700305224,53.01025856580601,12,0.0006177047783145308,12,2.210844068683059,3.9900193294725455,1.4978505947415215,2.4723555333994227,4.251530794188909,1.7593620594578852,1
4,6|10|12|14,n07|n11|n13|n15,56.77311405153894,51.9883364487431,11,0.0006102337398817139,12,1.2904999523334766,0.4886753084559814,2.0034934262750426,3.4942776504623794,5.273452911251809,2.781284176520785,1
4,6|10|12|15,n07|n11|n13|n16,55.99844631693203,55.652463567184235,12,0.0006149045558348594,12,0.5158322177265688,1.2633430430628891,1.2288256916681348,0.16984946797877143,1.6093257928106937,0.8828429419203374,1
4,6|10|13|14,n07|n11|n14|n15,56.7025993954026,52.1550734177564,11,0.0006049224919953992,12,1.2199852961971374,0.5591899645922922,1.9329787701387033,3.3275406814490793,5.106715942238509,2.614547207507485,1
4,6|10|13|15,n07|n11|n14|n16,56.11943211749158,55.96491678393037,12,0.0006075781159385566,12,0.6368180182861138,1.1423572425033512,1.3498114922276798,0.4823026847249068,1.2968725760645725,1.1952961586664728,1
4,6|10|14|15,n07|n11|n15|n16,59.962455483514205,59.49364317009771,11,0.000617542962221483,12,4.479841384308742,2.7006661235192837,5.192834858250308,4.011029070892249,2.231853810102791,4.724022544833815,1
4,6|11|12|13,n07|n12|n13|n14,54.373175250673775,54.13135060238804,12,0.0006189722541077398,12,1.1094388485316813,2.8886141093211677,0.39644537459014373,1.3512634968174098,3.130438757606896,0.6382700228758722,1
4,6|11|12|14,n07|n12|n13|n15,55.81719825890443,55.3618872270424,11,0.0006224247239688832,12,0.33458415969897004,1.4445911010905093,1.047577633640536,0.12072687216306122,1.8999021329525476,0.5922666017785048,1
4,6|11|12|15,n07|n12|n13|n16,56.46076106543412,56.07351408473214,12,0.0006218901028190384,12,0.9781469662286568,0.8010282945608083,1.6911404401702228,0.5908999855266757,1.188275275262754,1.3038934594682416,1
4,6|11|13|14,n07|n12|n14|n15,56.144949931369474,56.070557617173904,11,0.0006103837642914934,12,0.6623358321640112,1.1168394286254397,1.3753293061055771,0.5879435179684407,1.191231742821003,1.3009369919100067,1
4,6|11|13|15,n07|n12|n14|n16,56.75752971013666,56.60897395850244,12,0.0006103087520866037,12,1.2749156109311954,0.5042596498582839,1.9879090848727614,1.1263598592969757,0.6528154014924894,1.8393533332385417,1
4,6|11|14|15,n07|n12|n15|n16,58.59821422073619,58.277186418139195,12,0.000619434705821066,12,3.1156001215307256,1.3364248607412677,3.8285935954722916,2.7945723189337315,1.0153970581442735,3.5075657928752975,1
4,6|12|13|14,n07|n13|n14|n15,51.87335467111482,51.72914909823105,12,0.000624723301619026,12,3.6092594280906383,5.388434688880125,2.8962659541491007,3.7534650009744155,5.532640261763845,3.040471527032878,1
4,6|12|13|15,n07|n13|n14|n16,53.030001893913095,52.82789324979182,12,0.0006232271870773526,12,2.4526122052923824,4.231787466081812,1.739618731350788,2.65472084941365,4.433896110203079,1.9417273754720554,1
4,6|12|14|15,n07|n13|n15|n16,54.30917051593403,54.062420526125365,12,0.0006335318825541823,12,1.1734435832714212,2.9526188440609076,0.4604501093298836,1.4201935730800983,3.1993688338695847,0.7072000991385039,1
4,6|13|14|15,n07|n14|n15|n16,54.596005601323945,54.72595634396425,12,0.0006197658723333195,12,0.8866084978815252,2.6657837586709547,0.17361502393993078,0.7566577552412355,2.535833016030665,0.04366428129964106,1
4,7|8|9|10,n08|n09|n10|n11,49.454333730389095,52.332064467774906,11,0.0006479806210444582,12,6.028280368816354,7.80745562960584,5.315286894874816,3.1505496314305788,4.929724892220008,2.4375561574889844,1
4,7|8|9|11,n08|n09|n10|n12,53.80668989738611,52.935809195124946,11,0.0006131305729255585,12,1.6759242018193845,3.455099462608814,0.9629307278777901,2.5468049040805454,4.325980164869975,1.833811430138951,1
4,7|8|9|12,n08|n09|n10|n13,51.74211813998345,51.18701612132491,12,0.0006245532718288449,12,3.7404959592220166,5.519671220011446,3.027502485280479,4.295597977880561,6.074773238669991,3.582604503938967,1
4,7|8|9|13,n08|n09|n10|n14,48.9964157353333,48.49132827744954,11,0.0006104721306974946,12,6.486198363872177,8.265373624661606,5.773204889930582,6.991285821755923,8.770461082545353,6.278292347814386,1
4,7|8|9|14,n08|n09|n10|n15,52.900399339019714,50.79023098858219,11,0.0006141572901030419,12,2.5822147601857637,4.361390020975193,1.8692212862441693,4.692383110623268,6.471558371412755,3.9793896366817307,1
4,7|8|9|15,n08|n09|n10|n16,52.470517415854246,51.63647097665861,11,0.0006154968004666382,12,3.012096683351217,4.7912719441407035,2.2991032094096227,3.8461431225468345,5.625318383336321,3.133149648605297,1
4,7|8|10|11,n08|n09|n11|n12,57.94801587286938,57.34223521373667,11,0.0006282154613496715,12,2.4654017736639133,0.6862265128744554,3.1783952476054793,1.8596211145312083,0.08044585374175028,2.5726145884727742,1
4,7|8|10|12,n08|n09|n11|n13,52.890553949538486,52.46508639063772,12,0.0006382494617235877,12,2.5920601496669633,4.37123541045645,1.8790666757254257,3.0175277085677408,4.79670296935717,2.304534234626203,1
4,7|8|10|13,n08|n09|n11|n14,51.57893513014827,51.08312313043832,11,0.0006428991358425502,12,3.9036789690571823,5.682854229846669,3.1906854951156447,4.399490968767168,6.1786662295565975,3.6864974948255735,1
4,7|8|10|14,n08|n09|n11|n15,56.69028922579645,56.09655332039975,11,0.0006324751163874115,12,1.2076751265909849,0.5715001341984589,1.9206686005325508,0.6139392211942862,1.165236039595186,1.3269326951358522,1
4,7|8|10|15,n08|n09|n11|n16,56.586584674004335,56.21213696214844,12,0.0006234270900060315,12,1.103970574798872,0.6752046859905931,1.816964048740438,0.7295228629429786,1.0496523978465007,1.4425163368845446,1
4,7|8|11|12,n08|n09|n12|n13,54.09743666029884,53.59613695414464,12,0.000612467384414185,12,1.3851774389066236,3.16435269969611,0.6721839649650292,1.8864771450608373,3.665652405850267,1.173483671119243,1
4,7|8|11|13,n08|n09|n12|n14,52.87733884663551,52.31785139004513,11,0.000618536580130849,12,2.6052752525699816,4.384450513359411,1.8922817786283872,3.1647627091603567,4.943937969949786,2.4517692352187623,1
4,7|8|11|14,n08|n09|n12|n15,57.01700761438244,56.423282712024594,11,0.0006149458452306595,12,1.5343935151769799,0.24478174561249944,2.247386989118546,0.9406686128191311,0.8385066479703482,1.653662086760697,1
4,7|8|11|15,n08|n09|n12|n16,57.78710410769487,57.20806158146857,12,0.0006215557701506111,12,2.3044900084894095,0.5253147476999516,3.0174834824309755,1.7254474822631067,0.053727778526365455,2.4384409562046727,1
4,7|8|12|13,n08|n09|n13|n14,50.986637606989234,50.49222125665934,12,0.0006264195304542557,12,4.4959764922162435,6.275151753005673,3.782983018274649,4.9903928425461,6.769568103335587,4.277399368604563,1
4,7|8|12|14,n08|n09|n13|n15,51.50775065435287,51.12909549390086,12,0.0006141205075444144,12,3.9748634448525877,5.754038705642074,3.26186997091105,4.3535186053046,6.132693866094087,3.640525131363006,1
4,7|8|12|15,n08|n09|n13|n16,52.928646292150034,52.49295537383806,12,0.0006134760280730072,12,2.5539678070554146,4.333143067844901,1.840974333113877,2.9896587253674056,4.768833986156892,2.276665251425811,1
4,7|8|13|14,n08|n09|n14|n15,50.50686980960389,50.08848268563409,11,0.0006141572901030419,12,4.9757442896015505,6.754919550391037,4.262750815660013,5.394131413571358,7.173306674360845,4.681137939629821,1
4,7|8|13|15,n08|n09|n14|n16,51.61967481048578,51.13532142393299,11,0.000618536580130849,12,3.8629392887197014,5.642114549509131,3.149945814778107,4.347292675272456,6.1264679360619425,3.6342992013309185,1
4,7|8|14|15,n08|n09|n15|n16,55.84769026174573,55.41103703559003,12,0.0006145147851082233,12,0.3650761625402694,1.4140990982492099,1.0780696364818354,0.07157706361545024,1.8507523244048798,0.64141641032613,1
4,7|9|10|11,n08|n10|n11|n12,58.70427571812553,60.82110852494302,11,0.0006065865097007359,12,3.2216616189200664,1.4424863581306084,3.9346550928616324,5.338494425737558,3.5593191649481,6.051487899679124,1
4,7|9|10|12,n08|n10|n11|n13,53.92085711263541,53.34459587454506,12,0.0006268648524405028,12,1.5617569865700602,3.34093224735949,0.8487635126284658,2.1380182246604136,3.917193485449843,1.4250247507188192,1
4,7|9|10|13,n08|n10|n11|n14,52.13061787271293,51.85358702150657,11,0.0006076090457908939,12,3.351996226492531,5.1311714872820176,2.6390027525509367,3.629027077698879,5.4082023384883655,2.9160336037573416,1
4,7|9|10|14,n08|n10|n11|n15,57.746074733100784,57.37393263455563,11,0.0006074523721789413,12,2.2634606338953205,0.4842853731058625,2.9764541078368865,1.891318535350166,0.11214327456070805,2.604312009291732,1
4,7|9|10|15,n08|n10|n11|n16,57.27204984955812,57.00023014286036,12,0.0006079960195784422,12,1.7894357503526592,0.010260489563201247,2.502429224294225,1.5176160436548969,0.2615592171345611,2.230609517596463,1
4,7|9|11|12,n08|n10|n12|n13,56.237417457692565,55.58680972330579,12,0.0006102914725522499,12,0.7548033584871021,1.0243719023023345,1.467796832428668,0.10419562410032768,1.6749796366891587,0.8171890980418937,1
4,7|9|11|13,n08|n10|n12|n14,53.34181241801831,52.91090177270524,11,0.0006019690194125135,12,2.140801681187156,3.9199769419766426,1.4278082072455618,2.571712326500233,4.350887587289662,1.8587188525586384,1
4,7|9|11|14,n08|n10|n12|n15,58.629606027454315,57.982563383794954,11,0.0006074523721789413,12,3.146991928248852,1.367816667459394,3.859985402190418,2.4999492845894906,0.7207740238000326,3.2129427585310566,1
4,7|9|11|15,n08|n10|n12|n16,59.333806239840015,58.69760544822305,12,0.0006176634834807185,12,3.851192140634552,2.072016879845094,4.564185614576118,3.2149913490175877,1.4358160882281297,3.9279848229591536,1
4,7|9|12|13,n08|n10|n13|n14,52.094578394810505,51.77607957507054,12,0.0006103907821845269,12,3.3880357043949516,5.167210965184438,2.675042230453414,3.706534524134895,5.485709784924381,2.9935410501933575,1
4,7|9|12|14,n08|n10|n13|n15,53.78531542825137,53.15207053103723,12,0.0006135975931344916,12,1.6972986709540692,3.4764739317435556,0.9843051970125316,2.3305435681682525,4.109718828957682,1.617550094226658,1
4,7|9|12|15,n08|n10|n13|n16,54.98001278321467,54.38852377706733,12,0.0006114745863227897,12,0.5026013159907734,2.28177657678026,0.21039215795077126,1.094090322138129,2.8732655829276155,0.3810968481965915,1
4,7|9|13|14,n08|n10|n14|n15,50.896036415332624,50.55511804414447,11,0.0006130378961659412,12,4.586577683872861,6.36575294466229,3.8735842099312663,4.927496055060999,6.7066713158504285,4.214502581119405,1
4,7|9|13|15,n08|n10|n14|n16,52.034637254948315,51.67465148511751,11,0.0006010183009003858,12,3.4479768442571412,5.227152105046628,2.7349833703156037,3.8079626140879554,5.587137874877385,3.094969140146418,1
4,7|9|14|15,n08|n10|n15|n16,57.23428663227752,56.737874082172596,12,0.0006096870279642302,12,1.7516725330720533,0.027502727717433118,2.4646660070136193,1.2552599829671323,0.5239152778223115,1.9682534569086982,1
4,7|10|11|12,n08|n11|n12|n13,58.215745265079846,57.45781764242554,11,0.0006175151193407695,12,2.733131165874383,0.9539559050849249,3.446124639815949,1.9752035432200756,0.19602828243061765,2.6881970171616416,1
4,7|10|11|13,n08|n11|n12|n14,58.15443780688873,57.52946381388674,11,0.0006175151193407695,12,2.6718237076832665,0.8926484468938085,3.3848171816248325,2.0468497146812794,0.26767445389182143,2.7598431886228454,1
4,7|10|11|14,n08|n11|n12|n15,61.07805713941225,60.30722187508001,11,0.0006175429622214837,12,5.5954430402067885,3.8162677794173305,6.3084365141483545,4.824607775874547,3.045432515085089,5.537601249816113,1
4,7|10|11|15,n08|n11|n12|n16,61.37911898245578,60.743674480905696,12,0.0006175290407811262,12,5.896504883250316,4.117329622460858,6.609498357191882,5.261060381700233,3.481885120910775,5.974053855641799,1
4,7|10|12|13,n08|n11|n13|n14,54.47840846907421,54.00769687728074,12,0.0006309203486891291,12,1.0042056301312527,2.783380890920739,0.29121215618965834,1.474917221924727,3.2540924827141566,0.7619237479831327,1
4,7|10|12|14,n08|n11|n13|n15,56.89743257643202,56.29380256239838,11,0.0006287979479140941,12,1.4148184772265537,0.36435678356292556,2.1278119511681197,0.81118846319292,0.9679867975965522,1.524181937134486,1
4,7|10|12|15,n08|n11|n13|n16,56.8360504040237,56.32177951059161,12,0.0006180769190015805,12,1.3534363048182385,0.42573895597121236,2.0664297787598045,0.8391654113861478,0.9400098494032818,1.5521588853277137,1
4,7|10|13|14,n08|n11|n14|n15,56.944983869310754,56.60278611795078,11,0.0006103837642914934,12,1.4623697701052905,0.3168054906841462,2.1753632440468564,1.1201720187453148,0.6590032420441503,1.8331654926868808,1
4,7|10|13|15,n08|n11|n14|n16,57.16102730312196,56.80274051508986,12,0.0006139494418161315,12,1.6784132039164987,0.10076205687295214,2.3914066778580647,1.3201264158843955,0.4590488449050554,2.0331198898259615,1
4,7|10|14|15,n08|n11|n15|n16,60.73326666261404,60.233306641262494,11,0.0006175429622214837,12,5.250652563408579,3.471477302619121,5.963646037350145,4.750692542057031,2.971517281267573,5.463686015998597,1
4,7|11|12|13,n08|n12|n13|n14,55.8122757324526,55.20896295456653,12,0.0006220074833944914,12,0.3296616332471345,1.4495136275423306,1.0426551071887005,0.27365114463896134,2.052826405428391,0.43934232930263306,1
4,7|11|12|14,n08|n12|n13|n15,57.34307366221296,56.57234736511102,11,0.0006366648806309103,12,1.8604595630074954,0.0812843022180374,2.5734530369490614,1.0897332659055579,0.6894419948839072,1.8027267398471238,1
4,7|11|12|15,n08|n12|n13|n16,57.94015679363638,57.26380654720999,12,0.0006335318825541823,12,2.45754269443092,0.678367433641462,3.170536168372486,1.781192448004525,0.00201718721506694,2.494185921946091,1
4,7|11|13|14,n08|n12|n14|n15,58.04777262438491,57.55978625209378,11,0.0006103837642914934,12,2.5651585251794486,0.7859832643899907,3.2781519991210146,2.0771721528883162,0.29799689209885827,2.7901656268298822,1
4,7|11|13|15,n08|n12|n14|n16,58.34831766285974,57.853862331608795,12,0.000618403315157795,12,2.8657035636542787,1.0865283028648207,3.5786970375958447,2.3712482324033317,0.5920729716138737,3.0842417063448977,1
4,7|11|14|15,n08|n12|n15|n16,59.96768144377993,59.36997307875701,12,0.0006202721051491688,12,4.4850673445744675,2.7058920837850096,5.1980608185160335,3.88735897955155,2.108183718762092,4.600352453493116,1
4,7|12|13|14,n08|n13|n14|n15,53.72750825003604,53.22437784000446,12,0.0006204303652555473,12,1.7551058491694107,3.534281109958897,1.0421123752278731,2.2582362592009986,4.037411519990485,1.545242785259461,1
4,7|12|13|15,n08|n13|n14|n16,54.631393669951585,54.115658437485166,12,0.0006280949089391822,12,0.8512204292538854,2.630395690043315,0.138226955312291,1.366955661720283,3.1461309225097693,0.6539621877787454,1
4,7|12|14|15,n08|n13|n15|n16,56.159657577047234,55.55078231797746,12,0.0006335318825541823,12,0.6770434778417709,1.1021317829477084,1.3900369517833369,0.0681682187719943,1.7110070420174566,0.7811616927135603,1
4,7|13|14|15,n08|n14|n15|n16,56.886134566825326,56.5503856425328,12,0.0006111527240205063,12,1.4035204676198632,0.3756547931695877,2.116513941561429,1.0677715433273391,0.711403717462133,1.7807650172689051,1
4,8|9|10|11,n09|n10|n11|n12,44.120442574953934,52.4426037801896,10,0.0006158033286392587,12,11.36217152425155,13.14134678504098,10.649178050309956,3.0400103190158916,4.819185579805321,2.327016845074297,1
4,8|9|10|12,n09|n10|n11|n13,46.47291843025587,45.929498908993615,11,0.0006479806210444582,12,9.009695668949576,10.788870929739062,8.296702195008038,9.553115190211827,11.332290451001313,8.84012171627029,1
4,8|9|10|13,n09|n10|n11|n14,45.9842742237868,45.55601484557054,11,0.0006479806210444582,12,9.498339875418651,11.277515136208137,8.785346401477113,9.926599253634947,11.705774514424377,9.213605779693353,1
4,8|9|10|14,n09|n10|n11|n15,43.57805825962902,43.09437017011893,9,0.0006166679539431105,12,11.90455583957646,13.68373110036589,11.191562365634866,12.388243929086514,14.167419189876,11.675250455144976,1
4,8|9|10|15,n09|n10|n11|n16,46.029809173664695,49.01991132291915,11,0.0006166679539431105,12,9.452804925540761,11.231980186330247,8.739811451599223,6.462702776286335,8.241878037075764,5.7497093023447405,1
4,8|9|11|12,n09|n10|n12|n13,50.11728200604197,49.809912116141824,12,0.0006152601470344396,12,5.365332093163488,7.144507353952974,4.6523386192219505,5.672701983063632,7.451877243853119,4.959708509122095,1
4,8|9|11|13,n09|n10|n12|n14,47.2249649745903,46.9417286149263,11,0.0006147169654296203,12,8.25764912461517,10.0368243854046,7.544655650673576,8.540885484279158,10.320060745068645,7.827892010337621,1
4,8|9|11|14,n09|n10|n12|n15,51.208901227659034,49.014904877501884,10,0.0006318919748418586,12,4.273712871546422,6.052888132335909,3.5607193976048848,6.467709221703558,8.246884482493044,5.75471574776202,1
4,8|9|11|15,n09|n10|n12|n16,50.76164958955903,50.00631388473747,11,0.0006479806210444582,12,4.7209645096464214,6.500139770435908,4.007971035704884,5.476300214467983,7.2554754752574695,4.7633067405264455,1
4,8|9|12|13,n09|n10|n13|n14,46.25400133352439,46.016971247680694,12,0.0006152601470344396,12,9.228612765681078,11.007788026470507,8.515619291739483,9.465642851524763,11.244818112314249,8.752649377583225,1
4,8|9|12|14,n09|n10|n13|n15,45.555384831685096,45.269716201903044,11,0.000615803328639259,12,9.927229267520374,11.706404528309804,9.21423579357878,10.212897897302412,11.992073158091898,9.499904423360874,1
4,8|9|12|15,n09|n10|n13|n16,48.70168960566773,48.387977188860056,12,0.0006180324829170844,12,6.780924493537725,8.560099754327211,6.0679310195961875,7.0946369103454,8.873812171134887,6.381643436403863,1
4,8|9|13|14,n09|n10|n14|n15,44.5379355208938,44.22729199382995,11,0.0006164764168376716,12,10.944678578311652,12.723853839101139,10.231685104370115,11.255322105375512,13.034497366164942,10.542328631433975,1
4,8|9|13|15,n09|n10|n14|n16,45.67662228533148,45.440339056037246,11,0.000615803328639259,12,9.805991813873959,11.585167074663445,9.092998339932421,10.042275043168218,11.821450303957704,9.329281569226623,1
4,8|9|14|15,n09|n10|n15|n16,50.13608159397938,48.164295065980276,11,0.0006202616371949098,12,5.346532505226094,7.125707766015523,4.633539031284499,7.31831903322518,9.097494294014666,6.605325559283642,1
4,8|10|11|12,n09|n11|n12|n13,50.57522675593033,50.389121955333465,11,0.000615803328639259,12,4.907387343275104,6.686562604064591,4.194393869333567,5.093492143872027,6.872667404661456,4.380498669930432,1
4,8|10|11|13,n09|n11|n12|n14,48.50284258849143,48.15985619547043,10,0.0006307920580862058,12,6.979771510714045,8.758946771503474,6.26677803677245,7.32275790373501,9.101933164524496,6.609764429793472,1
4,8|10|11|14,n09|n11|n12|n15,54.297671340407746,53.95228800166748,11,0.0006324751163874115,12,1.1849427587977175,2.964118019587204,0.4719492848561231,1.5303260975379658,3.309501358327452,0.8173326235964282,1
4,8|10|11|15,n09|n11|n12|n16,54.938454851752724,54.85598353020997,12,0.0006220093949944653,12,0.5441592474527397,2.3233345082421692,0.1688342264888263,0.6266305689954947,2.405805829784981,0.08636290494607124,1
4,8|10|12|13,n09|n11|n13|n14,47.973582650546554,47.572254328976406,12,0.0006454398784435042,12,7.509031448658902,9.288206709448389,6.796037974717365,7.910359770229036,9.689535031018522,7.197366296287498,1
4,8|10|12|14,n09|n11|n13|n15,46.432774290506515,45.97949740133431,10,0.0006244914401951834,12,9.049839808698948,10.829015069488378,8.33684633475741,9.503116697871178,11.282291958660608,8.790123223929584,1
4,8|10|12|15,n09|n11|n13|n16,49.8369034140207,49.574743467928855,12,0.0006178135029260129,12,5.645710685184781,7.424885945974211,4.932717211243187,5.907870631276637,7.687045892066067,5.194877157335043,1
4,8|10|13|14,n09|n11|n14|n15,46.780623503149435,46.51691019789993,10,0.0006163958079144467,12,8.70199059605602,10.481165856845507,7.988997122114483,8.965703901305517,10.744879162095003,8.25271042736398,1
4,8|10|13|15,n09|n11|n14|n16,48.27577087982181,47.932001092157954,11,0.0006186849803298613,12,7.206843219383643,8.98601848017313,6.493849745442105,7.550613007047502,9.329788267836989,6.837619533105965,1
4,8|10|14|15,n09|n11|n15|n16,52.72686073021938,52.33415860589173,12,0.0006247317017885229,12,2.7557533689860634,4.53492862977555,2.042759895044526,3.1484554933137474,4.927630754103177,2.435462019372153,1
4,8|11|12|13,n09|n12|n13|n14,49.41182893058389,49.102361957941206,12,0.0006171756874025979,12,6.070785168621569,7.849960429411055,5.3577916946800315,6.380252141264236,8.159427402053723,5.667258667322699,1
4,8|11|12|14,n09|n12|n13|n15,49.77954652223994,49.55361831707124,11,0.000615803328639259,12,5.703067576965509,7.482242837754995,4.9900741030239715,5.928995782134223,7.708171042923709,5.216002308192628,1
4,8|11|12|15,n09|n12|n13|n16,51.144908912216934,50.87766709200198,12,0.0006152601470344396,12,4.337705186988501,6.116880447777987,3.6247117130469633,4.604947007203464,6.38412226799295,3.891953533261926,1
4,8|11|13|14,n09|n12|n14|n15,48.35930190109214,48.10805125287029,10,0.0006202526741361531,12,7.123312198113354,8.902487458902783,6.410318724171759,7.374562846335152,9.153738107124639,6.661569372393615,1
4,8|11|13|15,n09|n12|n14|n16,49.71689253011289,49.39724353667676,11,0.000618536580130849,12,5.765721569092591,7.5448968298820205,5.0527280951509965,6.085370562528681,7.864545823318167,5.372377088587143,1
4,8|11|14|15,n09|n12|n15|n16,53.79214308495486,53.53099045408156,12,0.0006153745869349593,12,1.6904710142505905,3.469646275040077,0.977477540309053,1.9516236451239024,3.730798905913389,1.238630171182308,1
4,8|12|13|14,n09|n13|n14|n15,46.93970862885447,46.59505232262436,12,0.0006242715750381019,12,8.542905470351002,10.322080731140431,7.8299119964094075,8.887561776581094,10.66673703737058,8.174568302639557,1
4,8|12|13|15,n09|n13|n14|n16,48.03367602990769,47.73452334343426,12,0.0006256378191629631,12,7.448938069297753,9.22811333008724,6.735944595356216,7.748090755771216,9.527266016560645,7.035097281829621,1
4,8|12|14|15,n09|n13|n15|n16,48.88541817613335,48.76322592877805,12,0.0006201673545747459,12,6.597195923072093,8.376371183861579,5.884202449130555,6.719388170427408,8.498563431216894,6.00639469648587,1
4,8|13|14|15,n09|n14|n15|n16,47.601701400524455,47.43372571165856,11,0.0006200730719545821,12,7.880912698681016,9.660087959470445,7.167919224739421,8.048888387546924,9.828063648336354,7.33589491360533,1
4,9|10|11|12,n10|n11|n12|n13,50.61945432853115,53.575328139860886,11,0.0006158033286392584,12,4.863159770674315,6.642335031463745,4.1501662967327775,1.9072859593445628,3.686461220134049,1.1942924854030252,1
4,9|10|11|13,n10|n11|n12|n14,48.24256088860005,48.31331044615199,9,0.0006147169654296203,12,7.240053210605424,9.019228471394854,6.52705973666383,7.1693036530534755,8.948478913842905,6.456310179111938,1
4,9|10|11|14,n10|n11|n12|n15,55.08167625712295,55.13382975818097,11,0.0006147169654296203,12,0.4009378420824987,2.180113102871985,0.31205563185905305,0.34878434102449773,2.1279596018139273,0.36420913291707535,1
4,9|10|11|15,n10|n11|n12|n16,54.443868679702405,54.443800669114154,11,0.0006158033286392584,12,1.0387454195030728,2.8179206802925023,0.32575194556147835,1.0388134300912952,2.8179886908807816,0.3258199561497577,1
4,9|10|12|13,n10|n11|n13|n14,49.059629819571384,48.99982732225141,12,0.0006162356412911848,12,6.422984279634079,8.202159540423509,5.7099908056925415,6.482786776954072,8.261962037743501,5.769793303012477,1
4,9|10|12|14,n10|n11|n13|n15,47.849722004820876,47.61613539150555,10,0.0006152601470344396,12,7.6328920943846015,9.412067355174031,6.919898620443007,7.866478707699912,9.645653968489341,7.153485233758374,1
4,9|10|12|15,n10|n11|n13|n16,50.93418850704101,50.349649064933956,12,0.0006162356412911848,12,4.548425592164449,6.327600852953935,3.8354321182229114,5.1329650342714785,6.912140295060965,4.419971560329941,1
4,9|10|13|14,n10|n11|n14|n15,47.5384148827991,47.47830475772305,10,0.0006110846688042809,12,7.944199216406332,9.723374477195819,7.231205742464795,8.00430934148244,9.78348460227187,7.291315867540845,1
4,9|10|13|15,n10|n11|n14|n16,48.32064626778744,48.29533386757142,10,0.0006110846688042809,12,7.161967831417996,8.941143092207483,6.448974357476459,7.18728023163402,8.966455492423506,6.474286757692482,1
4,9|10|14|15,n10|n11|n15|n16,53.547161936728095,53.468561110640714,12,0.0006110846688042809,12,1.935452162477361,3.7146274232668475,1.2224586885358235,2.0140529885647425,3.793228249354229,1.301059514623205,1
4,9|11|12|13,n10|n12|n13|n14,50.435563191245286,50.362617860664265,12,0.0006053934728664611,12,5.04705090796017,6.826226168749656,4.334057434018632,5.119996238541205,6.899171499330635,4.407002764599611,1
4,9|11|12|14,n10|n12|n13|n15,52.23505572559766,51.77350126753578,11,0.000615803328639259,12,3.2475583736078306,5.02673363439726,2.534564899666236,3.7091128316696995,5.488288092459129,2.996119357728105,1
4,9|11|12|15,n10|n12|n13|n16,53.367652651332,52.910438798930805,12,0.0006225980325968094,12,2.1149614478734406,3.894136708662927,1.401967973931903,2.572175300274637,4.351350561064123,1.8591818263330993,1
4,9|11|13|14,n10|n12|n14|n15,48.8546283953827,48.739048954072985,10,0.0006128403774238603,12,6.627985703822787,8.407160964612217,5.914992229881193,6.743565145132493,8.522740405921923,6.0305716711908985,1
4,9|11|13|15,n10|n12|n14|n16,49.21890867453473,49.08255206601137,10,0.0006110846688042809,12,6.263705424670718,8.042880685460204,5.55071195072918,6.400062033194104,8.179237293983533,5.687068559252509,1
4,9|11|14|15,n10|n12|n15|n16,55.13129442763106,54.858726412225835,12,0.0006152601470344396,12,0.3513196715744016,2.130494932363831,0.3616738023671644,0.6238876869796286,2.403062947769058,0.08910578696193738,1
4,9|12|13|14,n10|n13|n14|n15,47.87938937831524,47.84113164095924,12,0.0006152601470344396,12,7.603224720890239,9.382399981679669,6.890231246948645,7.64148245824623,9.42065771903566,6.928488984304636,1
4,9|12|13|15,n10|n13|n14|n16,48.990571073335936,48.96565242358995,12,0.0006125603028259274,12,6.4920430258695205,8.271218286659007,5.779049551927983,6.516961675615505,8.296136936404992,5.8039682016739675,1
4,9|12|14|15,n10|n13|n15|n16,51.11413923014881,50.755423219449604,12,0.0006180324829170844,12,4.368474869056627,6.147650129846113,3.655481395115089,4.727190879755881,6.50636614054531,4.014197405814286,1
4,9|13|14|15,n10|n14|n15|n16,47.85817967182117,47.83482630897912,11,0.000615803328639259,12,7.624434427384301,9.40360968817373,6.911440953442707,7.647787790226346,9.426963051015832,6.934794316284751,1
4,10|11|12|13,n11|n12|n13|n14,51.969813870904034,51.64353788068048,11,0.0006251758167473479,12,3.512800228301444,5.2919754890908735,2.7998067543598495,3.8390762185249514,5.618251479314438,3.126082744583414,1
4,10|11|12|14,n11|n12|n13|n15,54.50931444650408,54.16116971701781,11,0.0006287979479140941,12,0.9732996527013711,2.7524749134908575,0.26030617875983353,1.3214443821876785,3.100619642977108,0.608450908246084,1
4,10|11|12|15,n11|n12|n13|n16,55.201436697239764,54.972375588965306,12,0.0006166592239900142,12,0.2811774019656923,2.0603526627551787,0.4318160719758666,0.5102385102401286,2.289413771029615,0.202754963701409,1
4,10|11|13|14,n11|n12|n14|n15,54.514239367208475,54.47139734653915,11,0.0006158033286392584,12,0.9683747319969598,2.747549992786446,0.2553812580554222,1.0112167526663143,2.790392013455744,0.2982232787247767,1
4,10|11|13|15,n11|n12|n14|n16,54.78246779456712,54.64662781316054,11,0.000615803328639259,12,0.7001463046383378,2.4793215654278242,0.012847169303221051,0.8359862860449425,2.615161546834372,0.12299281210334811,1
4,10|11|14|15,n11|n12|n15|n16,57.29155407323275,57.09440859481624,12,0.0006175429622214834,12,1.8089399740272896,0.029764713237831586,2.5219334479688555,1.6117944956107735,0.1673807651786774,2.3247879695523395,1
4,10|12|13|14,n11|n13|n14|n15,50.6681409152464,50.306613098585665,11,0.0006175151193407695,12,4.81447318395908,6.59364844474851,4.101479710017486,5.176001000619806,6.955176261409235,4.463007526678211,1
4,10|12|13|15,n11|n13|n14|n16,51.45710876388965,51.12461479778035,12,0.0006213454680440587,12,4.025505335315813,5.8046805961053,3.312511861374219,4.357999301425139,6.137174562214568,3.645005827483544,1
4,10|12|14|15,n11|n13|n15|n16,52.92221912841668,52.53113325556011,12,0.0006231565336274318,12,2.5603949707887637,4.33957023157825,1.847401496847226,2.9514808436453563,4.730656104434843,2.238487369703762,1
4,10|13|14|15,n11|n14|n15|n16,52.90061380005521,52.81236530050107,12,0.0006152601470344396,12,2.582000299150252,4.361175559939738,1.8690068252086576,2.6702487987043924,4.449424059493822,1.9572553247628548,1
4,11|12|13|14,n12|n13|n14|n15,52.05222802213479,51.72435174152591,11,0.0006251758167473479,12,3.4303860770706933,5.209561337860123,2.717392603129099,3.7582623576795413,5.537437618469028,3.0452688837380038,1
4,11|12|13|15,n12|n13|n14|n16,52.877423019161924,52.53311712292768,12,0.000627069754048764,12,2.6051910800435394,4.384366340833026,1.892197606101945,2.9494969762777714,4.728672237067258,2.236503502336234,1
4,11|12|14|15,n12|n13|n15|n16,54.13006183861612,53.67813688300814,12,0.0006335318825541823,12,1.3525522605893343,3.1317275213788207,0.6395587866477968,1.8044772161973128,3.5836524769867992,1.0914837422557753,1
4,11|13|14|15,n12|n14|n15|n16,54.75261402869291,54.63044808372196,12,0.0006125503648605568,12,0.730000070512574,2.5091753313020035,0.017006596570979582,0.8521660154834763,2.6313412762729627,0.1391725415419387,1
4,12|13|14|15,n13|n14|n15|n16,51.02516426565673,50.78903823132513,12,0.0006227187269711289,12,4.457449833548708,6.236625094338194,3.7444563596071703,4.693575867880327,6.472751128669813,3.980582393938789,1
