m_simultaneous,group_labels,rep,dir_global_deg,dir_local_deg,n_local,speed_est,n_deaths,global_vs_center,global_vs_local_normal,global_vs_plane_fit,local_vs_center,local_vs_local_normal,local_vs_plane_fit,fake
2,n05|n14,0,66.6809698059661,61.393432158214715,16,0.0006410960166607239,16,11.198355706760637,9.419180445971179,11.911349180702203,5.910818059009252,4.131642798219794,6.623811532950818,1
2,n11|n14,1,56.15398519691972,55.644422944694526,16,0.0006453407795626673,16,0.6713710977142568,1.1078041630752296,1.3843645716558228,0.1618088454890625,1.6173664153004097,0.8748023194306285,1
2,n03|n07,2,53.496073043973155,53.871742891259395,16,0.0006308962090804586,16,1.9865410552322942,3.7657163160217806,1.2735475812907566,1.6108712079460474,3.390046468735534,0.8978777340045099,1
2,n04|n07,3,57.812879335852465,57.897334443576966,16,0.0006277615641130927,16,2.3302652366470014,0.5510899758575434,3.0432587105885673,2.414720344371503,0.6355450835820449,3.127713818313069,1
2,n02|n05,4,51.7291464695835,52.19267025986496,16,0.0006189022997081964,16,3.75346762962198,5.5326428904114096,3.0404741556803856,3.2899438393404807,5.069119100129967,2.576950365398943,1
2,n01|n14,5,151.1752297118732,68.57666036858346,16,0.0007349651191668597,16,95.69261561266772,93.91344035187826,96.40560908660929,13.094046269377998,11.31487100858854,13.807039743319564,1
2,n09|n15,6,63.140154164927246,58.3152914885643,16,0.0006241691493752983,16,7.657540065721783,5.878364804932325,8.370533539663349,2.8326773893588353,1.0535021285693773,3.5456708633004013,1
2,n03|n07,7,53.496073043973155,53.871742891259395,16,0.0006308962090804586,16,1.9865410552322942,3.7657163160217806,1.2735475812907566,1.6108712079460474,3.390046468735534,0.8978777340045099,1
2,n06|n12,8,58.419827463641234,60.53078586863046,16,0.0006215747214206656,16,2.9372133644357703,1.1580381036463123,3.6502068383773363,5.048171769424997,3.2689965086355386,5.7611652433665625,1
2,n02|n15,9,30.26230534679794,41.97480713925453,16,0.0006987870053925815,16,25.220308752407504,26.99948401319699,24.507315278465967,13.507806959950926,15.286982220740413,12.794813486009389,1
2,n07|n13,10,53.79010883350437,53.77606110524487,16,0.0006614018317125589,16,1.6925052657010724,3.471680526490559,0.9795117917595348,1.7065529939605995,3.485728254750029,0.993559520019005,1
2,n14|n15,11,55.00594678902522,55.05145740998318,16,0.000624342204726412,16,0.47666731018023256,2.255842570969719,0.2363261637613192,0.43115668922229133,2.210331950011721,0.28183678471928175,1
2,n04|n11,12,55.29291096138441,55.02148424680267,16,0.0006173317415284368,16,0.18970313782108406,1.9688783986105136,0.5232903361205103,0.4611298524027916,2.240305113192221,0.2518636215387744,1
2,n04|n08,13,54.87586479189836,55.063392434648215,16,0.0006310032234526704,16,0.6067493073070978,2.385924568096584,0.10624416663446112,0.41922166455725574,2.1983969253466853,0.29377180938431735,1
2,n03|n05,14,59.09178834272857,58.34546602595691,16,0.0006142304350586804,16,3.609174243523107,1.829998982733649,4.322167717464673,2.8628519267514463,1.0836766659619883,3.5758454006930123,1
2,n06|n10,15,55.869348893114704,56.20731695280784,16,0.0006153457178713834,16,0.38673479390924115,1.3924404668802026,1.0997282678508071,0.7247028536023734,1.0544724071870633,1.4376963275439394,1
2,n07|n08,16,57.261464741857246,58.27423298123139,16,0.0006395568836136254,16,1.7788506426517827,0.00032461813765394254,2.4918441165933487,2.7916188820259293,1.0124436212364714,3.5046123559674953,1
2,n07|n10,17,56.235101795117224,56.28375477567335,16,0.0006221467492637955,16,0.7524876959117606,1.0266875648777045,1.4654811698533265,0.8011406764678881,0.9780345843215628,1.514134150409454,1
2,n08|n14,18,56.16627780850917,55.24992388155776,16,0.0006346320231253879,16,0.6836637093037083,1.0955115514857425,1.3966571832452743,0.2326902176477006,2.01186547843713,0.4803032562938654,1
2,n11|n12,19,57.968274142141865,58.01751078710883,16,0.000640654087525056,16,2.485660042936402,0.7064847821469442,3.198653516877968,2.5348966879033696,0.7557214271139117,3.2478901618449356,1
2,n05|n16,20,90.35379660437475,68.24016379818478,16,0.0007045322115220196,16,34.87118250516929,33.09200724437983,35.58417597911085,12.757549698979318,10.97837443818986,13.470543172920884,1
2,n03|n10,21,53.29973213267123,54.58058262924314,16,0.0006320105578780602,16,2.1828819665342394,3.962057227323669,1.469888492592645,0.90203146996231,2.6812067307517964,0.18903799602077243,1
2,n03|n07,22,53.496073043973155,53.871742891259395,16,0.0006308962090804586,16,1.9865410552322942,3.7657163160217806,1.2735475812907566,1.6108712079460474,3.390046468735534,0.8978777340045099,1
2,n01|n14,23,151.1752297118732,68.57666036858346,16,0.0007349651191668597,16,95.69261561266772,93.91344035187826,96.40560908660929,13.094046269377998,11.31487100858854,13.807039743319564,1
2,n12|n16,24,53.52197622420104,53.665590482591824,16,0.0006335644168458324,16,1.9606378750044087,3.739813135793895,1.2476444010628711,1.8170236166136533,3.596198877403083,1.104030142672059,1
2,n01|n07,25,58.051628053832836,57.88075941335988,16,0.0006213152981317076,16,2.5690139546273727,0.7898386938379147,3.2820074285689387,2.3981453141544193,0.6189700533649614,3.1111387880959853,1
2,n06|n10,26,55.869348893114704,56.20731695280784,16,0.0006153457178713834,16,0.38673479390924115,1.3924404668802026,1.0997282678508071,0.7247028536023734,1.0544724071870633,1.4376963275439394,1
2,n09|n13,27,57.167086713689834,55.57936387711044,16,0.0006201673545747459,16,1.6844726144843705,0.09470264630510883,2.3974660884259364,0.09674977790497508,1.6824254828844687,0.8097432518465411,1
2,n03|n07,28,53.496073043973155,53.871742891259395,16,0.0006308962090804586,16,1.9865410552322942,3.7657163160217806,1.2735475812907566,1.6108712079460474,3.390046468735534,0.8978777340045099,1
2,n09|n12,29,63.660275226091294,63.48313620535018,16,0.0006493860144706874,16,8.17766112688583,6.398485866096372,8.890654600827396,8.000522106144714,6.2213468453552565,8.71351558008628,1
2,n12|n14,30,56.11321870016853,56.323878391392356,16,0.0006204214362192622,16,0.6306046009630677,1.1485706598264187,1.3435980749046337,0.8412642921868922,0.9379109686025799,1.5542577661284582,1
2,n06|n13,31,49.0964067770395,49.26979391807636,16,0.0006183959459757017,16,6.386207322165944,8.16538258295543,5.673213848224407,6.212820181129132,7.9919954419185615,5.4998267071875375,1
2,n05|n15,32,60.88966225036832,60.007979768883644,16,0.000652745742960095,16,5.407048151162854,3.6278728903733963,6.12004162510442,4.52536566967818,2.7461904088887223,5.238359143619746,1
2,n01|n06,33,65.30345433580486,59.564117840026796,16,0.0006170366084889883,16,9.820840236599395,8.041664975809937,10.53383371054096,4.081503740821333,2.302328480031875,4.794497214762899,1
2,n07|n12,34,60.17124265057267,61.67193419860975,16,0.0006311356806253791,16,4.688628551367209,2.9094532905777513,5.401622025308775,6.189320099404284,4.410144838614826,6.90231357334585,1
2,n05|n10,35,61.94677953407321,61.47988144995309,16,0.0006133237903952439,16,6.464165434867745,4.684990174078287,7.177158908809311,5.997267350747627,4.218092089958169,6.710260824689193,1
2,n06|n12,36,58.419827463641234,60.53078586863046,16,0.0006215747214206656,16,2.9372133644357703,1.1580381036463123,3.6502068383773363,5.048171769424997,3.2689965086355386,5.7611652433665625,1
2,n11|n15,37,53.273017693456,53.48692119762333,16,0.0006493860144706874,16,2.209596405749494,3.9887716665389235,1.4966029318078995,1.9956929015821174,3.774868162371604,1.2826994276405799,1
2,n01|n02,38,58.2338350989096,57.69471780385871,16,0.0006189022997081964,16,2.751220999704138,0.9720457389146802,3.464214473645704,2.212103704653245,0.43292844386378704,2.925097178594811,1
2,n01|n05,39,51.51154107595713,52.288993300498646,16,0.0006172844143301334,16,3.971073023248323,5.750248284037809,3.2580795493067853,3.1936207987068315,4.972796059496261,2.480627324765237,1
2,n05|n12,40,66.89686946605664,66.94657842000717,16,0.0006869802300066725,16,11.41425536685118,9.635080106061721,12.127248840792745,11.463964320801708,9.68478906001225,12.176957794743274,1
2,n05|n16,41,90.35379660437475,68.24016379818478,16,0.0007045322115220196,16,34.87118250516929,33.09200724437983,35.58417597911085,12.757549698979318,10.97837443818986,13.470543172920884,1
2,n06|n07,42,55.25731304368183,54.81353143837094,16,0.0006215747214206656,16,0.2253010555236301,2.0044763163131165,0.48769241841793587,0.6690826608345333,2.448257921623963,0.043910813107039814,1
2,n09|n13,43,57.167086713689834,55.57936387711044,16,0.0006201673545747459,16,1.6844726144843705,0.09470264630510883,2.3974660884259364,0.09674977790497508,1.6824254828844687,0.8097432518465411,1
2,n02|n14,44,46.73256043442144,44.691649068520086,16,0.0007238632214639294,16,8.750053664784048,10.529228925573477,8.037060190842453,10.790965030685356,12.570140291474843,10.077971556743819,1
2,n04|n13,45,53.186093576110515,52.40499201735252,16,0.000626845373534847,16,2.296520523094955,4.075695783884385,1.5835270491533606,3.077622081852951,4.8567973426423805,2.3646286079113565,1
2,n08|n14,46,56.16627780850917,55.24992388155776,16,0.0006346320231253879,16,0.6836637093037083,1.0955115514857425,1.3966571832452743,0.2326902176477006,2.01186547843713,0.4803032562938654,1
2,n03|n13,47,43.520305576135506,45.989050990350854,16,0.0006706363573250893,16,11.962308523069964,13.741483783859394,11.24931504912837,9.49356310885463,11.27273836964406,8.780569634913036,1
2,n03|n15,48,42.065494173410336,46.605069599633005,16,0.0006750142966104773,16,13.417119925795134,15.196295186584564,12.70412645185354,8.87754449957248,10.65671976036191,8.164551025630885,1
2,n13|n15,49,55.76731101449873,55.84783915808708,16,0.0006284632589129101,16,0.28469691529326724,1.4944783454961907,0.9976903892348332,0.36522505888162016,1.4139502019078236,1.0782185328231861,1
2,n01|n13,50,56.1429869473093,49.541238883702185,16,0.0006461089248547999,16,0.6603728481038402,1.1188024126856249,1.3733663220454062,5.941375215503285,7.720550476292715,5.228381741561691,1
2,n04|n15,51,52.38937383697434,50.70854506896173,16,0.0006289956650257795,16,3.09324026223112,4.87241552302055,2.3802467882895826,4.774069030243709,6.553244291033195,4.061075556302171,1
2,n11|n14,52,56.15398519691972,55.644422944694526,16,0.0006453407795626673,16,0.6713710977142568,1.1078041630752296,1.3843645716558228,0.1618088454890625,1.6173664153004097,0.8748023194306285,1
2,n08|n15,53,54.70565016144917,53.41520994122135,16,0.0006289956650257795,16,0.7769639377563067,2.5561391985457362,0.06397046381471228,2.0674041579841287,3.8465794187735582,1.3544106840425343,1
2,n02|n04,54,55.78817824141717,56.503497781433275,16,0.0006280352168403012,16,0.3055641422117077,1.4736111185777645,1.0185576161532737,1.0208836822278116,0.7582915785616251,1.7338771561693775,1
2,n02|n05,55,51.7291464695835,52.19267025986496,16,0.0006189022997081964,16,3.75346762962198,5.5326428904114096,3.0404741556803856,3.2899438393404807,5.069119100129967,2.576950365398943,1
2,n10|n15,56,53.41469638595522,51.52986519129692,16,0.0006208641985342171,16,2.0679177132502673,3.847092974039697,1.354924239308673,3.9527489079085285,5.731924168698015,3.239755433966991,1
2,n07|n09,57,55.57992781441837,55.55268935661461,16,0.0006210378809696472,16,0.09731371521290555,1.6818615455765666,0.8103071891544715,0.07007525740914389,1.7091000033802857,0.7830687313507099,1
2,n02|n05,58,51.7291464695835,52.19267025986496,16,0.0006189022997081964,16,3.75346762962198,5.5326428904114096,3.0404741556803856,3.2899438393404807,5.069119100129967,2.576950365398943,1
2,n12|n15,59,55.22763555218136,54.9608035971465,16,0.0006198557650047688,16,0.25497854702410905,2.0341538078135386,0.45801492691746404,0.5218105020589405,2.300985762848427,0.19118297188260414,1
2,n07|n11,60,56.33234328992642,56.432640034028076,16,0.0006403907700290577,16,0.8497291907209572,0.9294460700684795,1.5627226646625232,0.9500259348226123,0.8291493259668528,1.6630194087641783,1
2,n08|n13,61,55.322217263027184,54.765426941357454,16,0.0006276633804679635,16,0.16039683617827905,1.9395720969677086,0.5525966377632869,0.7171871578480022,2.4963624186374886,0.004193683906464685,1
2,n07|n08,62,57.261464741857246,58.27423298123139,16,0.0006395568836136254,16,1.7788506426517827,0.00032461813765394254,2.4918441165933487,2.7916188820259293,1.0124436212364714,3.5046123559674953,1
2,n04|n05,63,65.34315718833852,65.03727464818435,16,0.0006190838066859997,16,9.86054308913306,8.081367828343602,10.573536563074626,9.554660548978887,7.775485288189429,10.267654022920453,1
2,n06|n12,64,58.419827463641234,60.53078586863046,16,0.0006215747214206656,16,2.9372133644357703,1.1580381036463123,3.6502068383773363,5.048171769424997,3.2689965086355386,5.7611652433665625,1
2,n09|n16,65,66.67379380580242,63.99055594516095,16,0.0006569493492403014,16,11.191179706596955,9.412004445807497,11.904173180538521,8.507941845955486,6.728766585166028,9.220935319897052,1
2,n02|n14,66,46.73256043442144,44.691649068520086,16,0.0007238632214639294,16,8.750053664784048,10.529228925573477,8.037060190842453,10.790965030685356,12.570140291474843,10.077971556743819,1
2,n13|n15,67,55.76731101449873,55.84783915808708,16,0.0006284632589129101,16,0.28469691529326724,1.4944783454961907,0.9976903892348332,0.36522505888162016,1.4139502019078236,1.0782185328231861,1
2,n12|n15,68,55.22763555218136,54.9608035971465,16,0.0006198557650047688,16,0.25497854702410905,2.0341538078135386,0.45801492691746404,0.5218105020589405,2.300985762848427,0.19118297188260414,1
2,n04|n15,69,52.38937383697434,50.70854506896173,16,0.0006289956650257795,16,3.09324026223112,4.87241552302055,2.3802467882895826,4.774069030243709,6.553244291033195,4.061075556302171,1
2,n02|n12,70,42.14824770702372,53.38907927642715,16,0.0006378234005135167,16,13.334366392181721,15.113541652971207,12.621372918240183,2.093534822778338,3.8727100835677675,1.3805413488367435,1
2,n12|n16,71,53.52197622420104,53.665590482591824,16,0.0006335644168458324,16,1.9606378750044087,3.739813135793895,1.2476444010628711,1.8170236166136533,3.596198877403083,1.104030142672059,1
2,n05|n09,72,55.971681657868494,56.13402939764541,16,0.0006161667916978763,16,0.48906755866303087,1.29010770212642,1.2020610326045968,0.6514152984399502,1.1277599623495007,1.3644087723815161,1
2,n08|n14,73,56.16627780850917,55.24992388155776,16,0.0006346320231253879,16,0.6836637093037083,1.0955115514857425,1.3966571832452743,0.2326902176477006,2.01186547843713,0.4803032562938654,1
2,n02|n16,74,52.355064362704205,51.47069044709063,16,0.0007451882143107761,16,3.127549736501237,4.906724997290723,2.4145562625596995,4.011923652114831,5.791098912904317,3.2989301781732365,1
2,n09|n10,75,56.575813032306506,56.39429306529424,16,0.0006217361995154971,16,1.0931989331010428,0.6859763276884223,1.8061924070426087,0.911678966088779,0.8674962947006861,1.624672440030345,1
2,n06|n12,76,58.419827463641234,60.53078586863046,16,0.0006215747214206656,16,2.9372133644357703,1.1580381036463123,3.6502068383773363,5.048171769424997,3.2689965086355386,5.7611652433665625,1
2,n08|n12,77,56.818775596008884,56.48364298366647,16,0.0006335644168458324,16,1.3361614968034203,0.44301376398601633,2.0491549707449863,1.0010288844610074,0.7781463763284364,1.7140223584025733,1
2,n06|n09,78,52.66387243849658,53.142440104806504,16,0.0006165015241410745,16,2.818741660708895,4.597916921498324,2.1057481867673005,2.340173994398981,4.1193492551884106,1.6271805204573866,1
2,n11|n12,79,57.968274142141865,58.01751078710883,16,0.000640654087525056,16,2.485660042936402,0.7064847821469442,3.198653516877968,2.5348966879033696,0.7557214271139117,3.2478901618449356,1
2,n06|n12,80,58.419827463641234,60.53078586863046,16,0.0006215747214206656,16,2.9372133644357703,1.1580381036463123,3.6502068383773363,5.048171769424997,3.2689965086355386,5.7611652433665625,1
2,n09|n10,81,56.575813032306506,56.39429306529424,16,0.0006217361995154971,16,1.0931989331010428,0.6859763276884223,1.8061924070426087,0.911678966088779,0.8674962947006861,1.624672440030345,1
2,n02|n13,82,37.0390550947379,38.234976086828006,16,0.0006737309968200605,16,18.443559004467545,20.22273426525703,17.730565530526007,17.24763801237748,19.02681327316691,16.534644538435884,1
2,n07|n08,83,57.261464741857246,58.27423298123139,16,0.0006395568836136254,16,1.7788506426517827,0.00032461813765394254,2.4918441165933487,2.7916188820259293,1.0124436212364714,3.5046123559674953,1
2,n04|n09,84,58.50554247622465,58.20445856667732,16,0.0006316653359631026,16,3.022928377019184,1.2437531162297262,3.73592185096075,2.721844467471854,0.9426692066823961,3.43483794141342,1
2,n03|n12,85,41.819811601819424,55.287899190956885,16,0.0006423227508376842,16,13.662802497386053,15.441977758175483,12.949809023444459,0.19471490824855664,1.973890169038043,0.518278565692988,1
2,n10|n14,86,55.201275166703255,53.76291106411759,16,0.0006353006882634639,16,0.28133893250219444,2.060514193291681,0.43165454143935733,1.719703035087889,3.4988782958773186,1.0067095611462946,1
2,n12|n13,87,56.99595903661564,57.3431256650511,16,0.0006233182064075788,16,1.5133449374101744,0.2658303233793049,2.2263384113517404,1.8605115658456342,0.08133630505617617,2.5735050397872,1
2,n04|n16,88,55.098744076493375,53.08189919436818,16,0.0006335644168458324,16,0.38387002271207393,2.1630452835015603,0.32912345122947784,2.4007149048372867,4.179890165626716,1.687721430895749,1
2,n02|n06,89,52.79350346622979,53.303608338639464,16,0.0006189022997081964,16,2.6891106329756553,4.468285893765142,1.9761171590341178,2.1790057605659854,3.958181021355472,1.4660122866244478,1
2,n02|n04,90,55.78817824141717,56.503497781433275,16,0.0006280352168403012,16,0.3055641422117077,1.4736111185777645,1.0185576161532737,1.0208836822278116,0.7582915785616251,1.7338771561693775,1
2,n03|n06,91,56.411410354691384,56.10480323404544,16,0.000619382516330509,16,0.9287962554859206,0.8503790053035232,1.6417897294274866,0.622189134839978,1.1569861259494587,1.335182608781544,1
2,n02|n06,92,52.79350346622979,53.303608338639464,16,0.0006189022997081964,16,2.6891106329756553,4.468285893765142,1.9761171590341178,2.1790057605659854,3.958181021355472,1.4660122866244478,1
2,n02|n04,93,55.78817824141717,56.503497781433275,16,0.0006280352168403012,16,0.3055641422117077,1.4736111185777645,1.0185576161532737,1.0208836822278116,0.7582915785616251,1.7338771561693775,1
2,n08|n16,94,55.13437162174358,54.420046890858615,16,0.0006335644168458324,16,0.34824247746189485,2.1274177382513244,0.36475099647968534,1.0625672083468771,2.8417424691363067,0.3495737344052827,1
2,n08|n16,95,55.13437162174358,54.420046890858615,16,0.0006335644168458324,16,0.34824247746189485,2.1274177382513244,0.36475099647968534,1.0625672083468771,2.8417424691363067,0.3495737344052827,1
2,n14|n16,96,56.11304594684418,56.66734028099742,16,0.0006284632589129101,16,0.6304318476387181,1.1487434131507257,1.343425321580284,1.1847261817919588,0.5944490789975134,1.8977196557335247,1
2,n12|n13,97,56.99595903661564,57.3431256650511,16,0.0006233182064075788,16,1.5133449374101744,0.2658303233793049,2.2263384113517404,1.8605115658456342,0.08133630505617617,2.5735050397872,1
2,n06|n15,98,53.34677163050549,50.52184760928342,16,0.0006189022997081964,16,2.135842468699991,3.9150177294894206,1.4228489947583967,4.960766489922037,6.739941750711523,4.247773015980499,1
2,n06|n14,99,57.424482164097896,54.71526441035011,16,0.0006420852561995129,16,1.9418680648924322,0.16269280410297426,2.6548615388339982,0.7673496888553473,2.5465249496448337,0.05435621491380971,1
2,n11|n14,100,56.15398519691972,55.644422944694526,16,0.0006453407795626673,16,0.6713710977142568,1.1078041630752296,1.3843645716558228,0.1618088454890625,1.6173664153004097,0.8748023194306285,1
2,n02|n15,101,30.26230534679794,41.97480713925453,16,0.0006987870053925815,16,25.220308752407504,26.99948401319699,24.507315278465967,13.507806959950926,15.286982220740413,12.794813486009389,1
2,n05|n15,102,60.88966225036832,60.007979768883644,16,0.000652745742960095,16,5.407048151162854,3.6278728903733963,6.12004162510442,4.52536566967818,2.7461904088887223,5.238359143619746,1
2,n05|n10,103,61.94677953407321,61.47988144995309,16,0.0006133237903952439,16,6.464165434867745,4.684990174078287,7.177158908809311,5.997267350747627,4.218092089958169,6.710260824689193,1
2,n04|n09,104,58.50554247622465,58.20445856667732,16,0.0006316653359631026,16,3.022928377019184,1.2437531162297262,3.73592185096075,2.721844467471854,0.9426692066823961,3.43483794141342,1
2,n05|n12,105,66.89686946605664,66.94657842000717,16,0.0006869802300066725,16,11.41425536685118,9.635080106061721,12.127248840792745,11.463964320801708,9.68478906001225,12.176957794743274,1
2,n08|n12,106,56.818775596008884,56.48364298366647,16,0.0006335644168458324,16,1.3361614968034203,0.44301376398601633,2.0491549707449863,1.0010288844610074,0.7781463763284364,1.7140223584025733,1
2,n12|n15,107,55.22763555218136,54.9608035971465,16,0.0006198557650047688,16,0.25497854702410905,2.0341538078135386,0.45801492691746404,0.5218105020589405,2.300985762848427,0.19118297188260414,1
2,n09|n13,108,57.167086713689834,55.57936387711044,16,0.0006201673545747459,16,1.6844726144843705,0.09470264630510883,2.3974660884259364,0.09674977790497508,1.6824254828844687,0.8097432518465411,1
2,n01|n03,109,64.77088344077801,61.586051909815446,16,0.000619434705821066,16,9.288269341572544,7.509094080783086,10.00126281551411,6.103437810609982,4.324262549820524,6.816431284551548,1
2,n02|n13,110,37.0390550947379,38.234976086828006,16,0.0006737309968200605,16,18.443559004467545,20.22273426525703,17.730565530526007,17.24763801237748,19.02681327316691,16.534644538435884,1
2,n08|n11,111,55.81236804846083,55.85227697061462,16,0.0006313320054820346,16,0.3297539492553696,1.4494213115340813,1.0427474231969356,0.36966287140915455,1.4095123893803247,1.0826563453507205,1
2,n01|n16,112,69.56790744525908,70.64962791112404,16,0.0007776776147986343,16,14.085293346053618,12.30611808526416,14.798286819995184,15.16701381191858,13.387838551129121,15.880007285860145,1
2,n03|n06,113,56.411410354691384,56.10480323404544,16,0.000619382516330509,16,0.9287962554859206,0.8503790053035232,1.6417897294274866,0.622189134839978,1.1569861259494587,1.335182608781544,1
2,n03|n15,114,42.065494173410336,46.605069599633005,16,0.0006750142966104773,16,13.417119925795134,15.196295186584564,12.70412645185354,8.87754449957248,10.65671976036191,8.164551025630885,1
2,n03|n11,115,49.644953615947465,52.04059234080325,16,0.0006493520494611233,16,5.8376604832579915,7.616835744047478,5.124667009316454,3.442021758402234,5.2211970191916635,2.7290282844606395,1
2,n11|n12,116,57.968274142141865,58.01751078710883,16,0.000640654087525056,16,2.485660042936402,0.7064847821469442,3.198653516877968,2.5348966879033696,0.7557214271139117,3.2478901618449356,1
2,n13|n16,117,57.43710260214435,58.56219313263659,16,0.0006284632589129101,16,1.9544885029388865,0.17531324214942856,2.6674819768804525,3.0795790334311235,1.3004037726416655,3.7925725073726895,1
2,n12|n15,118,55.22763555218136,54.9608035971465,16,0.0006198557650047688,16,0.25497854702410905,2.0341538078135386,0.45801492691746404,0.5218105020589405,2.300985762848427,0.19118297188260414,1
2,n09|n14,119,62.90261528685352,59.42224174363965,16,0.0006217306758576954,16,7.4200011876480545,5.6408259268585965,8.13299466158962,3.9396276444341893,2.1604523836447314,4.652621118375755,1
2,n06|n09,120,52.66387243849658,53.142440104806504,16,0.0006165015241410745,16,2.818741660708895,4.597916921498324,2.1057481867673005,2.340173994398981,4.1193492551884106,1.6271805204573866,1
2,n04|n09,121,58.50554247622465,58.20445856667732,16,0.0006316653359631026,16,3.022928377019184,1.2437531162297262,3.73592185096075,2.721844467471854,0.9426692066823961,3.43483794141342,1
2,n03|n10,122,53.29973213267123,54.58058262924314,16,0.0006320105578780602,16,2.1828819665342394,3.962057227323669,1.469888492592645,0.90203146996231,2.6812067307517964,0.18903799602077243,1
2,n10|n14,123,55.201275166703255,53.76291106411759,16,0.0006353006882634639,16,0.28133893250219444,2.060514193291681,0.43165454143935733,1.719703035087889,3.4988782958773186,1.0067095611462946,1
2,n03|n13,124,43.520305576135506,45.989050990350854,16,0.0006706363573250893,16,11.962308523069964,13.741483783859394,11.24931504912837,9.49356310885463,11.27273836964406,8.780569634913036,1
2,n02|n14,125,46.73256043442144,44.691649068520086,16,0.0007238632214639294,16,8.750053664784048,10.529228925573477,8.037060190842453,10.790965030685356,12.570140291474843,10.077971556743819,1
2,n12|n15,126,55.22763555218136,54.9608035971465,16,0.0006198557650047688,16,0.25497854702410905,2.0341538078135386,0.45801492691746404,0.5218105020589405,2.300985762848427,0.19118297188260414,1
2,n04|n12,127,55.57998664790709,55.59346056599197,16,0.0006335644168458324,16,0.09737254870162815,1.6818027120878014,0.8103660226431941,0.110846466786505,1.6683287940029459,0.823839940728071,1
2,n07|n14,128,58.287331683255196,57.15066509364894,16,0.0006636771771060465,16,2.804717584049733,1.0255423232602752,3.517711057991299,1.668050994443476,0.11112426634599615,2.381044468385042,1
2,n07|n10,129,56.235101795117224,56.28375477567335,16,0.0006221467492637955,16,0.7524876959117606,1.0266875648777045,1.4654811698533265,0.8011406764678881,0.9780345843215628,1.514134150409454,1
2,n08|n11,130,55.81236804846083,55.85227697061462,16,0.0006313320054820346,16,0.3297539492553696,1.4494213115340813,1.0427474231969356,0.36966287140915455,1.4095123893803247,1.0826563453507205,1
2,n06|n11,131,56.10090303786662,55.76536004639134,16,0.0006109202543004696,16,0.6182889386611592,1.160886322128306,1.3312824126027252,0.2827459471858802,1.4964293136035849,0.9957394211274462,1
2,n03|n07,132,53.496073043973155,53.871742891259395,16,0.0006308962090804586,16,1.9865410552322942,3.7657163160217806,1.2735475812907566,1.6108712079460474,3.390046468735534,0.8978777340045099,1
2,n11|n12,133,57.968274142141865,58.01751078710883,16,0.000640654087525056,16,2.485660042936402,0.7064847821469442,3.198653516877968,2.5348966879033696,0.7557214271139117,3.2478901618449356,1
2,n03|n13,134,43.520305576135506,45.989050990350854,16,0.0006706363573250893,16,11.962308523069964,13.741483783859394,11.24931504912837,9.49356310885463,11.27273836964406,8.780569634913036,1
2,n12|n14,135,56.11321870016853,56.323878391392356,16,0.0006204214362192622,16,0.6306046009630677,1.1485706598264187,1.3435980749046337,0.8412642921868922,0.9379109686025799,1.5542577661284582,1
2,n01|n16,136,69.56790744525908,70.64962791112404,16,0.0007776776147986343,16,14.085293346053618,12.30611808526416,14.798286819995184,15.16701381191858,13.387838551129121,15.880007285860145,1
2,n04|n10,137,56.22046345681415,56.12207998252484,16,0.0006308401723984741,16,0.7378493576086882,1.041325903180791,1.4508428315502542,0.6394658833193745,1.1397093774700693,1.3524593572609405,1
2,n01|n15,138,56.95869668340587,57.05889470044954,16,0.0007033574994735261,16,1.4760825842004053,0.303092676589074,2.1890760581419713,1.576280601244079,0.2028946595453931,2.289274075185645,1
2,n02|n10,139,48.80099413984448,51.00388154759044,16,0.0006295991233954343,16,6.681619959361001,8.46079522015043,5.968626485419406,4.478732551615053,6.257907812404483,3.7657390776734587,1
2,n02|n05,140,51.7291464695835,52.19267025986496,16,0.0006189022997081964,16,3.75346762962198,5.5326428904114096,3.0404741556803856,3.2899438393404807,5.069119100129967,2.576950365398943,1
2,n03|n15,141,42.065494173410336,46.605069599633005,16,0.0006750142966104773,16,13.417119925795134,15.196295186584564,12.70412645185354,8.87754449957248,10.65671976036191,8.164551025630885,1
2,n05|n06,142,57.039484237328175,56.751704217109314,16,0.0006189022997081964,16,1.5568701381227115,0.2223051226667394,2.2698636120642774,1.2690901179038505,0.5100851428856004,1.9820835918454165,1
2,n05|n08,143,58.48771333917312,62.05946752287731,16,0.0006894430463072396,16,3.005099239967656,1.225923979178198,3.718092713909222,6.576853423671849,4.7976781628823915,7.289846897613415,1
2,n07|n13,144,53.79010883350437,53.77606110524487,16,0.0006614018317125589,16,1.6925052657010724,3.471680526490559,0.9795117917595348,1.7065529939605995,3.485728254750029,0.993559520019005,1
2,n09|n11,145,58.59634252738255,57.72655405367225,16,0.0006232103532319602,16,3.113728428177083,1.3345531673876252,3.826721902118649,2.2439399544667893,0.4647646936773313,2.9569334284083553,1
2,n04|n05,146,65.34315718833852,65.03727464818435,16,0.0006190838066859997,16,9.86054308913306,8.081367828343602,10.573536563074626,9.554660548978887,7.775485288189429,10.267654022920453,1
2,n08|n14,147,56.16627780850917,55.24992388155776,16,0.0006346320231253879,16,0.6836637093037083,1.0955115514857425,1.3966571832452743,0.2326902176477006,2.01186547843713,0.4803032562938654,1
2,n02|n16,148,52.355064362704205,51.47069044709063,16,0.0007451882143107761,16,3.127549736501237,4.906724997290723,2.4145562625596995,4.011923652114831,5.791098912904317,3.2989301781732365,1
2,n10|n11,149,55.391265993854994,55.05073311229619,16,0.0006338564750616584,16,0.09134810535044835,1.8705233661399348,0.6216453685910963,0.43188098690927745,2.211056247698707,0.28111248703229563,1
2,n01|n02,150,58.2338350989096,57.69471780385871,16,0.0006189022997081964,16,2.751220999704138,0.9720457389146802,3.464214473645704,2.212103704653245,0.43292844386378704,2.925097178594811,1
2,n07|n10,151,56.235101795117224,56.28375477567335,16,0.0006221467492637955,16,0.7524876959117606,1.0266875648777045,1.4654811698533265,0.8011406764678881,0.9780345843215628,1.514134150409454,1
2,n06|n10,152,55.869348893114704,56.20731695280784,16,0.0006153457178713834,16,0.38673479390924115,1.3924404668802026,1.0997282678508071,0.7247028536023734,1.0544724071870633,1.4376963275439394,1
2,n06|n12,153,58.419827463641234,60.53078586863046,16,0.0006215747214206656,16,2.9372133644357703,1.1580381036463123,3.6502068383773363,5.048171769424997,3.2689965086355386,5.7611652433665625,1
2,n02|n11,154,45.36089247240365,47.063811880413844,16,0.0006443949638112643,16,10.121721626801786,11.900896887591273,9.408728152860249,8.418802218791598,10.197977479581084,7.70580874485006,1
2,n09|n13,155,57.167086713689834,55.57936387711044,16,0.0006201673545747459,16,1.6844726144843705,0.09470264630510883,2.3974660884259364,0.09674977790497508,1.6824254828844687,0.8097432518465411,1
2,n07|n12,156,60.17124265057267,61.67193419860975,16,0.0006311356806253791,16,4.688628551367209,2.9094532905777513,5.401622025308775,6.189320099404284,4.410144838614826,6.90231357334585,1
2,n02|n04,157,55.78817824141717,56.503497781433275,16,0.0006280352168403012,16,0.3055641422117077,1.4736111185777645,1.0185576161532737,1.0208836822278116,0.7582915785616251,1.7338771561693775,1
2,n12|n16,158,53.52197622420104,53.665590482591824,16,0.0006335644168458324,16,1.9606378750044087,3.739813135793895,1.2476444010628711,1.8170236166136533,3.596198877403083,1.104030142672059,1
2,n05|n08,159,58.48771333917312,62.05946752287731,16,0.0006894430463072396,16,3.005099239967656,1.225923979178198,3.718092713909222,6.576853423671849,4.7976781628823915,7.289846897613415,1
2,n01|n06,160,65.30345433580486,59.564117840026796,16,0.0006170366084889883,16,9.820840236599395,8.041664975809937,10.53383371054096,4.081503740821333,2.302328480031875,4.794497214762899,1
2,n06|n08,161,54.52182292081976,57.34215720442711,16,0.0006579578742805994,16,0.9607911783857048,2.7399664391751912,0.24779770444411042,1.859543105221647,0.08036784443218892,2.572536579163213,1
2,n02|n16,162,52.355064362704205,51.47069044709063,16,0.0007451882143107761,16,3.127549736501237,4.906724997290723,2.4145562625596995,4.011923652114831,5.791098912904317,3.2989301781732365,1
2,n04|n11,163,55.29291096138441,55.02148424680267,16,0.0006173317415284368,16,0.18970313782108406,1.9688783986105136,0.5232903361205103,0.4611298524027916,2.240305113192221,0.2518636215387744,1
2,n03|n15,164,42.065494173410336,46.605069599633005,16,0.0006750142966104773,16,13.417119925795134,15.196295186584564,12.70412645185354,8.87754449957248,10.65671976036191,8.164551025630885,1
2,n10|n16,165,59.69005567055025,55.518671747556915,16,0.0006493860144706874,16,4.207441571344788,2.4282663105553297,4.920435045286354,0.03605764835145209,1.7431176124380272,0.7490511222930181,1
2,n02|n04,166,55.78817824141717,56.503497781433275,16,0.0006280352168403012,16,0.3055641422117077,1.4736111185777645,1.0185576161532737,1.0208836822278116,0.7582915785616251,1.7338771561693775,1
2,n03|n08,167,44.22564237123247,52.987551745836825,16,0.0006335644168458324,16,11.256971727972996,13.036146988762425,10.543978254031458,2.4950623533686667,4.274237614158096,1.7820688794270723,1
2,n05|n08,168,58.48771333917312,62.05946752287731,16,0.0006894430463072396,16,3.005099239967656,1.225923979178198,3.718092713909222,6.576853423671849,4.7976781628823915,7.289846897613415,1
2,n02|n13,169,37.0390550947379,38.234976086828006,16,0.0006737309968200605,16,18.443559004467545,20.22273426525703,17.730565530526007,17.24763801237748,19.02681327316691,16.534644538435884,1
2,n05|n14,170,66.6809698059661,61.393432158214715,16,0.0006410960166607239,16,11.198355706760637,9.419180445971179,11.911349180702203,5.910818059009252,4.131642798219794,6.623811532950818,1
2,n06|n14,171,57.424482164097896,54.71526441035011,16,0.0006420852561995129,16,1.9418680648924322,0.16269280410297426,2.6548615388339982,0.7673496888553473,2.5465249496448337,0.05435621491380971,1
2,n06|n07,172,55.25731304368183,54.81353143837094,16,0.0006215747214206656,16,0.2253010555236301,2.0044763163131165,0.48769241841793587,0.6690826608345333,2.448257921623963,0.043910813107039814,1
2,n13|n16,173,57.43710260214435,58.56219313263659,16,0.0006284632589129101,16,1.9544885029388865,0.17531324214942856,2.6674819768804525,3.0795790334311235,1.3004037726416655,3.7925725073726895,1
2,n11|n12,174,57.968274142141865,58.01751078710883,16,0.000640654087525056,16,2.485660042936402,0.7064847821469442,3.198653516877968,2.5348966879033696,0.7557214271139117,3.2478901618449356,1
2,n04|n07,175,57.812879335852465,57.897334443576966,16,0.0006277615641130927,16,2.3302652366470014,0.5510899758575434,3.0432587105885673,2.414720344371503,0.6355450835820449,3.127713818313069,1
2,n04|n12,176,55.57998664790709,55.59346056599197,16,0.0006335644168458324,16,0.09737254870162815,1.6818027120878014,0.8103660226431941,0.110846466786505,1.6683287940029459,0.823839940728071,1
2,n03|n05,177,59.09178834272857,58.34546602595691,16,0.0006142304350586804,16,3.609174243523107,1.829998982733649,4.322167717464673,2.8628519267514463,1.0836766659619883,3.5758454006930123,1
2,n14|n15,178,55.00594678902522,55.05145740998318,16,0.000624342204726412,16,0.47666731018023256,2.255842570969719,0.2363261637613192,0.43115668922229133,2.210331950011721,0.28183678471928175,1
2,n03|n16,179,60.69670283767797,54.47617842389381,16,0.0006826050811170388,16,5.214088738472505,3.434913477683047,5.927082212414071,1.00643567531165,2.7856109361010795,0.29344220137011234,1
2,n13|n16,180,57.43710260214435,58.56219313263659,16,0.0006284632589129101,16,1.9544885029388865,0.17531324214942856,2.6674819768804525,3.0795790334311235,1.3004037726416655,3.7925725073726895,1
2,n08|n09,181,58.34296179514063,58.8790576165053,16,0.0006457183056455634,16,2.860347695935168,1.0811724351457102,3.573341169876734,3.3964435172998364,1.6172682565103784,4.109436991241402,1
2,n05|n16,182,90.35379660437475,68.24016379818478,16,0.0007045322115220196,16,34.87118250516929,33.09200724437983,35.58417597911085,12.757549698979318,10.97837443818986,13.470543172920884,1
2,n02|n15,183,30.26230534679794,41.97480713925453,16,0.0006987870053925815,16,25.220308752407504,26.99948401319699,24.507315278465967,13.507806959950926,15.286982220740413,12.794813486009389,1
2,n05|n06,184,57.039484237328175,56.751704217109314,16,0.0006189022997081964,16,1.5568701381227115,0.2223051226667394,2.2698636120642774,1.2690901179038505,0.5100851428856004,1.9820835918454165,1
2,n12|n16,185,53.52197622420104,53.665590482591824,16,0.0006335644168458324,16,1.9606378750044087,3.739813135793895,1.2476444010628711,1.8170236166136533,3.596198877403083,1.104030142672059,1
2,n03|n04,186,55.967161997008475,56.92379155750287,16,0.0006335644168458324,16,0.48454789780301155,1.2946273629864322,1.1975413717445775,1.4411774582974033,0.3379978024920547,2.1541709322389693,1
2,n07|n11,187,56.33234328992642,56.432640034028076,16,0.0006403907700290577,16,0.8497291907209572,0.9294460700684795,1.5627226646625232,0.9500259348226123,0.8291493259668528,1.6630194087641783,1
2,n09|n10,188,56.575813032306506,56.39429306529424,16,0.0006217361995154971,16,1.0931989331010428,0.6859763276884223,1.8061924070426087,0.911678966088779,0.8674962947006861,1.624672440030345,1
2,n01|n16,189,69.56790744525908,70.64962791112404,16,0.0007776776147986343,16,14.085293346053618,12.30611808526416,14.798286819995184,15.16701381191858,13.387838551129121,15.880007285860145,1
2,n05|n07,190,59.47062553830427,58.50124368834315,16,0.0006215747214206656,16,3.9880114390988055,2.2088361783093475,4.7010049130403715,3.0186295891376886,1.2394543283482307,3.7316230630792546,1
2,n08|n09,191,58.34296179514063,58.8790576165053,16,0.0006457183056455634,16,2.860347695935168,1.0811724351457102,3.573341169876734,3.3964435172998364,1.6172682565103784,4.109436991241402,1
2,n07|n10,192,56.235101795117224,56.28375477567335,16,0.0006221467492637955,16,0.7524876959117606,1.0266875648777045,1.4654811698533265,0.8011406764678881,0.9780345843215628,1.514134150409454,1
2,n12|n16,193,53.52197622420104,53.665590482591824,16,0.0006335644168458324,16,1.9606378750044087,3.739813135793895,1.2476444010628711,1.8170236166136533,3.596198877403083,1.104030142672059,1
2,n08|n16,194,55.13437162174358,54.420046890858615,16,0.0006335644168458324,16,0.34824247746189485,2.1274177382513244,0.36475099647968534,1.0625672083468771,2.8417424691363067,0.3495737344052827,1
2,n07|n09,195,55.57992781441837,55.55268935661461,16,0.0006210378809696472,16,0.09731371521290555,1.6818615455765666,0.8103071891544715,0.07007525740914389,1.7091000033802857,0.7830687313507099,1
2,n02|n08,196,36.36615826708536,48.689259718767296,16,0.0006280352168403012,16,19.116455832120096,20.895631092909582,18.403462358178558,6.793354380438188,8.572529641227618,6.080360906496594,1
2,n04|n14,197,55.23936582860828,53.73621466882002,16,0.0006406230977169145,16,0.2432482705971779,2.0224235313866643,0.46974520334438097,1.746399430385452,3.5255746911748815,1.0334059564438576,1
2,n04|n11,198,55.29291096138441,55.02148424680267,16,0.0006173317415284368,16,0.18970313782108406,1.9688783986105136,0.5232903361205103,0.4611298524027916,2.240305113192221,0.2518636215387744,1
2,n01|n04,199,73.0931541053509,68.51808682454141,16,0.000619434705821066,16,17.610540006145442,15.831364745355984,18.323533480087008,13.03547272533595,11.256297464546492,13.748466199277516,1
2,n01|n10,200,66.04537420720972,59.75080267454023,16,0.0006195601248093065,16,10.562760108004255,8.783584847214797,11.275753581945821,4.268188575334769,2.4890133145453106,4.981182049276335,1
2,n12|n15,201,55.22763555218136,54.9608035971465,16,0.0006198557650047688,16,0.25497854702410905,2.0341538078135386,0.45801492691746404,0.5218105020589405,2.300985762848427,0.19118297188260414,1
2,n05|n14,202,66.6809698059661,61.393432158214715,16,0.0006410960166607239,16,11.198355706760637,9.419180445971179,11.911349180702203,5.910818059009252,4.131642798219794,6.623811532950818,1
2,n06|n15,203,53.34677163050549,50.52184760928342,16,0.0006189022997081964,16,2.135842468699991,3.9150177294894206,1.4228489947583967,4.960766489922037,6.739941750711523,4.247773015980499,1
2,n02|n07,204,47.36468385380281,49.02196823157531,16,0.0006234664650202484,16,8.117930245402647,9.897105506192133,7.404936771461109,6.460645867630149,8.239821128419635,5.747652393688611,1
2,n03|n08,205,44.22564237123247,52.987551745836825,16,0.0006335644168458324,16,11.256971727972996,13.036146988762425,10.543978254031458,2.4950623533686667,4.274237614158096,1.7820688794270723,1
2,n07|n16,206,68.68134282193044,62.821169672376946,16,0.0006423227508376842,16,13.19872872272498,11.419553461935521,13.911722196666545,7.338555573171483,5.559380312382025,8.051549047113049,1
2,n03|n11,207,49.644953615947465,52.04059234080325,16,0.0006493520494611233,16,5.8376604832579915,7.616835744047478,5.124667009316454,3.442021758402234,5.2211970191916635,2.7290282844606395,1
2,n10|n16,208,59.69005567055025,55.518671747556915,16,0.0006493860144706874,16,4.207441571344788,2.4282663105553297,4.920435045286354,0.03605764835145209,1.7431176124380272,0.7490511222930181,1
2,n04|n05,209,65.34315718833852,65.03727464818435,16,0.0006190838066859997,16,9.86054308913306,8.081367828343602,10.573536563074626,9.554660548978887,7.775485288189429,10.267654022920453,1
2,n12|n14,210,56.11321870016853,56.323878391392356,16,0.0006204214362192622,16,0.6306046009630677,1.1485706598264187,1.3435980749046337,0.8412642921868922,0.9379109686025799,1.5542577661284582,1
2,n02|n10,211,48.80099413984448,51.00388154759044,16,0.0006295991233954343,16,6.681619959361001,8.46079522015043,5.968626485419406,4.478732551615053,6.257907812404483,3.7657390776734587,1
2,n07|n13,212,53.79010883350437,53.77606110524487,16,0.0006614018317125589,16,1.6925052657010724,3.471680526490559,0.9795117917595348,1.7065529939605995,3.485728254750029,0.993559520019005,1
2,n14|n16,213,56.11304594684418,56.66734028099742,16,0.0006284632589129101,16,0.6304318476387181,1.1487434131507257,1.343425321580284,1.1847261817919588,0.5944490789975134,1.8977196557335247,1
2,n07|n12,214,60.17124265057267,61.67193419860975,16,0.0006311356806253791,16,4.688628551367209,2.9094532905777513,5.401622025308775,6.189320099404284,4.410144838614826,6.90231357334585,1
2,n02|n05,215,51.7291464695835,52.19267025986496,16,0.0006189022997081964,16,3.75346762962198,5.5326428904114096,3.0404741556803856,3.2899438393404807,5.069119100129967,2.576950365398943,1
2,n02|n06,216,52.79350346622979,53.303608338639464,16,0.0006189022997081964,16,2.6891106329756553,4.468285893765142,1.9761171590341178,2.1790057605659854,3.958181021355472,1.4660122866244478,1
2,n07|n09,217,55.57992781441837,55.55268935661461,16,0.0006210378809696472,16,0.09731371521290555,1.6818615455765666,0.8103071891544715,0.07007525740914389,1.7091000033802857,0.7830687313507099,1
2,n15|n16,218,57.43601354779606,57.41333623357009,16,0.0006278620503393954,16,1.953399448590595,0.17422418780113702,2.666392922532161,1.930722134364629,0.15154687357517105,2.643715608306195,1
2,n13|n16,219,57.43710260214435,58.56219313263659,16,0.0006284632589129101,16,1.9544885029388865,0.17531324214942856,2.6674819768804525,3.0795790334311235,1.3004037726416655,3.7925725073726895,1
2,n08|n16,220,55.13437162174358,54.420046890858615,16,0.0006335644168458324,16,0.34824247746189485,2.1274177382513244,0.36475099647968534,1.0625672083468771,2.8417424691363067,0.3495737344052827,1
2,n02|n04,221,55.78817824141717,56.503497781433275,16,0.0006280352168403012,16,0.3055641422117077,1.4736111185777645,1.0185576161532737,1.0208836822278116,0.7582915785616251,1.7338771561693775,1
2,n01|n02,222,58.2338350989096,57.69471780385871,16,0.0006189022997081964,16,2.751220999704138,0.9720457389146802,3.464214473645704,2.212103704653245,0.43292844386378704,2.925097178594811,1
2,n08|n12,223,56.818775596008884,56.48364298366647,16,0.0006335644168458324,16,1.3361614968034203,0.44301376398601633,2.0491549707449863,1.0010288844610074,0.7781463763284364,1.7140223584025733,1
2,n01|n02,224,58.2338350989096,57.69471780385871,16,0.0006189022997081964,16,2.751220999704138,0.9720457389146802,3.464214473645704,2.212103704653245,0.43292844386378704,2.925097178594811,1
2,n01|n12,225,57.450263981886565,63.189784551175556,16,0.0006734872649453221,16,1.9676498826811013,0.18847462189164332,2.6806433566226673,7.707170451970093,5.927995191180635,8.420163925911659,1
2,n04|n05,226,65.34315718833852,65.03727464818435,16,0.0006190838066859997,16,9.86054308913306,8.081367828343602,10.573536563074626,9.554660548978887,7.775485288189429,10.267654022920453,1
2,n01|n12,227,57.450263981886565,63.189784551175556,16,0.0006734872649453221,16,1.9676498826811013,0.18847462189164332,2.6806433566226673,7.707170451970093,5.927995191180635,8.420163925911659,1
2,n01|n03,228,64.77088344077801,61.586051909815446,16,0.000619434705821066,16,9.288269341572544,7.509094080783086,10.00126281551411,6.103437810609982,4.324262549820524,6.816431284551548,1
2,n06|n13,229,49.0964067770395,49.26979391807636,16,0.0006183959459757017,16,6.386207322165944,8.16538258295543,5.673213848224407,6.212820181129132,7.9919954419185615,5.4998267071875375,1
2,n03|n10,230,53.29973213267123,54.58058262924314,16,0.0006320105578780602,16,2.1828819665342394,3.962057227323669,1.469888492592645,0.90203146996231,2.6812067307517964,0.18903799602077243,1
2,n04|n09,231,58.50554247622465,58.20445856667732,16,0.0006316653359631026,16,3.022928377019184,1.2437531162297262,3.73592185096075,2.721844467471854,0.9426692066823961,3.43483794141342,1
2,n07|n16,232,68.68134282193044,62.821169672376946,16,0.0006423227508376842,16,13.19872872272498,11.419553461935521,13.911722196666545,7.338555573171483,5.559380312382025,8.051549047113049,1
2,n09|n13,233,57.167086713689834,55.57936387711044,16,0.0006201673545747459,16,1.6844726144843705,0.09470264630510883,2.3974660884259364,0.09674977790497508,1.6824254828844687,0.8097432518465411,1
2,n05|n14,234,66.6809698059661,61.393432158214715,16,0.0006410960166607239,16,11.198355706760637,9.419180445971179,11.911349180702203,5.910818059009252,4.131642798219794,6.623811532950818,1
2,n05|n13,235,55.1342050010608,53.415645415799595,16,0.0006201673545747459,16,0.34840909814465704,2.1275843589341434,0.36458437579690184,2.0669686834058894,3.846143944195319,1.353975209464295,1
2,n10|n11,236,55.391265993854994,55.05073311229619,16,0.0006338564750616584,16,0.09134810535044835,1.8705233661399348,0.6216453685910963,0.43188098690927745,2.211056247698707,0.28111248703229563,1
2,n07|n11,237,56.33234328992642,56.432640034028076,16,0.0006403907700290577,16,0.8497291907209572,0.9294460700684795,1.5627226646625232,0.9500259348226123,0.8291493259668528,1.6630194087641783,1
2,n02|n13,238,37.0390550947379,38.234976086828006,16,0.0006737309968200605,16,18.443559004467545,20.22273426525703,17.730565530526007,17.24763801237748,19.02681327316691,16.534644538435884,1
2,n11|n13,239,55.027358447259004,54.75825923928213,16,0.0006373145894822298,16,0.4552556519464588,2.2344309127358883,0.2577378219951072,0.7243548599233236,2.50353012071281,0.011361385981786043,1
2,n08|n10,240,54.920906867536175,55.52738003585914,16,0.0006468354769641803,16,0.5617072316692884,2.340882492458718,0.1512862422722776,0.04476593665367545,1.734409324135754,0.7577594105952414,1
2,n10|n14,241,55.201275166703255,53.76291106411759,16,0.0006353006882634639,16,0.28133893250219444,2.060514193291681,0.43165454143935733,1.719703035087889,3.4988782958773186,1.0067095611462946,1
2,n01|n02,242,58.2338350989096,57.69471780385871,16,0.0006189022997081964,16,2.751220999704138,0.9720457389146802,3.464214473645704,2.212103704653245,0.43292844386378704,2.925097178594811,1
2,n01|n15,243,56.95869668340587,57.05889470044954,16,0.0007033574994735261,16,1.4760825842004053,0.303092676589074,2.1890760581419713,1.576280601244079,0.2028946595453931,2.289274075185645,1
2,n04|n16,244,55.098744076493375,53.08189919436818,16,0.0006335644168458324,16,0.38387002271207393,2.1630452835015603,0.32912345122947784,2.4007149048372867,4.179890165626716,1.687721430895749,1
2,n01|n08,245,65.02439846113703,65.01819648831537,16,0.0006862999938918408,16,9.541784361931562,7.762609101142104,10.254777835873128,9.535582389109905,7.756407128320447,10.248575863051471,1
2,n01|n07,246,58.051628053832836,57.88075941335988,16,0.0006213152981317076,16,2.5690139546273727,0.7898386938379147,3.2820074285689387,2.3981453141544193,0.6189700533649614,3.1111387880959853,1
2,n01|n12,247,57.450263981886565,63.189784551175556,16,0.0006734872649453221,16,1.9676498826811013,0.18847462189164332,2.6806433566226673,7.707170451970093,5.927995191180635,8.420163925911659,1
2,n05|n15,248,60.88966225036832,60.007979768883644,16,0.000652745742960095,16,5.407048151162854,3.6278728903733963,6.12004162510442,4.52536566967818,2.7461904088887223,5.238359143619746,1
2,n04|n13,249,53.186093576110515,52.40499201735252,16,0.000626845373534847,16,2.296520523094955,4.075695783884385,1.5835270491533606,3.077622081852951,4.8567973426423805,2.3646286079113565,1
2,n09|n12,250,63.660275226091294,63.48313620535018,16,0.0006493860144706874,16,8.17766112688583,6.398485866096372,8.890654600827396,8.000522106144714,6.2213468453552565,8.71351558008628,1
2,n01|n08,251,65.02439846113703,65.01819648831537,16,0.0006862999938918408,16,9.541784361931562,7.762609101142104,10.254777835873128,9.535582389109905,7.756407128320447,10.248575863051471,1
2,n08|n13,252,55.322217263027184,54.765426941357454,16,0.0006276633804679635,16,0.16039683617827905,1.9395720969677086,0.5525966377632869,0.7171871578480022,2.4963624186374886,0.004193683906464685,1
2,n01|n05,253,51.51154107595713,52.288993300498646,16,0.0006172844143301334,16,3.971073023248323,5.750248284037809,3.2580795493067853,3.1936207987068315,4.972796059496261,2.480627324765237,1
2,n06|n11,254,56.10090303786662,55.76536004639134,16,0.0006109202543004696,16,0.6182889386611592,1.160886322128306,1.3312824126027252,0.2827459471858802,1.4964293136035849,0.9957394211274462,1
2,n12|n15,255,55.22763555218136,54.9608035971465,16,0.0006198557650047688,16,0.25497854702410905,2.0341538078135386,0.45801492691746404,0.5218105020589405,2.300985762848427,0.19118297188260414,1
2,n01|n06,256,65.30345433580486,59.564117840026796,16,0.0006170366084889883,16,9.820840236599395,8.041664975809937,10.53383371054096,4.081503740821333,2.302328480031875,4.794497214762899,1
2,n10|n13,257,51.69361851840568,51.53000166403301,16,0.0006251410417793742,16,3.788995580799792,5.568170841589222,3.0760021068581977,3.9526124351724548,5.731787695961884,3.239618961230917,1
2,n07|n15,258,54.49062308041641,54.26328017529437,16,0.0006463451527317472,16,0.991991018789065,2.7711662795784946,0.27899754484747064,1.2193339239111083,2.998509184700538,0.5063404499695139,1
2,n04|n09,259,58.50554247622465,58.20445856667732,16,0.0006316653359631026,16,3.022928377019184,1.2437531162297262,3.73592185096075,2.721844467471854,0.9426692066823961,3.43483794141342,1
2,n01|n06,260,65.30345433580486,59.564117840026796,16,0.0006170366084889883,16,9.820840236599395,8.041664975809937,10.53383371054096,4.081503740821333,2.302328480031875,4.794497214762899,1
2,n04|n06,261,59.120029002790325,59.18688371050234,16,0.0006215747214206656,16,3.6374149035848617,1.8582396427954038,4.350408377526428,3.70426961129688,1.9250943505074218,4.417263085238446,1
2,n13|n14,262,56.10672764043615,55.970952677460254,16,0.0006208764306357744,16,0.6241135412306846,1.1550617195587733,1.3371070151722506,0.48833857825479043,1.2908366825346889,1.2013320521963564,1
2,n10|n16,263,59.69005567055025,55.518671747556915,16,0.0006493860144706874,16,4.207441571344788,2.4282663105553297,4.920435045286354,0.03605764835145209,1.7431176124380272,0.7490511222930181,1
2,n03|n05,264,59.09178834272857,58.34546602595691,16,0.0006142304350586804,16,3.609174243523107,1.829998982733649,4.322167717464673,2.8628519267514463,1.0836766659619883,3.5758454006930123,1
2,n03|n08,265,44.22564237123247,52.987551745836825,16,0.0006335644168458324,16,11.256971727972996,13.036146988762425,10.543978254031458,2.4950623533686667,4.274237614158096,1.7820688794270723,1
2,n02|n03,266,55.58504864413497,55.07989643471308,16,0.0006234664650202484,16,0.10243454492950832,1.676740715859978,0.8154280188710743,0.40271766449239976,2.1818929252818293,0.31027580944918043,1
2,n09|n16,267,66.67379380580242,63.99055594516095,16,0.0006569493492403014,16,11.191179706596955,9.412004445807497,11.904173180538521,8.507941845955486,6.728766585166028,9.220935319897052,1
2,n02|n15,268,30.26230534679794,41.97480713925453,16,0.0006987870053925815,16,25.220308752407504,26.99948401319699,24.507315278465967,13.507806959950926,15.286982220740413,12.794813486009389,1
2,n13|n14,269,56.10672764043615,55.970952677460254,16,0.0006208764306357744,16,0.6241135412306846,1.1550617195587733,1.3371070151722506,0.48833857825479043,1.2908366825346889,1.2013320521963564,1
2,n10|n15,270,53.41469638595522,51.52986519129692,16,0.0006208641985342171,16,2.0679177132502673,3.847092974039697,1.354924239308673,3.9527489079085285,5.731924168698015,3.239755433966991,1
2,n02|n07,271,47.36468385380281,49.02196823157531,16,0.0006234664650202484,16,8.117930245402647,9.897105506192133,7.404936771461109,6.460645867630149,8.239821128419635,5.747652393688611,1
2,n10|n14,272,55.201275166703255,53.76291106411759,16,0.0006353006882634639,16,0.28133893250219444,2.060514193291681,0.43165454143935733,1.719703035087889,3.4988782958773186,1.0067095611462946,1
2,n05|n10,273,61.94677953407321,61.47988144995309,16,0.0006133237903952439,16,6.464165434867745,4.684990174078287,7.177158908809311,5.997267350747627,4.218092089958169,6.710260824689193,1
2,n12|n15,274,55.22763555218136,54.9608035971465,16,0.0006198557650047688,16,0.25497854702410905,2.0341538078135386,0.45801492691746404,0.5218105020589405,2.300985762848427,0.19118297188260414,1
2,n03|n06,275,56.411410354691384,56.10480323404544,16,0.000619382516330509,16,0.9287962554859206,0.8503790053035232,1.6417897294274866,0.622189134839978,1.1569861259494587,1.335182608781544,1
2,n06|n07,276,55.25731304368183,54.81353143837094,16,0.0006215747214206656,16,0.2253010555236301,2.0044763163131165,0.48769241841793587,0.6690826608345333,2.448257921623963,0.043910813107039814,1
2,n12|n15,277,55.22763555218136,54.9608035971465,16,0.0006198557650047688,16,0.25497854702410905,2.0341538078135386,0.45801492691746404,0.5218105020589405,2.300985762848427,0.19118297188260414,1
2,n12|n16,278,53.52197622420104,53.665590482591824,16,0.0006335644168458324,16,1.9606378750044087,3.739813135793895,1.2476444010628711,1.8170236166136533,3.596198877403083,1.104030142672059,1
2,n03|n06,279,56.411410354691384,56.10480323404544,16,0.000619382516330509,16,0.9287962554859206,0.8503790053035232,1.6417897294274866,0.622189134839978,1.1569861259494587,1.335182608781544,1
2,n08|n15,280,54.70565016144917,53.41520994122135,16,0.0006289956650257795,16,0.7769639377563067,2.5561391985457362,0.06397046381471228,2.0674041579841287,3.8465794187735582,1.3544106840425343,1
2,n07|n09,281,55.57992781441837,55.55268935661461,16,0.0006210378809696472,16,0.09731371521290555,1.6818615455765666,0.8103071891544715,0.07007525740914389,1.7091000033802857,0.7830687313507099,1
2,n01|n14,282,151.1752297118732,68.57666036858346,16,0.0007349651191668597,16,95.69261561266772,93.91344035187826,96.40560908660929,13.094046269377998,11.31487100858854,13.807039743319564,1
2,n03|n15,283,42.065494173410336,46.605069599633005,16,0.0006750142966104773,16,13.417119925795134,15.196295186584564,12.70412645185354,8.87754449957248,10.65671976036191,8.164551025630885,1
2,n01|n16,284,69.56790744525908,70.64962791112404,16,0.0007776776147986343,16,14.085293346053618,12.30611808526416,14.798286819995184,15.16701381191858,13.387838551129121,15.880007285860145,1
2,n01|n06,285,65.30345433580486,59.564117840026796,16,0.0006170366084889883,16,9.820840236599395,8.041664975809937,10.53383371054096,4.081503740821333,2.302328480031875,4.794497214762899,1
2,n10|n12,286,56.71096486959161,57.146816054656846,16,0.0006493860144706874,16,1.2283507703861503,0.550824490403329,1.9413442443277162,1.6642019554513823,0.11497330533808281,2.3771954293929483,1
2,n10|n14,287,55.201275166703255,53.76291106411759,16,0.0006353006882634639,16,0.28133893250219444,2.060514193291681,0.43165454143935733,1.719703035087889,3.4988782958773186,1.0067095611462946,1
2,n04|n06,288,59.120029002790325,59.18688371050234,16,0.0006215747214206656,16,3.6374149035848617,1.8582396427954038,4.350408377526428,3.70426961129688,1.9250943505074218,4.417263085238446,1
2,n10|n14,289,55.201275166703255,53.76291106411759,16,0.0006353006882634639,16,0.28133893250219444,2.060514193291681,0.43165454143935733,1.719703035087889,3.4988782958773186,1.0067095611462946,1
2,n07|n15,290,54.49062308041641,54.26328017529437,16,0.0006463451527317472,16,0.991991018789065,2.7711662795784946,0.27899754484747064,1.2193339239111083,2.998509184700538,0.5063404499695139,1
2,n07|n16,291,68.68134282193044,62.821169672376946,16,0.0006423227508376842,16,13.19872872272498,11.419553461935521,13.911722196666545,7.338555573171483,5.559380312382025,8.051549047113049,1
2,n06|n16,292,80.32887672016443,60.465470272691995,16,0.0006578276795121407,16,24.846262620958967,23.06708736016951,25.559256094900533,4.982856173486532,3.203680912697074,5.695849647428098,1
2,n08|n16,293,55.13437162174358,54.420046890858615,16,0.0006335644168458324,16,0.34824247746189485,2.1274177382513244,0.36475099647968534,1.0625672083468771,2.8417424691363067,0.3495737344052827,1
2,n04|n15,294,52.38937383697434,50.70854506896173,16,0.0006289956650257795,16,3.09324026223112,4.87241552302055,2.3802467882895826,4.774069030243709,6.553244291033195,4.061075556302171,1
2,n02|n14,295,46.73256043442144,44.691649068520086,16,0.0007238632214639294,16,8.750053664784048,10.529228925573477,8.037060190842453,10.790965030685356,12.570140291474843,10.077971556743819,1
2,n03|n11,296,49.644953615947465,52.04059234080325,16,0.0006493520494611233,16,5.8376604832579915,7.616835744047478,5.124667009316454,3.442021758402234,5.2211970191916635,2.7290282844606395,1
2,n04|n10,297,56.22046345681415,56.12207998252484,16,0.0006308401723984741,16,0.7378493576086882,1.041325903180791,1.4508428315502542,0.6394658833193745,1.1397093774700693,1.3524593572609405,1
2,n03|n08,298,44.22564237123247,52.987551745836825,16,0.0006335644168458324,16,11.256971727972996,13.036146988762425,10.543978254031458,2.4950623533686667,4.274237614158096,1.7820688794270723,1
2,n01|n08,299,65.02439846113703,65.01819648831537,16,0.0006862999938918408,16,9.541784361931562,7.762609101142104,10.254777835873128,9.535582389109905,7.756407128320447,10.248575863051471,1
2,n09|n12,300,63.660275226091294,63.48313620535018,16,0.0006493860144706874,16,8.17766112688583,6.398485866096372,8.890654600827396,8.000522106144714,6.2213468453552565,8.71351558008628,1
2,n03|n14,301,49.651100071730845,50.44732324350758,16,0.0006714646866606219,16,5.831514027474611,7.610689288264098,5.118520553533074,5.035290855697895,6.814466116487324,4.3222973817563,1
2,n02|n07,302,47.36468385380281,49.02196823157531,16,0.0006234664650202484,16,8.117930245402647,9.897105506192133,7.404936771461109,6.460645867630149,8.239821128419635,5.747652393688611,1
2,n05|n16,303,90.35379660437475,68.24016379818478,16,0.0007045322115220196,16,34.87118250516929,33.09200724437983,35.58417597911085,12.757549698979318,10.97837443818986,13.470543172920884,1
2,n10|n15,304,53.41469638595522,51.52986519129692,16,0.0006208641985342171,16,2.0679177132502673,3.847092974039697,1.354924239308673,3.9527489079085285,5.731924168698015,3.239755433966991,1
2,n01|n11,305,69.81970769725679,62.62020645051791,16,0.0006511779920325211,16,14.337093598051325,12.557918337261867,15.050087071992891,7.137592351312449,5.358417090522991,7.850585825254015,1
2,n10|n14,306,55.201275166703255,53.76291106411759,16,0.0006353006882634639,16,0.28133893250219444,2.060514193291681,0.43165454143935733,1.719703035087889,3.4988782958773186,1.0067095611462946,1
2,n10|n12,307,56.71096486959161,57.146816054656846,16,0.0006493860144706874,16,1.2283507703861503,0.550824490403329,1.9413442443277162,1.6642019554513823,0.11497330533808281,2.3771954293929483,1
2,n09|n12,308,63.660275226091294,63.48313620535018,16,0.0006493860144706874,16,8.17766112688583,6.398485866096372,8.890654600827396,8.000522106144714,6.2213468453552565,8.71351558008628,1
2,n03|n09,309,51.610552256544835,52.615803668673124,16,0.0006291035378413669,16,3.872061842660628,5.6512371034500575,3.1590683687190904,2.8668104305323254,4.645985691321812,2.153816956590788,1
2,n14|n15,310,55.00594678902522,55.05145740998318,16,0.000624342204726412,16,0.47666731018023256,2.255842570969719,0.2363261637613192,0.43115668922229133,2.210331950011721,0.28183678471928175,1
2,n01|n10,311,66.04537420720972,59.75080267454023,16,0.0006195601248093065,16,10.562760108004255,8.783584847214797,11.275753581945821,4.268188575334769,2.4890133145453106,4.981182049276335,1
2,n04|n09,312,58.50554247622465,58.20445856667732,16,0.0006316653359631026,16,3.022928377019184,1.2437531162297262,3.73592185096075,2.721844467471854,0.9426692066823961,3.43483794141342,1
2,n02|n05,313,51.7291464695835,52.19267025986496,16,0.0006189022997081964,16,3.75346762962198,5.5326428904114096,3.0404741556803856,3.2899438393404807,5.069119100129967,2.576950365398943,1
2,n12|n15,314,55.22763555218136,54.9608035971465,16,0.0006198557650047688,16,0.25497854702410905,2.0341538078135386,0.45801492691746404,0.5218105020589405,2.300985762848427,0.19118297188260414,1
2,n01|n02,315,58.2338350989096,57.69471780385871,16,0.0006189022997081964,16,2.751220999704138,0.9720457389146802,3.464214473645704,2.212103704653245,0.43292844386378704,2.925097178594811,1
2,n11|n16,316,81.80232477680046,60.64422817838966,16,0.0006423227508376842,16,26.319710677594998,24.54053541680554,27.032704151536564,5.161614079184197,3.382438818394739,5.874607553125763,1
2,n14|n15,317,55.00594678902522,55.05145740998318,16,0.000624342204726412,16,0.47666731018023256,2.255842570969719,0.2363261637613192,0.43115668922229133,2.210331950011721,0.28183678471928175,1
2,n09|n12,318,63.660275226091294,63.48313620535018,16,0.0006493860144706874,16,8.17766112688583,6.398485866096372,8.890654600827396,8.000522106144714,6.2213468453552565,8.71351558008628,1
2,n08|n11,319,55.81236804846083,55.85227697061462,16,0.0006313320054820346,16,0.3297539492553696,1.4494213115340813,1.0427474231969356,0.36966287140915455,1.4095123893803247,1.0826563453507205,1
2,n02|n14,320,46.73256043442144,44.691649068520086,16,0.0007238632214639294,16,8.750053664784048,10.529228925573477,8.037060190842453,10.790965030685356,12.570140291474843,10.077971556743819,1
2,n04|n08,321,54.87586479189836,55.063392434648215,16,0.0006310032234526704,16,0.6067493073070978,2.385924568096584,0.10624416663446112,0.41922166455725574,2.1983969253466853,0.29377180938431735,1
2,n06|n14,322,57.424482164097896,54.71526441035011,16,0.0006420852561995129,16,1.9418680648924322,0.16269280410297426,2.6548615388339982,0.7673496888553473,2.5465249496448337,0.05435621491380971,1
2,n01|n05,323,51.51154107595713,52.288993300498646,16,0.0006172844143301334,16,3.971073023248323,5.750248284037809,3.2580795493067853,3.1936207987068315,4.972796059496261,2.480627324765237,1
2,n12|n14,324,56.11321870016853,56.323878391392356,16,0.0006204214362192622,16,0.6306046009630677,1.1485706598264187,1.3435980749046337,0.8412642921868922,0.9379109686025799,1.5542577661284582,1
2,n07|n11,325,56.33234328992642,56.432640034028076,16,0.0006403907700290577,16,0.8497291907209572,0.9294460700684795,1.5627226646625232,0.9500259348226123,0.8291493259668528,1.6630194087641783,1
2,n07|n13,326,53.79010883350437,53.77606110524487,16,0.0006614018317125589,16,1.6925052657010724,3.471680526490559,0.9795117917595348,1.7065529939605995,3.485728254750029,0.993559520019005,1
2,n06|n08,327,54.52182292081976,57.34215720442711,16,0.0006579578742805994,16,0.9607911783857048,2.7399664391751912,0.24779770444411042,1.859543105221647,0.08036784443218892,2.572536579163213,1
2,n14|n16,328,56.11304594684418,56.66734028099742,16,0.0006284632589129101,16,0.6304318476387181,1.1487434131507257,1.343425321580284,1.1847261817919588,0.5944490789975134,1.8977196557335247,1
2,n07|n09,329,55.57992781441837,55.55268935661461,16,0.0006210378809696472,16,0.09731371521290555,1.6818615455765666,0.8103071891544715,0.07007525740914389,1.7091000033802857,0.7830687313507099,1
2,n07|n10,330,56.235101795117224,56.28375477567335,16,0.0006221467492637955,16,0.7524876959117606,1.0266875648777045,1.4654811698533265,0.8011406764678881,0.9780345843215628,1.514134150409454,1
2,n01|n11,331,69.81970769725679,62.62020645051791,16,0.0006511779920325211,16,14.337093598051325,12.557918337261867,15.050087071992891,7.137592351312449,5.358417090522991,7.850585825254015,1
2,n04|n06,332,59.120029002790325,59.18688371050234,16,0.0006215747214206656,16,3.6374149035848617,1.8582396427954038,4.350408377526428,3.70426961129688,1.9250943505074218,4.417263085238446,1
2,n01|n13,333,56.1429869473093,49.541238883702185,16,0.0006461089248547999,16,0.6603728481038402,1.1188024126856249,1.3733663220454062,5.941375215503285,7.720550476292715,5.228381741561691,1
2,n01|n09,334,55.8145157001892,52.209479832957996,16,0.000618549469196683,16,0.3319016009837341,1.4472736598057168,1.0448950749253,3.273134266247439,5.052309527036925,2.5601407923059014,1
2,n12|n16,335,53.52197622420104,53.665590482591824,16,0.0006335644168458324,16,1.9606378750044087,3.739813135793895,1.2476444010628711,1.8170236166136533,3.596198877403083,1.104030142672059,1
2,n10|n16,336,59.69005567055025,55.518671747556915,16,0.0006493860144706874,16,4.207441571344788,2.4282663105553297,4.920435045286354,0.03605764835145209,1.7431176124380272,0.7490511222930181,1
2,n13|n14,337,56.10672764043615,55.970952677460254,16,0.0006208764306357744,16,0.6241135412306846,1.1550617195587733,1.3371070151722506,0.48833857825479043,1.2908366825346889,1.2013320521963564,1
2,n07|n11,338,56.33234328992642,56.432640034028076,16,0.0006403907700290577,16,0.8497291907209572,0.9294460700684795,1.5627226646625232,0.9500259348226123,0.8291493259668528,1.6630194087641783,1
2,n07|n09,339,55.57992781441837,55.55268935661461,16,0.0006210378809696472,16,0.09731371521290555,1.6818615455765666,0.8103071891544715,0.07007525740914389,1.7091000033802857,0.7830687313507099,1
2,n12|n13,340,56.99595903661564,57.3431256650511,16,0.0006233182064075788,16,1.5133449374101744,0.2658303233793049,2.2263384113517404,1.8605115658456342,0.08133630505617617,2.5735050397872,1
2,n06|n11,341,56.10090303786662,55.76536004639134,16,0.0006109202543004696,16,0.6182889386611592,1.160886322128306,1.3312824126027252,0.2827459471858802,1.4964293136035849,0.9957394211274462,1
2,n02|n04,342,55.78817824141717,56.503497781433275,16,0.0006280352168403012,16,0.3055641422117077,1.4736111185777645,1.0185576161532737,1.0208836822278116,0.7582915785616251,1.7338771561693775,1
2,n03|n11,343,49.644953615947465,52.04059234080325,16,0.0006493520494611233,16,5.8376604832579915,7.616835744047478,5.124667009316454,3.442021758402234,5.2211970191916635,2.7290282844606395,1
2,n04|n05,344,65.34315718833852,65.03727464818435,16,0.0006190838066859997,16,9.86054308913306,8.081367828343602,10.573536563074626,9.554660548978887,7.775485288189429,10.267654022920453,1
2,n11|n16,345,81.80232477680046,60.64422817838966,16,0.0006423227508376842,16,26.319710677594998,24.54053541680554,27.032704151536564,5.161614079184197,3.382438818394739,5.874607553125763,1
2,n09|n12,346,63.660275226091294,63.48313620535018,16,0.0006493860144706874,16,8.17766112688583,6.398485866096372,8.890654600827396,8.000522106144714,6.2213468453552565,8.71351558008628,1
2,n02|n12,347,42.14824770702372,53.38907927642715,16,0.0006378234005135167,16,13.334366392181721,15.113541652971207,12.621372918240183,2.093534822778338,3.8727100835677675,1.3805413488367435,1
2,n09|n15,348,63.140154164927246,58.3152914885643,16,0.0006241691493752983,16,7.657540065721783,5.878364804932325,8.370533539663349,2.8326773893588353,1.0535021285693773,3.5456708633004013,1
2,n01|n15,349,56.95869668340587,57.05889470044954,16,0.0007033574994735261,16,1.4760825842004053,0.303092676589074,2.1890760581419713,1.576280601244079,0.2028946595453931,2.289274075185645,1
2,n04|n14,350,55.23936582860828,53.73621466882002,16,0.0006406230977169145,16,0.2432482705971779,2.0224235313866643,0.46974520334438097,1.746399430385452,3.5255746911748815,1.0334059564438576,1
2,n03|n15,351,42.065494173410336,46.605069599633005,16,0.0006750142966104773,16,13.417119925795134,15.196295186584564,12.70412645185354,8.87754449957248,10.65671976036191,8.164551025630885,1
2,n06|n07,352,55.25731304368183,54.81353143837094,16,0.0006215747214206656,16,0.2253010555236301,2.0044763163131165,0.48769241841793587,0.6690826608345333,2.448257921623963,0.043910813107039814,1
2,n09|n15,353,63.140154164927246,58.3152914885643,16,0.0006241691493752983,16,7.657540065721783,5.878364804932325,8.370533539663349,2.8326773893588353,1.0535021285693773,3.5456708633004013,1
2,n02|n12,354,42.14824770702372,53.38907927642715,16,0.0006378234005135167,16,13.334366392181721,15.113541652971207,12.621372918240183,2.093534822778338,3.8727100835677675,1.3805413488367435,1
2,n04|n15,355,52.38937383697434,50.70854506896173,16,0.0006289956650257795,16,3.09324026223112,4.87241552302055,2.3802467882895826,4.774069030243709,6.553244291033195,4.061075556302171,1
2,n09|n13,356,57.167086713689834,55.57936387711044,16,0.0006201673545747459,16,1.6844726144843705,0.09470264630510883,2.3974660884259364,0.09674977790497508,1.6824254828844687,0.8097432518465411,1
2,n11|n13,357,55.027358447259004,54.75825923928213,16,0.0006373145894822298,16,0.4552556519464588,2.2344309127358883,0.2577378219951072,0.7243548599233236,2.50353012071281,0.011361385981786043,1
2,n02|n07,358,47.36468385380281,49.02196823157531,16,0.0006234664650202484,16,8.117930245402647,9.897105506192133,7.404936771461109,6.460645867630149,8.239821128419635,5.747652393688611,1
2,n02|n04,359,55.78817824141717,56.503497781433275,16,0.0006280352168403012,16,0.3055641422117077,1.4736111185777645,1.0185576161532737,1.0208836822278116,0.7582915785616251,1.7338771561693775,1
2,n12|n13,360,56.99595903661564,57.3431256650511,16,0.0006233182064075788,16,1.5133449374101744,0.2658303233793049,2.2263384113517404,1.8605115658456342,0.08133630505617617,2.5735050397872,1
2,n06|n10,361,55.869348893114704,56.20731695280784,16,0.0006153457178713834,16,0.38673479390924115,1.3924404668802026,1.0997282678508071,0.7247028536023734,1.0544724071870633,1.4376963275439394,1
2,n09|n12,362,63.660275226091294,63.48313620535018,16,0.0006493860144706874,16,8.17766112688583,6.398485866096372,8.890654600827396,8.000522106144714,6.2213468453552565,8.71351558008628,1
2,n03|n15,363,42.065494173410336,46.605069599633005,16,0.0006750142966104773,16,13.417119925795134,15.196295186584564,12.70412645185354,8.87754449957248,10.65671976036191,8.164551025630885,1
2,n03|n12,364,41.819811601819424,55.287899190956885,16,0.0006423227508376842,16,13.662802497386053,15.441977758175483,12.949809023444459,0.19471490824855664,1.973890169038043,0.518278565692988,1
2,n05|n07,365,59.47062553830427,58.50124368834315,16,0.0006215747214206656,16,3.9880114390988055,2.2088361783093475,4.7010049130403715,3.0186295891376886,1.2394543283482307,3.7316230630792546,1
2,n05|n06,366,57.039484237328175,56.751704217109314,16,0.0006189022997081964,16,1.5568701381227115,0.2223051226667394,2.2698636120642774,1.2690901179038505,0.5100851428856004,1.9820835918454165,1
2,n03|n12,367,41.819811601819424,55.287899190956885,16,0.0006423227508376842,16,13.662802497386053,15.441977758175483,12.949809023444459,0.19471490824855664,1.973890169038043,0.518278565692988,1
2,n06|n13,368,49.0964067770395,49.26979391807636,16,0.0006183959459757017,16,6.386207322165944,8.16538258295543,5.673213848224407,6.212820181129132,7.9919954419185615,5.4998267071875375,1
2,n04|n07,369,57.812879335852465,57.897334443576966,16,0.0006277615641130927,16,2.3302652366470014,0.5510899758575434,3.0432587105885673,2.414720344371503,0.6355450835820449,3.127713818313069,1
2,n03|n16,370,60.69670283767797,54.47617842389381,16,0.0006826050811170388,16,5.214088738472505,3.434913477683047,5.927082212414071,1.00643567531165,2.7856109361010795,0.29344220137011234,1
2,n08|n15,371,54.70565016144917,53.41520994122135,16,0.0006289956650257795,16,0.7769639377563067,2.5561391985457362,0.06397046381471228,2.0674041579841287,3.8465794187735582,1.3544106840425343,1
2,n01|n03,372,64.77088344077801,61.586051909815446,16,0.000619434705821066,16,9.288269341572544,7.509094080783086,10.00126281551411,6.103437810609982,4.324262549820524,6.816431284551548,1
2,n05|n06,373,57.039484237328175,56.751704217109314,16,0.0006189022997081964,16,1.5568701381227115,0.2223051226667394,2.2698636120642774,1.2690901179038505,0.5100851428856004,1.9820835918454165,1
2,n03|n15,374,42.065494173410336,46.605069599633005,16,0.0006750142966104773,16,13.417119925795134,15.196295186584564,12.70412645185354,8.87754449957248,10.65671976036191,8.164551025630885,1
2,n03|n10,375,53.29973213267123,54.58058262924314,16,0.0006320105578780602,16,2.1828819665342394,3.962057227323669,1.469888492592645,0.90203146996231,2.6812067307517964,0.18903799602077243,1
2,n05|n13,376,55.1342050010608,53.415645415799595,16,0.0006201673545747459,16,0.34840909814465704,2.1275843589341434,0.36458437579690184,2.0669686834058894,3.846143944195319,1.353975209464295,1
2,n06|n10,377,55.869348893114704,56.20731695280784,16,0.0006153457178713834,16,0.38673479390924115,1.3924404668802026,1.0997282678508071,0.7247028536023734,1.0544724071870633,1.4376963275439394,1
2,n03|n05,378,59.09178834272857,58.34546602595691,16,0.0006142304350586804,16,3.609174243523107,1.829998982733649,4.322167717464673,2.8628519267514463,1.0836766659619883,3.5758454006930123,1
2,n10|n14,379,55.201275166703255,53.76291106411759,16,0.0006353006882634639,16,0.28133893250219444,2.060514193291681,0.43165454143935733,1.719703035087889,3.4988782958773186,1.0067095611462946,1
2,n05|n08,380,58.48771333917312,62.05946752287731,16,0.0006894430463072396,16,3.005099239967656,1.225923979178198,3.718092713909222,6.576853423671849,4.7976781628823915,7.289846897613415,1
2,n03|n04,381,55.967161997008475,56.92379155750287,16,0.0006335644168458324,16,0.48454789780301155,1.2946273629864322,1.1975413717445775,1.4411774582974033,0.3379978024920547,2.1541709322389693,1
2,n01|n05,382,51.51154107595713,52.288993300498646,16,0.0006172844143301334,16,3.971073023248323,5.750248284037809,3.2580795493067853,3.1936207987068315,4.972796059496261,2.480627324765237,1
2,n04|n08,383,54.87586479189836,55.063392434648215,16,0.0006310032234526704,16,0.6067493073070978,2.385924568096584,0.10624416663446112,0.41922166455725574,2.1983969253466853,0.29377180938431735,1
2,n08|n09,384,58.34296179514063,58.8790576165053,16,0.0006457183056455634,16,2.860347695935168,1.0811724351457102,3.573341169876734,3.3964435172998364,1.6172682565103784,4.109436991241402,1
2,n04|n08,385,54.87586479189836,55.063392434648215,16,0.0006310032234526704,16,0.6067493073070978,2.385924568096584,0.10624416663446112,0.41922166455725574,2.1983969253466853,0.29377180938431735,1
2,n05|n12,386,66.89686946605664,66.94657842000717,16,0.0006869802300066725,16,11.41425536685118,9.635080106061721,12.127248840792745,11.463964320801708,9.68478906001225,12.176957794743274,1
2,n02|n16,387,52.355064362704205,51.47069044709063,16,0.0007451882143107761,16,3.127549736501237,4.906724997290723,2.4145562625596995,4.011923652114831,5.791098912904317,3.2989301781732365,1
2,n10|n11,388,55.391265993854994,55.05073311229619,16,0.0006338564750616584,16,0.09134810535044835,1.8705233661399348,0.6216453685910963,0.43188098690927745,2.211056247698707,0.28111248703229563,1
2,n09|n10,389,56.575813032306506,56.39429306529424,16,0.0006217361995154971,16,1.0931989331010428,0.6859763276884223,1.8061924070426087,0.911678966088779,0.8674962947006861,1.624672440030345,1
2,n11|n16,390,81.80232477680046,60.64422817838966,16,0.0006423227508376842,16,26.319710677594998,24.54053541680554,27.032704151536564,5.161614079184197,3.382438818394739,5.874607553125763,1
2,n04|n12,391,55.57998664790709,55.59346056599197,16,0.0006335644168458324,16,0.09737254870162815,1.6818027120878014,0.8103660226431941,0.110846466786505,1.6683287940029459,0.823839940728071,1
2,n06|n16,392,80.32887672016443,60.465470272691995,16,0.0006578276795121407,16,24.846262620958967,23.06708736016951,25.559256094900533,4.982856173486532,3.203680912697074,5.695849647428098,1
2,n03|n05,393,59.09178834272857,58.34546602595691,16,0.0006142304350586804,16,3.609174243523107,1.829998982733649,4.322167717464673,2.8628519267514463,1.0836766659619883,3.5758454006930123,1
2,n07|n12,394,60.17124265057267,61.67193419860975,16,0.0006311356806253791,16,4.688628551367209,2.9094532905777513,5.401622025308775,6.189320099404284,4.410144838614826,6.90231357334585,1
2,n03|n12,395,41.819811601819424,55.287899190956885,16,0.0006423227508376842,16,13.662802497386053,15.441977758175483,12.949809023444459,0.19471490824855664,1.973890169038043,0.518278565692988,1
2,n02|n15,396,30.26230534679794,41.97480713925453,16,0.0006987870053925815,16,25.220308752407504,26.99948401319699,24.507315278465967,13.507806959950926,15.286982220740413,12.794813486009389,1
2,n02|n13,397,37.0390550947379,38.234976086828006,16,0.0006737309968200605,16,18.443559004467545,20.22273426525703,17.730565530526007,17.24763801237748,19.02681327316691,16.534644538435884,1
2,n08|n15,398,54.70565016144917,53.41520994122135,16,0.0006289956650257795,16,0.7769639377563067,2.5561391985457362,0.06397046381471228,2.0674041579841287,3.8465794187735582,1.3544106840425343,1
2,n04|n09,399,58.50554247622465,58.20445856667732,16,0.0006316653359631026,16,3.022928377019184,1.2437531162297262,3.73592185096075,2.721844467471854,0.9426692066823961,3.43483794141342,1
2,n01|n10,400,66.04537420720972,59.75080267454023,16,0.0006195601248093065,16,10.562760108004255,8.783584847214797,11.275753581945821,4.268188575334769,2.4890133145453106,4.981182049276335,1
2,n04|n12,401,55.57998664790709,55.59346056599197,16,0.0006335644168458324,16,0.09737254870162815,1.6818027120878014,0.8103660226431941,0.110846466786505,1.6683287940029459,0.823839940728071,1
2,n14|n16,402,56.11304594684418,56.66734028099742,16,0.0006284632589129101,16,0.6304318476387181,1.1487434131507257,1.343425321580284,1.1847261817919588,0.5944490789975134,1.8977196557335247,1
2,n01|n03,403,64.77088344077801,61.586051909815446,16,0.000619434705821066,16,9.288269341572544,7.509094080783086,10.00126281551411,6.103437810609982,4.324262549820524,6.816431284551548,1
2,n01|n08,404,65.02439846113703,65.01819648831537,16,0.0006862999938918408,16,9.541784361931562,7.762609101142104,10.254777835873128,9.535582389109905,7.756407128320447,10.248575863051471,1
2,n04|n08,405,54.87586479189836,55.063392434648215,16,0.0006310032234526704,16,0.6067493073070978,2.385924568096584,0.10624416663446112,0.41922166455725574,2.1983969253466853,0.29377180938431735,1
2,n09|n15,406,63.140154164927246,58.3152914885643,16,0.0006241691493752983,16,7.657540065721783,5.878364804932325,8.370533539663349,2.8326773893588353,1.0535021285693773,3.5456708633004013,1
2,n14|n16,407,56.11304594684418,56.66734028099742,16,0.0006284632589129101,16,0.6304318476387181,1.1487434131507257,1.343425321580284,1.1847261817919588,0.5944490789975134,1.8977196557335247,1
2,n08|n14,408,56.16627780850917,55.24992388155776,16,0.0006346320231253879,16,0.6836637093037083,1.0955115514857425,1.3966571832452743,0.2326902176477006,2.01186547843713,0.4803032562938654,1
2,n04|n16,409,55.098744076493375,53.08189919436818,16,0.0006335644168458324,16,0.38387002271207393,2.1630452835015603,0.32912345122947784,2.4007149048372867,4.179890165626716,1.687721430895749,1
2,n13|n16,410,57.43710260214435,58.56219313263659,16,0.0006284632589129101,16,1.9544885029388865,0.17531324214942856,2.6674819768804525,3.0795790334311235,1.3004037726416655,3.7925725073726895,1
2,n08|n12,411,56.818775596008884,56.48364298366647,16,0.0006335644168458324,16,1.3361614968034203,0.44301376398601633,2.0491549707449863,1.0010288844610074,0.7781463763284364,1.7140223584025733,1
2,n05|n08,412,58.48771333917312,62.05946752287731,16,0.0006894430463072396,16,3.005099239967656,1.225923979178198,3.718092713909222,6.576853423671849,4.7976781628823915,7.289846897613415,1
2,n09|n12,413,63.660275226091294,63.48313620535018,16,0.0006493860144706874,16,8.17766112688583,6.398485866096372,8.890654600827396,8.000522106144714,6.2213468453552565,8.71351558008628,1
2,n02|n11,414,45.36089247240365,47.063811880413844,16,0.0006443949638112643,16,10.121721626801786,11.900896887591273,9.408728152860249,8.418802218791598,10.197977479581084,7.70580874485006,1
2,n02|n10,415,48.80099413984448,51.00388154759044,16,0.0006295991233954343,16,6.681619959361001,8.46079522015043,5.968626485419406,4.478732551615053,6.257907812404483,3.7657390776734587,1
2,n01|n05,416,51.51154107595713,52.288993300498646,16,0.0006172844143301334,16,3.971073023248323,5.750248284037809,3.2580795493067853,3.1936207987068315,4.972796059496261,2.480627324765237,1
2,n04|n14,417,55.23936582860828,53.73621466882002,16,0.0006406230977169145,16,0.2432482705971779,2.0224235313866643,0.46974520334438097,1.746399430385452,3.5255746911748815,1.0334059564438576,1
2,n08|n10,418,54.920906867536175,55.52738003585914,16,0.0006468354769641803,16,0.5617072316692884,2.340882492458718,0.1512862422722776,0.04476593665367545,1.734409324135754,0.7577594105952414,1
2,n01|n12,419,57.450263981886565,63.189784551175556,16,0.0006734872649453221,16,1.9676498826811013,0.18847462189164332,2.6806433566226673,7.707170451970093,5.927995191180635,8.420163925911659,1
2,n02|n08,420,36.36615826708536,48.689259718767296,16,0.0006280352168403012,16,19.116455832120096,20.895631092909582,18.403462358178558,6.793354380438188,8.572529641227618,6.080360906496594,1
2,n01|n13,421,56.1429869473093,49.541238883702185,16,0.0006461089248547999,16,0.6603728481038402,1.1188024126856249,1.3733663220454062,5.941375215503285,7.720550476292715,5.228381741561691,1
2,n01|n15,422,56.95869668340587,57.05889470044954,16,0.0007033574994735261,16,1.4760825842004053,0.303092676589074,2.1890760581419713,1.576280601244079,0.2028946595453931,2.289274075185645,1
2,n03|n12,423,41.819811601819424,55.287899190956885,16,0.0006423227508376842,16,13.662802497386053,15.441977758175483,12.949809023444459,0.19471490824855664,1.973890169038043,0.518278565692988,1
2,n01|n10,424,66.04537420720972,59.75080267454023,16,0.0006195601248093065,16,10.562760108004255,8.783584847214797,11.275753581945821,4.268188575334769,2.4890133145453106,4.981182049276335,1
2,n04|n10,425,56.22046345681415,56.12207998252484,16,0.0006308401723984741,16,0.7378493576086882,1.041325903180791,1.4508428315502542,0.6394658833193745,1.1397093774700693,1.3524593572609405,1
2,n01|n11,426,69.81970769725679,62.62020645051791,16,0.0006511779920325211,16,14.337093598051325,12.557918337261867,15.050087071992891,7.137592351312449,5.358417090522991,7.850585825254015,1
2,n03|n14,427,49.651100071730845,50.44732324350758,16,0.0006714646866606219,16,5.831514027474611,7.610689288264098,5.118520553533074,5.035290855697895,6.814466116487324,4.3222973817563,1
2,n10|n11,428,55.391265993854994,55.05073311229619,16,0.0006338564750616584,16,0.09134810535044835,1.8705233661399348,0.6216453685910963,0.43188098690927745,2.211056247698707,0.28111248703229563,1
2,n03|n16,429,60.69670283767797,54.47617842389381,16,0.0006826050811170388,16,5.214088738472505,3.434913477683047,5.927082212414071,1.00643567531165,2.7856109361010795,0.29344220137011234,1
2,n14|n15,430,55.00594678902522,55.05145740998318,16,0.000624342204726412,16,0.47666731018023256,2.255842570969719,0.2363261637613192,0.43115668922229133,2.210331950011721,0.28183678471928175,1
2,n08|n14,431,56.16627780850917,55.24992388155776,16,0.0006346320231253879,16,0.6836637093037083,1.0955115514857425,1.3966571832452743,0.2326902176477006,2.01186547843713,0.4803032562938654,1
2,n10|n14,432,55.201275166703255,53.76291106411759,16,0.0006353006882634639,16,0.28133893250219444,2.060514193291681,0.43165454143935733,1.719703035087889,3.4988782958773186,1.0067095611462946,1
2,n05|n08,433,58.48771333917312,62.05946752287731,16,0.0006894430463072396,16,3.005099239967656,1.225923979178198,3.718092713909222,6.576853423671849,4.7976781628823915,7.289846897613415,1
2,n05|n09,434,55.971681657868494,56.13402939764541,16,0.0006161667916978763,16,0.48906755866303087,1.29010770212642,1.2020610326045968,0.6514152984399502,1.1277599623495007,1.3644087723815161,1
2,n04|n16,435,55.098744076493375,53.08189919436818,16,0.0006335644168458324,16,0.38387002271207393,2.1630452835015603,0.32912345122947784,2.4007149048372867,4.179890165626716,1.687721430895749,1
2,n02|n11,436,45.36089247240365,47.063811880413844,16,0.0006443949638112643,16,10.121721626801786,11.900896887591273,9.408728152860249,8.418802218791598,10.197977479581084,7.70580874485006,1
2,n06|n11,437,56.10090303786662,55.76536004639134,16,0.0006109202543004696,16,0.6182889386611592,1.160886322128306,1.3312824126027252,0.2827459471858802,1.4964293136035849,0.9957394211274462,1
2,n07|n12,438,60.17124265057267,61.67193419860975,16,0.0006311356806253791,16,4.688628551367209,2.9094532905777513,5.401622025308775,6.189320099404284,4.410144838614826,6.90231357334585,1
2,n03|n06,439,56.411410354691384,56.10480323404544,16,0.000619382516330509,16,0.9287962554859206,0.8503790053035232,1.6417897294274866,0.622189134839978,1.1569861259494587,1.335182608781544,1
2,n04|n15,440,52.38937383697434,50.70854506896173,16,0.0006289956650257795,16,3.09324026223112,4.87241552302055,2.3802467882895826,4.774069030243709,6.553244291033195,4.061075556302171,1
2,n01|n03,441,64.77088344077801,61.586051909815446,16,0.000619434705821066,16,9.288269341572544,7.509094080783086,10.00126281551411,6.103437810609982,4.324262549820524,6.816431284551548,1
2,n03|n11,442,49.644953615947465,52.04059234080325,16,0.0006493520494611233,16,5.8376604832579915,7.616835744047478,5.124667009316454,3.442021758402234,5.2211970191916635,2.7290282844606395,1
2,n03|n14,443,49.651100071730845,50.44732324350758,16,0.0006714646866606219,16,5.831514027474611,7.610689288264098,5.118520553533074,5.035290855697895,6.814466116487324,4.3222973817563,1
2,n08|n15,444,54.70565016144917,53.41520994122135,16,0.0006289956650257795,16,0.7769639377563067,2.5561391985457362,0.06397046381471228,2.0674041579841287,3.8465794187735582,1.3544106840425343,1
2,n02|n09,445,44.99021853129238,46.5436231446587,16,0.0006167780605976387,16,10.492395567913093,12.271570828702522,9.779402093971498,8.938990954546739,10.718166215336225,8.225997480605201,1
2,n01|n04,446,73.0931541053509,68.51808682454141,16,0.000619434705821066,16,17.610540006145442,15.831364745355984,18.323533480087008,13.03547272533595,11.256297464546492,13.748466199277516,1
2,n09|n10,447,56.575813032306506,56.39429306529424,16,0.0006217361995154971,16,1.0931989331010428,0.6859763276884223,1.8061924070426087,0.911678966088779,0.8674962947006861,1.624672440030345,1
2,n07|n14,448,58.287331683255196,57.15066509364894,16,0.0006636771771060465,16,2.804717584049733,1.0255423232602752,3.517711057991299,1.668050994443476,0.11112426634599615,2.381044468385042,1
2,n02|n12,449,42.14824770702372,53.38907927642715,16,0.0006378234005135167,16,13.334366392181721,15.113541652971207,12.621372918240183,2.093534822778338,3.8727100835677675,1.3805413488367435,1
2,n07|n15,450,54.49062308041641,54.26328017529437,16,0.0006463451527317472,16,0.991991018789065,2.7711662795784946,0.27899754484747064,1.2193339239111083,2.998509184700538,0.5063404499695139,1
2,n05|n09,451,55.971681657868494,56.13402939764541,16,0.0006161667916978763,16,0.48906755866303087,1.29010770212642,1.2020610326045968,0.6514152984399502,1.1277599623495007,1.3644087723815161,1
2,n06|n15,452,53.34677163050549,50.52184760928342,16,0.0006189022997081964,16,2.135842468699991,3.9150177294894206,1.4228489947583967,4.960766489922037,6.739941750711523,4.247773015980499,1
2,n01|n07,453,58.051628053832836,57.88075941335988,16,0.0006213152981317076,16,2.5690139546273727,0.7898386938379147,3.2820074285689387,2.3981453141544193,0.6189700533649614,3.1111387880959853,1
2,n09|n15,454,63.140154164927246,58.3152914885643,16,0.0006241691493752983,16,7.657540065721783,5.878364804932325,8.370533539663349,2.8326773893588353,1.0535021285693773,3.5456708633004013,1
2,n06|n12,455,58.419827463641234,60.53078586863046,16,0.0006215747214206656,16,2.9372133644357703,1.1580381036463123,3.6502068383773363,5.048171769424997,3.2689965086355386,5.7611652433665625,1
2,n10|n16,456,59.69005567055025,55.518671747556915,16,0.0006493860144706874,16,4.207441571344788,2.4282663105553297,4.920435045286354,0.03605764835145209,1.7431176124380272,0.7490511222930181,1
2,n13|n14,457,56.10672764043615,55.970952677460254,16,0.0006208764306357744,16,0.6241135412306846,1.1550617195587733,1.3371070151722506,0.48833857825479043,1.2908366825346889,1.2013320521963564,1
2,n06|n08,458,54.52182292081976,57.34215720442711,16,0.0006579578742805994,16,0.9607911783857048,2.7399664391751912,0.24779770444411042,1.859543105221647,0.08036784443218892,2.572536579163213,1
2,n15|n16,459,57.43601354779606,57.41333623357009,16,0.0006278620503393954,16,1.953399448590595,0.17422418780113702,2.666392922532161,1.930722134364629,0.15154687357517105,2.643715608306195,1
2,n06|n09,460,52.66387243849658,53.142440104806504,16,0.0006165015241410745,16,2.818741660708895,4.597916921498324,2.1057481867673005,2.340173994398981,4.1193492551884106,1.6271805204573866,1
2,n12|n14,461,56.11321870016853,56.323878391392356,16,0.0006204214362192622,16,0.6306046009630677,1.1485706598264187,1.3435980749046337,0.8412642921868922,0.9379109686025799,1.5542577661284582,1
2,n10|n14,462,55.201275166703255,53.76291106411759,16,0.0006353006882634639,16,0.28133893250219444,2.060514193291681,0.43165454143935733,1.719703035087889,3.4988782958773186,1.0067095611462946,1
2,n08|n09,463,58.34296179514063,58.8790576165053,16,0.0006457183056455634,16,2.860347695935168,1.0811724351457102,3.573341169876734,3.3964435172998364,1.6172682565103784,4.109436991241402,1
2,n07|n16,464,68.68134282193044,62.821169672376946,16,0.0006423227508376842,16,13.19872872272498,11.419553461935521,13.911722196666545,7.338555573171483,5.559380312382025,8.051549047113049,1
2,n06|n08,465,54.52182292081976,57.34215720442711,16,0.0006579578742805994,16,0.9607911783857048,2.7399664391751912,0.24779770444411042,1.859543105221647,0.08036784443218892,2.572536579163213,1
2,n03|n12,466,41.819811601819424,55.287899190956885,16,0.0006423227508376842,16,13.662802497386053,15.441977758175483,12.949809023444459,0.19471490824855664,1.973890169038043,0.518278565692988,1
2,n05|n16,467,90.35379660437475,68.24016379818478,16,0.0007045322115220196,16,34.87118250516929,33.09200724437983,35.58417597911085,12.757549698979318,10.97837443818986,13.470543172920884,1
2,n05|n11,468,62.958534107065375,60.6111688663617,16,0.0006187466350783123,16,7.475920007859912,5.696744747070454,8.188913481801478,5.128554767156238,3.3493795063667804,5.841548241097804,1
2,n13|n14,469,56.10672764043615,55.970952677460254,16,0.0006208764306357744,16,0.6241135412306846,1.1550617195587733,1.3371070151722506,0.48833857825479043,1.2908366825346889,1.2013320521963564,1
2,n13|n15,470,55.76731101449873,55.84783915808708,16,0.0006284632589129101,16,0.28469691529326724,1.4944783454961907,0.9976903892348332,0.36522505888162016,1.4139502019078236,1.0782185328231861,1
2,n07|n15,471,54.49062308041641,54.26328017529437,16,0.0006463451527317472,16,0.991991018789065,2.7711662795784946,0.27899754484747064,1.2193339239111083,2.998509184700538,0.5063404499695139,1
2,n01|n12,472,57.450263981886565,63.189784551175556,16,0.0006734872649453221,16,1.9676498826811013,0.18847462189164332,2.6806433566226673,7.707170451970093,5.927995191180635,8.420163925911659,1
2,n06|n11,473,56.10090303786662,55.76536004639134,16,0.0006109202543004696,16,0.6182889386611592,1.160886322128306,1.3312824126027252,0.2827459471858802,1.4964293136035849,0.9957394211274462,1
2,n12|n15,474,55.22763555218136,54.9608035971465,16,0.0006198557650047688,16,0.25497854702410905,2.0341538078135386,0.45801492691746404,0.5218105020589405,2.300985762848427,0.19118297188260414,1
2,n10|n15,475,53.41469638595522,51.52986519129692,16,0.0006208641985342171,16,2.0679177132502673,3.847092974039697,1.354924239308673,3.9527489079085285,5.731924168698015,3.239755433966991,1
2,n07|n08,476,57.261464741857246,58.27423298123139,16,0.0006395568836136254,16,1.7788506426517827,0.00032461813765394254,2.4918441165933487,2.7916188820259293,1.0124436212364714,3.5046123559674953,1
2,n03|n11,477,49.644953615947465,52.04059234080325,16,0.0006493520494611233,16,5.8376604832579915,7.616835744047478,5.124667009316454,3.442021758402234,5.2211970191916635,2.7290282844606395,1
2,n01|n13,478,56.1429869473093,49.541238883702185,16,0.0006461089248547999,16,0.6603728481038402,1.1188024126856249,1.3733663220454062,5.941375215503285,7.720550476292715,5.228381741561691,1
2,n02|n11,479,45.36089247240365,47.063811880413844,16,0.0006443949638112643,16,10.121721626801786,11.900896887591273,9.408728152860249,8.418802218791598,10.197977479581084,7.70580874485006,1
2,n01|n14,480,151.1752297118732,68.57666036858346,16,0.0007349651191668597,16,95.69261561266772,93.91344035187826,96.40560908660929,13.094046269377998,11.31487100858854,13.807039743319564,1
2,n08|n09,481,58.34296179514063,58.8790576165053,16,0.0006457183056455634,16,2.860347695935168,1.0811724351457102,3.573341169876734,3.3964435172998364,1.6172682565103784,4.109436991241402,1
2,n03|n12,482,41.819811601819424,55.287899190956885,16,0.0006423227508376842,16,13.662802497386053,15.441977758175483,12.949809023444459,0.19471490824855664,1.973890169038043,0.518278565692988,1
2,n07|n14,483,58.287331683255196,57.15066509364894,16,0.0006636771771060465,16,2.804717584049733,1.0255423232602752,3.517711057991299,1.668050994443476,0.11112426634599615,2.381044468385042,1
2,n01|n03,484,64.77088344077801,61.586051909815446,16,0.000619434705821066,16,9.288269341572544,7.509094080783086,10.00126281551411,6.103437810609982,4.324262549820524,6.816431284551548,1
2,n09|n16,485,66.67379380580242,63.99055594516095,16,0.0006569493492403014,16,11.191179706596955,9.412004445807497,11.904173180538521,8.507941845955486,6.728766585166028,9.220935319897052,1
2,n04|n06,486,59.120029002790325,59.18688371050234,16,0.0006215747214206656,16,3.6374149035848617,1.8582396427954038,4.350408377526428,3.70426961129688,1.9250943505074218,4.417263085238446,1
2,n04|n15,487,52.38937383697434,50.70854506896173,16,0.0006289956650257795,16,3.09324026223112,4.87241552302055,2.3802467882895826,4.774069030243709,6.553244291033195,4.061075556302171,1
2,n05|n08,488,58.48771333917312,62.05946752287731,16,0.0006894430463072396,16,3.005099239967656,1.225923979178198,3.718092713909222,6.576853423671849,4.7976781628823915,7.289846897613415,1
2,n10|n16,489,59.69005567055025,55.518671747556915,16,0.0006493860144706874,16,4.207441571344788,2.4282663105553297,4.920435045286354,0.03605764835145209,1.7431176124380272,0.7490511222930181,1
2,n04|n05,490,65.34315718833852,65.03727464818435,16,0.0006190838066859997,16,9.86054308913306,8.081367828343602,10.573536563074626,9.554660548978887,7.775485288189429,10.267654022920453,1
2,n04|n07,491,57.812879335852465,57.897334443576966,16,0.0006277615641130927,16,2.3302652366470014,0.5510899758575434,3.0432587105885673,2.414720344371503,0.6355450835820449,3.127713818313069,1
2,n01|n06,492,65.30345433580486,59.564117840026796,16,0.0006170366084889883,16,9.820840236599395,8.041664975809937,10.53383371054096,4.081503740821333,2.302328480031875,4.794497214762899,1
2,n08|n15,493,54.70565016144917,53.41520994122135,16,0.0006289956650257795,16,0.7769639377563067,2.5561391985457362,0.06397046381471228,2.0674041579841287,3.8465794187735582,1.3544106840425343,1
2,n03|n07,494,53.496073043973155,53.871742891259395,16,0.0006308962090804586,16,1.9865410552322942,3.7657163160217806,1.2735475812907566,1.6108712079460474,3.390046468735534,0.8978777340045099,1
2,n13|n14,495,56.10672764043615,55.970952677460254,16,0.0006208764306357744,16,0.6241135412306846,1.1550617195587733,1.3371070151722506,0.48833857825479043,1.2908366825346889,1.2013320521963564,1
2,n06|n09,496,52.66387243849658,53.142440104806504,16,0.0006165015241410745,16,2.818741660708895,4.597916921498324,2.1057481867673005,2.340173994398981,4.1193492551884106,1.6271805204573866,1
2,n03|n09,497,51.610552256544835,52.615803668673124,16,0.0006291035378413669,16,3.872061842660628,5.6512371034500575,3.1590683687190904,2.8668104305323254,4.645985691321812,2.153816956590788,1
2,n07|n13,498,53.79010883350437,53.77606110524487,16,0.0006614018317125589,16,1.6925052657010724,3.471680526490559,0.9795117917595348,1.7065529939605995,3.485728254750029,0.993559520019005,1
2,n08|n11,499,55.81236804846083,55.85227697061462,16,0.0006313320054820346,16,0.3297539492553696,1.4494213115340813,1.0427474231969356,0.36966287140915455,1.4095123893803247,1.0826563453507205,1
3,n05|n10|n15,0,58.93785775940867,59.38534927832995,16,0.0006585180034705156,16,3.455243660203209,1.6760683994137509,4.168237134144775,3.902735179124484,2.123559918335026,4.61572865306605,1
3,n02|n04|n08,1,34.436486297721636,54.549721604652945,16,0.0006280352168403012,16,21.046127801483806,22.825303062273292,20.33313432754227,0.9328924945525046,2.712067755341991,0.219899020610967,1
3,n06|n08|n14,2,55.948065697752114,55.055457331544574,16,0.0007266952691285553,16,0.4654515985466503,1.3137236622428077,1.1784450724882163,0.4271567676609038,2.2063320284503334,0.28583670628067637,1
3,n03|n04|n08,3,37.65552275210462,53.378474290192464,16,0.0006335644168458324,16,17.82709134710086,19.60626660789029,17.114097873159267,2.10413980901302,3.8833150698024497,1.3911463350714257,1
3,n06|n15|n16,4,51.588614016361966,53.067868741530376,16,0.0007221168554137731,16,3.8940000828434904,5.673175343632977,3.181006608901953,2.4147453576750877,4.193920618464517,1.7017518837335501,1
3,n02|n13|n14,5,38.19196923502048,38.39342064081378,16,0.0007237461771308002,16,17.29064486418497,19.069820124974456,16.57765139024343,17.089193458391662,18.86836871918115,16.376199984450125,1
3,n03|n07|n10,6,52.647023990824884,54.02525508137531,16,0.0006333062164761746,16,2.835590108380586,4.614765369170016,2.1225966344389917,1.4573590178301288,3.236534278619615,0.7443655438885912,1
3,n09|n11|n15,7,62.665613181010315,57.873701208708255,16,0.0006273367621782921,16,7.1829990818048515,5.4038238210153935,7.8959925557464175,2.3910871095027915,0.6119118487133335,3.1040805834443574,1
3,n08|n09|n12,8,63.905076675059654,63.73848103853977,16,0.0006493860144706874,16,8.42246257585419,6.6432873150647325,9.135456049795756,8.255866939334304,6.476691678544846,8.96886041327587,1
3,n06|n13|n16,9,67.73329921463356,57.294580023467645,16,0.0006741848541007508,16,12.250685115428098,10.47150985463864,12.963678589369664,1.8119659242621822,0.03279066347272419,2.524959398203748,1
3,n01|n04|n10,10,73.10052023931887,69.45399948448951,16,0.0006313004303161998,16,17.617906140113405,15.838730879323947,18.33089961405497,13.971385385284051,12.192210124494594,14.684378859225617,1
3,n09|n11|n15,11,62.665613181010315,57.873701208708255,16,0.0006273367621782921,16,7.1829990818048515,5.4038238210153935,7.8959925557464175,2.3910871095027915,0.6119118487133335,3.1040805834443574,1
3,n01|n11|n16,12,42.843936274124914,67.58513433058404,16,0.0007122184965136261,16,12.63867782508055,14.417853085869979,11.925684351139012,12.102520231378577,10.323344970589119,12.815513705320143,1
3,n03|n06|n16,13,61.94498130236625,56.88978346519462,16,0.0007639016302456203,16,6.462367203160788,4.68319194237133,7.175360677102354,1.407169365989155,0.37200589480028157,2.120162839930721,1
3,n03|n08|n11,14,40.73276974047512,50.64324354206479,16,0.0006399926511437995,16,14.749844358730343,16.529019619519772,14.036850884788805,4.839370557140683,6.618545817930112,4.126377083199088,1
3,n08|n09|n11,15,59.418932970807255,59.279395782354214,16,0.0006501409733850557,16,3.9363188716017916,2.1571436108123336,4.649312345543358,3.796781683148751,2.017606422359293,4.509775157090317,1
3,n04|n13|n14,16,54.08794899866111,52.43546539865141,16,0.0006382756737618618,16,1.39466510054433,3.1738403613338164,0.6816716266027925,3.0471487005540325,4.826323961343519,2.334155226612495,1
3,n02|n08|n12,17,39.22639985911216,53.180801514158745,16,0.0006405117769177667,16,16.2562142400933,18.03538950088273,15.543220766151762,2.3018125850467186,4.080987845836148,1.588819111105181,1
3,n06|n11|n16,18,80.0672572705753,60.44191313948156,16,0.0006575385608313107,16,24.584643171369834,22.805467910580376,25.2976366453114,4.959299040276093,3.1801237794866353,5.672292514217659,1
3,n06|n09|n11,19,55.734523094222894,55.49112409152128,16,0.0006045426681561499,16,0.25190899501743047,1.5272662657720275,0.9649024689589965,0.008509992315815396,1.7706652684736355,0.7215034662573814,1
3,n03|n04|n06,20,59.076343625247404,59.21767079346478,16,0.0006215747214206656,16,3.5937295260419404,1.8145542652524824,4.306722999983506,3.7350566942593133,1.9558814334698553,4.448050168200879,1
3,n06|n10|n16,21,77.84794994864771,60.90238821189963,16,0.0007003524609023688,16,22.365335849442246,20.58616058865279,23.078329323383812,5.419774112694164,3.6405988519047057,6.13276758663573,1
3,n07|n10|n16,22,80.30248455322024,63.9820592398799,16,0.0006927061874419538,16,24.819870454014776,23.040695193225318,25.532863927956342,8.499445140674439,6.720269879884981,9.212438614616005,1
3,n01|n04|n16,23,55.521483988570566,70.49794642174271,16,0.0007380973512617914,16,0.038869889365102495,1.7403053714243697,0.7518633633066685,15.015332322537247,13.23615706174779,15.728325796478813,1
3,n05|n10|n16,24,81.2230651545645,67.26953635119253,16,0.0006866744439820191,16,25.74045105535903,23.961275794569573,26.453444529300597,11.786922251987065,10.007746991197607,12.49991572592863,1
3,n04|n08|n12,25,55.81186723781023,55.78348307127622,16,0.0006335644168458324,16,0.3292531386047699,1.4499221221847165,1.0422466125463359,0.30086897207075936,1.478306288718727,1.0138624460123253,1
3,n07|n08|n14,26,58.87074038404348,58.15324965027073,16,0.0006901582446805442,16,3.388126284838016,1.608951024048558,4.101119758779582,2.670635551065267,0.8914602902758091,3.383629025006833,1
3,n03|n10|n13,27,43.43511256161788,45.784940796990135,16,0.0006709813093028713,16,12.047501537587607,13.826676798377036,11.334508063646012,9.697673302215321,11.476848563004808,8.984679828273784,1
3,n05|n07|n14,28,66.27074237452028,61.17569640125861,16,0.0006484365232880904,16,10.788128275314818,9.00895301452536,11.501121749256384,5.693082302053149,3.913907041263691,6.406075775994715,1
3,n05|n06|n11,29,60.21522975280449,59.22609937614844,16,0.0006263475977774946,16,4.7326156535990265,2.9534403928095685,5.4456091275405925,3.7434852769429767,1.9643100161535187,4.456478750884543,1
3,n04|n05|n12,30,68.07236286498512,68.1370372977219,16,0.0006844550781436697,16,12.58974876577966,10.810573504990202,13.302742239721226,12.65442319851644,10.875247937726982,13.367416672458006,1
3,n10|n12|n13,31,55.40576526581678,55.612191511858725,16,0.0006585465145705047,16,0.07684883338868076,1.8560240941781103,0.6361446405528852,0.12957741265326206,1.6495978481361817,0.842570886594828,1
3,n03|n10|n12,32,43.187454911071335,55.74815324489169,16,0.0006539881266541263,16,12.295159188134107,14.074334448923594,11.58216571419257,0.26553914568622616,1.5136361151032247,0.9785326196277921,1
3,n02|n15|n16,33,26.793624752690675,35.836410566863954,16,0.00091611185772953,16,28.688989346514802,30.46816460730423,27.975995872573208,19.64620353234153,21.42537879313096,18.933210058399936,1
3,n01|n05|n11,34,62.638831868728644,59.48867098977388,16,0.0006660144403936586,16,7.156217769523181,5.377042508733723,7.869211243464747,4.006056890568416,2.2268816297789584,4.719050364509982,1
3,n06|n07|n11,35,56.090697413105275,55.781985713629545,16,0.0006108210469929487,16,0.6080833138998116,1.1710919468896464,1.3210767878413776,0.2993716144240821,1.479803646365383,1.012365088365648,1
3,n03|n04|n16,36,75.2164720786894,55.23092390489496,16,0.0006739442035432789,16,19.733857979483943,17.954682718694485,20.44685145342551,0.25169019431052675,2.0308654550999563,0.46130327963106055,1
3,n03|n04|n08,37,37.65552275210462,53.378474290192464,16,0.0006335644168458324,16,17.82709134710086,19.60626660789029,17.114097873159267,2.10413980901302,3.8833150698024497,1.3911463350714257,1
3,n06|n10|n13,38,49.2877833641113,49.44635333458282,16,0.0006180324829170844,16,6.194830735094172,7.974005995883601,5.481837261152577,6.036260764622625,7.815436025412112,5.323267290681088,1
3,n06|n07|n09,39,53.117781455463096,53.26617664368699,16,0.0006134605184705101,16,2.364832643742375,4.144007904531804,1.6518391698007804,2.2164374555184736,3.99561271630796,1.5034439815768792,1
3,n06|n11|n14,40,56.447952918228786,54.12642082338354,16,0.0006163787819459259,16,0.965338819023323,0.8138364417661137,1.678332292964889,1.3561932758219086,3.135368536611395,0.6431998018803711,1
3,n04|n06|n12,41,58.41149661355077,60.23987543265034,16,0.0006269512111585168,16,2.928882514345304,1.149707253555846,3.64187598828687,4.757261333444873,2.9780860726554153,5.470254807386439,1
3,n01|n10|n11,42,69.58700451069593,63.52558144413207,16,0.0006457660961047173,16,14.10439041149047,12.325215150701013,14.817383885432037,8.042967344926609,6.263792084137151,8.755960818868175,1
3,n03|n12|n15,43,35.33559700913376,48.68531342076267,16,0.0006803939511091459,16,20.1470170900717,21.926192350861186,19.434023616130162,6.797300678442809,8.576475939232239,6.084307204501215,1
3,n05|n10|n16,44,81.2230651545645,67.26953635119253,16,0.0006866744439820191,16,25.74045105535903,23.961275794569573,26.453444529300597,11.786922251987065,10.007746991197607,12.49991572592863,1
3,n02|n03|n11,45,45.66521281158036,47.778476593321976,16,0.000657375566851143,16,9.817401287625103,11.596576548414532,9.104407813683565,7.704137505883466,9.483312766672952,6.9911440319419285,1
3,n03|n04|n15,46,42.51295041561539,46.4587394592018,16,0.0006737316636605021,16,12.969663683590056,14.748838944379543,12.256670209648519,9.023874640003669,10.803049900793098,8.310881166062074,1
3,n01|n04|n10,47,73.10052023931887,69.45399948448951,16,0.0006313004303161998,16,17.617906140113405,15.838730879323947,18.33089961405497,13.971385385284051,12.192210124494594,14.684378859225617,1
3,n06|n09|n15,48,54.41321997033427,54.182914287666485,16,0.0006638515831263157,16,1.0693941288711812,2.8485693896606676,0.3564006549296437,1.2996998115389715,3.078875072328458,0.586706337597434,1
3,n04|n12|n15,49,53.306923886196174,51.966352102141116,16,0.0006384932775699414,16,2.1756902130092612,3.9548654737987476,1.4626967390677237,3.516261997064362,5.295437257853791,2.8032685231227674,1
3,n05|n07|n10,50,62.44036363963546,61.50557813019112,16,0.0005960025218282748,16,6.957749540429994,5.178574279640536,7.67074301437156,6.022964030985655,4.243788770196197,6.735957504927221,1
3,n03|n12|n16,51,45.95031669073119,55.94655134540074,16,0.0007261811075201616,16,9.532297408474278,11.311472669263708,8.819303934532684,0.4639372461952789,1.315238014594172,1.1769307201368449,1
3,n06|n08|n12,52,58.38984283991096,60.404657248667384,16,0.00067439839009605,16,2.9072287407054986,1.1280534799160407,3.6202222146470646,4.922043149461921,3.1428678886724626,5.6350366234034865,1
3,n09|n13|n15,53,65.00503736698285,57.905041267533626,16,0.0006493860144706874,16,9.522423267777384,7.743248006987926,10.23541674171895,2.422427168328163,0.6432519075387049,3.135420642269729,1
3,n02|n03|n14,54,67.88581133505046,47.785088057418314,16,0.0007560643991938503,16,12.403197235845,10.624021975055541,13.116190709786565,7.697526041787171,9.4767013025766,6.9845325678455765,1
3,n03|n13|n14,55,42.749354762231505,46.82853982576357,16,0.0006767428368365793,16,12.733259336973958,14.512434597763445,12.020265863032364,8.654074273441893,10.433249534231322,7.941080799500355,1
3,n04|n09|n12,56,62.1053439995454,62.259168144073925,16,0.0006487867973935066,16,6.622729900339934,4.843554639550476,7.3357233742815,6.776554044868462,4.997378784079004,7.489547518810028,1
3,n06|n13|n14,57,51.04090911610624,49.188972883925146,16,0.0006406139997987344,16,4.441704983099214,6.2208802438887005,3.7287115091576766,6.293641215280331,8.072816476069761,5.580647741338737,1
3,n03|n05|n08,58,52.24186256519822,61.480084028963795,16,0.0006465789869932663,16,3.240751534007245,5.019926794796675,2.5277580600657075,5.997469929758331,4.218294668968873,6.710463403699897,1
3,n01|n11|n16,59,42.843936274124914,67.58513433058404,16,0.0007122184965136261,16,12.63867782508055,14.417853085869979,11.925684351139012,12.102520231378577,10.323344970589119,12.815513705320143,1
3,n02|n03|n15,60,29.36104626169075,39.93287058359816,16,0.0007882975861141497,16,26.121567837514704,27.90074309830419,25.408574363573166,15.549743515607304,17.32891877639679,14.83675004166571,1
3,n04|n14|n16,61,55.456127887782245,53.46184449746178,16,0.0006297564325056714,16,0.02648621142321872,1.8056614722127051,0.6865072625183473,2.020769601743666,3.7999448625331524,1.3077761278021285,1
3,n08|n12|n15,62,55.365060257885425,54.224843185559976,16,0.0006289956650257795,16,0.11755384132004565,1.8967291021094752,0.5954396326215274,1.2577709136454587,3.036946174434945,0.5447774397039211,1
3,n03|n08|n10,63,44.100205701795296,52.9321762398291,16,0.0006382519300882383,16,11.382408397410188,13.161583658199618,10.669414923468594,2.550437859376359,4.329613120165845,1.8374443854348215,1
3,n03|n08|n12,64,37.70994958882412,55.23593547604298,16,0.0006423227508376842,16,17.772664510381333,19.55183977117082,17.059671036439795,0.24667862316249511,2.0258538839519247,0.4663148507790851,1
3,n02|n05|n13,65,41.41867429661759,41.748751588658784,16,0.000730385477618199,16,14.063939802587868,15.843115063377354,13.35094632864633,13.733862510546658,15.513037771336144,13.02086903660512,1
3,n03|n04|n06,66,59.076343625247404,59.21767079346478,16,0.0006215747214206656,16,3.5937295260419404,1.8145542652524824,4.306722999983506,3.7350566942593133,1.9558814334698553,4.448050168200879,1
3,n01|n05|n13,67,55.4463874964944,50.351557823267434,16,0.0006230735569056857,16,0.0362266027110536,1.81540186350054,0.6767668712305053,5.131056275938022,6.910231536727508,4.418062801996484,1
3,n04|n13|n14,68,54.08794899866111,52.43546539865141,16,0.0006382756737618618,16,1.39466510054433,3.1738403613338164,0.6816716266027925,3.0471487005540325,4.826323961343519,2.334155226612495,1
3,n01|n04|n13,69,57.79479806025465,55.991141066011714,16,0.0006744098284029471,16,2.312183961049186,0.5330087002597281,3.025177434990752,0.5085269668062509,1.2706482939831858,1.2215204407478168,1
3,n05|n10|n12,70,66.89996447562086,66.95123318418119,16,0.0006869348197833746,16,11.4173503764154,9.638175115625941,12.130343850356965,11.468619084975728,9.68944382418627,12.181612558917294,1
3,n01|n02|n04,71,59.69305563569967,63.286414076654395,16,0.0006280352168403012,16,4.2104415364942085,2.4312662757047505,4.9234350104357745,7.803799977448932,6.024624716659474,8.516793451390498,1
3,n07|n08|n13,72,55.57922245895003,55.64232747904196,16,0.000668910202061854,16,0.09660835974456461,1.6825669010448792,0.8096018336861306,0.15971337983649647,1.6194618809529402,0.8727068537780625,1
3,n05|n06|n07,73,58.65362717876586,57.712085122113756,16,0.0006238302659071012,16,3.171013079560396,1.391837818770938,3.884006553501962,2.2294710229082924,0.4502957621188344,2.9424644968498583,1
3,n05|n09|n10,74,60.57314746639977,60.15264711712929,16,0.0006113979686605727,16,5.090533367194304,3.311358106404846,5.80352684113587,4.670033017923828,2.89085775713437,5.383026491865394,1
3,n01|n02|n11,75,43.03972715515581,47.60013225214589,16,0.000669005873238186,16,12.442886944049633,14.22206220483912,11.729893470108095,7.88248184705958,9.66165710784901,7.169488373117986,1
3,n11|n12|n13,76,57.903318639272904,57.924024143880274,16,0.0006414590821052786,16,2.4207045400674403,0.6415292792779823,3.1336980140090063,2.441410044674811,0.6622347838853528,3.154403518616377,1
3,n07|n11|n15,77,54.37886807621552,54.115162761275485,16,0.0006472410424834744,16,1.1037460229899239,2.8829212837794103,0.3907525490483863,1.3674513379299924,3.146626598719422,0.654457863988398,1
3,n02|n04|n12,78,46.46948512464468,55.7943357080124,16,0.0006421753958162253,16,9.0131289745608,10.79230423535023,8.300135500619206,0.3117216088069341,1.4674536519825097,1.0247150827485,1
3,n04|n13|n14,79,54.08794899866111,52.43546539865141,16,0.0006382756737618618,16,1.39466510054433,3.1738403613338164,0.6816716266027925,3.0471487005540325,4.826323961343519,2.334155226612495,1
3,n02|n06|n13,80,38.901626894765236,39.067112212317745,16,0.0006664336613561661,16,16.580987204440248,18.360162465229678,15.867993730498654,16.41550188688774,18.19467714767717,15.702508412946145,1
3,n02|n06|n13,81,38.901626894765236,39.067112212317745,16,0.0006664336613561661,16,16.580987204440248,18.360162465229678,15.867993730498654,16.41550188688774,18.19467714767717,15.702508412946145,1
3,n03|n11|n16,82,71.43097682106846,55.859934441259604,16,0.0006742787865746988,16,15.948362721862992,14.169187461073534,16.661356195804558,0.37732034205414067,1.401854918735296,1.0903138159957066,1
3,n09|n10|n11,83,57.971583433043214,57.09604028112171,16,0.0006249944548502287,16,2.488969333837751,0.7097940730482932,3.201962807779317,1.613426181916246,0.16574907887320478,2.326419655857812,1
3,n05|n09|n13,84,55.12779860113246,53.40729654994337,16,0.0006201673545747459,16,0.3548154980729805,2.133990758862467,0.35817797586856415,2.0753175492620812,3.8544928100515676,1.3623240753205437,1
3,n05|n08|n10,85,60.500792963411605,63.143187803515666,16,0.000685731711043653,16,5.018178864206142,3.239003603416684,5.731172338147708,7.6605737043102025,5.8813984435207445,8.373567178251768,1
3,n03|n05|n12,86,56.76107892787516,63.78307263528351,16,0.0007140044385758964,16,1.2784648286696978,0.5007104321197744,1.9914583026112638,8.300458536078047,6.521283275288589,9.013452010019613,1
3,n02|n06|n16,87,67.4478972548541,57.13046363309579,15,0.0010846923839946496,16,11.965283155648635,10.186107894859177,12.6782766295902,1.64784953389033,0.13132572689914923,2.360843007831896,1
3,n02|n13|n15,88,33.01096932024078,35.718926050735845,16,0.0007470399856347447,16,22.471644778964674,24.25082003975416,21.758651305023136,19.76368804846959,21.542863309259076,19.050694574528052,1
3,n02|n04|n14,89,44.34755777238902,50.07420389415647,16,0.0007125775472198049,16,11.135056326816425,12.914231587605911,10.422062852874888,5.408410205048995,7.187585465838424,4.695416731107457,1
3,n02|n09|n15,90,30.21966569455335,41.88528540642661,16,0.000697665388114244,16,25.262948404652093,27.04212366544158,24.549954930710555,13.59732869277883,15.376503953568317,12.884335218837293,1
3,n08|n13|n14,91,55.92450489655661,54.94592639649266,16,0.0006337282296156608,16,0.44189079735114944,1.3372844634383227,1.1548842712927154,0.5366877027128112,2.3158629635022407,0.1763057712287619,1
3,n09|n11|n14,92,63.2967285237802,59.6994642177145,16,0.0006247697135839676,16,7.81411442457474,6.034939163785282,8.527107898516306,4.216850118509036,2.4376748577195784,4.929843592450602,1
3,n02|n03|n12,93,40.53697416519397,49.57053668877505,16,0.0006841563300340192,16,14.945639934011524,16.724815194800954,14.23264646006993,5.912077410430413,7.6912526712199,5.199083936488819,1
3,n01|n03|n05,94,63.39829968454664,59.99715440806859,16,0.0006167780605976387,16,7.91568558534118,6.136510324551722,8.628679059282746,4.5145403088631255,2.7353650480736675,5.2275337828046915,1
3,n02|n04|n09,95,50.528963327676394,51.820497058271386,16,0.0006185610439174423,16,4.953650771529055,6.732826032318542,4.240657297587518,3.6621170409340493,5.441292301723536,2.9491235669925118,1
3,n04|n14|n16,96,55.456127887782245,53.46184449746178,16,0.0006297564325056714,16,0.02648621142321872,1.8056614722127051,0.6865072625183473,2.020769601743666,3.7999448625331524,1.3077761278021285,1
3,n06|n10|n11,97,56.004121199403905,55.92439713713433,16,0.0006030226293076077,16,0.5215071001984413,1.257668160591038,1.2345005741400072,0.44178303792886453,1.3373922228606148,1.1547765118704305,1
3,n06|n14|n15,98,52.71141085153451,49.822548947686336,16,0.0006813992824567165,16,2.7712032476709396,4.550378508460426,2.058209773729402,5.66006515151912,7.439240412308607,4.947071677577583,1
3,n04|n05|n10,99,66.54355197111626,64.93783124467781,16,0.0006170324236186666,16,11.060937871910795,9.281762611121337,11.773931345852361,9.455217145472346,7.676041884682888,10.168210619413912,1
3,n05|n14|n15,100,68.09459919125293,57.28547332445551,16,0.0006917185444252082,16,12.611985092047462,10.832809831258004,13.324978565989028,1.802859225250046,0.02368396446058796,2.515852699191612,1
3,n05|n09|n10,101,60.57314746639977,60.15264711712929,16,0.0006113979686605727,16,5.090533367194304,3.311358106404846,5.80352684113587,4.670033017923828,2.89085775713437,5.383026491865394,1
3,n02|n03|n04,102,55.76409587587828,56.484914270466504,16,0.0006280352168403012,16,0.2814817766728197,1.4976934841166667,0.9944752506143857,1.0023001712610409,0.7768750895284029,1.7152936452026069,1
3,n03|n12|n13,103,36.79380357778701,50.51101171211627,16,0.0006641703327903235,16,18.688810521418475,20.467985782207904,17.97581704747688,4.971602387089206,6.750777647878635,4.2586089131476115,1
3,n09|n13|n16,104,66.6437804086563,64.02247920398247,16,0.000656302529051155,16,11.161166309450834,9.381991048661376,11.8741597833924,8.539865104777007,6.760689843987549,9.252858578718573,1
3,n07|n14|n16,105,68.1137649264573,62.5596060267609,16,0.000648241309494563,16,12.631150827251844,10.851975566462386,13.34414430119341,7.07699192755544,5.297816666765982,7.789985401497006,1
3,n04|n08|n16,106,55.917948348506364,53.290152836028476,16,0.0006335644168458324,16,0.4353342493009009,1.3438410114885642,1.148327723242467,2.1924612631769946,3.971636523966424,1.4794677892354002,1
3,n05|n13|n15,107,63.0125651534359,53.72047137829879,16,0.000696084281994427,16,7.5299510542304375,5.7507757934409796,8.242944528172004,1.762142720906695,3.5413179816961247,1.0491492469651007,1
3,n04|n07|n12,108,58.58818704094394,60.61041297572237,16,0.0006311356806253791,16,3.1055729417384796,1.3263976809490217,3.8185664156800456,5.127798876516906,3.3486236157274476,5.840792350458472,1
3,n09|n12|n15,109,66.54739823937405,61.85225013013921,16,0.0006666932618604902,16,11.064784140168584,9.285608879379126,11.77777761411015,6.369636030933748,4.59046077014429,7.082629504875314,1
3,n06|n09|n10,110,54.006119115995,54.63770390743838,16,0.0006138737167619363,16,1.4764949832104435,3.25567024399993,0.7635015092689059,0.8449101917670987,2.6240854525565283,0.1319167178255043,1
3,n07|n08|n15,111,54.67711456217416,54.546235183608445,16,0.0006543014851345567,16,0.8054995370313236,2.584674797820753,0.0925060630897292,0.9363789155970039,2.7155541763864903,0.22338544165546637,1
3,n10|n11|n14,112,55.18412944192309,53.755282219935815,16,0.0006355504665731398,16,0.2984846572823585,2.077659918071845,0.41450881665919326,1.7273318792696273,3.5065071400591137,1.0143384053280897,1
3,n11|n14|n15,113,53.277130484794306,53.4970126009225,16,0.0006493860144706874,16,2.2054836144111505,3.984658875200637,1.492490140469613,1.9856014982829606,3.764776759072447,1.2726080243413662,1
3,n02|n05|n15,114,48.13538924318745,48.531276819293296,16,0.000792354579024574,16,7.347224856017988,9.126400116807474,6.63423138207645,6.951337279912195,8.730512540701625,6.238343805970601,1
3,n10|n13|n15,115,52.19221093533648,50.563678755028114,16,0.0006205240246141332,16,3.290403163868973,5.069578424658459,2.5774096899274355,4.918935344177328,6.698110604966814,4.20594187023579,1
3,n04|n05|n12,116,68.07236286498512,68.1370372977219,16,0.0006844550781436697,16,12.58974876577966,10.810573504990202,13.302742239721226,12.65442319851644,10.875247937726982,13.367416672458006,1
3,n03|n10|n14,117,50.65680547159914,50.552658592029765,16,0.0006812571888825344,16,4.825808627606307,6.604983888395793,4.112815153664769,4.929955507175691,6.709130767965178,4.216962033234154,1
3,n01|n12|n13,118,49.22258217877062,58.70034430255549,16,0.0007681987840739994,16,6.2600319204348125,8.039207181224299,5.547038446493275,3.2177302033500297,1.4385549425605717,3.9307236772915957,1
3,n07|n12|n13,119,59.207622542106556,60.01822433126838,16,0.0006491078032396815,16,3.7250084429010926,1.9458331821116346,4.4380019168426585,4.535610232062915,2.756434971273457,5.248603706004481,1
3,n01|n11|n14,120,65.98076993136152,63.23079418595657,16,0.000723926211545673,16,10.498155832156058,8.7189805713666,11.211149306097624,7.7481800867511055,5.9690048259616475,8.461173560692671,1
3,n02|n04|n05,121,60.454570405312,60.771878822027546,16,0.0006672580813929653,16,4.971956306106534,3.1927810453170764,5.6849497800481,5.289264722822082,3.5100894620326244,6.002258196763648,1
3,n07|n11|n15,122,54.37886807621552,54.115162761275485,16,0.0006472410424834744,16,1.1037460229899239,2.8829212837794103,0.3907525490483863,1.3674513379299924,3.146626598719422,0.654457863988398,1
3,n02|n09|n13,123,31.879276523914715,39.372517186017994,16,0.0006459475292661043,16,23.603337575290766,25.382512836080195,22.89034410134917,16.110096913187476,17.889272173976906,15.397103439245882,1
3,n03|n11|n16,124,71.43097682106846,55.859934441259604,16,0.0006742787865746988,16,15.948362721862992,14.169187461073534,16.661356195804558,0.37732034205414067,1.401854918735296,1.0903138159957066,1
3,n02|n03|n13,125,35.32955520646569,36.817548553916964,16,0.000691763064763549,16,20.15305889273975,21.932234153529237,19.440065418798213,18.665065545288485,20.44424080607797,17.952072071346947,1
3,n07|n11|n12,126,60.049213387759906,61.59781938770863,16,0.0006298761602775138,16,4.566599288554443,2.7874240277649847,5.279592762496009,6.115205288503169,4.336030027713711,6.828198762444735,1
3,n03|n05|n08,127,52.24186256519822,61.480084028963795,16,0.0006465789869932663,16,3.240751534007245,5.019926794796675,2.5277580600657075,5.997469929758331,4.218294668968873,6.710463403699897,1
3,n01|n12|n14,128,50.557097444879524,66.52561529807349,16,0.0008444612005183848,16,4.925516654325918,6.704691915115404,4.21252318038438,11.043001198868026,9.263825938078568,11.755994672809592,1
3,n08|n13|n15,129,54.903485065703514,53.74257148979675,16,0.0006243792945394908,16,0.5791290335019426,2.358304294291429,0.13386444043961632,1.7400426094087038,3.51921787019819,1.0270491354671663,1
3,n03|n04|n12,130,41.87775104149923,55.358174231350816,16,0.0006423227508376842,16,13.604863057706211,15.384038318495698,12.891869583764674,0.12443986785467587,1.9036151286441054,0.5885536060869185,1
3,n02|n07|n16,131,60.21727369321236,54.427016644468644,16,0.0007384107522464783,16,4.734659594006899,2.9554843332174414,5.447653067948465,1.0555974547368123,2.8347727155262987,0.34260398079527477,1
3,n03|n09|n11,132,50.0707580817644,52.32779526556248,16,0.0006499719443557045,16,5.411856017441039,7.1910312782305255,4.6988625434995015,3.1548188336429916,4.933994094432421,2.4418253597013972,1
3,n04|n07|n14,133,57.8898430377745,56.560655093715944,16,0.0006626654208430056,16,2.407228938569034,0.628053677779576,3.1202224125106,1.0780409945104807,0.7011342662789843,1.7910344684520467,1
3,n11|n15|n16,134,100.05507425326788,60.17974703924662,16,0.0006423227508376842,16,44.57246015406241,42.793284893272954,45.28545362800398,4.697132940041158,2.9179576792516997,5.410126413982724,1
3,n08|n12|n15,135,55.365060257885425,54.224843185559976,16,0.0006289956650257795,16,0.11755384132004565,1.8967291021094752,0.5954396326215274,1.2577709136454587,3.036946174434945,0.5447774397039211,1
3,n02|n09|n13,136,31.879276523914715,39.372517186017994,16,0.0006459475292661043,16,23.603337575290766,25.382512836080195,22.89034410134917,16.110096913187476,17.889272173976906,15.397103439245882,1
3,n03|n06|n14,137,55.07821858649986,52.193765137901345,16,0.0007296726750857023,16,0.40439551270560514,2.1835707734950347,0.30859796123596084,3.2888489613040974,5.068024222093584,2.57585548736256,1
3,n01|n10|n16,138,64.19897377532064,69.83825673159258,16,0.0007593901892863114,16,8.716359676115175,6.937184415325717,9.429353150056741,14.355642632387116,12.576467371597658,15.068636106328682,1
3,n10|n11|n12,139,57.05189219174852,57.51917411085351,16,0.0006493860144706874,16,1.5692780925430583,0.2098971682464139,2.2822715664846243,2.0365600116480493,0.25738475085859136,2.7495534855896153,1
3,n05|n12|n13,140,65.0128424044836,61.61407187917557,16,0.000717724136791045,16,9.530228305278143,7.751053044488685,10.24322177921971,6.1314577799701055,4.352282519180648,6.8444512539116715,1
3,n02|n06|n07,141,47.14131736762096,48.897175605177964,16,0.0006222230319927137,16,8.34129673158452,10.12047199237395,7.628303257642926,6.585438494027471,8.364613754816958,5.872445020085934,1
3,n10|n14|n15,142,52.31930892982963,50.83126113079957,16,0.000620317595789006,16,3.1633051693758034,4.94248043016529,2.450311695434266,4.651352968405888,6.4305282291953745,3.9383594944643505,1
3,n04|n05|n11,143,66.10852922291646,64.02217251186806,16,0.000637230437825117,16,10.625915123710996,8.846739862921538,11.338908597652562,8.5395584126626,6.7603831518731425,9.252551886604166,1
3,n13|n15|n16,144,57.69483337552215,58.72242683191201,16,0.0006284632589129101,16,2.212219276316688,0.43304401552722993,2.925212750258254,3.2398127327065467,1.4606374719170887,3.9528062066481127,1
3,n04|n07|n12,145,58.58818704094394,60.61041297572237,16,0.0006311356806253791,16,3.1055729417384796,1.3263976809490217,3.8185664156800456,5.127798876516906,3.3486236157274476,5.840792350458472,1
3,n09|n10|n15,146,62.154909672952925,55.29310062100739,16,0.0006241902164273618,16,6.672295573747462,4.893120312958004,7.385289047689028,0.18951347819808007,1.9686887389875096,0.523479995743493,1
3,n02|n12|n15,147,37.907974182753556,45.8270039228876,16,0.0007614586295387772,16,17.57463991645193,19.35381517724136,16.861646442510335,9.65561017631785,11.434785437107337,8.942616702376313,1
3,n03|n10|n11,148,49.19522233760335,51.936368736304814,16,0.000652092401422781,16,6.287391761602123,8.066567022391553,5.574398287660529,3.546245362900663,5.325420623690093,2.8332518889590688,1
3,n08|n09|n13,149,58.99513122516751,57.28307807223294,16,0.0006493860144706874,16,3.5125171259620487,1.7333418651725907,4.225510599903615,1.800463973027476,0.021288712238018093,2.513457446969042,1
3,n02|n04|n10,150,51.29341244577725,53.56623349380792,16,0.0006306920057604852,16,4.189201653428199,5.968376914217686,3.4762081794866617,1.916380605397535,3.6955558661870214,1.2033871314559974,1
3,n03|n05|n14,151,61.55750593616892,57.46512581384886,16,0.0007011106355553863,16,6.0748918369634595,4.2957165761740015,6.7878853109050254,1.982511714643394,0.20333645385393595,2.69550518858496,1
3,n01|n07|n08,152,58.27612706221047,63.018694614111524,16,0.0006756196141720393,16,2.793512963005007,1.014337702215549,3.506506436946573,7.536080514906061,5.756905254116603,8.249073988847627,1
3,n01|n03|n06,153,71.32705330600487,63.382632587387,16,0.0006142304350586804,16,15.844439206799407,14.06526394600995,16.557432680740973,7.900018488181537,6.120843227392079,8.613011962123103,1
3,n06|n11|n13,154,50.611434212615,50.0145464810021,16,0.0006153285624435378,16,4.8711798865904825,6.650355147379912,4.158186412648888,5.468067618203349,7.247242878992836,4.755074144261812,1
3,n09|n11|n14,155,63.2967285237802,59.6994642177145,16,0.0006247697135839676,16,7.81411442457474,6.034939163785282,8.527107898516306,4.216850118509036,2.4376748577195784,4.929843592450602,1
3,n07|n10|n13,156,51.761591878348284,51.91909160154912,16,0.0006651732660258901,16,3.7210222208572077,5.500197481646637,3.0080287469156133,3.5635224976563222,5.342697758445809,2.8505290237147847,1
3,n01|n05|n15,157,85.50977896496418,74.12002066867271,16,0.0007679746016976056,16,30.02716486575872,28.247989604969263,30.740158339700287,18.637406569467245,16.858231308677787,19.35040004340881,1
3,n03|n12|n13,158,36.79380357778701,50.51101171211627,16,0.0006641703327903235,16,18.688810521418475,20.467985782207904,17.97581704747688,4.971602387089206,6.750777647878635,4.2586089131476115,1
3,n04|n06|n07,159,58.76868599297257,58.805331717665595,16,0.0006215747214206656,16,3.286071893767108,1.50689663297765,3.999065367708674,3.322717618460132,1.543542357670674,4.035711092401698,1
3,n07|n12|n14,160,60.88670033050036,61.38451742376615,16,0.0006671887086388622,16,5.404086231294897,3.6249109705054394,6.117079705236463,5.901903324560685,4.122728063771227,6.614896798502251,1
3,n03|n07|n12,161,49.37050338820094,57.80685085293704,16,0.0006429552940210666,16,6.1121107110045045,7.891285971793991,5.399117237062967,2.324236753731576,0.5450614929421178,3.0372302276731418,1
3,n05|n07|n08,162,58.80877140657425,62.05289556008407,16,0.0006897565452817058,16,3.3261573073687885,1.5469820465793305,4.039150781310354,6.570281460878604,4.791106200089146,7.28327493482017,1
3,n07|n14|n15,163,55.037024331844506,54.81176179976096,16,0.0006840096600406985,16,0.445589767360957,2.2247650281503866,0.26740370658060897,0.6708522994445048,2.4500275602339343,0.04214117449706123,1
3,n10|n11|n16,164,76.66724387903677,59.158774135596225,16,0.0006467729516371899,16,21.18462977983131,19.405454519041854,21.897623253772878,3.676160036390762,1.8969847756013039,4.389153510332328,1
3,n09|n11|n15,165,62.665613181010315,57.873701208708255,16,0.0006273367621782921,16,7.1829990818048515,5.4038238210153935,7.8959925557464175,2.3910871095027915,0.6119118487133335,3.1040805834443574,1
3,n07|n13|n16,166,68.57219451858954,62.72188792378856,16,0.0006423227508376842,16,13.089580419384077,11.31040515859462,13.802573893325643,7.239273824583094,5.460098563793636,7.95226729852466,1
3,n05|n14|n15,167,68.09459919125293,57.28547332445551,16,0.0006917185444252082,16,12.611985092047462,10.832809831258004,13.324978565989028,1.802859225250046,0.02368396446058796,2.515852699191612,1
3,n02|n04|n10,168,51.29341244577725,53.56623349380792,16,0.0006306920057604852,16,4.189201653428199,5.968376914217686,3.4762081794866617,1.916380605397535,3.6955558661870214,1.2033871314559974,1
3,n05|n06|n10,169,60.93623241452944,60.57760250015151,16,0.0006167225796446068,16,5.453618315323979,3.674443054534521,6.166611789265545,5.094988400946043,3.3158131401565853,5.807981874887609,1
3,n08|n10|n16,170,60.57808901985382,55.71695605556798,16,0.0006493860144706874,16,5.095474920648357,3.316299659858899,5.808468394589923,0.23434195636251332,1.5448333044269589,0.9473354303040793,1
3,n07|n12|n14,171,60.88670033050036,61.38451742376615,16,0.0006671887086388622,16,5.404086231294897,3.6249109705054394,6.117079705236463,5.901903324560685,4.122728063771227,6.614896798502251,1
3,n06|n11|n14,172,56.447952918228786,54.12642082338354,16,0.0006163787819459259,16,0.965338819023323,0.8138364417661137,1.678332292964889,1.3561932758219086,3.135368536611395,0.6431998018803711,1
3,n03|n11|n15,173,40.63419634737382,46.450266220225885,16,0.0006914615032891999,16,14.848417751831619,16.627593012621105,14.135424277890081,9.032347878979579,10.811523139769065,8.319354405037984,1
3,n12|n13|n16,174,56.02850608258476,57.31808625047982,16,0.0006262341046350847,16,0.545891983379299,1.2332832774101803,1.258885457320865,1.8354721512743595,0.056296890484901496,2.5484656252159255,1
3,n07|n10|n11,175,56.14952025227183,56.25889772510337,16,0.0006384588970945238,16,0.666906153066364,1.1122691077230797,1.37989962700793,0.7762836258979036,1.0028916348915686,1.4892770998394695,1
3,n08|n10|n13,176,51.903077764974554,51.986237175422545,16,0.000642960034909297,16,3.579536334230909,5.358711595020395,2.8665428602893144,3.4963769237829183,5.275552184572348,2.7833834498413808,1
3,n07|n09|n12,177,62.498652438570524,64.51742874359,16,0.00065363954059953,16,7.0160383393650605,5.2368630785756025,7.7290318133066265,9.03481464438454,7.255639383595081,9.747808118326105,1
3,n01|n06|n09,178,59.33331378748212,53.86478835328363,16,0.0006161667916978763,16,3.8506996882766558,2.071524427487198,4.563693162218222,1.6178257459218344,3.3970010067113208,0.90483227198024,1
3,n02|n11|n15,179,36.44111879560895,43.28442890309266,15,0.0008736428437085946,16,19.04149530359649,20.820670564385978,18.328501829654954,12.198185196112831,13.977360456902261,11.485191722171237,1
3,n02|n11|n15,180,36.44111879560895,43.28442890309266,15,0.0008736428437085946,16,19.04149530359649,20.820670564385978,18.328501829654954,12.198185196112831,13.977360456902261,11.485191722171237,1
3,n04|n12|n13,181,54.97065142553672,54.66969445112155,16,0.0006414198610901396,16,0.5119626736687337,2.29113793445822,0.20103080027282516,0.8129196480838914,2.592094908873378,0.09992617414235383,1
3,n01|n04|n10,182,73.10052023931887,69.45399948448951,16,0.0006313004303161998,16,17.617906140113405,15.838730879323947,18.33089961405497,13.971385385284051,12.192210124494594,14.684378859225617,1
3,n02|n09|n14,183,40.584332299213486,45.94443088170966,16,0.0007149531103474006,16,14.898281799991992,16.67745706078142,14.185288326050397,9.538183217495828,11.317358478285257,8.825189743554233,1
3,n01|n11|n12,184,59.95221979929962,67.22546537774454,15,0.0008336834596120171,16,4.4696057000941565,2.6904304393046985,5.1825991740357225,11.742851278539078,9.96367601774962,12.455844752480644,1
3,n01|n04|n09,185,68.71759816373508,64.10788721903289,16,0.0006167780605976387,16,13.234984064529613,11.455808803740155,13.947977538471179,8.625273119827426,6.846097859037968,9.338266593768992,1
3,n01|n06|n15,186,68.26892632132417,58.73214779079728,16,0.0007775171153630403,16,12.78631222211871,11.007136961329252,13.499305696060276,3.2495336915918145,1.4703584308023565,3.9625271655333805,1
3,n03|n11|n15,187,40.63419634737382,46.450266220225885,16,0.0006914615032891999,16,14.848417751831619,16.627593012621105,14.135424277890081,9.032347878979579,10.811523139769065,8.319354405037984,1
3,n10|n11|n13,188,51.82681917278413,51.6258481780312,16,0.0006252406687646364,16,3.655794926421322,5.4349701872108085,2.9428014524797845,3.856765921174258,5.635941181963744,3.1437724472327204,1
3,n02|n06|n08,189,37.97729969198079,49.95714137730455,16,0.0006390626784483217,16,17.50531440722466,19.284489668014146,16.792320933283122,5.525472721900883,7.304647982690369,4.812479247959345,1
3,n02|n04|n07,190,51.00856846520668,52.85498185855825,16,0.0006234664650202484,16,4.474045633998799,6.253220894788228,3.761052160057204,2.6276322406472445,4.406807501436674,1.9146387667056501,1
3,n06|n09|n10,191,54.006119115995,54.63770390743838,16,0.0006138737167619363,16,1.4764949832104435,3.25567024399993,0.7635015092689059,0.8449101917670987,2.6240854525565283,0.1319167178255043,1
3,n02|n06|n10,192,49.519175802400646,51.05663870722375,16,0.0006436988228757329,16,5.9634382968048385,7.742613557594268,5.250444822863244,4.425975391981694,6.205150652771181,3.712981918040157,1
3,n03|n07|n12,193,49.37050338820094,57.80685085293704,16,0.0006429552940210666,16,6.1121107110045045,7.891285971793991,5.399117237062967,2.324236753731576,0.5450614929421178,3.0372302276731418,1
3,n01|n04|n10,194,73.10052023931887,69.45399948448951,16,0.0006313004303161998,16,17.617906140113405,15.838730879323947,18.33089961405497,13.971385385284051,12.192210124494594,14.684378859225617,1
3,n11|n13|n16,195,82.78871455925058,62.08687988701904,16,0.0006423227508376842,16,27.306100460045116,25.526925199255658,28.01909393398668,6.604265787813574,4.825090527024116,7.31725926175514,1
3,n07|n10|n15,196,53.82792193685346,52.24252812406778,16,0.0006768099067180472,16,1.6546921623520348,3.4338674231414643,0.9416986884104404,3.2400859751376743,5.019261235927161,2.5270925011961367,1
3,n05|n12|n16,197,76.30824120797102,71.097516863737,16,0.0007675278470510176,16,20.82562710876556,19.0464518479761,21.538620582707125,15.614902764531536,13.835727503742078,16.3278962384731,1
3,n03|n04|n07,198,56.04405629892826,56.97711791625972,16,0.0006336494864889073,16,0.5614421997227979,1.2177330610666672,1.2744356736643638,1.4945038170542588,0.28467144373519204,2.207497290995825,1
3,n06|n13|n14,199,51.04090911610624,49.188972883925146,16,0.0006406139997987344,16,4.441704983099214,6.2208802438887005,3.7287115091576766,6.293641215280331,8.072816476069761,5.580647741338737,1
3,n02|n03|n10,200,49.04936726555882,51.13752886878573,16,0.0006300503068044787,16,6.433246833646649,8.212422094436079,5.720253359705055,4.345085230419727,6.124260491209213,3.6320917564781894,1
3,n04|n06|n14,201,57.615865629598844,55.608903471919824,16,0.0006509105331782667,16,2.1332515303933803,0.35407626960392236,2.8462450043349463,0.12628937271436058,1.6528858880751045,0.8392828466559266,1
3,n02|n12|n15,202,37.907974182753556,45.8270039228876,16,0.0007614586295387772,16,17.57463991645193,19.35381517724136,16.861646442510335,9.65561017631785,11.434785437107337,8.942616702376313,1
3,n06|n07|n09,203,53.117781455463096,53.26617664368699,16,0.0006134605184705101,16,2.364832643742375,4.144007904531804,1.6518391698007804,2.2164374555184736,3.99561271630796,1.5034439815768792,1
3,n06|n08|n15,204,53.53324903023146,51.60053517440285,16,0.0006835954541885037,16,1.9493650689739752,3.7285403297634616,1.2363715950324377,3.882078924802613,5.661254185592043,3.1690854508610755,1
3,n01|n06|n08,205,66.71173272834784,65.40188589597378,16,0.0006980534671487515,16,11.229118629142377,9.449943368352919,11.942112103083943,9.919271796768314,8.140096535978856,10.63226527070988,1
3,n05|n07|n11,206,63.291755833462595,60.752460004770455,16,0.0006197732963528694,16,7.809141734257132,6.029966473467674,8.522135208198698,5.269845905564992,3.490670644775534,5.982839379506558,1
3,n02|n04|n07,207,51.00856846520668,52.85498185855825,16,0.0006234664650202484,16,4.474045633998799,6.253220894788228,3.761052160057204,2.6276322406472445,4.406807501436674,1.9146387667056501,1
3,n06|n12|n15,208,55.585886923759524,54.754350361785875,16,0.0006798073699636702,16,0.10327282455406106,1.6759024362353898,0.816266298495627,0.7282637374195815,2.507438998209068,0.015270263478043944,1
3,n03|n07|n09,209,51.12774588855849,52.23753551894092,16,0.0006298158709752105,16,4.354868210646941,6.134043471436428,3.641874736705404,3.2450785802645328,5.024253841054019,2.532085106322995,1
3,n03|n06|n14,210,55.07821858649986,52.193765137901345,16,0.0007296726750857023,16,0.40439551270560514,2.1835707734950347,0.30859796123596084,3.2888489613040974,5.068024222093584,2.57585548736256,1
3,n02|n10|n13,211,32.73606758179719,40.802806350851476,16,0.000700859092476898,16,22.746546517408262,24.52572177819775,22.033553043466725,14.679807748353994,16.458983009143424,13.9668142744124,1
3,n13|n14|n16,212,57.58819947966667,58.536234345698055,16,0.0006284632589129101,16,2.105585380461207,0.32641011967174904,2.818578854402773,3.053620246492592,1.2744449857031341,3.766613720434158,1
3,n04|n06|n15,213,53.44934901070209,50.75319982319955,16,0.0006220928828327406,16,2.033265088503356,3.8124403492928423,1.3202716145618183,4.729414276005912,6.508589536795398,4.016420802064317,1
3,n03|n05|n12,214,56.76107892787516,63.78307263528351,16,0.0007140044385758964,16,1.2784648286696978,0.5007104321197744,1.9914583026112638,8.300458536078047,6.521283275288589,9.013452010019613,1
3,n10|n12|n16,215,61.97382902226476,56.89547328836466,16,0.0006563341441912273,16,6.491214923059296,4.712039662269838,7.204208397000862,1.4128591891591995,0.36631607163025137,2.1258526631007655,1
3,n02|n13|n16,216,60.22996370867003,47.35287900618121,16,0.0008190618772103832,16,4.747349609464564,2.968174348675106,5.46034308340613,8.129735093024237,9.908910353813724,7.4167416190827,1
3,n04|n08|n09,217,58.602981665034775,59.07541498910635,16,0.0006459129454555787,16,3.120367565829312,1.3411923050398542,3.833361039770878,3.592800889900886,1.8136256291114279,4.305794363842452,1
3,n02|n07|n15,218,30.608651048195092,42.211811605602485,16,0.0007030824407066245,16,24.873963051010378,26.653138311799808,24.160969577068784,13.270802493602957,15.049977754392444,12.55780901966142,1
3,n05|n06|n07,219,58.65362717876586,57.712085122113756,16,0.0006238302659071012,16,3.171013079560396,1.391837818770938,3.884006553501962,2.2294710229082924,0.4502957621188344,2.9424644968498583,1
3,n07|n12|n15,220,56.743562423243404,58.0535670305972,16,0.0006423227508376842,16,1.2609483240379404,0.5182269367514891,1.9739417979795064,2.570952931391737,0.7917776706022792,3.283946405333303,1
3,n06|n07|n15,221,50.48918272539052,52.31065242951542,16,0.0006634432200619941,16,4.9934313738149285,6.772606634604415,4.280437899873391,3.171961669690063,4.9511369304794925,2.4589681957484686,1
3,n10|n12|n15,222,55.22059707262931,53.78831811142992,16,0.0006493860144706874,16,0.2620170265761317,2.041192287365618,0.450976447365413,1.694295987775547,3.4734712485649766,0.9813025138339526,1
3,n07|n12|n15,223,56.743562423243404,58.0535670305972,16,0.0006423227508376842,16,1.2609483240379404,0.5182269367514891,1.9739417979795064,2.570952931391737,0.7917776706022792,3.283946405333303,1
3,n01|n10|n11,224,69.58700451069593,63.52558144413207,16,0.0006457660961047173,16,14.10439041149047,12.325215150701013,14.817383885432037,8.042967344926609,6.263792084137151,8.755960818868175,1
3,n02|n10|n11,225,42.296714087551685,46.17829782661387,16,0.0006230606599005103,16,13.185900011653757,14.965075272443244,12.47290653771222,9.304316272591564,11.08349153338105,8.591322798650026,1
3,n05|n06|n15,226,55.39280153331489,57.08478898167666,15,0.0006768089734460982,16,0.0898125658905542,1.8689878266800406,0.6231809080509905,1.6021748824711963,0.17700037831826876,2.3151683564127623,1
3,n01|n10|n11,227,69.58700451069593,63.52558144413207,16,0.0006457660961047173,16,14.10439041149047,12.325215150701013,14.817383885432037,8.042967344926609,6.263792084137151,8.755960818868175,1
3,n03|n06|n16,228,61.94498130236625,56.88978346519462,16,0.0007639016302456203,16,6.462367203160788,4.68319194237133,7.175360677102354,1.407169365989155,0.37200589480028157,2.120162839930721,1
3,n05|n07|n15,229,58.28538447169059,59.18266529459029,16,0.0006723081406891454,16,2.802770372485128,1.0235951116956699,3.515763846426694,3.700051195384823,1.9208759345953652,4.413044669326389,1
3,n02|n03|n07,230,48.563885883147954,49.7304348454293,16,0.0006234664650202484,16,6.918728216057502,8.697903476846989,6.205734742115965,5.7521792537761485,7.531354514565635,5.039185779834611,1
3,n06|n08|n14,231,55.948065697752114,55.055457331544574,16,0.0007266952691285553,16,0.4654515985466503,1.3137236622428077,1.1784450724882163,0.4271567676609038,2.2063320284503334,0.28583670628067637,1
3,n02|n07|n13,232,30.30633795254437,39.11240413865858,16,0.0006693823055850027,16,25.17627614666111,26.95545140745054,24.463282672719515,16.3702099605469,18.14938522133633,15.657216486605307,1
3,n12|n13|n14,233,56.95675179907142,57.36308535785495,16,0.0006222391054067541,16,1.474137699865956,0.30503756092349477,2.187131173807522,1.8804712586494858,0.10129599786002785,2.593464732591052,1
3,n02|n04|n07,234,51.00856846520668,52.85498185855825,16,0.0006234664650202484,16,4.474045633998799,6.253220894788228,3.761052160057204,2.6276322406472445,4.406807501436674,1.9146387667056501,1
3,n01|n09|n15,235,51.875607331314086,54.979048853070246,16,0.0006980395394622141,16,3.6070067678913915,5.386182028680821,2.894013293949797,0.5035652461352242,2.282740506924654,0.20942822780634884,1
3,n09|n11|n14,236,63.2967285237802,59.6994642177145,16,0.0006247697135839676,16,7.81411442457474,6.034939163785282,8.527107898516306,4.216850118509036,2.4376748577195784,4.929843592450602,1
3,n02|n15|n16,237,26.793624752690675,35.836410566863954,16,0.00091611185772953,16,28.688989346514802,30.46816460730423,27.975995872573208,19.64620353234153,21.42537879313096,18.933210058399936,1
3,n01|n05|n09,238,55.814619642610964,52.2511529373117,16,0.000618549469196683,16,0.3320055434055007,1.4471697173839857,1.0449990173470667,3.231461161893776,5.010636422683206,2.5184676879521817,1
3,n05|n13|n14,239,64.87336366015018,55.57171956785405,16,0.000667480616261516,16,9.390749560944712,7.6115743001552545,10.103743034886278,0.08910546864859015,1.6900697921408891,0.8020989425901561,1
3,n02|n03|n10,240,49.04936726555882,51.13752886878573,16,0.0006300503068044787,16,6.433246833646649,8.212422094436079,5.720253359705055,4.345085230419727,6.124260491209213,3.6320917564781894,1
3,n03|n04|n06,241,59.076343625247404,59.21767079346478,16,0.0006215747214206656,16,3.5937295260419404,1.8145542652524824,4.306722999983506,3.7350566942593133,1.9558814334698553,4.448050168200879,1
3,n01|n10|n12,242,65.41813907102092,69.33323100845996,16,0.0006596761888075088,16,9.935524971815454,8.156349711025996,10.64851844575702,13.850616909254498,12.07144164846504,14.563610383196064,1
3,n03|n04|n15,243,42.51295041561539,46.4587394592018,16,0.0006737316636605021,16,12.969663683590056,14.748838944379543,12.256670209648519,9.023874640003669,10.803049900793098,8.310881166062074,1
3,n01|n09|n16,244,70.37126054332974,70.90228375550959,16,0.0007817237606130157,16,14.888646444124277,13.109471183334819,15.601639918065842,15.419669656304123,13.640494395514665,16.13266313024569,1
3,n12|n13|n16,245,56.02850608258476,57.31808625047982,16,0.0006262341046350847,16,0.545891983379299,1.2332832774101803,1.258885457320865,1.8354721512743595,0.056296890484901496,2.5484656252159255,1
3,n03|n05|n09,246,55.45690522081222,55.73570894995557,16,0.0006177595849657289,16,0.02570887839323177,1.8048841391827182,0.68728459554832,0.2530948507501094,1.5260804100393557,0.9660883246916754,1
3,n03|n04|n14,247,48.725466149823276,52.125056288065714,16,0.0006724569869979485,16,6.757147949382215,8.536323210171645,6.044154475440621,3.3575578111397704,5.1367330719292,2.644564337198176,1
3,n05|n11|n12,248,66.66285944251578,64.91721881428391,16,0.0006822348992163011,16,11.180245343310318,9.40107008252086,11.893238817251884,9.43460471507845,7.655429454288992,10.147598189020016,1
3,n01|n06|n15,249,68.26892632132417,58.73214779079728,16,0.0007775171153630403,16,12.78631222211871,11.007136961329252,13.499305696060276,3.2495336915918145,1.4703584308023565,3.9625271655333805,1
3,n07|n13|n16,250,68.57219451858954,62.72188792378856,16,0.0006423227508376842,16,13.089580419384077,11.31040515859462,13.802573893325643,7.239273824583094,5.460098563793636,7.95226729852466,1
3,n03|n05|n07,251,59.35650754650787,58.405863124090075,16,0.0006215747214206656,16,3.8738934473024074,2.0947181865129494,4.586886921243973,2.923249024884612,1.144073764095154,3.636242498826178,1
3,n02|n04|n07,252,51.00856846520668,52.85498185855825,16,0.0006234664650202484,16,4.474045633998799,6.253220894788228,3.761052160057204,2.6276322406472445,4.406807501436674,1.9146387667056501,1
3,n07|n08|n16,253,66.13646250794507,61.42247262591806,16,0.0006423227508376842,16,10.653848408739606,8.874673147950148,11.366841882681172,5.939858526712598,4.16068326592314,6.652852000654164,1
3,n04|n07|n13,254,53.38868394947427,53.36620436559418,16,0.0006607372077628007,16,2.093930149731193,3.8731054105206795,1.3809366757895987,2.116409733611306,3.8955849944007355,1.4034162596697115,1
3,n07|n11|n12,255,60.049213387759906,61.59781938770863,16,0.0006298761602775138,16,4.566599288554443,2.7874240277649847,5.279592762496009,6.115205288503169,4.336030027713711,6.828198762444735,1
3,n09|n10|n13,256,52.30466743871018,52.398037964034856,16,0.000626801072514919,16,3.1779466604953086,4.957121921284738,2.464953186553714,3.0845761351706074,4.863751395960094,2.371582661229013,1
3,n01|n03|n08,257,63.60840890902932,64.71377915332035,16,0.0006828801492748562,16,8.125794809823859,6.346619549034401,8.838788283765425,9.231165054114882,7.451989793325424,9.944158528056448,1
3,n01|n05|n15,258,85.50977896496418,74.12002066867271,16,0.0007679746016976056,16,30.02716486575872,28.247989604969263,30.740158339700287,18.637406569467245,16.858231308677787,19.35040004340881,1
3,n06|n08|n09,259,54.52772750922,57.324643626091095,16,0.0006576309962378438,16,0.9548865899854491,2.7340618507749355,0.2418931160439115,1.8420295268856322,0.06285426609617417,2.555023000827198,1
3,n03|n08|n16,260,60.078856206944046,54.42954309488434,16,0.0006831591380850924,16,4.596242107738583,2.8170668469491247,5.309235581680149,1.0530710043211116,2.832246265110598,0.340077530379574,1
3,n08|n12|n15,261,55.365060257885425,54.224843185559976,16,0.0006289956650257795,16,0.11755384132004565,1.8967291021094752,0.5954396326215274,1.2577709136454587,3.036946174434945,0.5447774397039211,1
3,n04|n08|n09,262,58.602981665034775,59.07541498910635,16,0.0006459129454555787,16,3.120367565829312,1.3411923050398542,3.833361039770878,3.592800889900886,1.8136256291114279,4.305794363842452,1
3,n03|n12|n16,263,45.95031669073119,55.94655134540074,16,0.0007261811075201616,16,9.532297408474278,11.311472669263708,8.819303934532684,0.4639372461952789,1.315238014594172,1.1769307201368449,1
3,n05|n14|n16,264,79.79954239364669,65.83634524266637,16,0.000754556922616805,16,24.316928294441226,22.537753033651768,25.029921768382792,10.353731143460905,8.574555882671447,11.066724617402471,1
3,n02|n04|n06,265,57.48443691202615,57.70507420390018,16,0.0006380111738292958,16,2.0018228128206843,0.22264755203122633,2.7148162867622503,2.2224601046947186,0.4432848439052606,2.9354535786362845,1
3,n04|n10|n15,266,51.841888729152195,49.396364944744306,16,0.0006136146812213086,16,3.6407253700532465,5.419900630842733,2.927731896111709,6.086249154461143,7.865424415250629,5.3732556805196054,1
3,n04|n05|n09,267,64.05096522795084,62.665499448478705,16,0.0006193226825986623,16,8.568351128745377,6.789175867955919,9.281344602686943,7.182885349273242,5.403710088483784,7.895878823214808,1
3,n04|n08|n14,268,55.260054883205264,53.74678730607993,16,0.0006406230977169145,16,0.22255921600020656,2.001734476789636,0.4904342579413665,1.7358267931255114,3.5150020539149978,1.0228333191839738,1
3,n11|n15|n16,269,100.05507425326788,60.17974703924662,16,0.0006423227508376842,16,44.57246015406241,42.793284893272954,45.28545362800398,4.697132940041158,2.9179576792516997,5.410126413982724,1
3,n04|n06|n12,270,58.41149661355077,60.23987543265034,16,0.0006269512111585168,16,2.928882514345304,1.149707253555846,3.64187598828687,4.757261333444873,2.9780860726554153,5.470254807386439,1
3,n03|n10|n16,271,71.47042143392216,55.990848384202074,16,0.0007169677305770483,16,15.987807334716692,14.208632073927234,16.700800808658258,0.508234284996611,1.2709409757928256,1.221227758938177,1
3,n06|n11|n14,272,56.447952918228786,54.12642082338354,16,0.0006163787819459259,16,0.965338819023323,0.8138364417661137,1.678332292964889,1.3561932758219086,3.135368536611395,0.6431998018803711,1
3,n04|n09|n13,273,56.21820145577664,54.75643670170819,16,0.0006181156734944334,16,0.7355873565711732,1.0435879042182705,1.4485808305127392,0.7261773974972812,2.5053526582867107,0.01318392355568676,1
3,n02|n07|n09,274,41.398969921696946,44.28940129477737,16,0.0006134605184705101,16,14.083644177508518,15.862819438297947,13.37065070356698,11.193212804428072,12.972388065217558,10.480219330486534,1
3,n03|n09|n12,275,45.898107694694694,56.97163628982057,16,0.000675764006832815,16,9.584506404510762,11.363681665300248,8.871512930569224,1.4890221906151098,0.29015307017436953,2.2020156645566757,1
3,n07|n09|n14,276,61.7345251030689,58.90887529188219,16,0.0006607560060384171,16,6.251911003863434,4.472735743073976,6.964904477805,3.4262611926767264,1.6470859318872684,4.139254666618292,1
3,n05|n13|n14,277,64.87336366015018,55.57171956785405,16,0.000667480616261516,16,9.390749560944712,7.6115743001552545,10.103743034886278,0.08910546864859015,1.6900697921408891,0.8020989425901561,1
3,n02|n08|n15,278,32.651227898585944,43.13186135379353,16,0.0007893413520455154,16,22.831386200619534,24.610561461408963,22.11839272667794,12.35075274541191,14.129928006201396,11.637759271470372,1
3,n03|n06|n15,279,43.90051933524014,48.02871821757998,16,0.0007238491173437986,16,11.582094763965301,13.361270024754788,10.869101290023764,7.453895881625499,9.233071142414929,6.740902407683905,1
3,n09|n13|n15,280,65.00503736698285,57.905041267533626,16,0.0006493860144706874,16,9.522423267777384,7.743248006987926,10.23541674171895,2.422427168328163,0.6432519075387049,3.135420642269729,1
3,n04|n06|n16,281,80.8057493262793,59.841649120607535,16,0.000659562978309141,16,25.323135227073834,23.543959966284376,26.0361287010154,4.359035021402072,2.5798597606126137,5.072028495343638,1
3,n05|n07|n14,282,66.27074237452028,61.17569640125861,16,0.0006484365232880904,16,10.788128275314818,9.00895301452536,11.501121749256384,5.693082302053149,3.913907041263691,6.406075775994715,1
3,n03|n04|n09,283,55.17700187499872,56.304332264152016,16,0.0006348424080629092,16,0.3056122242067545,2.084787484996184,0.4073812497348257,0.821718164946553,0.9574570958429263,1.534711638888119,1
3,n07|n11|n16,284,90.7903760654021,66.76584040224239,16,0.0006547083853657293,16,35.30776196619664,33.52858670540718,36.0207554401382,11.283226303036926,9.504051042247468,11.996219776978492,1
3,n06|n09|n13,285,48.97175235234823,49.2470415407835,16,0.0006183959459757017,16,6.510861746857245,8.290037007646674,5.79786827291565,6.23557255842195,8.014747819211436,5.522579084480412,1
3,n01|n03|n04,286,74.81753295443184,69.07594348325068,16,0.0006175712924011132,16,19.334918855226377,17.55574359443692,20.047912329167943,13.59332938404522,11.814154123255761,14.306322857986785,1
3,n04|n12|n15,287,53.306923886196174,51.966352102141116,16,0.0006384932775699414,16,2.1756902130092612,3.9548654737987476,1.4626967390677237,3.516261997064362,5.295437257853791,2.8032685231227674,1
3,n04|n07|n13,288,53.38868394947427,53.36620436559418,16,0.0006607372077628007,16,2.093930149731193,3.8731054105206795,1.3809366757895987,2.116409733611306,3.8955849944007355,1.4034162596697115,1
3,n01|n13|n14,289,25.330096734296184,44.81626898266628,16,0.0007354097193838208,16,30.152517364909272,31.93169262569876,29.439523890967735,10.666345116539162,12.445520377328648,9.953351642597625,1
3,n04|n07|n09,290,58.838628862431584,58.76686671246662,16,0.0006312438971216522,16,3.3560147632261206,1.5768395024366626,4.069008237167687,3.2842526132611596,1.5050773524717016,3.9972460872027256,1
3,n04|n07|n09,291,58.838628862431584,58.76686671246662,16,0.0006312438971216522,16,3.3560147632261206,1.5768395024366626,4.069008237167687,3.2842526132611596,1.5050773524717016,3.9972460872027256,1
3,n01|n03|n06,292,71.32705330600487,63.382632587387,16,0.0006142304350586804,16,15.844439206799407,14.06526394600995,16.557432680740973,7.900018488181537,6.120843227392079,8.613011962123103,1
3,n01|n13|n14,293,25.330096734296184,44.81626898266628,16,0.0007354097193838208,16,30.152517364909272,31.93169262569876,29.439523890967735,10.666345116539162,12.445520377328648,9.953351642597625,1
3,n10|n12|n15,294,55.22059707262931,53.78831811142992,16,0.0006493860144706874,16,0.2620170265761317,2.041192287365618,0.450976447365413,1.694295987775547,3.4734712485649766,0.9813025138339526,1
3,n10|n12|n14,295,56.19132344914557,56.1249747979722,16,0.0006654665811295956,16,0.7087093499401078,1.0704659108493502,1.4217028238816738,0.642360698766737,1.136814562022721,1.355354172708303,1
3,n04|n08|n15,296,52.58321456309,50.5780212110175,16,0.0006289956650257795,16,2.8993995361154816,4.678574796904911,2.186406062173887,4.904592888187949,6.683768148977435,4.1915994142464115,1
3,n08|n11|n15,297,53.13439313852681,52.57997575089828,16,0.0006289956650257795,16,2.3482209606786455,4.127396221468132,1.635227486737108,2.902638348307164,4.6818136090966505,2.1896448743656265,1
3,n07|n10|n15,298,53.82792193685346,52.24252812406778,16,0.0006768099067180472,16,1.6546921623520348,3.4338674231414643,0.9416986884104404,3.2400859751376743,5.019261235927161,2.5270925011961367,1
3,n01|n05|n08,299,69.86067275253603,68.58280975109737,16,0.0007133810938119202,16,14.37805865333057,12.598883392541111,15.091052127272135,13.100195651891909,11.32102039110245,13.813189125833475,1
3,n09|n14|n16,300,67.31725357793847,62.80630259668138,16,0.0006632994715121011,16,11.83463947873301,10.055464217943552,12.547632952674576,7.3236884974759136,5.544513236686456,8.03668197141748,1
3,n05|n13|n14,301,64.87336366015018,55.57171956785405,16,0.000667480616261516,16,9.390749560944712,7.6115743001552545,10.103743034886278,0.08910546864859015,1.6900697921408891,0.8020989425901561,1
3,n03|n05|n07,302,59.35650754650787,58.405863124090075,16,0.0006215747214206656,16,3.8738934473024074,2.0947181865129494,4.586886921243973,2.923249024884612,1.144073764095154,3.636242498826178,1
3,n05|n07|n12,303,68.22861714621313,67.85921312601134,16,0.0006905728697222595,16,12.746003047007662,10.966827786218204,13.458996520949228,12.376599026805877,10.59742376601642,13.089592500747443,1
3,n05|n07|n10,304,62.44036363963546,61.50557813019112,16,0.0005960025218282748,16,6.957749540429994,5.178574279640536,7.67074301437156,6.022964030985655,4.243788770196197,6.735957504927221,1
3,n04|n06|n14,305,57.615865629598844,55.608903471919824,16,0.0006509105331782667,16,2.1332515303933803,0.35407626960392236,2.8462450043349463,0.12628937271436058,1.6528858880751045,0.8392828466559266,1
3,n02|n04|n16,306,52.66970471702667,52.10816188853797,16,0.0007485516216968575,16,2.812909382178816,4.592084642968246,2.0999159082372216,3.374452210667471,5.153627471456957,2.6614587367259332,1
3,n04|n10|n11,307,55.411462029544836,55.07588245443171,16,0.0006345491887794047,16,0.07115206966062715,1.8503273304501135,0.6418414042809388,0.4067316447737426,2.185906905563229,0.3062618291678092,1
3,n01|n06|n10,308,67.31809516941308,60.22892421943666,16,0.0006180324829170844,16,11.83548107020762,10.056305809418163,12.548474544149187,4.746310120231193,2.9671348594417353,5.459303594172759,1
3,n01|n07|n11,309,64.49601224290296,62.5345938975105,16,0.0006618012542777969,16,9.0133981436975,7.234222882908043,9.726391617639067,7.051979798305034,5.272804537515576,7.7649732722466,1
3,n06|n08|n13,310,50.941975102801536,51.39781839395337,16,0.000700422297165017,16,4.5406389964039136,6.3198142571934,3.827645522462376,4.084795705252077,5.863970966041563,3.3718022313105394,1
3,n03|n09|n14,311,52.72610083930419,52.14579801044427,16,0.000669876497029423,16,2.7565132599012827,4.535688520690712,2.0435197859596883,3.336816088761225,5.115991349550654,2.6238226148196304,1
3,n03|n08|n10,312,44.100205701795296,52.9321762398291,16,0.0006382519300882383,16,11.382408397410188,13.161583658199618,10.669414923468594,2.550437859376359,4.329613120165845,1.8374443854348215,1
3,n08|n09|n16,313,66.85369121467004,63.227277271358645,16,0.0006559774493921291,16,11.371077115464573,9.591901854675115,12.084070589406139,7.744663172153182,5.965487911363724,8.457656646094748,1
3,n02|n10|n13,314,32.73606758179719,40.802806350851476,16,0.000700859092476898,16,22.746546517408262,24.52572177819775,22.033553043466725,14.679807748353994,16.458983009143424,13.9668142744124,1
3,n01|n05|n11,315,62.638831868728644,59.48867098977388,16,0.0006660144403936586,16,7.156217769523181,5.377042508733723,7.869211243464747,4.006056890568416,2.2268816297789584,4.719050364509982,1
3,n05|n08|n14,316,66.16549497403896,61.214291079461496,16,0.0007142734135986745,16,10.6828808748335,8.903705614044043,11.395874348775067,5.731676980256033,3.952501719466575,6.444670454197599,1
3,n04|n07|n13,317,53.38868394947427,53.36620436559418,16,0.0006607372077628007,16,2.093930149731193,3.8731054105206795,1.3809366757895987,2.116409733611306,3.8955849944007355,1.4034162596697115,1
3,n02|n12|n15,318,37.907974182753556,45.8270039228876,16,0.0007614586295387772,16,17.57463991645193,19.35381517724136,16.861646442510335,9.65561017631785,11.434785437107337,8.942616702376313,1
3,n03|n10|n15,319,44.30058577024205,46.50014149784927,16,0.0006797217138787924,16,11.182028328963384,12.96120358975287,10.469034855021846,8.982472601356221,10.76164786214565,8.269479127414627,1
3,n05|n13|n15,320,63.0125651534359,53.72047137829879,16,0.000696084281994427,16,7.5299510542304375,5.7507757934409796,8.242944528172004,1.762142720906695,3.5413179816961247,1.0491492469651007,1
3,n09|n12|n15,321,66.54739823937405,61.85225013013921,16,0.0006666932618604902,16,11.064784140168584,9.285608879379126,11.77777761411015,6.369636030933748,4.59046077014429,7.082629504875314,1
3,n08|n13|n15,322,54.903485065703514,53.74257148979675,16,0.0006243792945394908,16,0.5791290335019426,2.358304294291429,0.13386444043961632,1.7400426094087038,3.51921787019819,1.0270491354671663,1
3,n03|n09|n15,323,49.08320223954359,49.6610941758022,16,0.0007013544159940303,16,6.399411859661882,8.178587120451311,5.6864183857202875,5.821519923403287,7.600695184192716,5.108526449461692,1
3,n04|n05|n12,324,68.07236286498512,68.1370372977219,16,0.0006844550781436697,16,12.58974876577966,10.810573504990202,13.302742239721226,12.65442319851644,10.875247937726982,13.367416672458006,1
3,n03|n05|n06,325,59.12693908800135,58.37937066591957,16,0.0006136374590095415,16,3.644324988795887,1.865149728006429,4.357318462737453,2.89675656671411,1.1175813059246522,3.609750040655676,1
3,n06|n11|n12,326,56.89849644838188,58.68881046643631,16,0.000616673145430371,16,1.4158823491764139,0.3632929116130299,2.12887582311798,3.206196367230845,1.4270211064413871,3.919189841172411,1
3,n02|n13|n16,327,60.22996370867003,47.35287900618121,16,0.0008190618772103832,16,4.747349609464564,2.968174348675106,5.46034308340613,8.129735093024237,9.908910353813724,7.4167416190827,1
3,n04|n11|n14,328,55.39815138960278,53.90075442416986,16,0.0006406720537639348,16,0.08446270960268976,1.8636379703921193,0.6285307643388833,1.5818596750356164,3.361034935825046,0.868866201094022,1
3,n01|n05|n15,329,85.50977896496418,74.12002066867271,16,0.0007679746016976056,16,30.02716486575872,28.247989604969263,30.740158339700287,18.637406569467245,16.858231308677787,19.35040004340881,1
3,n01|n06|n16,330,99.0849147335957,76.33997587526694,16,0.0008203212552133766,16,43.60230063439023,41.823125373600774,44.3152941083318,20.85736177606148,19.078186515272023,21.570355250003047,1
3,n06|n11|n12,331,56.89849644838188,58.68881046643631,16,0.000616673145430371,16,1.4158823491764139,0.3632929116130299,2.12887582311798,3.206196367230845,1.4270211064413871,3.919189841172411,1
3,n03|n06|n16,332,61.94498130236625,56.88978346519462,16,0.0007639016302456203,16,6.462367203160788,4.68319194237133,7.175360677102354,1.407169365989155,0.37200589480028157,2.120162839930721,1
3,n01|n02|n10,333,58.420084660095924,54.64472683953189,16,0.0006309129970116104,16,2.9374705608904605,1.1582953001010026,3.6504640348320265,0.8378872596735505,2.617062520463037,0.12489378573201293,1
3,n01|n05|n06,334,72.1436067449577,58.16111051327095,16,0.0006170366084889883,16,16.66099264575223,14.881817384962773,17.373986119693797,2.678496414065485,0.899321153276027,3.391489888007051,1
3,n02|n03|n14,335,67.88581133505046,47.785088057418314,16,0.0007560643991938503,16,12.403197235845,10.624021975055541,13.116190709786565,7.697526041787171,9.4767013025766,6.9845325678455765,1
3,n09|n10|n14,336,63.77852604050543,58.012407347477335,16,0.0006329618219437683,16,8.29591194129997,6.516736680510512,9.008905415241536,2.529793248271872,0.7506179874824142,3.242786722213438,1
3,n05|n06|n07,337,58.65362717876586,57.712085122113756,16,0.0006238302659071012,16,3.171013079560396,1.391837818770938,3.884006553501962,2.2294710229082924,0.4502957621188344,2.9424644968498583,1
3,n09|n11|n14,338,63.2967285237802,59.6994642177145,16,0.0006247697135839676,16,7.81411442457474,6.034939163785282,8.527107898516306,4.216850118509036,2.4376748577195784,4.929843592450602,1
3,n06|n08|n15,339,53.53324903023146,51.60053517440285,16,0.0006835954541885037,16,1.9493650689739752,3.7285403297634616,1.2363715950324377,3.882078924802613,5.661254185592043,3.1690854508610755,1
3,n02|n13|n14,340,38.19196923502048,38.39342064081378,16,0.0007237461771308002,16,17.29064486418497,19.069820124974456,16.57765139024343,17.089193458391662,18.86836871918115,16.376199984450125,1
3,n03|n04|n14,341,48.725466149823276,52.125056288065714,16,0.0006724569869979485,16,6.757147949382215,8.536323210171645,6.044154475440621,3.3575578111397704,5.1367330719292,2.644564337198176,1
3,n03|n07|n09,342,51.12774588855849,52.23753551894092,16,0.0006298158709752105,16,4.354868210646941,6.134043471436428,3.641874736705404,3.2450785802645328,5.024253841054019,2.532085106322995,1
3,n06|n11|n15,343,53.8670013954726,51.12006285144278,16,0.000616673145430371,16,1.615612703732836,3.3947879645223225,0.9026192297912985,4.362551247762667,6.1417265085521535,3.6495577738211296,1
3,n03|n10|n16,344,71.47042143392216,55.990848384202074,16,0.0007169677305770483,16,15.987807334716692,14.208632073927234,16.700800808658258,0.508234284996611,1.2709409757928256,1.221227758938177,1
3,n03|n10|n14,345,50.65680547159914,50.552658592029765,16,0.0006812571888825344,16,4.825808627606307,6.604983888395793,4.112815153664769,4.929955507175691,6.709130767965178,4.216962033234154,1
3,n03|n06|n16,346,61.94498130236625,56.88978346519462,16,0.0007639016302456203,16,6.462367203160788,4.68319194237133,7.175360677102354,1.407169365989155,0.37200589480028157,2.120162839930721,1
3,n07|n15|n16,347,52.36780408531483,57.79132856049368,16,0.0006841417754973386,16,3.114810013890633,4.8939852746800625,2.4018165399490954,2.3087144612882184,0.5295392004987605,3.0217079352297844,1
3,n03|n08|n10,348,44.100205701795296,52.9321762398291,16,0.0006382519300882383,16,11.382408397410188,13.161583658199618,10.669414923468594,2.550437859376359,4.329613120165845,1.8374443854348215,1
3,n01|n02|n13,349,22.96603479697515,37.300427841812805,16,0.0006769900332731893,16,32.5165793022303,34.295754563019784,31.80358582828876,18.182186257392686,19.961361518182116,17.469192783451092,1
3,n01|n04|n14,350,67.34227584690153,65.55306825227164,16,0.0007235615373385074,16,11.859661747696066,10.080486486906608,12.572655221637632,10.07045415306618,8.291278892276722,10.783447627007746,1
3,n02|n04|n15,351,35.51755827556907,44.85479342518615,16,0.0006971490524363103,16,19.965055823636362,21.74423108442585,19.252062349694825,10.62782067401929,12.406995934808776,9.914827200077752,1
3,n07|n11|n12,352,60.049213387759906,61.59781938770863,16,0.0006298761602775138,16,4.566599288554443,2.7874240277649847,5.279592762496009,6.115205288503169,4.336030027713711,6.828198762444735,1
3,n06|n15|n16,353,51.588614016361966,53.067868741530376,16,0.0007221168554137731,16,3.8940000828434904,5.673175343632977,3.181006608901953,2.4147453576750877,4.193920618464517,1.7017518837335501,1
3,n05|n13|n14,354,64.87336366015018,55.57171956785405,16,0.000667480616261516,16,9.390749560944712,7.6115743001552545,10.103743034886278,0.08910546864859015,1.6900697921408891,0.8020989425901561,1
3,n02|n05|n09,355,46.307514480742164,47.116829217858054,16,0.0006263683767911606,16,9.175099618463321,10.95427487925275,8.462106144521726,8.365784881347395,10.144960142136881,7.652791407405857,1
3,n02|n12|n14,356,41.54939570721112,51.163255636383305,16,0.0007757560211077577,16,13.93321839199433,15.712393652783817,13.220224918052793,4.3193584628221515,6.098533723611638,3.606364988880614,1
3,n01|n06|n14,357,122.89679714762411,64.51277676230444,16,0.0007473392126879713,16,67.41418304841865,65.63500778762919,68.12717652236022,9.030162663098977,7.250987402309519,9.743156137040543,1
3,n01|n07|n11,358,64.49601224290296,62.5345938975105,16,0.0006618012542777969,16,9.0133981436975,7.234222882908043,9.726391617639067,7.051979798305034,5.272804537515576,7.7649732722466,1
3,n07|n12|n13,359,59.207622542106556,60.01822433126838,16,0.0006491078032396815,16,3.7250084429010926,1.9458331821116346,4.4380019168426585,4.535610232062915,2.756434971273457,5.248603706004481,1
3,n03|n09|n13,360,44.53049772189703,46.51371410478558,16,0.0006690765837752612,16,10.952116377308414,12.7312916380979,10.239122903366876,8.968899994419871,10.748075255209358,8.255906520478334,1
3,n02|n10|n11,361,42.296714087551685,46.17829782661387,16,0.0006230606599005103,16,13.185900011653757,14.965075272443244,12.47290653771222,9.304316272591564,11.08349153338105,8.591322798650026,1
3,n04|n10|n16,362,63.1708641567161,55.393969596090145,16,0.0006493860144706874,16,7.688250057510636,5.909074796721178,8.401243531452202,0.0886445031153471,1.8678197639047767,0.6243489708262473,1
3,n04|n05|n14,363,68.23442796596673,63.6837230451913,16,0.0006550350064981143,16,12.751813866761267,10.97263860597181,13.464807340702833,8.201108945985837,6.421933685196379,8.914102419927403,1
3,n03|n06|n08,364,47.51767848117741,55.65014069240496,16,0.0006450913303323536,16,7.964935618028051,9.744110878817537,7.251942144086456,0.16752659319949714,1.611648667589975,0.8805200671410631,1
3,n01|n11|n14,365,65.98076993136152,63.23079418595657,16,0.000723926211545673,16,10.498155832156058,8.7189805713666,11.211149306097624,7.7481800867511055,5.9690048259616475,8.461173560692671,1
3,n03|n12|n16,366,45.95031669073119,55.94655134540074,16,0.0007261811075201616,16,9.532297408474278,11.311472669263708,8.819303934532684,0.4639372461952789,1.315238014594172,1.1769307201368449,1
3,n05|n08|n09,367,58.76318713499403,61.73973173067399,16,0.0006884878058023966,16,3.2805730357885636,1.5013977749991056,3.9935665097301296,6.257117631468525,4.477942370679067,6.970111105410091,1
3,n08|n11|n15,368,53.13439313852681,52.57997575089828,16,0.0006289956650257795,16,2.3482209606786455,4.127396221468132,1.635227486737108,2.902638348307164,4.6818136090966505,2.1896448743656265,1
3,n03|n05|n08,369,52.24186256519822,61.480084028963795,16,0.0006465789869932663,16,3.240751534007245,5.019926794796675,2.5277580600657075,5.997469929758331,4.218294668968873,6.710463403699897,1
3,n05|n10|n16,370,81.2230651545645,67.26953635119253,16,0.0006866744439820191,16,25.74045105535903,23.961275794569573,26.453444529300597,11.786922251987065,10.007746991197607,12.49991572592863,1
3,n07|n08|n14,371,58.87074038404348,58.15324965027073,16,0.0006901582446805442,16,3.388126284838016,1.608951024048558,4.101119758779582,2.670635551065267,0.8914602902758091,3.383629025006833,1
3,n04|n08|n16,372,55.917948348506364,53.290152836028476,16,0.0006335644168458324,16,0.4353342493009009,1.3438410114885642,1.148327723242467,2.1924612631769946,3.971636523966424,1.4794677892354002,1
3,n05|n11|n16,373,89.74163329252005,68.06930125539112,16,0.0007128455559552425,16,34.259019193314586,32.47984393252513,34.97201266725615,12.586687156185661,10.807511895396203,13.299680630127227,1
3,n01|n04|n05,374,72.77340380814832,69.60438603049892,16,0.0006215747214206656,16,17.290789708942853,15.511614448153395,18.00378318288442,14.121771931293452,12.342596670503994,14.834765405235018,1
3,n04|n05|n09,375,64.05096522795084,62.665499448478705,16,0.0006193226825986623,16,8.568351128745377,6.789175867955919,9.281344602686943,7.182885349273242,5.403710088483784,7.895878823214808,1
3,n06|n11|n14,376,56.447952918228786,54.12642082338354,16,0.0006163787819459259,16,0.965338819023323,0.8138364417661137,1.678332292964889,1.3561932758219086,3.135368536611395,0.6431998018803711,1
3,n04|n12|n13,377,54.97065142553672,54.66969445112155,16,0.0006414198610901396,16,0.5119626736687337,2.29113793445822,0.20103080027282516,0.8129196480838914,2.592094908873378,0.09992617414235383,1
3,n02|n08|n09,378,34.99529116165609,45.968614766732834,16,0.0006186659014214941,16,20.48732293754938,22.26649819833881,19.774329463607785,9.513999332472622,11.293174593262108,8.801005858531084,1
3,n09|n13|n16,379,66.6437804086563,64.02247920398247,16,0.000656302529051155,16,11.161166309450834,9.381991048661376,11.8741597833924,8.539865104777007,6.760689843987549,9.252858578718573,1
3,n06|n10|n15,380,53.71032364368341,50.20346727896548,16,0.0006366339011206185,16,1.772290455522068,3.5514657163114975,1.0592969815804736,5.279146820239987,7.0583220810294165,4.5661533462983925,1
3,n05|n10|n16,381,81.2230651545645,67.26953635119253,16,0.0006866744439820191,16,25.74045105535903,23.961275794569573,26.453444529300597,11.786922251987065,10.007746991197607,12.49991572592863,1
3,n03|n09|n12,382,45.898107694694694,56.97163628982057,16,0.000675764006832815,16,9.584506404510762,11.363681665300248,8.871512930569224,1.4890221906151098,0.29015307017436953,2.2020156645566757,1
3,n06|n09|n14,383,59.11504252796961,55.615465369495766,16,0.0006417485579188722,16,3.6324284287641433,1.8532531679746853,4.345421902705709,0.13285127029030264,1.646323990499127,0.8458447442318686,1
3,n08|n10|n14,384,54.74989325371372,53.758364077133535,16,0.0006492194654208808,16,0.7327208454917127,2.511896106281199,0.01972737155017512,1.7242500220719421,3.5034252828613717,1.0112565481303477,1
3,n03|n08|n16,385,60.078856206944046,54.42954309488434,16,0.0006831591380850924,16,4.596242107738583,2.8170668469491247,5.309235581680149,1.0530710043211116,2.832246265110598,0.340077530379574,1
3,n09|n12|n16,386,70.76677914018786,65.2448489265306,16,0.0006702327571122534,16,15.284165040982401,13.504989780192943,15.997158514923967,9.76223482732513,7.9830595665356725,10.475228301266696,1
3,n05|n10|n13,387,57.21398793500379,54.86315290515315,16,0.0006193550254780724,16,1.7313738357983297,0.047801424991121166,2.4443673097398957,0.6194611940522918,2.3986364548417782,0.09353227988925283,1
3,n04|n08|n11,388,54.81606076045647,54.91560204809176,16,0.000628407890616763,16,0.6665533387489972,2.445728599538427,0.04644013519257584,0.5670120511136929,2.3461873119031793,0.14598142282786597,1
3,n03|n08|n11,389,40.73276974047512,50.64324354206479,16,0.0006399926511437995,16,14.749844358730343,16.529019619519772,14.036850884788805,4.839370557140683,6.618545817930112,4.126377083199088,1
3,n11|n15|n16,390,100.05507425326788,60.17974703924662,16,0.0006423227508376842,16,44.57246015406241,42.793284893272954,45.28545362800398,4.697132940041158,2.9179576792516997,5.410126413982724,1
3,n02|n05|n12,391,42.19546503611517,53.01440742219412,16,0.0007371788562792236,16,13.287149063090283,15.066324323879769,12.574155589148745,2.468206677011324,4.24738193780081,1.7552132030697862,1
3,n02|n03|n07,392,48.563885883147954,49.7304348454293,16,0.0006234664650202484,16,6.918728216057502,8.697903476846989,6.205734742115965,5.7521792537761485,7.531354514565635,5.039185779834611,1
3,n01|n03|n15,393,56.06796053881044,55.084123994265084,16,0.0007521410092709918,16,0.5853464396049759,1.1938288211844679,1.2983399135465419,0.39849010494037884,2.1776653657298084,0.31450336900118714,1
3,n06|n10|n13,394,49.2877833641113,49.44635333458282,16,0.0006180324829170844,16,6.194830735094172,7.974005995883601,5.481837261152577,6.036260764622625,7.815436025412112,5.323267290681088,1
3,n02|n08|n11,395,30.020617974388067,47.288964641251745,16,0.000646673463268056,16,25.461996124817404,27.241171385606833,24.74900265087581,8.193649457953711,9.972824718743198,7.480655984012174,1
3,n10|n14|n16,396,59.56629036220932,55.45416722779039,16,0.0006493860144706874,16,4.083676263003859,2.3045010022144012,4.796669736945425,0.02844687141509894,1.8076221322045285,0.6845466025264955,1
3,n02|n05|n09,397,46.307514480742164,47.116829217858054,16,0.0006263683767911606,16,9.175099618463321,10.95427487925275,8.462106144521726,8.365784881347395,10.144960142136881,7.652791407405857,1
3,n02|n11|n12,398,34.16481687082744,48.60798850437763,15,0.0006475093020794716,16,21.317797228378026,23.096972489167456,20.60480375443649,6.874625594827819,8.653800855617305,6.161632120886281,1
3,n03|n04|n06,399,59.076343625247404,59.21767079346478,16,0.0006215747214206656,16,3.5937295260419404,1.8145542652524824,4.306722999983506,3.7350566942593133,1.9558814334698553,4.448050168200879,1
3,n08|n14|n16,400,55.5777084359072,55.102001885029566,16,0.0006241177622460939,16,0.0950943367017345,1.6840809240877093,0.8080878106433005,0.38061221417592606,2.1597874749653556,0.33238125976566835,1
3,n01|n10|n12,401,65.41813907102092,69.33323100845996,16,0.0006596761888075088,16,9.935524971815454,8.156349711025996,10.64851844575702,13.850616909254498,12.07144164846504,14.563610383196064,1
3,n02|n09|n10,402,42.400155304503095,45.88492050945422,16,0.0006235112321624583,16,13.082458794702347,14.861634055491834,12.36946532076081,9.597693589751259,11.376868850540689,8.884700115809665,1
3,n02|n03|n12,403,40.53697416519397,49.57053668877505,16,0.0006841563300340192,16,14.945639934011524,16.724815194800954,14.23264646006993,5.912077410430413,7.6912526712199,5.199083936488819,1
3,n03|n12|n16,404,45.95031669073119,55.94655134540074,16,0.0007261811075201616,16,9.532297408474278,11.311472669263708,8.819303934532684,0.4639372461952789,1.315238014594172,1.1769307201368449,1
3,n06|n08|n09,405,54.52772750922,57.324643626091095,16,0.0006576309962378438,16,0.9548865899854491,2.7340618507749355,0.2418931160439115,1.8420295268856322,0.06285426609617417,2.555023000827198,1
3,n05|n15|n16,406,53.262566327638815,56.1836200164577,16,0.0007848739118277827,16,2.2200477715666693,3.999223032356099,1.507054297625075,0.7010059172522389,1.0781693435372404,1.413999391193805,1
3,n01|n06|n15,407,68.26892632132417,58.73214779079728,16,0.0007775171153630403,16,12.78631222211871,11.007136961329252,13.499305696060276,3.2495336915918145,1.4703584308023565,3.9625271655333805,1
3,n06|n14|n16,408,65.78884324697054,59.59710778542698,16,0.0007510946847715599,16,10.30622914776508,8.527053886975622,11.019222621706646,4.114493686221515,2.3353184254320567,4.827487160163081,1
3,n01|n05|n12,409,60.71088042667007,67.92206777671281,16,0.0007200755139200128,16,5.22826632746461,3.4490910666751518,5.941259801406176,12.439453677507345,10.660278416717887,13.15244715144891,1
3,n04|n08|n15,410,52.58321456309,50.5780212110175,16,0.0006289956650257795,16,2.8993995361154816,4.678574796904911,2.186406062173887,4.904592888187949,6.683768148977435,4.1915994142464115,1
3,n05|n06|n16,411,76.5752222589428,70.71674158434149,15,0.0009072007624225883,16,21.09260815973734,19.31343289894788,21.805601633678904,15.234127485136028,13.45495222434657,15.947120959077594,1
3,n03|n04|n07,412,56.04405629892826,56.97711791625972,16,0.0006336494864889073,16,0.5614421997227979,1.2177330610666672,1.2744356736643638,1.4945038170542588,0.28467144373519204,2.207497290995825,1
3,n02|n06|n16,413,67.4478972548541,57.13046363309579,15,0.0010846923839946496,16,11.965283155648635,10.186107894859177,12.6782766295902,1.64784953389033,0.13132572689914923,2.360843007831896,1
3,n06|n08|n11,414,55.717352468910356,57.05542242871617,16,0.0006742260815888048,16,0.2347383697048926,1.5444368910845583,0.9477318436464586,1.572808329510707,0.20636693127875105,2.285801803452273,1
3,n10|n12|n14,415,56.19132344914557,56.1249747979722,16,0.0006654665811295956,16,0.7087093499401078,1.0704659108493502,1.4217028238816738,0.642360698766737,1.136814562022721,1.355354172708303,1
3,n09|n12|n15,416,66.54739823937405,61.85225013013921,16,0.0006666932618604902,16,11.064784140168584,9.285608879379126,11.77777761411015,6.369636030933748,4.59046077014429,7.082629504875314,1
3,n03|n05|n14,417,61.55750593616892,57.46512581384886,16,0.0007011106355553863,16,6.0748918369634595,4.2957165761740015,6.7878853109050254,1.982511714643394,0.20333645385393595,2.69550518858496,1
3,n11|n12|n13,418,57.903318639272904,57.924024143880274,16,0.0006414590821052786,16,2.4207045400674403,0.6415292792779823,3.1336980140090063,2.441410044674811,0.6622347838853528,3.154403518616377,1
3,n01|n02|n03,419,62.8045997168346,60.4180775504678,16,0.000619434705821066,16,7.321985617629139,5.542810356839681,8.034979091570705,4.935463451262336,3.1562881904728783,5.648456925203902,1
3,n09|n12|n13,420,64.57311385061023,62.60735019449933,16,0.0006509700552728086,16,9.090499751404764,7.311324490615306,9.80349322534633,7.124736095293869,5.345560834504411,7.837729569235435,1
3,n07|n08|n12,421,60.90116847668186,62.174812888343624,16,0.0006311356806253791,16,5.418554377476397,3.639379116686939,6.131547851417963,6.6921987891381605,4.9130235283487025,7.4051922630797264,1
3,n04|n06|n11,422,57.51945172965521,57.52072559069937,16,0.0006068163947962554,16,2.036837630449746,0.257662369660288,2.749831104391312,2.0381114914939076,0.2589362307044496,2.7511049654354736,1
3,n10|n12|n15,423,55.22059707262931,53.78831811142992,16,0.0006493860144706874,16,0.2620170265761317,2.041192287365618,0.450976447365413,1.694295987775547,3.4734712485649766,0.9813025138339526,1
3,n02|n08|n15,424,32.651227898585944,43.13186135379353,16,0.0007893413520455154,16,22.831386200619534,24.610561461408963,22.11839272667794,12.35075274541191,14.129928006201396,11.637759271470372,1
3,n02|n05|n14,425,175.84206987474772,54.940525604678896,16,0.0007879643592169467,16,120.35945577554226,118.5802805147528,121.07244924948382,0.5420884945265811,2.3212637553160107,0.17090497941499905,1
3,n01|n05|n12,426,60.71088042667007,67.92206777671281,16,0.0007200755139200128,16,5.22826632746461,3.4490910666751518,5.941259801406176,12.439453677507345,10.660278416717887,13.15244715144891,1
3,n07|n11|n12,427,60.049213387759906,61.59781938770863,16,0.0006298761602775138,16,4.566599288554443,2.7874240277649847,5.279592762496009,6.115205288503169,4.336030027713711,6.828198762444735,1
3,n03|n06|n16,428,61.94498130236625,56.88978346519462,16,0.0007639016302456203,16,6.462367203160788,4.68319194237133,7.175360677102354,1.407169365989155,0.37200589480028157,2.120162839930721,1
3,n02|n04|n07,429,51.00856846520668,52.85498185855825,16,0.0006234664650202484,16,4.474045633998799,6.253220894788228,3.761052160057204,2.6276322406472445,4.406807501436674,1.9146387667056501,1
3,n01|n04|n10,430,73.10052023931887,69.45399948448951,16,0.0006313004303161998,16,17.617906140113405,15.838730879323947,18.33089961405497,13.971385385284051,12.192210124494594,14.684378859225617,1
3,n02|n11|n12,431,34.16481687082744,48.60798850437763,15,0.0006475093020794716,16,21.317797228378026,23.096972489167456,20.60480375443649,6.874625594827819,8.653800855617305,6.161632120886281,1
3,n09|n13|n15,432,65.00503736698285,57.905041267533626,16,0.0006493860144706874,16,9.522423267777384,7.743248006987926,10.23541674171895,2.422427168328163,0.6432519075387049,3.135420642269729,1
3,n01|n05|n15,433,85.50977896496418,74.12002066867271,16,0.0007679746016976056,16,30.02716486575872,28.247989604969263,30.740158339700287,18.637406569467245,16.858231308677787,19.35040004340881,1
3,n05|n10|n14,434,66.59781916506215,61.7516534038772,16,0.0006316832006097253,16,11.115205065856685,9.336029805067227,11.828198539798251,6.269039304671736,4.489864043882278,6.982032778613302,1
3,n09|n12|n13,435,64.57311385061023,62.60735019449933,16,0.0006509700552728086,16,9.090499751404764,7.311324490615306,9.80349322534633,7.124736095293869,5.345560834504411,7.837729569235435,1
3,n02|n04|n07,436,51.00856846520668,52.85498185855825,16,0.0006234664650202484,16,4.474045633998799,6.253220894788228,3.761052160057204,2.6276322406472445,4.406807501436674,1.9146387667056501,1
3,n06|n07|n16,437,76.66772008491469,63.282110990454136,16,0.0007066838424826193,16,21.185105985709228,19.40593072491977,21.898099459650794,7.799496891248673,6.020321630459215,8.512490365190239,1
3,n02|n06|n07,438,47.14131736762096,48.897175605177964,16,0.0006222230319927137,16,8.34129673158452,10.12047199237395,7.628303257642926,6.585438494027471,8.364613754816958,5.872445020085934,1
3,n01|n03|n07,439,73.16502804313228,62.91981378336089,16,0.000619434705821066,16,17.682413943926818,15.90323868313736,18.395407417868384,7.4371996841554235,5.658024423365966,8.15019315809699,1
3,n01|n09|n15,440,51.875607331314086,54.979048853070246,16,0.0006980395394622141,16,3.6070067678913915,5.386182028680821,2.894013293949797,0.5035652461352242,2.282740506924654,0.20942822780634884,1
3,n04|n09|n11,441,59.129080119371714,58.25978370489324,16,0.0006269661694916864,16,3.646466020166251,1.8672907593767931,4.359459494107817,2.7771696056877744,0.9979943448983164,3.4901630796293404,1
3,n03|n12|n14,442,39.13583363416401,52.93465030264838,16,0.0006999683106351446,16,16.346780465041434,18.12595572583092,15.633786991099896,2.5479637965570987,4.327139057346528,1.8349703226155043,1
3,n07|n09|n16,443,89.15513792510984,70.08152062045122,16,0.0006975082284913384,16,33.67252382590438,31.89334856511492,34.385517299845944,14.598906521245752,12.819731260456294,15.311899995187318,1
3,n05|n12|n16,444,76.30824120797102,71.097516863737,16,0.0007675278470510176,16,20.82562710876556,19.0464518479761,21.538620582707125,15.614902764531536,13.835727503742078,16.3278962384731,1
3,n03|n04|n15,445,42.51295041561539,46.4587394592018,16,0.0006737316636605021,16,12.969663683590056,14.748838944379543,12.256670209648519,9.023874640003669,10.803049900793098,8.310881166062074,1
3,n01|n14|n16,446,69.06840236086018,59.33770122653944,16,0.0007943078058824041,16,13.585788261654713,11.806613000865255,14.298781735596279,3.8550871273339737,2.0759118665445158,4.56808060127554,1
3,n01|n02|n13,447,22.96603479697515,37.300427841812805,16,0.0006769900332731893,16,32.5165793022303,34.295754563019784,31.80358582828876,18.182186257392686,19.961361518182116,17.469192783451092,1
3,n03|n05|n10,448,60.9644718077273,60.815871255842474,16,0.0006180507031422848,16,5.4818577085218365,3.7026824477323785,6.1948511824634025,5.333257156637011,3.5540818958475526,6.046250630578577,1
3,n02|n06|n10,449,49.519175802400646,51.05663870722375,16,0.0006436988228757329,16,5.9634382968048385,7.742613557594268,5.250444822863244,4.425975391981694,6.205150652771181,3.712981918040157,1
3,n05|n12|n15,450,66.99457807338872,62.03306963777832,16,0.0007175945055914281,16,11.51196397418326,9.732788713393802,12.224957448124826,6.550455538572855,4.771280277783397,7.263449012514421,1
3,n09|n11|n14,451,63.2967285237802,59.6994642177145,16,0.0006247697135839676,16,7.81411442457474,6.034939163785282,8.527107898516306,4.216850118509036,2.4376748577195784,4.929843592450602,1
3,n02|n03|n14,452,67.88581133505046,47.785088057418314,16,0.0007560643991938503,16,12.403197235845,10.624021975055541,13.116190709786565,7.697526041787171,9.4767013025766,6.9845325678455765,1
3,n01|n06|n14,453,122.89679714762411,64.51277676230444,16,0.0007473392126879713,16,67.41418304841865,65.63500778762919,68.12717652236022,9.030162663098977,7.250987402309519,9.743156137040543,1
3,n01|n04|n07,454,65.50224931133386,66.30516858599914,16,0.0006278873194237203,16,10.019635212128392,8.240459951338934,10.732628686069958,10.822554486793678,9.04337922600422,11.535547960735244,1
3,n09|n11|n13,455,58.49108358726901,56.41171973569696,16,0.000621776204359424,16,3.0084694880635467,1.2292942272740888,3.7214629620051127,0.9291056364914994,0.8500696242979302,1.6420991104330653,1
3,n05|n06|n08,456,54.82735953006006,61.839067035284984,16,0.0006420105443695804,16,0.655254569145427,2.4344298299348566,0.057738904796160284,6.3564529360795206,4.577277675290063,7.0694464100210865,1
3,n01|n03|n09,457,62.25686910755367,56.026488990848804,16,0.0006160555865644304,16,6.774255008348206,4.995079747558748,7.487248482289772,0.5438748916433411,1.2353003691461026,1.256868365584907,1
3,n06|n10|n12,458,59.18850478954444,59.753565804074945,16,0.0006408888290251347,16,3.7058906903389754,1.9267154295495175,4.418884164280541,4.270951704869482,2.491776444080024,4.983945178811048,1
3,n01|n10|n13,459,57.26461050709937,52.975642780197646,16,0.0006557012088701968,16,1.7819964078939066,0.0028211471044485847,2.4949898818354725,2.506971319007789,4.2861465797972755,1.7939778450662516,1
3,n04|n07|n08,460,57.891311976343474,58.70725684420808,16,0.0006410763802636649,16,2.4086978771380103,0.6295226163485523,3.1216913510795763,3.224642745002619,1.445467484213161,3.937636218944185,1
3,n05|n08|n16,461,93.43106216544047,69.2970512359428,16,0.0007069734217578297,16,37.948448066235,36.169272805445544,38.66144154017657,13.81443713673734,12.035261875947882,14.527430610678906,1
3,n10|n14|n15,462,52.31930892982963,50.83126113079957,16,0.000620317595789006,16,3.1633051693758034,4.94248043016529,2.450311695434266,4.651352968405888,6.4305282291953745,3.9383594944643505,1
3,n07|n11|n15,463,54.37886807621552,54.115162761275485,16,0.0006472410424834744,16,1.1037460229899239,2.8829212837794103,0.3907525490483863,1.3674513379299924,3.146626598719422,0.654457863988398,1
3,n05|n08|n16,464,93.43106216544047,69.2970512359428,16,0.0007069734217578297,16,37.948448066235,36.169272805445544,38.66144154017657,13.81443713673734,12.035261875947882,14.527430610678906,1
3,n05|n08|n13,465,59.0473289151188,58.13145911484267,16,0.0007172739174776941,16,3.5647148159133337,1.7855395551238757,4.2777082898549,2.6488450156372068,0.8696697548477488,3.3618384895787727,1
3,n09|n10|n14,466,63.77852604050543,58.012407347477335,16,0.0006329618219437683,16,8.29591194129997,6.516736680510512,9.008905415241536,2.529793248271872,0.7506179874824142,3.242786722213438,1
3,n01|n04|n16,467,55.521483988570566,70.49794642174271,16,0.0007380973512617914,16,0.038869889365102495,1.7403053714243697,0.7518633633066685,15.015332322537247,13.23615706174779,15.728325796478813,1
3,n09|n12|n15,468,66.54739823937405,61.85225013013921,16,0.0006666932618604902,16,11.064784140168584,9.285608879379126,11.77777761411015,6.369636030933748,4.59046077014429,7.082629504875314,1
3,n06|n13|n15,469,50.081573958531585,47.8076922093214,16,0.000641731215115589,16,5.401040140673899,7.180215401463329,4.688046666732305,7.674921889884047,9.454097150673533,6.961928415942509,1
3,n01|n05|n06,470,72.1436067449577,58.16111051327095,16,0.0006170366084889883,16,16.66099264575223,14.881817384962773,17.373986119693797,2.678496414065485,0.899321153276027,3.391489888007051,1
3,n05|n10|n12,471,66.89996447562086,66.95123318418119,16,0.0006869348197833746,16,11.4173503764154,9.638175115625941,12.130343850356965,11.468619084975728,9.68944382418627,12.181612558917294,1
3,n01|n10|n15,472,56.885381595815495,58.08456221701627,16,0.000683206628492324,16,1.402767496610032,0.3764077641794188,2.115760970551598,2.6019481178108066,0.8227728570213486,3.3149415917523726,1
3,n07|n14|n16,473,68.1137649264573,62.5596060267609,16,0.000648241309494563,16,12.631150827251844,10.851975566462386,13.34414430119341,7.07699192755544,5.297816666765982,7.789985401497006,1
3,n01|n05|n07,474,57.19451063972728,57.59979214995057,16,0.0006192349511204599,16,1.7118965405218134,0.0672787202676659,2.4248900144633794,2.1171780507451032,0.33800278995564526,2.830171524686669,1
3,n13|n14|n16,475,57.58819947966667,58.536234345698055,16,0.0006284632589129101,16,2.105585380461207,0.32641011967174904,2.818578854402773,3.053620246492592,1.2744449857031341,3.766613720434158,1
3,n01|n12|n14,476,50.557097444879524,66.52561529807349,16,0.0008444612005183848,16,4.925516654325918,6.704691915115404,4.21252318038438,11.043001198868026,9.263825938078568,11.755994672809592,1
3,n10|n11|n12,477,57.05189219174852,57.51917411085351,16,0.0006493860144706874,16,1.5692780925430583,0.2098971682464139,2.2822715664846243,2.0365600116480493,0.25738475085859136,2.7495534855896153,1
3,n04|n08|n11,478,54.81606076045647,54.91560204809176,16,0.000628407890616763,16,0.6665533387489972,2.445728599538427,0.04644013519257584,0.5670120511136929,2.3461873119031793,0.14598142282786597,1
3,n04|n09|n10,479,58.41076414258537,58.119133469220074,16,0.0006299091584023421,16,2.928150043379908,1.1489747825904502,3.641143517321474,2.636519370014611,0.8573441092251528,3.3495128439561768,1
3,n02|n07|n14,480,40.02932743333064,46.22068623307225,16,0.0007179389197363355,16,15.453286665874828,17.232461926664257,14.740293191933233,9.261927866133192,11.041103126922678,8.548934392191654,1
3,n11|n13|n14,481,55.70226788187057,55.184722564006734,16,0.0006458250180032583,16,0.21965378266510527,1.5595214781243385,0.9326472566066712,0.2978915351987439,2.0770667959881735,0.4151019387428363,1
3,n01|n13|n16,482,71.68106151299784,57.18920093947258,16,0.0007096906048096309,16,16.19844741379238,14.419272153002922,16.911440887733946,1.7065868402671143,0.0725884205223224,2.4195803142086802,1
3,n06|n14|n15,483,52.71141085153451,49.822548947686336,16,0.0006813992824567165,16,2.7712032476709396,4.550378508460426,2.058209773729402,5.66006515151912,7.439240412308607,4.947071677577583,1
3,n08|n12|n14,484,56.82370898128705,56.312406831366744,16,0.0006352311802674758,16,1.3410948820815847,0.4380803787078662,2.0540883560231507,0.8297927321612804,0.9493825286281776,1.5427862061028463,1
3,n06|n07|n09,485,53.117781455463096,53.26617664368699,16,0.0006134605184705101,16,2.364832643742375,4.144007904531804,1.6518391698007804,2.2164374555184736,3.99561271630796,1.5034439815768792,1
3,n02|n07|n14,486,40.02932743333064,46.22068623307225,16,0.0007179389197363355,16,15.453286665874828,17.232461926664257,14.740293191933233,9.261927866133192,11.041103126922678,8.548934392191654,1
3,n06|n11|n14,487,56.447952918228786,54.12642082338354,16,0.0006163787819459259,16,0.965338819023323,0.8138364417661137,1.678332292964889,1.3561932758219086,3.135368536611395,0.6431998018803711,1
3,n05|n07|n13,488,54.59250253994847,53.093624137678745,16,0.0006273773779552931,16,0.8901115592569795,2.669286820046466,0.17711808531544193,2.388989961526704,4.1681652223161905,1.6759964875851665,1
3,n01|n04|n05,489,72.77340380814832,69.60438603049892,16,0.0006215747214206656,16,17.290789708942853,15.511614448153395,18.00378318288442,14.121771931293452,12.342596670503994,14.834765405235018,1
3,n02|n03|n13,490,35.32955520646569,36.817548553916964,16,0.000691763064763549,16,20.15305889273975,21.932234153529237,19.440065418798213,18.665065545288485,20.44424080607797,17.952072071346947,1
3,n04|n12|n14,491,55.51969254461202,54.79966407130415,16,0.0006476147378307971,16,0.03707844540655714,1.7420968153829222,0.7500719193481231,0.6829500279013132,2.4621252886907996,0.030043446040252775,1
3,n05|n06|n08,492,54.82735953006006,61.839067035284984,16,0.0006420105443695804,16,0.655254569145427,2.4344298299348566,0.057738904796160284,6.3564529360795206,4.577277675290063,7.0694464100210865,1
3,n01|n11|n13,493,56.734968454969035,53.31603867212806,16,0.000679081445369619,16,1.252354355763572,0.5268209050258861,1.9653478297051379,2.1665754270774187,3.9457506878668482,1.4535819531358243,1
3,n05|n10|n11,494,64.51685258986357,61.9519539382103,16,0.0006152601470344396,16,9.034238490658112,7.255063229868654,9.747231964599678,6.469339839004839,4.690164578215381,7.182333312946405,1
3,n02|n13|n15,495,33.01096932024078,35.718926050735845,16,0.0007470399856347447,16,22.471644778964674,24.25082003975416,21.758651305023136,19.76368804846959,21.542863309259076,19.050694574528052,1
3,n04|n09|n12,496,62.1053439995454,62.259168144073925,16,0.0006487867973935066,16,6.622729900339934,4.843554639550476,7.3357233742815,6.776554044868462,4.997378784079004,7.489547518810028,1
3,n09|n10|n15,497,62.154909672952925,55.29310062100739,16,0.0006241902164273618,16,6.672295573747462,4.893120312958004,7.385289047689028,0.18951347819808007,1.9686887389875096,0.523479995743493,1
3,n06|n13|n15,498,50.081573958531585,47.8076922093214,16,0.000641731215115589,16,5.401040140673899,7.180215401463329,4.688046666732305,7.674921889884047,9.454097150673533,6.961928415942509,1
3,n01|n05|n14,499,90.16350985317017,67.22618087822707,16,0.0007276912005004955,16,34.680895753964705,32.90172049317525,35.39388922790627,11.743566779021606,9.964391518232148,12.456560252963172,1
4,n09|n13|n14|n15,0,67.91614265164472,59.15468553366129,16,0.0006493860144706874,16,12.433528552439256,10.654353291649798,13.146522026380822,3.672071434455823,1.8928961736663652,4.385064908397389,1
4,n11|n14|n15|n16,1,316.83645036499144,52.93341007314183,16,0.0006423227508376842,16,98.64616373421404,100.42533899500347,97.93317026027245,2.5492040260636486,4.328379286853078,1.8362105521220542,1
4,n01|n07|n08|n13,2,51.107394812660026,53.73844564537108,16,0.0007685639916642207,16,4.375219286545416,6.154394547334903,3.6622258126038787,1.7441684538343907,3.5233437146238202,1.0311749798927963,1
4,n05|n06|n15|n16,3,35.84324036492949,43.25385150829687,15,0.0010367755988373235,16,19.639373734275978,21.418548995065407,18.926380260334383,12.228762590908616,14.007937851698046,11.515769116967022,1
4,n03|n06|n15|n16,4,5.494049588446975,34.68182952221018,16,0.0010886029151175028,16,49.988564510758465,51.76773977154795,49.27557103681693,20.800784576995284,22.579959837784713,20.087791103053746,1
4,n01|n06|n13|n15,5,43.69815556959621,45.49622573200411,16,0.0008634192995961565,16,11.784458529609253,13.56363379039874,11.071465055667659,9.986388367201357,11.765563627990787,9.273394893259763,1
4,n01|n08|n15|n16,6,41.42964591799437,47.36157150726125,16,0.0007426763655031125,16,14.0529681812111,15.832143442000529,13.339974707269505,8.121042591944217,9.900217852733647,7.408049118002623,1
4,n06|n08|n14|n16,7,63.5054544200121,56.65127567435827,16,0.0007510507095647403,16,8.022840320806637,6.243665060017179,8.735833794748203,1.1686615751528038,0.6105136856366471,1.8816550490943698,1
4,n06|n08|n09|n12,8,61.2011606400806,63.675017775021345,16,0.0007341169770429626,16,5.718546540875138,3.9393712800856804,6.431540014816704,8.192403675815882,6.413228415026424,8.905397149757448,1
4,n03|n04|n10|n14,9,50.58190250056479,51.20704010692258,16,0.0006920272108269859,16,4.900711598640669,6.679886859430155,4.187718124699131,4.275573992282887,6.054749253072373,3.562580518341292,1
4,n02|n08|n10|n11,10,29.404086919199948,47.01848069553846,16,0.0006594951109319992,16,26.078527180005494,27.85770244079498,25.365533706063957,8.464133403667006,10.243308664456436,7.751139929725468,1
4,n02|n03|n10|n15,11,34.000095247700976,40.576687813354184,16,0.0008027193514958226,16,21.482518851504494,23.261694112293924,20.7695253775629,14.905926285851251,16.685101546640738,14.192932811909714,1
4,n02|n03|n13|n14,12,5.730234543479084,28.178384984874075,16,0.0008179262377708979,16,49.75237955572641,51.531554816515836,49.03938608178481,27.304229114331406,29.083404375120836,26.59123564038981,1
4,n10|n13|n14|n16,13,59.86773059310117,56.03107671217049,16,0.0006493860144706874,16,4.385116493895708,2.6059412331062504,5.098109967837274,0.5484626129650252,1.2307126478244186,1.2614560869065912,1
4,n02|n03|n12|n16,14,41.50138451990351,53.63988451245692,16,0.0007818313085358919,16,13.981229579301953,15.760404840091383,13.268236105360415,1.8427295867485327,3.621904847538019,1.1297361128069952,1
4,n02|n03|n08|n14,15,33.756441379285064,44.653240657545425,16,0.0008335604459687813,16,21.726172719920385,23.50534798070987,21.013179245978847,10.829373441660039,12.608548702449525,10.116379967718444,1
4,n03|n06|n11|n12,16,47.59090385988199,54.57939626987633,15,0.0007163934641399329,16,7.891710239323459,9.670885500112945,7.178716765381921,0.9032178293291508,2.6823930901185804,0.19022435538755644,1
4,n04|n05|n08|n10,17,64.47864270061147,65.94682660356551,16,0.0006807261132167693,16,8.99602860140601,7.216853340616552,9.709022075347576,10.464212504360049,8.68503724357059,11.177205978301615,1
4,n04|n06|n10|n12,18,59.59739612473734,61.31732241998228,16,0.0006512718207856207,16,4.114782025531873,2.3356067647424155,4.827775499473439,5.834708320776819,4.055533059987361,6.547701794718385,1
4,n01|n04|n09|n14,19,65.87089510935523,64.41638678766597,16,0.000716521887427906,16,10.388281010149768,8.60910574936031,11.101274484091334,8.933772688460508,7.15459742767105,9.646766162402074,1
4,n03|n07|n11|n14,20,51.35646978239295,52.18343501280297,16,0.0006778579204363209,16,4.1261443168125425,5.905319577601972,3.413150842870948,3.2991790864024892,5.078354347191976,2.5861856124609517,1
4,n01|n08|n14|n16,21,79.49425611608784,62.582868157169365,16,0.0007707803088607485,16,24.011642016882377,22.23246675609292,24.724635490823943,7.100254057963902,5.321078797174444,7.813247531905468,1
4,n04|n05|n08|n13,22,60.63334767615737,57.06188091499196,16,0.0007186002267494558,16,5.150733576951907,3.3715583161624494,5.863727050893473,1.5792668157864966,0.19990844500296134,2.2922602897280626,1
4,n02|n09|n13|n16,23,53.11713773508744,48.74844235717896,16,0.0009497930716294803,16,2.365476364118024,4.14465162490751,1.6524828901764295,6.73417174202649,8.513347002815976,6.021178268084952,1
4,n03|n04|n08|n12,24,35.82923425703028,54.77739548366323,16,0.0006423227508376842,16,19.653379842175184,21.43255510296467,18.94038636823359,0.7052186155422078,2.484393876331694,0.007774858399329787,1
4,n01|n08|n13|n15,25,52.51149227836341,45.503623766211845,16,0.0007288978152973174,16,2.971121820842029,4.7502970816315155,2.2581283469004916,9.97899033299359,11.758165593783076,9.265996859052052,1
4,n01|n03|n12|n13,26,41.034578044323446,51.88554599255941,16,0.0008406504883021939,16,14.448036054882039,16.227211315671468,13.735042580940444,3.597068106646077,5.376243367435507,2.8840746327044826,1
4,n01|n03|n10|n16,27,67.74638907312905,66.1408728570927,16,0.0009540464512668585,16,12.263774973923589,10.48459971313413,12.976768447865155,10.65825875788724,8.879083497097781,11.371252231828805,1
4,n05|n07|n13|n14,28,62.330077626053594,56.66004594955171,16,0.0006851754196354873,16,6.847463526848131,5.068288266058673,7.560457000789697,1.1774318503462453,0.6017434104431914,1.8904253242878113,1
4,n02|n04|n09|n14,29,44.3529071732186,50.079587504438436,16,0.0007126078236541513,16,11.129706925986852,12.908882186776339,10.416713452045315,5.403026594767027,7.182201855556514,4.690033120825433,1
4,n09|n13|n14|n16,30,66.99506079667104,62.87566603484336,16,0.0006620921665158783,16,11.512446697465577,9.73327143667612,12.225440171407143,7.393051935637899,5.613876674848441,8.106045409579465,1
4,n01|n10|n12|n15,31,23.452726842298,63.60306726835539,15,0.000861101204354319,16,32.02988725690744,33.80906251769693,31.316893782965906,8.120453169149926,6.341277908360468,8.833446643091492,1
4,n05|n06|n07|n10,32,61.847993571126985,60.66256539776492,16,0.0006130309985027364,16,6.365379471921521,4.586204211132063,7.078372945863087,5.179951298559459,3.400776037770001,5.892944772501025,1
4,n01|n03|n07|n10,33,67.53013749434014,63.53621089659094,16,0.000622125113088207,16,12.047523395134675,10.268348134345217,12.760516869076241,8.053596797385474,6.274421536596016,8.76659027132704,1
4,n05|n06|n08|n16,34,81.07063599068664,74.7261591906606,15,0.0009475903108348134,16,25.588021891481176,23.80884663069172,26.301015365422742,19.243545091455132,17.464369830665674,19.9565385653967,1
4,n02|n06|n11|n13,35,40.15895584207295,40.67701641408948,15,0.0006865104615555386,16,15.323658257132536,17.102833517921965,14.610664783190941,14.80559768511597,16.584772945905456,14.092604211174432,1
4,n02|n03|n08|n11,36,25.38237375289844,45.11074139645668,16,0.0006537636296979323,16,30.100240346307032,31.879415607096462,29.387246872365438,10.37187270274876,12.151047963538247,9.658879228807223,1
4,n07|n09|n10|n16,37,88.90174287945992,68.68065377259273,16,0.0006968006784758237,16,33.419128780254454,31.639953519464996,34.13212225419602,13.198039673387271,11.418864412597813,13.911033147328837,1
4,n05|n07|n08|n10,38,60.32687445759627,63.23251006964374,16,0.0006862253156758451,16,4.844260358390805,3.0650850976013473,5.557253832332371,7.749895970438274,5.970720709648816,8.46288944437984,1
4,n08|n09|n15|n16,39,59.83102246374133,57.4879684813366,16,0.0006899630954994866,16,4.348408364535864,2.569233103746406,5.06140183847743,2.005354382131138,0.22617912134167995,2.718347856072704,1
4,n02|n08|n13|n14,40,37.40128541212311,40.83526593029207,16,0.0008016237315761005,16,18.08132868708236,19.86050394787179,17.368335213140767,14.647348168913368,16.426523429702854,13.93435469497183,1
4,n01|n08|n10|n14,41,57.06545713138369,63.07873445428123,16,0.0008389164051919131,16,1.582843032178225,0.19633222861125432,2.295836506119791,7.596120355075769,5.816945094286311,8.309113829017335,1
4,n04|n05|n10|n12,42,68.09747885975517,68.10912471397349,16,0.0006869217042478675,16,12.614864760549708,10.83568949976025,13.327858234491273,12.626510614768023,10.847335353978565,13.339504088709589,1
4,n03|n09|n10|n11,43,49.9414385772452,52.49864559465287,16,0.0006521260492453084,16,5.54117552196027,7.320350782749699,4.828182048018675,2.9839685045525925,4.763143765342079,2.270975030610998,1
4,n04|n06|n12|n14,44,56.981175807488775,57.32573323558671,16,0.0007536732601928452,16,1.4985617082833116,0.2806135525061677,2.2115551822248776,1.8431191363812474,0.06394387559178938,2.5561126103228133,1
4,n01|n03|n08|n14,45,47.473731632194934,58.27885522028206,16,0.0009855928214811622,16,8.008882467010551,9.78805772779998,7.2958889930689566,2.796241121076598,1.0170658602871399,3.509234595018164,1
4,n03|n08|n15|n16,46,30.6819836215466,42.612814649569785,16,0.0007561596608571298,16,24.800630477658842,26.57980573844833,24.087637003717305,12.869799449635707,14.648974710425136,12.156805975694112,1
4,n01|n02|n03|n13,47,25.71841905310736,38.55482402993113,16,0.0006789634008945243,16,29.76419504609811,31.54337030688754,29.051201572156515,16.92779006927435,18.70696533006378,16.214796595332757,1
4,n05|n09|n11|n16,48,89.76152426162858,70.565518724507,16,0.0007127895057913837,16,34.27891016242312,32.49973490163366,34.99190363636468,15.082904625301538,13.30372936451208,15.795898099243104,1
4,n03|n09|n11|n16,49,75.67584010222433,60.64645565963558,16,0.0008016730619404445,16,20.193226003018864,18.414050742229406,20.90621947696043,5.163841560430114,3.3846662996406565,5.87683503437168,1
4,n04|n05|n15|n16,50,50.723680971498396,52.9242113140107,16,0.000806473540115982,16,4.758933127707053,6.538108388496539,4.045939653765515,2.558402785194744,4.33757804598423,1.8454093112532064,1
4,n01|n07|n12|n13,51,58.47106170292716,60.301801224032396,16,0.0007695581503674839,16,2.9884476037216956,1.2092723429322376,3.7014410776632616,4.819187124826932,3.0400118640374743,5.532180598768498,1
4,n01|n03|n05|n12,52,60.84456571273207,67.96567679578108,16,0.0007203254198255612,16,5.361951613526607,3.582776352737149,6.074945087468173,12.483062696575615,10.703887435786157,13.196056170517181,1
4,n02|n06|n13|n16,53,50.82019836976509,46.77397852750498,15,0.0013053639381270838,16,4.662415729440397,6.441590990229827,3.9494222554988028,8.708635571700484,10.487810832489913,7.995642097758946,1
4,n04|n06|n13|n15,54,49.245492665810325,46.63597386121226,16,0.000639003070399188,16,6.237121433395146,8.016296694184575,5.524127959453551,8.8466402379932,10.625815498782686,8.133646764051662,1
4,n01|n05|n09|n13,55,59.03692220936337,51.834034785075815,16,0.0006201673545747459,16,3.554308110157905,1.7751328493684468,4.267301584099471,3.64857931412962,5.427754574919106,2.9355858401880823,1
4,n03|n05|n06|n16,56,78.98042468346566,68.80934215261368,15,0.0008965945191273865,16,23.497810584260193,21.718635323470735,24.21080405820176,13.326728053408218,11.54755279261876,14.039721527349784,1
4,n02|n08|n10|n14,57,36.0305617666066,46.895839092101326,16,0.000785764664473468,16,19.45205233259884,21.231227593388326,18.7390588586573,8.586775007104166,10.365950267893595,7.873781533162571,1
4,n06|n07|n10|n16,58,76.52377667589056,63.51609940724722,16,0.0006856743985346336,16,21.041162576685096,19.261987315895638,21.754156050626662,8.033485308041755,6.254310047252297,8.74647878198332,1
4,n03|n05|n08|n10,59,53.03010088869088,61.176544333325864,16,0.0007084549468921491,16,2.452513210514553,4.2316884713040395,1.7395197365730155,5.693930234120401,3.9147549733309432,6.406923708061967,1
4,n06|n07|n12|n16,60,77.18631662582685,69.75233940806612,16,0.000770726534719794,16,21.703702526621385,19.924527265831927,22.41669600056295,14.269725308860657,12.4905500480712,14.982718782802223,1
4,n05|n06|n08|n13,61,51.20614385385309,53.80468079517461,15,0.0007722098476465838,16,4.276470245352357,6.055645506141843,3.5634767714108193,1.6779333040308302,3.4571085648203166,0.9649398300892926,1
4,n03|n12|n13|n16,62,45.709981083023735,55.40496366082858,16,0.0007248138359409982,16,9.772633016181715,11.551808276971201,9.059639542240177,0.07765043837690655,1.856825699166336,0.6353430355646807,1
4,n02|n03|n04|n08,63,70.991241411343,57.23808433661039,16,0.0006280352168403012,16,15.508627312137534,13.729452051348076,16.2216207860791,1.7554702374049285,0.023705023384536617,2.4684637113464944,1
4,n10|n11|n15|n16,64,4.33461906723677,45.033426836402604,16,0.0006520620300464666,16,51.14799503196866,52.92717029275815,50.435001558027125,10.449187262802866,12.228362523592295,9.736193788861272,1
4,n02|n09|n10|n11,65,35.31754635347609,46.526372000724244,16,0.000621126143897841,16,20.165067745729402,21.944243006518832,19.452074271787808,8.956242098481198,10.735417359270684,8.24324862453966,1
4,n04|n06|n11|n14,66,56.53833687979263,54.43552309347185,16,0.0006219298251371611,16,1.0557227805871676,0.7234524802022975,1.7687162545287336,1.0470910057335914,2.8262662665230778,0.3340975317920538,1
4,n07|n08|n11|n16,67,89.8953111988516,66.00086790267972,16,0.0006522934411454994,16,34.41269709964614,32.63352183885668,35.125690573587704,10.518253803474252,8.739078542684794,11.231247277415818,1
4,n05|n06|n09|n16,68,77.46442557272056,71.4782422675003,15,0.000890636433006101,16,21.981811473515094,20.202636212725636,22.69480494745666,15.995628168294843,14.216452907505385,16.70862164223641,1
4,n03|n04|n05|n14,69,64.4978998285422,61.49682882429111,16,0.000712005193763069,16,9.015285729336739,7.236110468547281,9.728279203278305,6.014214725085644,4.235039464296186,6.72720819902721,1
4,n01|n02|n09|n11,70,19.70087762479922,35.18796980346612,16,0.0006598690582818521,16,35.781736474406216,37.5609117351957,35.06874300046468,20.294644295739317,22.073819556528804,19.58165082179778,1
4,n08|n09|n12|n14,71,66.50984628918069,63.51654911540828,16,0.0006564523916485416,16,11.027232189975223,9.248056929185765,11.740225663916789,8.033935016202818,6.25475975541336,8.746928490144384,1
4,n01|n08|n09|n16,72,43.78387938002033,73.05576013421074,16,0.0008639231427652061,16,11.698734719185154,13.477909979974584,10.98574124524356,17.57314603500528,15.793970774215822,18.286139508946846,1
4,n09|n12|n14|n16,73,70.78512975904711,65.27928065554003,16,0.0006701502005151509,16,15.302515659841646,13.523340399052188,16.015509133783212,9.796666556334571,8.017491295545113,10.509660030276137,1
4,n01|n02|n10|n13,74,38.96567623890139,38.44443221106746,16,0.000765172511106701,16,16.516937860304097,18.296113121093526,15.803944386362502,17.038181888138013,18.817357148927442,16.32518841419642,1
4,n02|n04|n09|n12,75,47.40847615982056,56.593332505465405,16,0.0006474951229649996,16,8.074137939384912,9.853313200174341,7.361144465443317,1.1107184062599416,0.6684568545294951,1.8237118802015075,1
4,n02|n03|n09|n14,76,42.61509276465464,41.30909968819799,16,0.0007800907378209005,16,12.867521334550815,14.646696595340302,12.154527860609278,14.173514411007488,15.952689671796918,13.460520937065894,1
4,n06|n09|n10|n16,77,73.89167389430001,63.470359840614535,16,0.0007576765753599969,16,18.40905979509455,16.62988453430509,19.122053269036115,7.987745741409071,6.208570480619613,8.700739215350637,1
4,n03|n08|n10|n13,78,36.91272212832173,46.759077823008134,16,0.0006655907993215621,16,18.56989197088376,20.34906723167319,17.856898496942165,8.723536276197308,10.502711536986794,8.01054280225577,1
4,n05|n06|n11|n14,79,75.31820680708614,64.51289088776468,15,0.0007457694826393322,16,19.83559270788068,18.05641744709122,20.548586181822245,9.03027678855922,7.251101527769762,9.743270262500786,1
4,n03|n05|n07|n08,80,54.29874442092115,61.23977899107488,16,0.0006583171855836839,16,1.1838696782842817,2.963044939073768,0.47087620434274413,5.757164891869415,3.977989631079957,6.470158365810981,1
4,n02|n08|n12|n15,81,37.53109931591671,46.3538686336786,16,0.0007531999846075489,16,17.951514783288758,19.730690044078187,17.238521309347163,9.12874546552689,10.90792072631632,8.415751991585296,1
4,n02|n06|n08|n13,82,25.55703137641021,39.733092553679654,15,0.0007586716042285503,16,29.92558272279524,31.704757983584727,29.212589248853703,15.749521545525795,17.52869680631528,15.036528071584257,1
4,n02|n04|n05|n14,83,59.60360579189825,57.32731830506251,16,0.0008394886041263626,16,4.120991692692783,2.3418164319033252,4.833985166634349,1.8447042058570489,0.06552894506759088,2.557697679798615,1
4,n06|n09|n13|n15,84,54.9909675442627,49.30358521539242,16,0.0006729070695683381,16,0.4916465549427471,2.2708218157322335,0.22134691899880465,6.179028883813032,7.958204144602519,5.466035409871495,1
4,n08|n13|n14|n16,85,56.86467166919966,56.595325704737725,16,0.0006203157237682792,16,1.3820575699941955,0.3971176907952554,2.0950510439357615,1.1127116055322617,0.6664636552571892,1.8257050794738277,1
4,n04|n08|n11|n15,86,51.887204043504745,50.35681940243296,16,0.0006289956650257795,16,3.595410055700711,5.374585316490197,2.8824165817591734,5.125794696772516,6.904969957561946,4.412801222830922,1
4,n03|n12|n14|n16,87,45.77200224443965,55.18579116871515,16,0.0007276722661854048,16,9.71061185476583,11.48978711555526,8.997618380824235,0.2968229304902934,2.07599819127978,0.41617054345125126,1
4,n03|n05|n12|n15,88,51.30515304596095,57.02326569970326,16,0.0008563548407725267,16,4.177461053244542,5.956636314033972,3.464467579302948,1.540651600497796,0.23852366029166205,2.253645074439362,1
4,n01|n03|n04|n14,89,62.949816190367585,63.44186707205456,16,0.0008229202977556938,16,7.467202091162122,5.688026830372664,8.180195565103688,7.9592529728491,6.180077712059642,8.672246446790666,1
4,n01|n07|n10|n11,90,65.22052132484313,63.03735971825553,16,0.0006510335210230904,16,9.73790722563767,7.958731964848212,10.450900699579236,7.554745619050067,5.775570358260609,8.267739092991633,1
4,n04|n05|n08|n11,91,64.43134879422159,65.01314795084089,16,0.000695973523020672,16,8.948734695016128,7.16955943422667,9.661728168957694,9.530533851635425,7.7513585908459675,10.243527325576991,1
4,n03|n08|n13|n16,92,52.929404715109406,51.68315283770467,16,0.0006860461045571477,16,2.5532093840960783,4.332384644885508,1.840215910154484,3.7994612615008236,5.578636522290253,3.0864677875592292,1
4,n06|n08|n12|n16,93,69.49722116050832,64.96959054116876,16,0.0007164951309368336,16,14.014607061302854,12.235431800513396,14.72760053524442,9.486976441963293,7.707801181173835,10.199969915904859,1
4,n02|n03|n08|n09,94,31.33266892792929,44.76015135680672,16,0.0006170801816964299,16,24.14994517127616,25.929120432065645,23.43695169733462,10.722462742398761,12.50163800318819,10.009469268457167,1
4,n01|n03|n10|n12,95,54.58122676819202,66.21550680653925,16,0.0007241112858081236,16,0.9013873310134386,2.680562591802925,0.18839385707190104,10.73289270733379,8.953717446544331,11.445886181275355,1
4,n06|n07|n08|n10,96,54.91674676488962,57.89637820762204,16,0.0006691711498219953,16,0.5658673343158398,2.3450425951052694,0.14712613962572618,2.4137641084165793,0.6345888476271213,3.1267575823581453,1
4,n03|n05|n06|n15,97,51.75087353030299,54.781122443976564,16,0.0007026549167066282,16,3.7317405689024667,5.510915829691953,3.018747094960929,0.7014916552288923,2.4806669160183787,0.011501818712666534,1
4,n04|n06|n14|n16,98,70.0499092720895,56.006935119620884,16,0.0007698650497361223,16,14.56729517288403,12.788119912094572,15.280288646825596,0.524321020415421,1.2548542403740157,1.237314494356987,1
4,n07|n12|n14|n15,99,56.92142085345354,58.00607768787743,16,0.0006626304295017832,16,1.438806754248077,0.34036850654138107,2.151800228189643,2.523463588671966,0.7442883278825079,3.236457062613532,1
4,n04|n11|n12|n16,100,68.995565775107,58.81138463996294,16,0.0006423227508376842,16,13.512951675901533,11.733776415112075,14.225945149843099,3.328770540757475,1.5495952799680168,4.041764014699041,1
4,n02|n13|n14|n15,101,36.24032920683353,35.96893914085749,16,0.0008404408584529538,16,19.242284892371913,21.0214601531614,18.529291418430375,19.513674958347963,21.29285021913745,18.800681484406425,1
4,n10|n11|n12|n13,102,55.06380664366984,55.398815372595436,16,0.0006493860144706874,16,0.4188074555356138,2.1979827163251002,0.29418601840594505,0.08379872661004129,1.8629739873994708,0.6291947473315389,1
4,n01|n05|n10|n14,103,80.8410102188413,72.62943237578797,16,0.0006180324829170844,16,25.35839611963584,23.579220858846384,26.071389593577408,17.146818276582508,15.36764301579305,17.859811750524074,1
4,n03|n04|n14|n15,104,42.82933477443943,44.606539935278114,16,0.0007079830377288407,16,12.653279324766004,14.43245458555549,11.940285850824466,10.876074163927342,12.655249424716828,10.163080689985804,1
4,n01|n02|n06|n14,105,14.997948976120876,43.76992319976337,16,0.0007935074060876483,16,40.484665123084596,42.263840383874026,39.771671649143,11.712690899442123,13.491866160231552,10.999697425500528,1
4,n01|n02|n03|n04,106,49.095229399491586,61.691492147518886,16,0.0006234664650202484,16,6.387384699713891,8.16655996050332,5.674391225772297,6.208878048313423,4.429702787523965,6.921871522254989,1
4,n03|n04|n05|n13,107,54.375335394427005,53.867103977033224,16,0.0007086623613470668,16,1.10727870477848,2.8864539655679096,0.3942852308368856,1.6155101221722248,3.394685382961711,0.9025166482306872,1
4,n06|n07|n15|n16,108,33.13210326003376,46.12062670216293,16,0.0008175518710431119,16,22.350510839171704,24.12968609996119,21.63751736523011,9.361987397042526,11.141162657832012,8.648993923100988,1
4,n02|n04|n05|n13,109,48.9007937514988,48.98877647044743,16,0.0007556745600814704,16,6.581820347706639,8.360995608496125,5.8688268737651015,6.493837628758058,8.273012889547488,5.780844154816464,1
4,n09|n11|n14|n15,110,66.61731508733304,58.25755846660008,16,0.0006493860144706874,16,11.134700988127577,9.355525727338119,11.847694462069143,2.7749443673946175,0.9957691066051595,3.4879378413361835,1
4,n01|n02|n07|n13,111,14.307538079021903,30.942949912098566,16,0.0006792425536369705,16,41.17507602018355,42.95425128097304,40.462082546242016,24.539664187106894,26.31883944789638,23.826670713165356,1
4,n05|n12|n13|n16,112,75.0450986420315,69.40559307112417,16,0.0007568919435206863,16,19.56248454282604,17.783309282036583,20.275478016767607,13.92297897191871,12.143803711129252,14.635972445860276,1
4,n01|n06|n11|n13,113,64.49782007435851,53.940579056674515,16,0.0007066601416902784,16,9.015205975153052,7.236030714363594,9.728199449094618,1.5420350425309266,3.321210303320413,0.829041568589389,1
4,n03|n14|n15|n16,114,33.86768448114537,44.7175527682334,16,0.00075791254970311,16,21.614929618060103,23.394104878849532,20.90193614411851,10.76506133097206,12.544236591761546,10.052067857030465,1
4,n04|n06|n15|n16,115,48.41421619408959,49.49733508840426,16,0.000723362988471065,16,7.068397905115887,8.847573165905317,6.355404431174293,5.985279010801207,7.764454271590637,5.272285536859613,1
4,n05|n10|n15|n16,116,14.31662788830175,50.96604755626349,16,0.0008871184716062227,16,41.165986210903725,42.945161471693154,40.45299273696213,4.516566542941973,6.295741803731403,3.8035730690004357,1
4,n04|n06|n12|n15,117,54.778018792434615,53.664649418059795,16,0.0006851917984746585,16,0.704595306770841,2.4837705675603274,0.00839816717071784,1.8179646811456678,3.5971399419350973,1.1049712072041302,1
4,n02|n03|n10|n13,118,34.76442015089134,37.01713881320096,16,0.0007429051145840509,16,20.718193948314138,22.497369209103567,20.005200474372543,18.465475286004505,20.24465054679399,17.75248181206291,1
4,n06|n07|n09|n12,119,62.46128081142967,62.355407504968504,16,0.0006596296221656212,16,6.978666712224204,5.199491451434746,7.69166018616577,6.872793405763041,5.093618144973583,7.585786879704607,1
4,n01|n08|n09|n13,120,51.084319035193495,53.674814467891316,16,0.0007383311001394526,16,4.398295064011961,6.1774703248014475,3.6853015900704236,1.8077996313141398,3.586974892103626,1.0948061573726022,1
4,n01|n04|n15|n16,121,31.98834404918381,43.95448142992412,16,0.000745845159973915,16,23.49427005002167,25.2734453108111,22.781276576080074,11.52813266928132,13.307307930070806,10.815139195339782,1
4,n05|n06|n10|n16,122,76.10920117722239,70.82414120145468,15,0.0009241398422578619,16,20.626587078016925,18.847411817227467,21.33958055195849,15.341527102249216,13.562351841459758,16.054520576190782,1
4,n01|n03|n05|n11,123,65.63207007348102,61.74529548319989,16,0.0006719751944003066,16,10.149455974275554,8.370280713486096,10.86244944821712,6.262681383994426,4.483506123204968,6.975674857935992,1
4,n01|n10|n14|n15,124,43.35945028310025,56.824535509783146,16,0.0008081649012778862,16,12.123163816105205,13.902339076894691,11.410170342163667,1.341921410577683,0.4372538502117891,2.054914884519249,1
4,n05|n10|n13|n16,125,86.56909368609983,63.80662356019638,16,0.0007913076363170906,16,31.08647958689437,29.307304326104912,31.799473060835936,8.324009460990915,6.544834200201457,9.037002934932481,1
4,n01|n02|n10|n14,126,62.97546864030373,51.20902860472929,16,0.0007454050577848649,16,7.492854541098268,5.71367928030881,8.205848015039834,4.273585494476151,6.052760755265638,3.5605920205346138,1
4,n03|n04|n12|n15,127,37.91255965053365,47.68969530390811,16,0.0006883073471311602,16,17.57005444867184,19.34922970946127,16.857060974730246,7.792918795297339,9.572094056086826,7.079925321355802,1
4,n01|n03|n10|n16,128,67.74638907312905,66.1408728570927,16,0.0009540464512668585,16,12.263774973923589,10.48459971313413,12.976768447865155,10.65825875788724,8.879083497097781,11.371252231828805,1
4,n02|n07|n08|n16,129,55.35934080059234,56.31925696407069,16,0.0009062288633841238,16,0.12327329861312819,1.9024485594025577,0.5897201753284449,0.836642864865226,0.9425323959242178,1.549636338806792,1
4,n01|n04|n11|n16,130,16.04122137025824,67.96262463840988,16,0.0006982851069079023,16,39.44139272894722,41.22056798973665,38.728399255005684,12.480010539204414,10.700835278414957,13.19300401314598,1
4,n01|n02|n14|n16,131,42.85835243545018,38.19159302382379,16,0.001075615542102237,16,12.624261663755306,14.403436924544735,11.911268189813711,17.29102107538165,19.070196336171136,16.578027601440112,1
4,n01|n03|n11|n16,132,77.40933158868181,63.23438737622853,16,0.0009515240098458579,16,21.926717489476346,20.147542228686888,22.63971096341791,7.751773277023069,5.972598016233611,8.464766750964635,1
4,n06|n09|n10|n15,133,52.65458926689379,53.58238073421776,16,0.0006618210554883799,16,2.8280248323116552,4.607200093101142,2.1150313583701177,1.9002333649876846,3.679408625777171,1.187239891046147,1
4,n01|n07|n09|n13,134,53.506513419789094,49.675456900678725,16,0.000627636345302485,16,1.9761006794163904,3.75527594020582,1.263107205474796,5.807157198526738,7.586332459316168,5.094163724585201,1
4,n02|n06|n14|n16,135,41.693969778266826,46.375159054506284,15,0.0013293508204745253,16,13.788644320938658,15.567819581728088,13.075650846997064,9.10745504469918,10.886630305488666,8.394461570757585,1
4,n02|n10|n12|n14,136,43.23345118297129,51.62974192399876,16,0.0007844220129980909,16,12.249162916234184,14.028338177023613,11.53616944229259,3.8528721752066986,5.632047435996185,3.139878701265161,1
4,n01|n05|n12|n16,137,92.83013555719934,92.76685169318132,16,0.0008350417163974495,16,37.34752145799388,35.56834619720442,38.060514931935444,37.28423759397586,35.5050623331864,37.997231067917426,1
4,n04|n09|n11|n12,138,62.09491985008375,62.123854822474534,16,0.0006493860144706874,16,6.612305750878285,4.833130490088827,7.325299224819851,6.641240723269071,4.862065462479613,7.354234197210637,1
4,n02|n06|n07|n14,139,50.19921525784446,46.01425259385459,16,0.0007357933914066389,16,5.28339884136102,7.06257410215045,4.570405367419426,9.468361505350856,11.247536766140342,8.755368031409319,1
4,n03|n09|n11|n12,140,43.32483029810933,56.887595607746555,16,0.000669830802433575,16,12.157783801096116,13.936959061885602,11.444790327154578,1.4049815085410913,0.3741937522483454,2.1179749824826573,1
4,n08|n10|n12|n13,141,55.31269094351745,55.46709772910455,16,0.0006586194178863204,16,0.16992315568802496,1.9490984164774545,0.5430703182535552,0.015516370100897348,1.7946916308903837,0.6974771038406544,1
4,n07|n08|n12|n16,142,77.25595443837841,65.10701554482681,16,0.0006423227508376842,16,21.773340339172947,19.99416507838349,22.486333813114513,9.624401445621345,7.845226184831887,10.337394919562911,1
4,n10|n12|n14|n16,143,62.630900268389766,57.410361257892355,16,0.0006586144578456204,16,7.148286169184303,5.369110908394845,7.861279643125869,1.9277471586868913,0.1485718978974333,2.6407406326284573,1
4,n01|n08|n11|n16,144,89.42629363860013,66.62810290764642,16,0.0007067539198339294,16,33.943679539394665,32.16450427860521,34.65667301333623,11.145488808440959,9.366313547651501,11.858482282382525,1
4,n02|n05|n08|n13,145,116.5781183160226,52.609754806004744,15,0.0008762617119463544,16,61.09550421681713,59.316328956027675,61.8084976907587,2.8728592932006904,4.652034553990177,2.159865819259153,1
4,n03|n10|n12|n14,146,42.58352257960539,53.22156628867445,16,0.0007249015857440206,16,12.899091519600063,14.67826678038955,12.186098045658525,2.261047810531011,4.040223071320497,1.5480543365894164,1
4,n02|n06|n10|n13,147,40.43715402236752,40.69866291103902,16,0.0006964804582752126,16,15.045460076837912,16.8246353376274,14.332466602896375,14.78395118816644,16.563126448955927,14.070957714224846,1
4,n02|n04|n05|n08,148,52.83374491692504,64.41699042747061,16,0.0007486528839234352,16,2.648869182280407,4.4280444430698935,1.9358757083388696,8.934376328265145,7.155201067475687,9.647369802206711,1
4,n01|n10|n15|n16,149,27.50354648556383,43.48318890587777,16,0.0007521639488751472,16,27.979067613641632,29.758242874431062,27.266074139700095,11.999425193327681,13.778600454117168,11.286431719386144,1
4,n01|n04|n11|n16,150,16.04122137025824,67.96262463840988,16,0.0006982851069079023,16,39.44139272894722,41.22056798973665,38.728399255005684,12.480010539204414,10.700835278414957,13.19300401314598,1
4,n01|n02|n06|n11,151,9.96720370285846,44.43165606258147,16,0.0006600666767032182,16,45.51541039634702,47.29458565713645,44.80241692240543,11.050958036624024,12.830133297413454,10.33796456268243,1
4,n02|n07|n08|n14,152,37.02781154055007,47.79899545111959,16,0.0008075091246840265,16,18.454802558655388,20.233977819444874,17.74180908471385,7.683618648085883,9.462793908875312,6.970625174144288,1
4,n07|n11|n13|n15,153,53.05885566563553,52.98570511753649,16,0.000663334113692105,16,2.423758433569958,4.202933694359388,1.7107649596283636,2.4969089816689802,4.27608424245841,1.7839155077273858,1
4,n09|n11|n14|n15,154,66.61731508733304,58.25755846660008,16,0.0006493860144706874,16,11.134700988127577,9.355525727338119,11.847694462069143,2.7749443673946175,0.9957691066051595,3.4879378413361835,1
4,n02|n03|n08|n09,155,31.33266892792929,44.76015135680672,16,0.0006170801816964299,16,24.14994517127616,25.929120432065645,23.43695169733462,10.722462742398761,12.50163800318819,10.009469268457167,1
4,n03|n07|n10|n13,156,45.25952543175342,47.0104339736717,16,0.0006625920131270975,16,10.223088667452032,12.002263928241518,9.510095193510494,8.472180125533782,10.251355386323212,7.759186651592188,1
4,n02|n03|n12|n16,157,41.50138451990351,53.63988451245692,16,0.0007818313085358919,16,13.981229579301953,15.760404840091383,13.268236105360415,1.8427295867485327,3.621904847538019,1.1297361128069952,1
4,n03|n08|n12|n13,158,35.36837224130991,50.993288995089465,16,0.0006616714834479938,16,20.114241857895536,21.893417118685022,19.401248383953998,4.489325104116006,6.268500364905435,3.776331630174411,1
4,n01|n03|n06|n09,159,63.3987014906525,56.506235609168904,16,0.0006137557668666172,16,7.916087391447036,6.136912130657578,8.629080865388602,1.0236215099634407,0.7555537508260386,1.7366149839050067,1
4,n01|n05|n09|n13,160,59.03692220936337,51.834034785075815,16,0.0006201673545747459,16,3.554308110157905,1.7751328493684468,4.267301584099471,3.64857931412962,5.427754574919106,2.9355858401880823,1
4,n02|n06|n10|n11,161,46.33376865114281,47.955361567141594,16,0.0007143529106388628,16,9.148845448062673,10.928020708852102,8.435851974121078,7.527252532063869,9.306427792853356,6.814259058122275,1
4,n02|n04|n07|n10,162,48.72207180052397,51.71792830434483,16,0.0006247691220961993,16,6.760542298681514,8.539717559470944,6.04754882473992,3.764685794860611,5.543861055650098,3.0516923209190736,1
4,n03|n07|n09|n11,163,50.39511810782346,52.584998120179726,16,0.0006486974870738228,16,5.0874959913820135,6.866671252171443,4.374502517440419,2.8976159790257157,4.676791239815202,2.184622505084178,1
4,n01|n05|n08|n10,164,64.68647469737255,70.30391120294836,16,0.000739017788505801,16,9.203860598167083,7.424685337377625,9.916854072108649,14.821297103742893,13.042121842953435,15.534290577684459,1
4,n01|n04|n05|n07,165,75.67520507441925,70.52573434848905,16,0.000639242918575836,16,20.19259097521379,18.413415714424332,20.905584449155356,15.04312024928359,13.263944988494131,15.756113723225155,1
4,n06|n14|n15|n16,166,50.832781579129346,52.6961638354605,16,0.000745573802178427,16,4.6498325200761315,6.429007780865561,3.936839046134537,2.786450263744939,4.5656255245344255,2.0734567898034015,1
4,n06|n12|n13|n14,167,54.80318450407262,54.8349478502205,16,0.0007541177613197102,16,0.6794295951328309,2.4586048559223173,0.033563878808720915,0.6476662489849332,2.4268415097744196,0.06532722495660437,1
4,n01|n05|n12|n14,168,79.55766975523667,78.68886825090154,16,0.000910990778035325,16,24.07505565603121,22.295880395241753,24.788049129972777,23.206254151696072,21.427078890906614,23.919247625637638,1
4,n04|n06|n14|n16,169,70.0499092720895,56.006935119620884,16,0.0007698650497361223,16,14.56729517288403,12.788119912094572,15.280288646825596,0.524321020415421,1.2548542403740157,1.237314494356987,1
4,n01|n02|n05|n10,170,54.539492591429934,52.86085613546895,16,0.0006339971324470464,16,0.9431215077755155,2.722296768565002,0.23012803383397795,2.6217579637365134,4.400933224525943,1.9087644897949758,1
4,n01|n05|n13|n16,171,80.04041047648172,72.21344291623696,16,0.0008484555414801316,16,24.55779637727626,22.778621116486804,25.270789851217828,16.730828817031494,14.951653556242036,17.44382229097306,1
4,n01|n06|n08|n13,172,58.13587929323727,54.80475087939877,16,0.0007697869676262688,16,2.6532651940318033,0.8740899332423453,3.3662586679733693,0.6778632198066816,2.457038480596168,0.03513025413487014,1
4,n06|n08|n09|n13,173,51.585565983304946,52.69938581358479,16,0.0007186280835654701,16,3.8970481159005317,5.676223376689961,3.1840546419589373,2.7832282856206803,4.56240354641011,2.070234811679086,1
4,n01|n03|n10|n12,174,54.58122676819202,66.21550680653925,16,0.0007241112858081236,16,0.9013873310134386,2.680562591802925,0.18839385707190104,10.73289270733379,8.953717446544331,11.445886181275355,1
4,n02|n06|n11|n12,175,41.298187104923905,51.745318386441554,14,0.0008751857228755684,16,14.18442699428158,15.96360225507101,13.471433520339986,3.7372957127639097,5.516470973553396,3.0243022388223153,1
4,n02|n03|n14|n16,176,35.730360944690716,39.25269658163012,16,0.0009617978390406622,16,19.752253154514733,21.53142841530422,19.039259680573196,16.22991751757536,18.00909277836479,15.516924043633765,1
4,n01|n02|n07|n10,177,20.24125500727676,46.064647680182425,16,0.0006526418378114392,16,35.2413590919287,37.02053435271819,34.528365617987106,9.41796641902306,11.19714167981249,8.704972945081465,1
4,n05|n09|n13|n14,178,93.11740206650691,60.699161624712175,16,0.000638466024218821,16,37.63478796730145,35.85561270651199,38.347781441243015,5.216547525506712,3.437372264717254,5.929540999448278,1
4,n04|n11|n13|n16,179,81.52370475657071,57.838636472279816,16,0.0006277180581245353,16,26.041090657365245,24.261915396575787,26.75408413130681,2.356022373074353,0.576847112284895,3.069015847015919,1
4,n05|n06|n11|n14,180,75.31820680708614,64.51289088776468,15,0.0007457694826393322,16,19.83559270788068,18.05641744709122,20.548586181822245,9.03027678855922,7.251101527769762,9.743270262500786,1
4,n05|n14|n15|n16,181,52.3404052726153,55.83399107910871,16,0.0007740870684914386,16,3.1422088265901493,4.921384087379636,2.4292153526486118,0.35137697990325023,1.4277982808862362,1.0643704538448162,1
4,n06|n10|n13|n15,182,48.45304854516493,45.60695484932068,16,0.0006180324829170844,16,7.029565554040516,8.808740814830003,6.316572080098979,9.87565924988479,11.65483451067422,9.162665775943196,1
4,n05|n08|n12|n14,183,68.90052158829657,66.12921767670731,16,0.0007214457446527579,16,13.417907489091107,11.638732228301649,14.130900963032673,10.64660357750185,8.867428316712392,11.359597051443416,1
4,n02|n09|n15|n16,184,22.653268913357717,37.650255779843775,16,0.0009560491472836903,16,32.82934518584773,34.608520446637215,32.11635171190619,17.832358319361674,19.61153358015116,17.119364845420137,1
4,n06|n11|n15|n16,185,46.27933318046994,51.09546108354359,16,0.0007088144190194896,16,9.203280918735516,10.982456179525002,8.490287444793978,4.387153015661852,6.166328276451338,3.6741595417203143,1
4,n03|n04|n13|n14,186,43.6389476496319,46.28070285515035,16,0.000674062780435949,16,11.843666449573561,13.62284171036299,11.130672975632024,9.201911244055111,10.981086504844598,8.488917770113517,1
4,n02|n08|n11|n13,187,29.41373083229937,41.1685174338405,16,0.0006880117233886568,16,26.068883266906084,27.84805852769557,25.355889792964547,14.314096665364957,16.093271926154443,13.60110319142342,1
4,n07|n09|n10|n16,188,88.90174287945992,68.68065377259273,16,0.0006968006784758237,16,33.419128780254454,31.639953519464996,34.13212225419602,13.198039673387271,11.418864412597813,13.911033147328837,1
4,n02|n09|n14|n16,189,49.644307702303955,50.304851940530014,16,0.001021400508095317,16,5.838306396901487,7.617481657690973,5.1253129229599494,5.177762158675478,6.956937419464907,4.464768684733883,1
4,n01|n02|n12|n15,190,32.19462079891965,42.689759917126295,15,0.0015025236245385437,16,23.28799330028579,25.067168561075277,22.574999826344254,12.792854182079168,14.572029442868597,12.07986070813763,1
4,n02|n04|n05|n15,191,129.22141628104092,64.07374642285963,15,0.0008966110809018188,16,73.73880218183545,71.959626921046,74.45179565577702,8.591132323654165,6.811957062864707,9.30412579759573,1
4,n05|n06|n07|n13,192,48.36810354912141,49.86175688339538,16,0.0006416155199591535,16,7.114510550084049,8.893685810873535,6.401517076142511,5.6208572158100765,7.400032476599563,4.907863741868539,1
4,n03|n04|n08|n10,193,37.067077906998506,53.47883286683578,16,0.0006313466044167883,16,18.415536192206957,20.194711452996444,17.702542718265363,2.003781232369704,3.7829564931591335,1.2907877584281096,1
4,n01|n03|n09|n16,194,78.63547572158346,67.2124225266683,16,0.000958779498674471,16,23.152861622377998,21.37368636158854,23.865855096319564,11.729808427462842,9.950633166673384,12.442801901404408,1
4,n02|n08|n11|n14,195,36.17431717981557,46.310542665850114,16,0.0007582350300033404,16,19.308296919389875,21.08747218017936,18.595303445448337,9.17207143335537,10.9512466941448,8.459077959413776,1
4,n01|n03|n06|n09,196,63.3987014906525,56.506235609168904,16,0.0006137557668666172,16,7.916087391447036,6.136912130657578,8.629080865388602,1.0236215099634407,0.7555537508260386,1.7366149839050067,1
4,n05|n07|n10|n15,197,59.059248168333305,59.431581327777465,16,0.0006732030963339714,16,3.5766340691278415,1.7974588083383836,4.2896275430694075,3.948967228572002,2.169791967782544,4.661960702513568,1
4,n03|n08|n10|n13,198,36.91272212832173,46.759077823008134,16,0.0006655907993215621,16,18.56989197088376,20.34906723167319,17.856898496942165,8.723536276197308,10.502711536986794,8.01054280225577,1
4,n02|n07|n10|n12,199,41.30671525700583,53.02287070239491,16,0.0006642110411027434,16,14.175898842199615,15.955074102989101,13.462905368258077,2.459743396810552,4.238918657600038,1.7467499228689576,1
4,n04|n06|n09|n14,200,60.53599186525641,57.492396273038466,16,0.0006542050141795592,16,5.05337776605095,3.274202505261492,5.766371239992516,2.0097821738330026,0.23060691304354464,2.7227756477745686,1
4,n07|n11|n12|n16,201,80.41232517545504,69.40710776497198,16,0.0006533967416098656,16,24.929711076249575,23.150535815460117,25.64270455019114,13.92449366576652,12.145318404977061,14.637487139708085,1
4,n03|n04|n10|n16,202,70.34233221468466,55.557225856466694,16,0.0007086771904457219,16,14.859718115479197,13.080542854689739,15.572711589420763,0.0746117572612306,1.7045635035282203,0.7876052312027966,1
4,n02|n06|n11|n13,203,40.15895584207295,40.67701641408948,15,0.0006865104615555386,16,15.323658257132536,17.102833517921965,14.610664783190941,14.80559768511597,16.584772945905456,14.092604211174432,1
4,n03|n10|n13|n16,204,68.76479193066673,52.146798265951965,16,0.0007984547738850187,16,13.282177831461269,11.50300257067181,13.995171305402835,3.3358158332534913,5.114991094042978,2.6228223593119537,1
4,n01|n02|n04|n12,205,50.51740104706,60.024152347910025,16,0.0008838273858158965,16,4.9652130521454865,6.744388312934916,4.252219578203892,4.541538248704562,2.762362987915104,5.254531722646128,1
4,n03|n10|n14|n16,206,56.74498099607564,50.65252975779546,16,0.0009382392380397218,16,1.2623668968701764,0.5168083639192673,1.9753603708117424,4.830084341409986,6.609259602199472,4.117090867468448,1
4,n05|n06|n11|n14,207,75.31820680708614,64.51289088776468,15,0.0007457694826393322,16,19.83559270788068,18.05641744709122,20.548586181822245,9.03027678855922,7.251101527769762,9.743270262500786,1
4,n02|n03|n11|n15,208,34.80124519397205,39.36605701254519,15,0.0009172152208628103,16,20.6813689052334,22.460544166022885,19.96837543129186,16.116557086660293,17.895732347449723,15.403563612718699,1
4,n03|n04|n07|n08,209,58.11021574173312,59.02075266617498,15,0.0006366648806309103,16,2.627601642527658,0.8484263817382001,3.340595116469224,3.538138566969515,1.758963306180057,4.251132040911081,1
4,n01|n04|n06|n11,210,73.66819303807091,67.18257553513084,16,0.0006628013547392027,16,18.185578938865447,16.40640367807599,18.898572412807013,11.699961435925374,9.920786175135916,12.41295490986694,1
4,n06|n08|n13|n16,211,67.69559668433396,57.26108324079189,16,0.0006741848541007508,16,12.2129825851285,10.433807324339043,12.925976059070067,1.7784691415864273,0.000706119203016442,2.4914626155279933,1
4,n04|n08|n13|n14,212,54.1561497725534,52.288900005315405,16,0.0006390690664914763,16,1.326464326652058,3.1056395874415443,0.6134708527105204,3.193714093890037,4.972889354679523,2.4807206199484995,1
4,n04|n09|n11|n12,213,62.09491985008375,62.123854822474534,16,0.0006493860144706874,16,6.612305750878285,4.833130490088827,7.325299224819851,6.641240723269071,4.862065462479613,7.354234197210637,1
4,n01|n03|n11|n12,214,50.885637401184695,62.05698127267166,15,0.000867688861695018,16,4.59697669802074,6.376151958810226,3.883983224079202,6.5743671734662,4.795191912676742,7.287360647407766,1
4,n03|n04|n10|n13,215,43.976754148614745,46.83561373692889,16,0.0006706117727787791,16,11.505859950590718,13.285035211380205,10.792866476649124,8.647000362276572,10.426175623066001,7.934006888335034,1
4,n05|n09|n12|n13,216,63.467536145090975,62.34414152467788,16,0.0007234093134911399,16,7.9849220458855115,6.2057467850960535,8.697915519827077,6.861527425472417,5.082352164682959,7.574520899413983,1
4,n02|n04|n05|n06,217,60.65801873379911,60.880841357490844,16,0.0006671634567738251,16,5.175404634593647,3.3962293738041893,5.888398108535213,5.398227258285381,3.619051997495923,6.111220732226947,1
4,n01|n02|n06|n09,218,97.00137446560397,49.52133116234524,16,0.0006263683767911606,16,41.51876036639851,39.73958510560905,42.231753840340076,5.961282936860243,7.740458197649673,5.248289462918649,1
4,n04|n06|n09|n12,219,62.07402600697148,62.61724120922222,16,0.0007021049027252715,16,6.591411907766016,4.812236646976558,7.304405381707582,7.134627110016758,5.3554518492273,7.847620583958324,1
4,n03|n13|n14|n16,220,48.48105956420926,51.22246085199231,16,0.0007267885091408776,16,7.001554534996217,8.780729795785646,6.288561061054622,4.260153247213168,6.039328508002598,3.5471597732715736,1
4,n04|n05|n08|n11,221,64.43134879422159,65.01314795084089,16,0.000695973523020672,16,8.948734695016128,7.16955943422667,9.661728168957694,9.530533851635425,7.7513585908459675,10.243527325576991,1
4,n01|n04|n10|n13,222,57.42604356621221,57.14066844870241,16,0.0006728983718342532,16,1.9434294670067445,0.16425420621728648,2.6564229409483104,1.6580543494969433,0.12112091129250757,2.3710478234385093,1
4,n02|n04|n10|n13,223,36.05828137149594,44.042801794398805,16,0.0006803583401975436,16,19.424332727709498,21.203507988498984,18.71133925376796,11.439812304806651,13.218987565596137,10.726818830865113,1
4,n03|n04|n07|n11,224,53.15697118304605,55.06608323681156,16,0.0006423227508376842,16,2.3256429161593815,4.104818176948868,1.612649442217844,0.4165308623939268,2.1957061231833563,0.2964626115476605,1
4,n04|n11|n13|n16,225,81.52370475657071,57.838636472279816,16,0.0006277180581245353,16,26.041090657365245,24.261915396575787,26.75408413130681,2.356022373074353,0.576847112284895,3.069015847015919,1
4,n05|n06|n10|n12,226,68.31787406764558,68.64874408145029,15,0.0008341065024078691,16,12.835259968440113,11.056084707650655,13.548253442381679,13.166129982244826,11.386954721455368,13.879123456186392,1
4,n04|n05|n06|n11,227,67.80095978080546,65.21361380382581,15,0.0006579765612810208,16,12.318345681599993,10.539170420810535,13.03133915554156,9.730999704620345,7.951824443830887,10.443993178561911,1
4,n08|n10|n12|n14,228,56.34167959885232,56.09755547479769,16,0.0006673216463335828,16,0.8590654996468601,0.9201097611426121,1.572058973588426,0.614941375592224,1.164233885197234,1.32793484953379,1
4,n06|n07|n11|n15,229,53.31247657257092,51.46578192297045,16,0.0006602269160888744,16,2.170137526634562,3.9493127874239917,1.4571440526929678,4.016832176235027,5.796007437024457,3.303838702293433,1
4,n11|n14|n15|n16,230,316.83645036499144,52.93341007314183,16,0.0006423227508376842,16,98.64616373421404,100.42533899500347,97.93317026027245,2.5492040260636486,4.328379286853078,1.8362105521220542,1
4,n04|n06|n13|n16,231,75.36776391328976,56.450686434827084,16,0.0006918766790341587,16,19.8851498140843,18.105974553294843,20.598143288025867,0.9680723356216205,0.8111029251678588,1.6810658095631865,1
4,n02|n12|n13|n14,232,39.52191326140406,45.769668229987396,16,0.000809375684145209,16,15.960700837801426,17.739876098590855,15.247707363859831,9.71294586921806,11.492121130007547,8.999952395276523,1
4,n04|n06|n10|n16,233,76.50123647991008,60.54266493669875,16,0.0006958030053188482,16,21.018622380704613,19.239447119915155,21.73161585464618,5.060050837493286,3.280875576703828,5.773044311434852,1
4,n01|n02|n03|n15,234,45.691854249097126,51.961544267904706,16,0.0008598622453086012,16,9.790759850108316,11.569935110897802,9.077766376166778,3.5210698313007356,5.300245092090222,2.808076357359198,1
4,n01|n04|n06|n07,235,69.64199560476806,66.72610713260912,16,0.0006417756769637603,16,14.159381505562592,12.380206244773134,14.872374979504158,11.243493033403652,9.464317772614194,11.956486507345218,1
4,n02|n03|n14|n16,236,35.730360944690716,39.25269658163012,16,0.0009617978390406622,16,19.752253154514733,21.53142841530422,19.039259680573196,16.22991751757536,18.00909277836479,15.516924043633765,1
4,n02|n06|n07|n13,237,38.106451744906785,38.41748597385443,16,0.0006610522957631847,16,17.376162354298685,19.155337615088115,16.66316888035709,17.06512812535101,18.844303386140496,16.35213465140947,1
4,n01|n06|n14|n15,238,98.26075917862549,63.75797294256583,16,0.0009448788402009742,16,42.77814507942003,40.99896981863057,43.491138553361594,8.275358843360365,6.496183582570907,8.988352317301931,1
4,n04|n05|n07|n13,239,58.46716128252479,57.0215494713758,16,0.0006672733409685432,16,2.9845471833193287,1.2053719225298707,3.6975406572608946,1.5389353721703358,0.24023988861910084,2.251928846111902,1
4,n10|n11|n13|n15,240,50.20308370869937,49.32413775687026,16,0.0006418266145701517,16,5.279530390506125,7.058705651295554,4.56653691656453,6.158476342335234,7.937651603124664,5.44548286839364,1
4,n02|n11|n15|n16,241,26.317672202396107,35.656402197583425,16,0.0009179703504787937,16,29.164941896809353,30.94411715759884,28.451948422867815,19.82621190162206,21.60538716241149,19.113218427680465,1
4,n06|n07|n09|n11,242,55.60797888911989,55.44269523954478,16,0.0006005105240513911,16,0.12536478991442834,1.6538104708750438,0.8383582638559943,0.039918859660701855,1.8190941204501314,0.6730746142808854,1
4,n01|n03|n04|n14,243,62.949816190367585,63.44186707205456,16,0.0008229202977556938,16,7.467202091162122,5.688026830372664,8.180195565103688,7.9592529728491,6.180077712059642,8.672246446790666,1
4,n04|n07|n09|n15,244,59.68938063540586,56.08995968443975,16,0.0006619356544559556,16,4.206766536200398,2.42759127541094,4.919760010141964,0.6073455852342846,1.1718296755551592,1.3203390591758506,1
4,n04|n06|n07|n16,245,76.80839971261875,63.33581033920883,16,0.0007072611436124568,16,21.325785613413288,19.54661035262383,22.038779087354854,7.8531962400033635,6.0740209792139055,8.56618971394493,1
4,n06|n09|n10|n16,246,73.89167389430001,63.470359840614535,16,0.0007576765753599969,16,18.40905979509455,16.62988453430509,19.122053269036115,7.987745741409071,6.208570480619613,8.700739215350637,1
4,n06|n11|n14|n16,247,75.93420026368571,58.216552679550595,16,0.0007504106453935794,16,20.451586164480247,18.67241090369079,21.164579638421813,2.733938580345132,0.9547633195556742,3.446932054286698,1
4,n09|n11|n14|n15,248,66.61731508733304,58.25755846660008,16,0.0006493860144706874,16,11.134700988127577,9.355525727338119,11.847694462069143,2.7749443673946175,0.9957691066051595,3.4879378413361835,1
4,n04|n05|n13|n16,249,90.19515595654633,64.47405058288972,16,0.0007235041455718259,16,34.71254185734087,32.93336659655141,35.42553533128243,8.991436483684254,7.212261222894796,9.70442995762582,1
4,n08|n09|n15|n16,250,59.83102246374133,57.4879684813366,16,0.0006899630954994866,16,4.348408364535864,2.569233103746406,5.06140183847743,2.005354382131138,0.22617912134167995,2.718347856072704,1
4,n01|n07|n14|n15,251,69.59269030156847,59.74148603174043,16,0.0008339487902641787,16,14.110076202363004,12.330900941573546,14.82306967630457,4.258871932534966,2.479696671745508,4.971865406476532,1
4,n07|n08|n13|n16,252,64.50124450194332,60.59133695896483,16,0.000642747158352259,16,9.018630402737855,7.2394551419483975,9.731623876679421,5.108722859759368,3.32954759896991,5.821716333700934,1
4,n02|n04|n08|n13,253,29.317670408712885,43.359768663722704,16,0.0007223252298324623,16,26.164943690492578,27.944118951282007,25.45195021655104,12.122845435482759,13.902020696272189,11.409851961541221,1
4,n10|n11|n12|n14,254,56.7180634399399,56.65176857517294,16,0.000669570626182812,16,1.2354493407344336,0.5437259200550102,1.9484428146759996,1.1691544759674741,0.6100207848219839,1.88214794990904,1
4,n03|n04|n07|n15,255,50.32491506640443,50.87982018010502,16,0.0007066616671038398,16,5.15769903280102,6.936874293590506,4.444705558859482,4.602793919100463,6.381969179889893,3.889800445158869,1
4,n01|n05|n08|n14,256,69.36075242286034,70.97753985911602,16,0.0008677170230560696,16,13.87813832365488,12.098963062865423,14.591131797596447,15.494925759910558,13.7157504991211,16.207919233852124,1
4,n03|n05|n08|n15,257,48.73090107632756,56.02632210213412,16,0.0007640675670741275,16,6.75171302287788,8.530888283667366,6.038719548936342,0.5437080029286534,1.2354672578608188,1.2567014768702194,1
4,n03|n07|n08|n13,258,17.315231010898483,47.52888447812649,16,0.00068664989643301,16,38.16738308830696,39.94655834909645,37.454389614365425,7.953729621078992,9.732904881868421,7.240736147137397,1
4,n03|n11|n12|n13,259,35.96694095213981,50.25125108228108,16,0.0006664817959852341,16,19.515673147065627,21.294848407855113,18.80267967312409,5.2313630169243766,7.010538277713863,4.518369542982839,1
4,n02|n06|n08|n11,260,30.2876394623666,47.22003203516294,16,0.0006977547707635091,16,25.19497463683888,26.97414989762831,24.481981162897284,8.262582064042533,10.041757324831963,7.549588590100939,1
4,n06|n11|n12|n15,261,55.59386394355181,54.77538981693896,16,0.0006832845584455872,16,0.11124984434634655,1.6679254164430972,0.8242433182879125,0.7072242822665089,2.4863995430559385,0.005769191675064178,1
4,n05|n09|n11|n15,262,69.41225877949152,62.06345731589623,16,0.0006692457872974264,16,13.92964468028606,12.150469419496602,14.642638154227626,6.580843216690766,4.8016679559013085,7.293836690632332,1
4,n02|n05|n11|n13,263,44.993280337670164,44.61412159290192,16,0.0007215261510708578,16,10.489333761535306,12.268509022324736,9.776340287593712,10.86849250630354,12.647667767093026,10.155499032362002,1
4,n01|n04|n09|n14,264,65.87089510935523,64.41638678766597,16,0.000716521887427906,16,10.388281010149768,8.60910574936031,11.101274484091334,8.933772688460508,7.15459742767105,9.646766162402074,1
4,n05|n08|n10|n14,265,66.18154893702753,63.49248875642618,16,0.000710879238167489,16,10.698934837822065,8.919759577032607,11.411928311763631,8.009874657220713,6.230699396431255,8.72286813116228,1
4,n04|n05|n06|n12,266,71.44051989792848,71.2925613141639,15,0.000862080345391134,16,15.957905798723019,14.17873053793356,16.670899272664585,15.809947214958441,14.030771954168983,16.522940688900007,1
4,n02|n03|n04|n07,267,50.301021805077696,52.57476299191734,16,0.0006299879219311597,16,5.181592294127768,6.960767554917197,4.46859882018623,2.9078511072881383,4.687026368077568,2.194857633346544,1
4,n01|n02|n06|n08,268,15.078438281169978,53.99778976136248,16,0.0007747579093131463,16,40.40417581803547,42.183351078824955,39.69118234409393,1.4848243378429515,3.263999598632438,0.771830863901414,1
4,n02|n10|n12|n14,269,43.23345118297129,51.62974192399876,16,0.0007844220129980909,16,12.249162916234184,14.028338177023613,11.53616944229259,3.8528721752066986,5.632047435996185,3.139878701265161,1
4,n08|n10|n13|n15,270,51.970778383365186,50.075716610855835,16,0.0006111249323838759,16,3.5118357158402773,5.291010976629764,2.798842241898683,5.406897488349614,7.1860727491391,4.693904014408076,1
4,n07|n08|n11|n14,271,58.77821044984925,58.10375178774553,16,0.0006921473384462865,16,3.295596350643784,1.516421089854326,4.00858982458535,2.621137688540067,0.8419624277506088,3.3341311624816328,1
4,n01|n03|n09|n12,272,55.80297936821141,63.7428877633995,16,0.0007256724912208764,16,0.3203652690059471,1.4588099917834825,1.033358742947513,8.260273664194038,6.48109840340458,8.973267138135604,1
4,n01|n02|n06|n11,273,9.96720370285846,44.43165606258147,16,0.0006600666767032182,16,45.51541039634702,47.29458565713645,44.80241692240543,11.050958036624024,12.830133297413454,10.33796456268243,1
4,n03|n07|n08|n14,274,11.954143335438301,52.86646727698528,16,0.0007372508784247843,16,43.52847076376713,45.30764602455662,42.815477289825594,2.6161468222201734,4.39532208300966,1.9031533482786358,1
4,n03|n07|n08|n16,275,102.58843315298104,70.03730259795356,16,0.000813308963722544,16,47.105819053775576,45.32664379298612,47.81881252771714,14.554688498748092,12.775513237958634,15.267681972689658,1
4,n06|n14|n15|n16,276,50.832781579129346,52.6961638354605,16,0.000745573802178427,16,4.6498325200761315,6.429007780865561,3.936839046134537,2.786450263744939,4.5656255245344255,2.0734567898034015,1
4,n04|n05|n06|n11,277,67.80095978080546,65.21361380382581,15,0.0006579765612810208,16,12.318345681599993,10.539170420810535,13.03133915554156,9.730999704620345,7.951824443830887,10.443993178561911,1
4,n04|n05|n09|n13,278,59.039771530982236,57.309219121893946,16,0.0006485167798478112,16,3.5571574317767727,1.7779821709873147,4.270150905718339,1.826605022688483,0.047429761899024925,2.539598496630049,1
4,n01|n03|n05|n09,279,61.3063615159054,56.455999282273346,16,0.0006160555865644304,16,5.823747416699938,4.04457215591048,6.536740890641504,0.973385183067883,0.8057900777215536,1.686378657009449,1
4,n01|n03|n04|n16,280,72.17706146112567,70.00243855115188,16,0.0010304546830009133,16,16.69444736192021,14.915272101130753,17.407440835861777,14.51982445194642,12.740649191156962,15.232817925887986,1
4,n02|n09|n11|n12,281,35.05277559449148,49.71713509594325,15,0.0006595650255346959,16,20.429838504713985,22.209013765503414,19.716845030772447,5.7654790032622145,7.544654264051701,5.05248552932062,1
4,n04|n05|n13|n16,282,90.19515595654633,64.47405058288972,16,0.0007235041455718259,16,34.71254185734087,32.93336659655141,35.42553533128243,8.991436483684254,7.212261222894796,9.70442995762582,1
4,n05|n08|n09|n11,283,62.4105340192499,63.69334478650659,16,0.0006883362747225125,16,6.927919920044438,5.14874465925498,7.640913393986004,8.21073068730113,6.431555426511672,8.923724161242696,1
4,n01|n02|n05|n07,284,35.08111162417145,49.41910535658155,16,0.0006346279392817696,16,20.40150247503402,22.18067773582345,19.688509001092427,6.063508742623924,7.842684003413353,5.350515268682329,1
4,n02|n14|n15|n16,285,24.405366113777152,34.76129498963619,16,0.0009197582791606676,16,31.0772479854283,32.85642324621779,30.364254511486763,20.721319109569265,22.50049437035875,20.008325635627727,1
4,n01|n02|n04|n16,286,89.43840201108819,64.83253183183778,16,0.0009448837028913275,16,33.95578791188272,32.176612651093265,34.66878138582429,9.34991773263232,7.570742471842863,10.062911206573887,1
4,n01|n03|n06|n10,287,72.81901969206136,64.64868425444178,16,0.0006152494417946989,16,17.336405592855897,15.557230332066439,18.049399066797463,9.166070155236312,7.386894894446854,9.879063629177878,1
4,n04|n07|n13|n16,288,69.17784433654691,59.588223585932234,16,0.0006598954199915643,16,13.695230237341448,11.91605497655199,14.408223711283014,4.10560948672677,2.3264342259373123,4.818602960668336,1
4,n01|n03|n11|n15,289,48.54038657375837,54.00721935928283,15,0.000868232900839897,16,6.942227525447095,8.721402786236581,6.2292340515055,1.475394739922649,3.2545700007120786,0.7624012659810546,1
4,n01|n02|n08|n10,290,38.17591862938988,52.23853058147767,16,0.000809511429262979,16,17.306695469815566,19.085870730605052,16.593701995874028,3.244083517727802,5.023258778517231,2.5310900437862074,1
4,n03|n07|n13|n16,291,84.92659782548108,63.31008022157244,16,0.0008246214420099167,16,29.44398372627562,27.66480846548616,30.156977200217185,7.827466122366978,6.04829086157752,8.540459596308544,1
4,n01|n05|n15|n16,292,64.50037389862013,68.49767362929991,16,0.0007724071009665865,16,9.017759799414662,7.238584538625204,9.730753273356228,13.015059530094447,11.23588426930499,13.728053004036013,1
4,n02|n03|n09|n14,293,42.61509276465464,41.30909968819799,16,0.0007800907378209005,16,12.867521334550815,14.646696595340302,12.154527860609278,14.173514411007488,15.952689671796918,13.460520937065894,1
4,n02|n06|n07|n15,294,39.570124012727256,42.46765159030165,16,0.0007422523091323253,16,15.912490086478215,17.691665347267644,15.19949661253662,13.014962508903807,14.794137769693293,12.30196903496227,1
4,n02|n06|n14|n15,295,57.74297955901627,43.666914657363684,15,0.0010135281259996127,16,2.2603654598108065,0.4811901990213485,2.9733589337523725,11.815699441841787,13.594874702631216,11.102705967900192,1
4,n02|n04|n13|n14,296,39.84083165199043,40.56940781322891,16,0.0007194005006267738,16,15.641782447215064,17.420957708004494,14.92878897327347,14.913206285976571,16.692381546766,14.200212812034977,1
4,n01|n02|n05|n06,297,51.21504078505042,52.67517143639634,15,0.000617542962221483,16,4.267573314155015,6.046748574944502,3.554579840213478,2.8074426628091373,4.586617923598567,2.094449188867543,1
4,n05|n08|n13|n16,298,82.75719991082623,65.68978235272057,16,0.0007148026664953495,16,27.274585811620767,25.49541055083131,27.987579285562333,10.207168253515107,8.427992992725649,10.920161727456673,1
4,n06|n12|n13|n16,299,69.00782874673676,64.12883813816383,16,0.0007086055985883709,16,13.5252146475313,11.746039386741842,14.238208121472866,8.646224038958366,6.867048778168908,9.359217512899932,1
4,n06|n07|n13|n16,300,81.58103770736902,60.62469558502382,16,0.0007415801279917918,16,26.098423608163557,24.3192483473741,26.811417082105123,5.142081485818359,3.362906225028901,5.855074959759925,1
4,n01|n05|n09|n15,301,65.44999715624068,61.06618249183081,16,0.0007329135944910113,16,9.96738305703522,8.188207796245763,10.680376530976787,5.583568392625345,3.8043931318358872,6.296561866566911,1
4,n02|n07|n10|n14,302,38.86678792654291,46.401797446271544,16,0.0007482365543973702,16,16.615826172662537,18.395001433452023,15.902832698721,9.08081665293389,10.859991913723377,8.367823178992353,1
4,n03|n10|n11|n16,303,72.74013682118299,55.811743541508335,16,0.0007195919827098127,16,17.257522721977523,15.478347461188065,17.97051619591909,0.32912944230287167,1.4500458184866147,1.0421229162444376,1
4,n04|n09|n12|n15,304,64.0299890292466,58.96112536061085,16,0.000675253118033564,16,8.54737493004113,6.768199669251672,9.260368403982696,3.4785112614053872,1.6993360006159293,4.191504735346953,1
4,n02|n05|n08|n09,305,38.48166141125226,51.184639137745926,16,0.0007165521548342631,16,17.000952687953202,18.780127948742688,16.287959214011607,4.297974961459545,6.077150222248974,3.5849814875179504,1
4,n01|n04|n05|n09,306,70.31504499458335,66.6232494988325,16,0.0006167780605976387,16,14.832430895377883,13.053255634588425,15.545424369319448,11.14063539962703,9.361460138837572,11.853628873568596,1
4,n06|n10|n12|n13,307,54.095204188525706,54.773431909313075,16,0.0006809352499942791,16,1.3874099106797644,3.166585171469194,0.67441643673817,0.709182189892374,2.4883574506818604,0.0038112840491777433,1
4,n06|n12|n14|n16,308,67.86202961581965,63.76472653044875,16,0.0007379107610460439,16,12.379415516614188,10.60024025582473,13.092408990555754,8.282112431243284,6.502937170453826,8.99510590518485,1
4,n01|n09|n13|n15,309,40.47112031788477,46.95173449171722,16,0.0007971600388818503,16,15.011493781320723,16.790669042110153,14.298500307379129,8.53087960748826,10.310054868277689,7.817886133546665,1
4,n01|n06|n07|n13,310,59.67205812416529,50.10449444301495,16,0.0006648913863950798,16,4.189444024959826,2.410268764170368,4.902437498901392,5.378119656190506,7.157294916979993,4.665126182248969,1
4,n05|n10|n14|n15,311,69.71350817762183,56.356454982347124,16,0.0006851210195935689,16,14.23089407841637,12.451718817626912,14.943887552357936,0.8738408831416606,0.9053343776478187,1.5868343570832266,1
4,n03|n04|n13|n16,312,64.79129953709044,51.719972560646035,16,0.0006890945312525929,16,9.308685437884975,7.529510177095517,10.021678911826541,3.7626415385594214,5.541816799348908,3.049648064617884,1
4,n07|n08|n11|n12,313,61.06165078801422,62.283346648740135,16,0.000632303383570313,16,5.579036688808756,3.799861428019298,6.292030162750322,6.800732549534672,5.021557288745214,7.513726023476238,1
4,n01|n09|n14|n15,314,57.214374500358026,60.13285798202894,16,0.0008181021958966524,16,1.7317604011525631,0.04741485963688774,2.444753875094129,4.6502438828234745,2.8710686220340165,5.36323735676504,1
4,n11|n14|n15|n16,315,316.83645036499144,52.93341007314183,16,0.0006423227508376842,16,98.64616373421404,100.42533899500347,97.93317026027245,2.5492040260636486,4.328379286853078,1.8362105521220542,1
4,n05|n09|n11|n15,316,69.41225877949152,62.06345731589623,16,0.0006692457872974264,16,13.92964468028606,12.150469419496602,14.642638154227626,6.580843216690766,4.8016679559013085,7.293836690632332,1
4,n05|n13|n14|n16,317,72.76606436109056,63.64166983970387,16,0.0007979691765895618,16,17.283450261885093,15.504275001095635,17.99644373582666,8.15905574049841,6.379880479708952,8.872049214439976,1
4,n01|n02|n08|n09,318,21.605387443627418,42.35167650127834,16,0.0007979876338276049,16,33.877226655578056,35.656401916367486,33.16423318163646,13.13093759792713,14.910112858716559,12.417944123985535,1
4,n02|n03|n09|n16,319,60.78557062572737,50.976528431236396,16,0.0008835473587897138,16,5.302956526521903,3.5237812657324454,6.015950000463469,4.506085667969046,6.285260928758532,3.7930921940275084,1
4,n02|n05|n07|n10,320,51.41843118170321,52.93365990359647,16,0.000662596430666795,16,4.064182917502251,5.843358178291737,3.3511894435606564,2.548954195608985,4.328129456398472,1.8359607216674476,1
4,n04|n05|n13|n15,321,62.51685017815772,53.001396977249705,16,0.0006971415367099544,16,7.0342360789522544,5.2550608181627965,7.74722955289382,2.4812171219557513,4.260392382745238,1.7682236480142137,1
4,n02|n10|n14|n15,322,45.59238902484853,40.062374678325845,16,0.0008179537185017895,16,9.89022507435692,11.669400335146406,9.177231600415382,15.420239420879625,17.199414681669055,14.70724594693803,1
4,n06|n08|n09|n10,323,55.12286376297311,57.73593142094941,16,0.0006614273867802851,16,0.3597503362323664,2.138925597021796,0.3532431377092138,2.2533173217439497,0.47414206095449174,2.9663107956855157,1
4,n03|n04|n07|n09,324,55.46478859122927,56.483150498549406,16,0.0006357295359072043,16,0.017825507976169774,1.7970007687656562,0.6951679659653749,1.0005363993439431,0.7786388614455291,1.713529873285509,1
4,n02|n03|n12|n14,325,36.7142948449533,46.652518587216164,16,0.0008802713472259157,16,18.768319254252162,20.54749451504165,18.055325780310568,8.83009551198927,10.609270772778757,8.117102038047733,1
4,n08|n09|n10|n11,326,58.17925581839374,58.24605281942302,16,0.0006493860144706874,16,2.6966417191882783,0.9174664583988204,3.4096351931298443,2.7634387202175574,0.9842634594280995,3.4764321941591234,1
4,n01|n02|n06|n15,327,31.991826892523523,41.70040889363578,16,0.0007028237137541077,16,23.490787206681944,25.269962467471373,22.77779373274035,13.782205205569653,15.56138046635914,13.069211731628116,1
4,n08|n09|n12|n14,328,66.50984628918069,63.51654911540828,16,0.0006564523916485416,16,11.027232189975223,9.248056929185765,11.740225663916789,8.033935016202818,6.25475975541336,8.746928490144384,1
4,n04|n09|n10|n13,329,52.41251518215477,52.531143445150015,16,0.0006270423986873602,16,3.0700989170507,4.84927417784013,2.3571054431091056,2.95147065405547,4.730645914844899,2.2384771801138754,1
4,n04|n06|n07|n10,330,58.5611002959902,58.89915186657107,16,0.000623218128633367,16,3.0784861967847377,1.2993109359952797,3.7914796707263037,3.416537767365604,1.637362506576146,4.12953124130717,1
4,n07|n13|n14|n16,331,68.18624721556245,62.64091713059837,16,0.0006469964285162426,16,12.703633116356983,10.924457855567525,13.416626590298549,7.158303031392904,5.379127770603446,7.87129650533447,1
4,n01|n06|n10|n16,332,83.72026257589134,73.75558683697699,16,0.0008885872756704768,16,28.237648476685877,26.45847321589642,28.950641950627443,18.272972737771525,16.493797476982067,18.98596621171309,1
4,n05|n06|n10|n12,333,68.31787406764558,68.64874408145029,15,0.0008341065024078691,16,12.835259968440113,11.056084707650655,13.548253442381679,13.166129982244826,11.386954721455368,13.879123456186392,1
4,n02|n07|n11|n12,334,37.11475675283445,50.14180521855813,15,0.0006630986190685965,16,18.36785734637101,20.14703260716044,17.654863872429473,5.34080888064733,7.119984141436817,4.627815406705736,1
4,n02|n03|n07|n09,335,41.154231518410676,44.125110501703325,16,0.0006134605184705101,16,14.328382580794766,16.107557841584253,13.615389106853229,11.35750359750216,13.136678858291589,10.644510123560565,1
4,n07|n10|n11|n16,336,86.49412951798044,64.91226956178127,16,0.00068744480409446,16,31.011515418774977,29.23234015798552,31.724508892716543,9.429655462575809,7.650480201786351,10.142648936517375,1
4,n02|n05|n07|n13,337,41.566315202207626,41.689244054198525,16,0.0007408768706425035,16,13.91629889699783,15.695474157787316,13.203305423056293,13.793370045006952,15.572545305796382,13.080376571065358,1
4,n02|n08|n13|n16,338,69.27664928675057,49.37914858999426,16,0.0008174102568490672,16,13.794035187545106,12.014859926755648,14.507028661486672,6.103465509211219,7.8826407700006484,5.3904720352696245,1
4,n09|n12|n14|n15,339,67.92932448474131,62.172803627276835,16,0.0006638295608433948,16,12.446710385535852,10.667535124746394,13.159703859477418,6.690189528071372,4.911014267281914,7.403183002012938,1
4,n05|n07|n09|n13,340,54.7016770956817,53.16064020061451,16,0.0006294243413209788,16,0.7809370035237748,2.5601122643132044,0.06794352958218042,2.3219738985909544,4.101149159380384,1.6089804246494168,1
4,n06|n09|n12|n14,341,62.87492911890828,62.05069291047969,16,0.0008201814257166849,16,7.392315019702814,5.613139758913356,8.10530849364438,6.568078811274226,4.788903550484768,7.281072285215792,1
4,n03|n05|n06|n10,342,60.795507920159814,60.484149193712746,16,0.0006206969993527208,16,5.312893820954351,3.5337185601648926,6.025887294895917,5.0015350945072825,3.2223598337178245,5.7145285684488485,1
4,n03|n05|n06|n11,343,58.85331005534253,58.253794739264016,16,0.0006433395877625792,16,3.3706959561370695,1.5915206953476115,4.0836894300786355,2.771180640058553,0.992005379269095,3.484174114000119,1
4,n02|n05|n12|n14,344,100.7341548581665,70.24025585769152,15,0.001017996786312004,16,45.25154075896104,43.472365498171584,45.96453423290261,14.75764175848606,12.978466497696601,15.470635232427625,1
4,n01|n04|n11|n16,345,16.04122137025824,67.96262463840988,16,0.0006982851069079023,16,39.44139272894722,41.22056798973665,38.728399255005684,12.480010539204414,10.700835278414957,13.19300401314598,1
4,n04|n06|n07|n12,346,64.19051964158204,63.21678972995162,16,0.0006424355527012799,16,8.70790554237658,6.9287302815871215,9.420899016318145,7.734175630746158,5.9550003699567,8.447169104687724,1
4,n03|n09|n10|n14,347,52.874210348354445,52.112128775118386,16,0.0006702271438650434,16,2.608403750851039,4.387579011640469,1.8954102769094447,3.370485324087099,5.1496605848765284,2.6574918501455045,1
4,n04|n05|n09|n16,348,80.04658106842636,70.09492117537775,16,0.0007434581267937904,16,24.5639669692209,22.78479170843144,25.276960443162466,14.612307076172286,12.833131815382828,15.325300550113852,1
4,n03|n05|n07|n11,349,59.83020503561922,59.48631909620814,16,0.000659515918887371,16,4.347590936413759,2.5684156756243013,5.060584410355325,4.003704997002679,2.2245297362132206,4.7166984709442445,1
4,n04|n10|n13|n16,350,61.41564285098527,54.10920879720697,16,0.0006493860144706874,16,5.933028751779808,4.15385349099035,6.646022225721374,1.3734053019985026,3.152580562787932,0.6604118280569082,1
4,n08|n12|n14|n16,351,55.721720149002174,55.20406756119674,16,0.0006238262630594456,16,0.23910604979671035,1.5400692109927263,0.9520995237382763,0.2785465380087544,2.057721798798184,0.43444693593284,1
4,n03|n04|n11|n13,352,41.33571463410098,47.2073494094932,16,0.0006823576262981858,16,14.146899465104468,15.926074725893955,13.43390599116293,8.275264689712287,10.054439950501717,7.562271215770693,1
4,n02|n03|n04|n13,353,37.897452745548925,43.0601843333452,16,0.0007229016042123227,16,17.58516135365653,19.364336614446017,16.872167879714993,12.422429765860272,14.201605026649702,11.709436291918678,1
4,n03|n09|n11|n16,354,75.67584010222433,60.64645565963558,16,0.0008016730619404445,16,20.193226003018864,18.414050742229406,20.90621947696043,5.163841560430114,3.3846662996406565,5.87683503437168,1
4,n02|n06|n10|n14,355,49.615041753618115,47.09743613936472,16,0.0006779337018020594,16,5.867572345587348,7.6467476063768345,5.154578871645754,8.385177959840746,10.164353220630232,7.672184485899152,1
4,n02|n04|n11|n15,356,36.64508272160019,42.83728460675805,16,0.0006843317039239977,16,18.837531377605274,20.616706638394703,18.124537903663736,12.645329492447445,14.424504753236874,11.93233601850585,1
4,n03|n04|n06|n15,357,47.10664736324985,50.364179178356444,16,0.0007318544124707667,16,8.375966735955615,10.155141996745101,7.66297326201402,5.11843492084904,6.89761018163847,4.405441446907446,1
4,n02|n04|n05|n10,358,59.739501438702824,60.92098207238967,16,0.0006829785250602133,16,4.256887339497361,2.4777120787079028,4.969880813438927,5.4383679731842065,3.6591927123947485,6.1513614471257725,1
4,n01|n05|n06|n13,359,57.24505722095084,52.6617960156016,16,0.0006426170292101411,16,1.7624431217453775,0.01673213904405202,2.4754365956869435,2.8208180836038537,4.59999334439334,2.107824609662316,1
4,n01|n08|n11|n16,360,89.42629363860013,66.62810290764642,16,0.0007067539198339294,16,33.943679539394665,32.16450427860521,34.65667301333623,11.145488808440959,9.366313547651501,11.858482282382525,1
4,n01|n08|n10|n14,361,57.06545713138369,63.07873445428123,16,0.0008389164051919131,16,1.582843032178225,0.19633222861125432,2.295836506119791,7.596120355075769,5.816945094286311,8.309113829017335,1
4,n03|n07|n12|n13,362,54.49807649936432,56.52500644107173,16,0.0007012293221534232,16,0.9845375998411328,2.763712860630619,0.2715441258995952,1.0423923418662682,0.7367829189232111,1.7553858158078341,1
4,n05|n07|n11|n13,363,58.89156929842315,56.361163961148904,16,0.0006605334640269856,16,3.4089551992176865,1.6297799384282285,4.1219486731592525,0.8785498619434406,0.9006253988460458,1.5915433358850066,1
4,n02|n03|n10|n11,364,40.44383974120767,44.37509753735004,16,0.0006991862537678044,16,15.038774357997795,16.817949618787225,14.325780884056257,11.107516561855448,12.886691822644877,10.394523087913853,1
4,n04|n09|n10|n14,365,63.6851367766001,57.938456829739124,16,0.0006328171155831977,16,8.20252267739464,6.423347416605182,8.915516151336206,2.4558427305336608,0.6766674697442028,3.1688362044752267,1
4,n03|n05|n10|n15,366,54.58667723140577,55.47401042868652,16,0.0007478972041399523,16,0.895936867799719,2.6751121285891486,0.18294339385812464,0.008603670518937179,1.7877789313084236,0.7043898034226217,1
4,n03|n12|n13|n16,367,45.709981083023735,55.40496366082858,16,0.0007248138359409982,16,9.772633016181715,11.551808276971201,9.059639542240177,0.07765043837690655,1.856825699166336,0.6353430355646807,1
4,n04|n08|n14|n16,368,55.749544152244475,53.14306835503389,16,0.0006351236407401191,16,0.26693005303901174,1.512245207750425,0.9799235269805777,2.3395457441715735,4.118721004961003,1.626552270230036,1
4,n07|n08|n10|n15,369,54.32098119745084,53.141752482162936,16,0.0007239022591259664,16,1.161632901754615,2.9408081625441014,0.4486394278130774,2.340861617042549,4.1200368778319785,1.6278681431009545,1
4,n08|n13|n15|n16,370,54.30295483209042,55.00769064620687,16,0.0006330939582492713,16,1.1796592671150279,2.9588345279045143,0.46666579317349033,0.4749234529986097,2.2540987137880393,0.23807002094297047,1
4,n04|n11|n15|n16,371,26.56745227140517,47.274856189790285,16,0.0006423227508376842,16,28.91516182780032,30.694337088589748,28.202168353858724,8.207757909415193,9.986933170204622,7.4947644354735985,1
4,n02|n05|n07|n11,372,50.59535425182383,52.360346963595866,16,0.0006989058782307397,16,4.887259847381642,6.666435108171072,4.174266373440048,3.1222671356096043,4.901442396399034,2.40927366166801,1
4,n03|n05|n10|n11,373,60.3407796515631,59.40422784404204,16,0.0006594617612017022,16,4.85816555235764,3.078990291568182,5.571159026299206,3.921613744836577,2.142438484047119,4.634607218778143,1
4,n01|n03|n05|n11,374,65.63207007348102,61.74529548319989,16,0.0006719751944003066,16,10.149455974275554,8.370280713486096,10.86244944821712,6.262681383994426,4.483506123204968,6.975674857935992,1
4,n01|n05|n11|n14,375,83.00651004058265,71.90492601978319,16,0.0006765684433662454,16,27.52389594137719,25.744720680587733,28.236889415318757,16.422311920577727,14.643136659788269,17.135305394519293,1
4,n08|n13|n14|n15,376,54.96980965233435,53.7669079694648,16,0.0006262036885758494,16,0.5128044468710868,2.2919797076605732,0.20018902707045072,1.7157061297406813,3.494881390530111,1.0027126557990869,1
4,n02|n08|n14|n16,377,68.77167144477849,50.32215207887572,16,0.000870348994029969,16,13.289057345573028,11.50988208478357,14.002050819514594,5.16046202032976,6.9396372811191895,4.447468546388166,1
4,n08|n10|n13|n15,378,51.970778383365186,50.075716610855835,16,0.0006111249323838759,16,3.5118357158402773,5.291010976629764,2.798842241898683,5.406897488349614,7.1860727491391,4.693904014408076,1
4,n04|n09|n13|n16,379,68.1080754744848,61.217036996329,16,0.0006615495503043138,16,12.625461375279343,10.846286114489885,13.33845484922091,5.734422897123537,3.9552476363340787,6.447416371065103,1
4,n04|n12|n15|n16,380,52.320848406615816,52.03940934708583,16,0.0006462809679236884,16,3.161765692589654,4.940940953379084,2.4487722186480596,3.443204752119641,5.2223800129090705,2.7302112781780465,1
4,n01|n09|n10|n13,381,56.66834949960428,52.315224737533704,16,0.0006294492392642848,16,1.1857354003988192,0.5934398603906175,1.8987288743403852,3.1673893616717805,4.94656462246121,2.454395887730186,1
4,n08|n09|n11|n16,382,86.920140413901,66.22985612873178,16,0.0006522324898997195,16,31.437526314695532,29.658351053906074,32.1505197886371,10.74724202952632,8.968066768736861,11.460235503467885,1
4,n05|n07|n08|n11,383,61.68971227070184,63.380070448145126,16,0.0007066045920002004,16,6.207098171496376,4.4279229107069185,6.920091645437942,7.897456348939663,6.118281088150205,8.610449822881229,1
4,n06|n07|n08|n12,384,62.4530914114931,64.31722527668583,16,0.0006619278681866026,16,6.970477312287635,5.191302051498177,7.683470786229201,8.834611177480369,7.055435916690911,9.547604651421935,1
4,n01|n05|n08|n11,385,65.99162751995713,69.17186118544645,16,0.0007398183578692342,16,10.509013420751671,8.729838159962213,11.222006894693237,13.689247086240982,11.910071825451524,14.402240560182548,1
4,n03|n10|n14|n16,386,56.74498099607564,50.65252975779546,16,0.0009382392380397218,16,1.2623668968701764,0.5168083639192673,1.9753603708117424,4.830084341409986,6.609259602199472,4.117090867468448,1
4,n03|n07|n12|n16,387,103.40215263828833,76.56905656595225,16,0.0008448515069833061,16,47.919538539082865,46.14036327829341,48.63253201302443,21.08644246674679,19.30726720595733,21.799435940688355,1
4,n03|n05|n09|n13,388,49.4242908641536,48.80449273539386,16,0.0006788646401562669,16,6.058323235051887,7.8374984958413165,5.345329761110293,6.678121363811613,8.457296624601042,5.965127889870018,1
4,n02|n04|n05|n16,389,104.13718074995427,78.3265797073749,15,0.0009700618122771202,16,48.654566650748805,46.87539138995935,49.36756012469037,22.84396560816944,21.064790347379983,23.556959082111007,1
4,n06|n08|n11|n15,390,53.85600050203964,51.80040704949624,16,0.0006731723993146481,16,1.6266135971658287,3.405788857955258,0.9136201232242342,3.682207049709234,5.461382310498664,2.9692135757676397,1
4,n04|n05|n10|n13,391,59.38764646958894,57.29397574271818,16,0.0006456017606149448,16,3.9050323703834735,2.1258571095940155,4.6180258443250395,1.8113616435127184,0.032186382723260465,2.5243551174542844,1
4,n08|n09|n10|n12,392,62.38230340566467,62.711233991989744,16,0.0006574804347571433,16,6.899689306459209,5.120514045669751,7.612682780400775,7.22861989278428,5.449444631994822,7.941613366725846,1
4,n01|n06|n12|n13,393,66.9450560577255,60.81922129219881,16,0.0008099771675789472,16,11.462441958520031,9.683266697730573,12.175435432461597,5.336607192993348,3.5574319322038903,6.049600666934914,1
4,n02|n05|n07|n11,394,50.59535425182383,52.360346963595866,16,0.0006989058782307397,16,4.887259847381642,6.666435108171072,4.174266373440048,3.1222671356096043,4.901442396399034,2.40927366166801,1
4,n06|n08|n09|n14,395,60.027295101895554,58.22264214324234,16,0.0007188593825705424,16,4.544681002690091,2.7655057419006326,5.2576744766316565,2.740028044036876,0.9608527832474181,3.453021517978442,1
4,n03|n05|n06|n13,396,46.0724483422579,47.79397838744245,16,0.0006803136752191036,16,9.41016575694755,11.189341017737036,8.697172283006012,7.688635711763027,9.467810972552456,6.9756422378214324,1
4,n07|n09|n11|n14,397,62.76529059388119,59.76446896139254,16,0.0006596684430101065,16,7.2826764946757265,5.5035012338862686,7.9956699686172925,4.281854862187075,2.5026796013976167,4.994848336128641,1
4,n08|n09|n13|n16,398,66.76489710992293,62.96938961276802,16,0.0006586277741611555,16,11.282283010717464,9.503107749928006,11.99527648465903,7.486775513562556,5.707600252773098,8.199768987504122,1
4,n01|n07|n08|n16,399,73.37162004797335,75.15164212106991,16,0.0009408124518457831,16,17.88900594876789,16.10983068797843,18.601999422709454,19.66902802186445,17.88985276107499,20.382021495806015,1
4,n03|n05|n09|n10,400,58.30891945851451,58.550725580601025,16,0.0006261087647314769,16,2.826305359309046,1.0471300985195882,3.539298833250612,3.0681114813955617,1.2889362206061037,3.7811049553371276,1
4,n03|n08|n12|n16,401,45.55976385856535,55.10907684211579,16,0.0007197425084133198,16,9.922850240640116,11.702025501429603,9.209856766698522,0.3735372570896516,2.152712517879138,0.3394562168518931,1
4,n03|n05|n08|n16,402,70.78831834078531,67.28478958181805,16,0.0009310417444257754,16,15.305704241579846,13.526528980790388,16.018697715521412,11.802175482612583,10.023000221823125,12.515168956554149,1
4,n01|n05|n06|n15,403,84.36188812765953,72.79051689313346,16,0.0008092741174255715,16,28.879274028454063,27.100098767664605,29.59226750239563,17.307902793927994,15.528727533138536,18.02089626786956,1
4,n05|n09|n11|n12,404,67.63510641441957,68.7282018851143,15,0.0007100834470931798,16,12.152492315214104,10.373317054424646,12.86548578915567,13.245587785908839,11.466412525119381,13.958581259850405,1
4,n07|n08|n09|n15,405,61.30950162417453,58.37095564166167,16,0.0007253073342322572,16,5.826887524969067,4.047712264179609,6.539880998910633,2.88834154245621,1.1091662816667522,3.601335016397776,1
4,n02|n13|n14|n15,406,36.24032920683353,35.96893914085749,16,0.0008404408584529538,16,19.242284892371913,21.0214601531614,18.529291418430375,19.513674958347963,21.29285021913745,18.800681484406425,1
4,n03|n04|n08|n10,407,37.067077906998506,53.47883286683578,16,0.0006313466044167883,16,18.415536192206957,20.194711452996444,17.702542718265363,2.003781232369704,3.7829564931591335,1.2907877584281096,1
4,n06|n08|n14|n16,408,63.5054544200121,56.65127567435827,16,0.0007510507095647403,16,8.022840320806637,6.243665060017179,8.735833794748203,1.1686615751528038,0.6105136856366471,1.8816550490943698,1
4,n03|n05|n12|n16,409,62.70001376168673,70.34271456947971,16,0.0009024942333467739,16,7.21739966248127,5.438224401691812,7.930393136422836,14.860100470274247,13.08092520948479,15.573093944215813,1
4,n02|n06|n10|n14,410,49.615041753618115,47.09743613936472,16,0.0006779337018020594,16,5.867572345587348,7.6467476063768345,5.154578871645754,8.385177959840746,10.164353220630232,7.672184485899152,1
4,n03|n04|n09|n15,411,49.00315571998438,50.342038650526156,16,0.0007022488782625627,16,6.479458379221114,8.258633640010544,5.76646490527952,5.1405754486793285,6.919750709468758,4.427581974737734,1
4,n03|n07|n09|n15,412,48.303784714260956,50.72912967410212,16,0.000665531015042785,16,7.178829384944493,8.958004645733979,6.465835911002955,4.753484425103352,6.5326596858927815,4.0404909511617575,1
4,n01|n09|n12|n13,413,51.25015978046673,59.08565274382071,16,0.0008159087409396993,16,4.232454318738746,6.011629579528176,3.519460844797152,3.6030386446152463,1.8238633838257883,4.316032118556812,1
4,n03|n07|n14|n16,414,84.70912860230585,64.91694462170037,16,0.0008760545427070642,16,29.22651450310039,27.44733924231093,29.939507977041956,9.434330522494903,7.6551552617054455,10.14732399643647,1
4,n04|n09|n11|n12,415,62.09491985008375,62.123854822474534,16,0.0006493860144706874,16,6.612305750878285,4.833130490088827,7.325299224819851,6.641240723269071,4.862065462479613,7.354234197210637,1
4,n02|n08|n09|n14,416,36.63168005158011,47.56444937919065,16,0.0007913939208941206,16,18.850934047625344,20.63010930841483,18.137940573683807,7.918164720014829,9.697339980804259,7.205171246073235,1
4,n03|n13|n14|n15,417,37.86282347015877,43.965732098902656,16,0.0007204219372500162,16,17.61979062904669,19.398965889836177,16.906797155105096,11.516882000302815,13.296057261092244,10.80388852636122,1
4,n07|n09|n12|n15,418,63.75930407136769,62.912018777933966,16,0.0006747931288937967,16,8.276689972162224,6.497514711372766,8.98968344610379,7.429404678728503,5.650229417939045,8.142398152670069,1
4,n02|n08|n11|n16,419,72.42343423599345,53.644738469674316,16,0.000847249081332853,16,16.94082013678799,15.161644875998533,17.653813610729557,1.8378756295311405,3.617050890320627,1.124882155589603,1
4,n11|n13|n14|n16,420,83.12659198212992,62.22391067219262,16,0.0006423227508376842,16,27.64397788292446,25.864802622135002,28.356971356866026,6.74129657298716,4.962121312197702,7.454290046928726,1
4,n07|n08|n09|n13,421,56.94807145058192,56.89738319158531,16,0.0006839311703073753,16,1.4654573513764575,0.3137179094130147,2.1784508253180235,1.4147690923798493,0.36440616840963,2.1277625663214152,1
4,n02|n05|n12|n14,422,100.7341548581665,70.24025585769152,15,0.001017996786312004,16,45.25154075896104,43.472365498171584,45.96453423290261,14.75764175848606,12.978466497696601,15.470635232427625,1
4,n05|n13|n15|n16,423,53.8172665085357,55.85165695566213,16,0.0007809133849633737,16,1.6653475906697395,3.444522851459226,0.9523541167282019,0.3690428564566659,1.410132404332785,1.0820363303982319,1
4,n10|n12|n15|n16,424,58.89796845290303,53.63845144646443,16,0.0006493860144706874,16,3.415354353697566,1.6361790929081081,4.128347827639132,1.8441626527410335,3.623337913530463,1.131169178799496,1
4,n02|n06|n09|n11,425,43.8276344576307,45.258680155703196,16,0.0006307960819645235,16,11.654979641574755,13.434154902364241,10.941986167633218,10.223933943502288,12.003109204291718,9.510940469560694,1
4,n03|n05|n09|n14,426,61.23723829225088,57.023261858144515,16,0.0007062022309092966,16,5.754624193045416,3.975448932255958,6.467617666986982,1.540647758939052,0.23852750185039895,2.253641232880618,1
4,n06|n08|n10|n15,427,54.06303727727164,51.301801563350374,16,0.0006858726557906366,16,1.4195768219338447,3.1987520827232743,0.7065833479922503,4.180812535855068,5.959987796644555,3.4678190619135307,1
4,n04|n12|n14|n15,428,53.334122261719166,51.8998707843398,16,0.0006376255392182243,16,2.14849183748629,3.9276670982757764,1.4354983635447525,3.5827433148656382,5.361918575655125,2.8697498409241007,1
4,n02|n13|n14|n15,429,36.24032920683353,35.96893914085749,16,0.0008404408584529538,16,19.242284892371913,21.0214601531614,18.529291418430375,19.513674958347963,21.29285021913745,18.800681484406425,1
4,n01|n05|n07|n08,430,68.86668026454056,68.07944123972428,16,0.0007919393251925981,16,13.3840661653351,11.604890904545641,14.097059639276665,12.596827140518812,10.817651879729354,13.309820614460378,1
4,n04|n12|n14|n15,431,53.334122261719166,51.8998707843398,16,0.0006376255392182243,16,2.14849183748629,3.9276670982757764,1.4354983635447525,3.5827433148656382,5.361918575655125,2.8697498409241007,1
4,n01|n04|n10|n13,432,57.42604356621221,57.14066844870241,16,0.0006728983718342532,16,1.9434294670067445,0.16425420621728648,2.6564229409483104,1.6580543494969433,0.12112091129250757,2.3710478234385093,1
4,n03|n07|n09|n14,433,53.926214638282175,52.99928046048571,16,0.0006638269728892483,16,1.5563994609232736,3.33557472171276,0.8434059869817361,2.483333638719728,4.262508899509214,1.7703401647781902,1
4,n01|n04|n14|n15,434,17.38654108631095,54.45733397869109,16,0.0007808161516663214,16,38.09607301289452,39.87524827368395,37.38307953895293,1.025280120514367,2.8044553813038533,0.31228664657282934,1
4,n03|n07|n08|n10,435,40.7298775981733,53.84921792688049,16,0.0006423890455359694,16,14.752736501032132,16.53191176182162,14.039743027090594,1.6333961723249786,3.412571433114408,0.9204026983833842,1
4,n01|n07|n08|n10,436,57.672758272902435,64.05016269537161,16,0.0006698054403989658,16,2.1901441736969716,0.4109689129075136,2.9031376476385375,8.567548596166148,6.78837333537669,9.280542070107714,1
4,n01|n07|n10|n12,437,63.03052591044001,68.57806270765248,16,0.0006550573115382608,16,7.547911811234549,5.768736550445091,8.260905285176115,13.095448608447015,11.316273347657557,13.80844208238858,1
4,n02|n05|n06|n07,438,49.75198779977715,50.832745551053335,16,0.000633880843754614,16,5.730626299428309,7.509801560217795,5.017632825486771,4.649868548152142,6.429043808941572,3.9368750742105476,1
4,n05|n10|n13|n15,439,59.50321838623569,51.01297939212753,16,0.00068615784192525,16,4.020604287030224,2.241429026240766,4.73359776097179,4.469634707077944,6.248809967867373,3.7566412331363495,1
4,n01|n02|n03|n13,440,25.71841905310736,38.55482402993113,16,0.0006789634008945243,16,29.76419504609811,31.54337030688754,29.051201572156515,16.92779006927435,18.70696533006378,16.214796595332757,1
4,n01|n02|n07|n08,441,20.27031645127171,47.12119131847482,16,0.0006988819601556858,16,35.212297647933724,36.99147290872321,34.499304173992186,8.361422780730663,10.140598041520093,7.648429306789069,1
4,n07|n08|n14|n16,442,62.73728814183752,60.19064645744268,16,0.0006655741335886796,16,7.254674042632054,5.475498781842596,7.96766751657362,4.708032358237219,2.928857097447761,5.421025832178785,1
4,n01|n10|n12|n13,443,48.1483525801832,58.797871550726974,16,0.0007632420425124252,16,7.334261519022277,9.113436779811707,6.621268045080683,3.3152574515215107,1.5360821907320528,4.028250925463077,1
4,n02|n03|n04|n08,444,70.991241411343,57.23808433661039,16,0.0006280352168403012,16,15.508627312137534,13.729452051348076,16.2216207860791,1.7554702374049285,0.023705023384536617,2.4684637113464944,1
4,n06|n07|n11|n12,445,57.036812011594755,60.320608831578824,16,0.0006366072592951246,16,1.5541979123892915,0.22497734840015937,2.2671913863308575,4.83799473237336,3.0588194715839023,5.550988206314926,1
4,n01|n02|n03|n04,446,49.095229399491586,61.691492147518886,16,0.0006234664650202484,16,6.387384699713891,8.16655996050332,5.674391225772297,6.208878048313423,4.429702787523965,6.921871522254989,1
4,n04|n09|n14|n15,447,65.6071863831516,56.625951760654765,16,0.0006308158504763097,16,10.124572283946137,8.345397023156679,10.837565757887702,1.1433376614493014,0.6358375993401637,1.8563311353908674,1
4,n01|n05|n10|n16,448,89.00938532773448,82.20305783940061,16,0.0007643006509376535,16,33.526771228529014,31.747595967739556,34.23976470247058,26.72044374019515,24.941268479405693,27.433437214136717,1
4,n04|n11|n14|n16,449,80.78081237749808,57.57542228596794,16,0.0006375043064450203,16,25.298198278292617,23.51902301750316,26.011191752234183,2.0928081867624755,0.3136329259730175,2.8058016607040415,1
4,n01|n03|n05|n10,450,69.91389219520792,63.29380643231567,16,0.0006221689883477062,16,14.431278096002458,12.652102835213,15.144271569944024,7.811192333110206,6.032017072320748,8.524185807051772,1
4,n10|n12|n15|n16,451,58.89796845290303,53.63845144646443,16,0.0006493860144706874,16,3.415354353697566,1.6361790929081081,4.128347827639132,1.8441626527410335,3.623337913530463,1.131169178799496,1
4,n03|n06|n07|n11,452,52.94976485498707,53.53950029919401,16,0.0006423863566564895,16,2.5328492442183688,4.312024505007855,1.8198557702768312,1.9431138000114743,3.722289060800904,1.2301203260698799,1
4,n06|n07|n09|n12,453,62.46128081142967,62.355407504968504,16,0.0006596296221656212,16,6.978666712224204,5.199491451434746,7.69166018616577,6.872793405763041,5.093618144973583,7.585786879704607,1
4,n07|n09|n12|n15,454,63.75930407136769,62.912018777933966,16,0.0006747931288937967,16,8.276689972162224,6.497514711372766,8.98968344610379,7.429404678728503,5.650229417939045,8.142398152670069,1
4,n02|n09|n10|n13,455,31.89047185146289,40.31547285199261,16,0.000684377880929098,16,23.592142247742572,25.371317508532,22.879148773801035,15.16714124721284,16.946316508002326,14.454147773271302,1
4,n04|n08|n09|n13,456,57.31569496608419,55.87229989263393,16,0.000647906653957178,16,1.8330808668787242,0.0539056060892662,2.54607434082029,0.38968579342846965,1.3894894673609883,1.1026792673700356,1
4,n03|n04|n05|n11,457,62.85498610924122,62.29051627584561,16,0.0006797088561297747,16,7.372372010035754,5.593196749246296,8.08536548397732,6.807902176640148,5.02872691585069,7.520895650581714,1
4,n02|n10|n12|n15,458,40.629831683521935,46.549338427014185,16,0.0008143555594358287,16,14.85278241568352,16.631957676473007,14.139788941741983,8.933275672191257,10.712450932980744,8.22028219824972,1
4,n01|n02|n07|n10,459,20.24125500727676,46.064647680182425,16,0.0006526418378114392,16,35.2413590919287,37.02053435271819,34.528365617987106,9.41796641902306,11.19714167981249,8.704972945081465,1
4,n03|n06|n08|n14,460,48.696522030624415,52.506377006477045,16,0.0008192947316983567,16,6.78609206858107,8.5652673293705,6.073098594639475,2.976237092728411,4.755412353517897,2.2632436187868734,1
4,n01|n02|n04|n08,461,61.16351570438468,67.2350110612603,16,0.0007664956173840801,16,5.680901605179216,3.9017263443897576,6.393895079120782,11.752396962054831,9.973221701265373,12.465390435996397,1
4,n02|n11|n12|n13,462,32.83043787806655,44.85931991385973,16,0.0006841744817328737,16,22.652176221138916,24.431351481928345,21.93918274719738,10.623294185345742,12.402469446135171,9.910300711404147,1
4,n05|n08|n12|n14,463,68.90052158829657,66.12921767670731,16,0.0007214457446527579,16,13.417907489091107,11.638732228301649,14.130900963032673,10.64660357750185,8.867428316712392,11.359597051443416,1
4,n01|n02|n13|n14,464,18.589909628017196,22.694688718244276,16,0.0009595053680589452,16,36.89270447118827,38.6718797319777,36.17971099724673,32.787925380961155,34.56710064175064,32.07493190701962,1
4,n09|n11|n14|n16,465,87.40790110786946,66.86974529986404,16,0.0006614908461151415,16,31.925287008664,30.146111747874542,32.638280482605566,11.387131200658573,9.607955939869115,12.100124674600139,1
4,n04|n06|n15|n16,466,48.41421619408959,49.49733508840426,16,0.000723362988471065,16,7.068397905115887,8.847573165905317,6.355404431174293,5.985279010801207,7.764454271590637,5.272285536859613,1
4,n04|n12|n15|n16,467,52.320848406615816,52.03940934708583,16,0.0006462809679236884,16,3.161765692589654,4.940940953379084,2.4487722186480596,3.443204752119641,5.2223800129090705,2.7302112781780465,1
4,n06|n08|n13|n14,468,51.866789544264016,50.70973061816102,16,0.0006947646158094207,16,3.6158245549414687,5.394999815730898,2.9028310809998743,4.77288348104446,6.552058741833889,4.059890007102865,1
4,n07|n09|n10|n11,469,57.61234381859369,57.406889687215816,16,0.0006311464394297537,16,2.12972971938823,0.3505544585987721,2.842723193329796,1.924275588010353,0.14510032722089505,2.637269061951919,1
4,n02|n06|n10|n15,470,41.44901556701039,44.42063804224179,15,0.0008885066550595025,16,14.033598532195072,15.812773792984558,13.320605058253477,11.061976056963658,12.841151317753145,10.34898258302212,1
4,n04|n06|n07|n08,471,59.721565102970345,60.84944591688548,16,0.0006713503233747155,16,4.238951003764882,2.459775742975424,4.951944477706448,5.366831817680016,3.5876565568905576,6.079825291621582,1
4,n01|n04|n06|n10,472,75.67138301470895,70.04981536181282,16,0.0006355079736988444,16,20.188768915503488,18.40959365471403,20.901762389445054,14.567201262607355,12.788026001817897,15.280194736548921,1
4,n01|n03|n05|n08,473,64.38526523245648,67.71096473198261,16,0.0007078458348137361,16,8.902651133251013,7.123475872461555,9.615644607192579,12.22835063277715,10.449175371987693,12.941344106718716,1
4,n01|n02|n13|n14,474,18.589909628017196,22.694688718244276,16,0.0009595053680589452,16,36.89270447118827,38.6718797319777,36.17971099724673,32.787925380961155,34.56710064175064,32.07493190701962,1
4,n01|n07|n12|n14,475,66.1697909057975,69.16648248661431,16,0.0008718176064056889,16,10.687176806592035,8.908001545802577,11.400170280533601,13.68386838740885,11.904693126619392,14.396861861350416,1
4,n08|n09|n10|n16,476,75.68203547944015,64.14839452164063,16,0.0006493860144706874,16,20.199421380234682,18.420246119445224,20.912414854176248,8.665780422435162,6.886605161645704,9.378773896376728,1
4,n05|n12|n13|n16,477,75.0450986420315,69.40559307112417,16,0.0007568919435206863,16,19.56248454282604,17.783309282036583,20.275478016767607,13.92297897191871,12.143803711129252,14.635972445860276,1
4,n08|n09|n12|n16,478,70.48268310093971,66.08614745010681,16,0.0006570457157586724,16,15.000069001734246,13.220893740944788,15.713062475675812,10.603533350901344,8.824358090111886,11.31652682484291,1
4,n01|n11|n12|n15,479,62.755367138750124,57.15365074890362,16,0.0006734671074163646,16,7.272753039544661,5.493577778755203,7.985746513486227,1.6710366496981592,0.10813861109130585,2.384030123639725,1
4,n05|n08|n11|n13,480,61.67215199502497,56.93673113281398,16,0.0006849756200340274,16,6.189537895819505,4.410362635030047,6.902531369761071,1.4541170336085187,0.32505822718093214,2.1671105075500847,1
4,n01|n03|n11|n13,481,48.11302841362719,48.281745266789684,16,0.0006980802908918046,16,7.369585685578272,9.148760946367702,6.656592211636735,7.200868832415779,8.980044093205265,6.487875358474184,1
4,n04|n06|n09|n16,482,75.10338324607942,63.72742278358293,16,0.0007608716223638251,16,19.620769146873954,17.841593886084496,20.33376262081552,8.244808684377468,6.4656334235880095,8.957802158319033,1
4,n02|n03|n10|n15,483,34.000095247700976,40.576687813354184,16,0.0008027193514958226,16,21.482518851504494,23.261694112293924,20.7695253775629,14.905926285851251,16.685101546640738,14.192932811909714,1
4,n10|n12|n15|n16,484,58.89796845290303,53.63845144646443,16,0.0006493860144706874,16,3.415354353697566,1.6361790929081081,4.128347827639132,1.8441626527410335,3.623337913530463,1.131169178799496,1
4,n05|n07|n11|n15,485,66.9095316704807,60.38543575762494,16,0.0006698517980952439,16,11.42691757127524,9.647742310485782,12.139911045216806,4.902821658419477,3.1236463976300186,5.615815132361043,1
4,n09|n12|n15|n16,486,66.49732604303476,62.04502816840347,16,0.0006803816771194385,16,11.014711943829298,9.23553668303984,11.727705417770864,6.562414069198006,4.783238808408548,7.275407543139572,1
4,n02|n09|n11|n14,487,40.5736611112688,46.824876658039024,16,0.0007308688983615806,16,14.908952987936686,16.688128248726116,14.195959513995092,8.657737441166432,10.436912701955919,7.944743967224895,1
4,n03|n06|n08|n16,488,50.63520730683861,57.744333373869765,16,0.0010310553828091862,16,4.847406792366883,6.626582053156312,4.134413318425288,2.2617192746643013,0.48254401387484336,2.9747127486058673,1
4,n01|n07|n09|n10,489,62.83151186064814,59.461903257929876,16,0.0006185914054977279,16,7.348897761442679,5.569722500653221,8.061891235384245,3.979289158724413,2.200113897934955,4.692282632665979,1
4,n04|n11|n14|n15,490,51.503201017752744,49.94611916178474,16,0.0006493860144706874,16,3.9794130814527193,5.758588342242206,3.266419607511125,5.536494937420741,7.315670198210171,4.823501463479147,1
4,n04|n06|n10|n16,491,76.50123647991008,60.54266493669875,16,0.0006958030053188482,16,21.018622380704613,19.239447119915155,21.73161585464618,5.060050837493286,3.280875576703828,5.773044311434852,1
4,n02|n03|n04|n15,492,33.9276489270988,43.68639194611139,16,0.00082962684166599,16,21.554965172106677,23.334140432896106,20.841971698165082,11.79622215309405,13.575397413883536,11.083228679152512,1
4,n01|n09|n12|n14,493,55.449222652889425,67.94579469959766,16,0.0008626337556763597,16,0.0333914463160454,1.812566707105475,0.6796020276255277,12.463180600392192,10.684005339602734,13.176174074333758,1
4,n06|n10|n11|n14,494,57.198374007984455,54.038511059098056,16,0.0006312916125363439,16,1.7157599087789919,0.0634153520104519,2.428753382720558,1.444103040107393,3.2232783008968795,0.7311095661658555,1
4,n05|n08|n11|n12,495,66.46754863326098,65.9805059941152,16,0.0006998519160135198,16,10.984934534055512,9.205759273266054,11.697928007997078,10.497891894909742,8.718716634120284,11.210885368851308,1
4,n04|n06|n09|n13,496,51.29409016122991,51.69663367208292,16,0.0006438928330438269,16,4.18852393797556,5.96769919876499,3.475530464033966,3.7859804271225244,5.565155687912011,3.072986953180987,1
4,n02|n03|n07|n12,497,38.68613172028978,47.76639479441669,16,0.000673842795921145,16,16.796482378915698,18.575657639705128,16.083488904974104,7.716219304788751,9.495394565578238,7.003225830847214,1
4,n08|n10|n12|n13,498,55.31269094351745,55.46709772910455,16,0.0006586194178863204,16,0.16992315568802496,1.9490984164774545,0.5430703182535552,0.015516370100897348,1.7946916308903837,0.6974771038406544,1
4,n02|n07|n08|n13,499,29.202602326453754,41.48045779352708,16,0.0007302939295179356,16,26.28001177275172,28.05918703354115,25.567018298810126,14.002156305678398,15.781331566467827,13.289162831736803,1
