loss_p,rep,dir_global_deg,dir_local_deg,n_local,speed_est,n_deaths,global_vs_center,global_vs_local_normal,global_vs_plane_fit,local_vs_center,local_vs_local_normal,local_vs_plane_fit,fake
0.1,0,58.98051748863137,58.96403314659352,15,0.000622529820011524,15,3.4979033894259075,1.7187281286364495,4.2108968633674735,3.4814190473880586,1.7022437865986006,4.194412521329625,1
0.1,1,53.76265316368456,53.72521199113128,15,0.0006200730719545821,15,1.7199609355209304,3.49913619631036,1.006967461579336,1.7574021080741886,3.536577368863618,1.0444086341325942,1
0.1,2,55.82839807177897,55.71295150264397,16,0.0006201673545747459,16,0.345783972573507,1.4333912882159439,1.058777446515073,0.2303374034385044,1.548837857350975,0.9433308773800704,1
0.1,3,55.82839807177897,55.71295150264397,16,0.0006201673545747459,16,0.345783972573507,1.4333912882159439,1.058777446515073,0.2303374034385044,1.548837857350975,0.9433308773800704,1
0.1,4,57.27803597878115,57.09292374669869,15,0.000617542962221483,15,1.7954218795756844,0.016246618786226463,2.5084153535172504,1.6103096474932244,0.16886561329624783,2.3233031214347903,1
0.1,5,53.42173960834511,53.26558397079075,15,0.0006200730719545821,15,2.0608744908603285,3.840049751649815,1.347881016918791,2.217030128414706,3.996205389204192,1.5040366544731683,1
0.1,6,60.21269388960436,60.24749118531569,13,0.0006218688100370348,13,4.7300797903988965,2.9509045296094385,5.4430732643404625,4.764877086110225,2.985701825320767,5.477870560051791,1
0.1,7,61.31253943788243,61.27290475956471,14,0.0006234664650202484,14,5.829925338676965,4.050750077887507,6.542918812618531,5.790290660359247,4.011115399569789,6.503284134300813,1
0.1,8,51.996132992043336,51.89603502666866,14,0.0006201673545747459,14,3.486481107162149,5.265656367951578,2.7734876332205545,3.5865790725367788,5.365754333326265,2.873585598595241,1
0.1,9,58.98051748863137,58.96403314659352,15,0.000622529820011524,15,3.4979033894259075,1.7187281286364495,4.2108968633674735,3.4814190473880586,1.7022437865986006,4.194412521329625,1
0.1,10,55.82839807177897,55.71295150264397,16,0.0006201673545747459,16,0.345783972573507,1.4333912882159439,1.058777446515073,0.2303374034385044,1.548837857350975,0.9433308773800704,1
0.1,11,60.046013623933845,59.535239842244636,14,0.000619434705821066,14,4.563399524728382,2.784224263938924,5.276392998669948,4.052625743039172,2.2734504822497144,4.765619216980738,1
0.1,12,55.929117446953256,55.83140943824946,15,0.0006202510167495209,15,0.4465033477477931,1.332671913041679,1.159496821689359,0.3487953390439955,1.4303799217454412,1.0617888129855615,1
0.1,13,55.82839807177897,55.71295150264397,16,0.0006201673545747459,16,0.345783972573507,1.4333912882159439,1.058777446515073,0.2303374034385044,1.548837857350975,0.9433308773800704,1
0.1,14,52.448169136925856,52.039109822903505,12,0.0006148323216790771,12,3.034444962279622,4.8136202230690515,2.3214514883380275,3.443504276301951,5.222679537091437,2.7305108023604134,1
0.1,15,54.367867162571756,54.24506557693654,15,0.000615803328639259,15,1.1147469366337077,2.893922197423194,0.4017534626921133,1.2375485222689235,3.01672378305841,0.5245550483273291,1
0.1,16,56.10529959471526,55.95284572043359,15,0.0006202616371949098,15,0.6226854955097991,1.156489765279673,1.335678969451365,0.47023162122812323,1.3089436395613347,1.1832250951696892,1
0.1,17,63.40151722627683,63.942873765255456,13,0.0006218688100370348,14,7.918903127071367,6.139727866281909,8.631896601012933,8.460259666049993,6.681084405260535,9.173253139991559,1
0.1,18,52.694073464847925,52.544627385472054,13,0.0006200730719545821,13,2.7885406343575596,4.567715895146989,2.075547160415965,2.9379867137333804,4.717161974522867,2.224993239791843,1
0.1,19,58.38525875035747,58.57518317911543,15,0.0006180606161901434,15,2.902644651152009,1.1234693903625512,3.615638125093575,3.092569079909964,1.3133938191205061,3.80556255385153,1
0.1,20,53.113493229211244,53.03731152767022,15,0.0006200730719545821,15,2.3691208699942194,4.148296130783706,1.656127396052625,2.445302571535251,4.2244778323246805,1.7323090975936566,1
0.1,21,55.35868291250528,55.16030791755572,15,0.0006200730719545821,15,0.12393118670019021,1.9031064474896198,0.5890622872413829,0.32230618164976477,2.1014814424391943,0.39068729229182253,1
0.1,22,53.569305276627,53.321972629753255,15,0.0006202616371949098,15,1.9133088225784718,3.6924840833679013,1.2003153486368774,2.16064146945223,3.9398167302416596,1.4476479955106356,1
0.1,23,58.75654270308151,58.22283714365465,13,0.0006074523721789413,13,3.273928603876044,1.494753343086586,3.98692207781761,2.7402230444491877,0.9610477836597298,3.4532165183907537,1
0.1,24,53.58800010406853,53.336294256187784,14,0.0006253249506134876,14,1.8946139951369219,3.6737892559264083,1.1816205211953843,2.146319843017693,3.9254951038071226,1.4333263690760987,1
0.1,25,54.986545688546926,54.845456446644434,15,0.0006200730719545821,15,0.4960684106585518,2.2752436714479813,0.2169250632830284,0.6371576525610294,2.416332913350516,0.07583582138053657,1
0.1,26,53.113493229211244,53.03731152767022,15,0.0006200730719545821,15,2.3691208699942194,4.148296130783706,1.656127396052625,2.445302571535251,4.2244778323246805,1.7323090975936566,1
0.1,27,56.13897275066375,55.726289860652564,14,0.0006166147185398193,14,0.6563586514582838,1.122816609331153,1.3693521253998497,0.24367576144710057,1.535499499342336,0.9566692353886666,1
0.1,28,55.82839807177897,55.71295150264397,16,0.0006201673545747459,16,0.345783972573507,1.4333912882159439,1.058777446515073,0.2303374034385044,1.548837857350975,0.9433308773800704,1
0.1,29,49.7342141109572,49.65311645495551,11,0.0006147169654296203,12,5.748399988248252,7.527575249037739,5.035406514306715,5.829497644249955,7.608672905039384,5.116504170308417,1
0.1,30,58.98051748863137,58.96403314659352,15,0.000622529820011524,15,3.4979033894259075,1.7187281286364495,4.2108968633674735,3.4814190473880586,1.7022437865986006,4.194412521329625,1
0.1,31,55.82839807177897,55.71295150264397,16,0.0006201673545747459,16,0.345783972573507,1.4333912882159439,1.058777446515073,0.2303374034385044,1.548837857350975,0.9433308773800704,1
0.1,32,58.99944390057283,58.57245630056617,14,0.000619434705821066,14,3.516829801367365,1.737654540577907,4.229823275308931,3.089842201360703,1.3106669405712452,3.802835675302269,1
0.1,33,55.82839807177897,55.71295150264397,16,0.0006201673545747459,16,0.345783972573507,1.4333912882159439,1.058777446515073,0.2303374034385044,1.548837857350975,0.9433308773800704,1
0.1,34,55.82839807177897,55.71295150264397,16,0.0006201673545747459,16,0.345783972573507,1.4333912882159439,1.058777446515073,0.2303374034385044,1.548837857350975,0.9433308773800704,1
0.1,35,55.82839807177897,55.71295150264397,16,0.0006201673545747459,16,0.345783972573507,1.4333912882159439,1.058777446515073,0.2303374034385044,1.548837857350975,0.9433308773800704,1
0.1,36,57.02673446515952,56.743074052590764,13,0.0006187237054918876,13,1.5441203659540577,0.23505489483540032,2.2571138398956236,1.2604599533853005,0.5187153074041362,1.9734534273268665,1
0.1,37,60.086064438725295,60.36653585881173,14,0.000619434705821066,14,4.603450339519831,2.8242750787303734,5.316443813461397,4.883921759606267,3.1047464988168088,5.596915233547833,1
0.1,38,58.556886003161445,58.17081189889842,15,0.000617542962221483,15,3.0742719039559816,1.2950966431665236,3.7872653778975476,2.688197799692958,0.9090225389034998,3.401191273634524,1
0.1,39,58.62739586043103,58.8100987605453,13,0.000617542962221483,13,3.144781761225566,1.3656065004361082,3.857775235167132,3.327484661339838,1.5483094005503801,4.040478135281404,1
0.1,40,54.367867162571756,54.24506557693654,15,0.000615803328639259,15,1.1147469366337077,2.893922197423194,0.4017534626921133,1.2375485222689235,3.01672378305841,0.5245550483273291,1
0.1,41,52.81129538681013,52.706242450406485,14,0.0006161667916978763,14,2.671318712395305,4.450493973184791,1.9583252384537673,2.7763716487989996,4.555546909588429,2.063378174857405,1
0.1,42,55.35868291250528,55.16030791755572,15,0.0006200730719545821,15,0.12393118670019021,1.9031064474896198,0.5890622872413829,0.32230618164976477,2.1014814424391943,0.39068729229182253,1
0.1,43,58.38525875035747,58.57518317911543,15,0.0006180606161901434,15,2.902644651152009,1.1234693903625512,3.615638125093575,3.092569079909964,1.3133938191205061,3.80556255385153,1
0.1,44,51.514052755767814,51.37698442203834,14,0.0006180324829170844,14,3.9685613434376705,5.7477366042271,3.255567869496076,4.105629677167144,5.884804937956574,3.3926362032255497,1
0.1,45,58.38525875035747,58.57518317911543,15,0.0006180606161901434,15,2.902644651152009,1.1234693903625512,3.615638125093575,3.092569079909964,1.3133938191205061,3.80556255385153,1
0.1,46,55.70006958734635,55.961211620463466,14,0.000618380361549586,14,0.21745548814088522,1.561719772648587,0.9304489620824512,0.4785975212580027,1.300577739531434,1.1915909951995687,1
0.1,47,58.98051748863137,58.96403314659352,15,0.000622529820011524,15,3.4979033894259075,1.7187281286364495,4.2108968633674735,3.4814190473880586,1.7022437865986006,4.194412521329625,1
0.1,48,57.27803597878115,57.09292374669869,15,0.000617542962221483,15,1.7954218795756844,0.016246618786226463,2.5084153535172504,1.6103096474932244,0.16886561329624783,2.3233031214347903,1
0.1,49,56.38984011233978,56.780363743109895,13,0.0006170258664387838,13,0.9072260131343199,0.8719492476551522,1.620219487075886,1.2977496439044316,0.4814256168850193,2.0107431178459976,1
0.1,50,55.82839807177897,55.71295150264397,16,0.0006201673545747459,16,0.345783972573507,1.4333912882159439,1.058777446515073,0.2303374034385044,1.548837857350975,0.9433308773800704,1
0.1,51,57.5363966863012,57.891276476671884,14,0.0006197343893787155,14,2.053782587095739,0.27460732630628115,2.766776061037305,2.4086623774664204,0.6294871166769624,3.1216558514079864,1
0.1,52,53.113493229211244,53.03731152767022,15,0.0006200730719545821,15,2.3691208699942194,4.148296130783706,1.656127396052625,2.445302571535251,4.2244778323246805,1.7323090975936566,1
0.1,53,54.80864017680644,54.58071420746169,14,0.0006189022997081964,14,0.673973922399,2.4531491831884864,0.03901955154254466,0.9018998917437671,2.6810751525332535,0.1889064178022295,1
0.1,54,56.033330479101394,55.86841545929857,12,0.0006153285624435378,13,0.5507163798959311,1.2284588808935268,1.2637098538374971,0.3858013600931045,1.3933739006963606,1.0987948340346705,1
0.1,55,60.163396635526446,60.26704801738658,14,0.0006177745818794862,14,4.680782536320983,2.901607275531525,5.393776010262549,4.784433918181115,3.005258657391657,5.497427392122681,1
0.1,56,54.848700140404986,54.59408744684694,14,0.0006261338472572445,14,0.6339139588004628,2.413089219589949,0.07907951514108902,0.8885266523585074,2.6677019131479938,0.1755331784169698,1
0.1,57,53.42173960834511,53.26558397079075,15,0.0006200730719545821,15,2.0608744908603285,3.840049751649815,1.347881016918791,2.217030128414706,3.996205389204192,1.5040366544731683,1
0.1,58,53.38849431383428,53.228949049718594,14,0.0006152601470344396,14,2.094119785371163,3.8732950461606492,1.3811263114296253,2.2536650494868695,4.032840310276356,1.5406715755452751,1
0.1,59,55.82839807177897,55.71295150264397,16,0.0006201673545747459,16,0.345783972573507,1.4333912882159439,1.058777446515073,0.2303374034385044,1.548837857350975,0.9433308773800704,1
0.1,60,54.15291874564663,54.29675798891633,14,0.0006186437518168467,14,1.3296953535588045,3.108870614348291,0.616701879617267,1.1858561102891372,2.9650313710785667,0.4728626363475428,1
0.1,61,53.81471169971979,53.72087399367005,14,0.0006188299512186371,14,1.6679023994856834,3.447077660275113,0.954908925544089,1.7617401055354094,3.540915366324896,1.0487466315938718,1
0.1,62,56.55352040842938,56.81492605511075,15,0.000617542962221483,15,1.0709063092239148,0.7082689515655147,1.7838997831654808,1.3323119559052898,0.44686330488417525,2.045305429846856,1
0.1,63,55.929117446953256,55.83140943824946,15,0.0006202510167495209,15,0.4465033477477931,1.332671913041679,1.159496821689359,0.3487953390439955,1.4303799217454412,1.0617888129855615,1
0.1,64,55.82839807177897,55.71295150264397,16,0.0006201673545747459,16,0.345783972573507,1.4333912882159439,1.058777446515073,0.2303374034385044,1.548837857350975,0.9433308773800704,1
0.1,65,57.27803597878115,57.09292374669869,15,0.000617542962221483,15,1.7954218795756844,0.016246618786226463,2.5084153535172504,1.6103096474932244,0.16886561329624783,2.3233031214347903,1
0.1,66,48.366251156708465,48.08888945945447,13,0.0006220520225768633,13,7.116362942497005,8.895538203286435,6.403369468555411,7.393724639750985,9.172899900540472,6.680731165809448,1
0.1,67,49.72877664989325,49.2094959215836,13,0.0006202616371949098,14,5.753837449312186,7.533012710101673,5.040843975370649,6.273118177621882,8.052293438411311,5.560124703680287,1
0.1,68,53.113493229211244,53.03731152767022,15,0.0006200730719545821,15,2.3691208699942194,4.148296130783706,1.656127396052625,2.445302571535251,4.2244778323246805,1.7323090975936566,1
0.1,69,53.898993817097725,53.74328622864597,13,0.000615803328639259,13,1.583620282107745,3.3627955428971745,0.8706268081661506,1.739327870559464,3.5185031313489503,1.0263343966179264,1
0.1,70,59.48275193532461,59.75919389042935,13,0.0006192177608776889,13,4.000137836119144,2.220962575329686,4.71313131006071,4.276579791223888,2.49740453043443,4.989573265165454,1
0.1,71,50.52554013035649,50.299217087702885,14,0.0006201673545747459,14,4.957073968848988,6.7362492296384175,4.244080494907394,5.183397011502564,6.96257227229205,4.470403537561026,1
0.1,72,54.986545688546926,54.845456446644434,15,0.0006200730719545821,15,0.4960684106585518,2.2752436714479813,0.2169250632830284,0.6371576525610294,2.416332913350516,0.07583582138053657,1
0.1,73,54.82891675536874,54.83708985799957,13,0.0006305137248295994,13,0.6536973438367113,2.4328726046261977,0.05929613010484047,0.6455242412058624,2.424699501995349,0.06746923273567518,1
0.1,74,54.367867162571756,54.24506557693654,15,0.000615803328639259,15,1.1147469366337077,2.893922197423194,0.4017534626921133,1.2375485222689235,3.01672378305841,0.5245550483273291,1
0.1,75,59.94473890311055,59.9661237134449,13,0.000617542962221483,13,4.462124803905084,2.682949543115626,5.17511827784665,4.483509614239438,2.7043343534499797,5.196503088181004,1
0.1,76,60.55372394786654,60.01137880445605,8,0.0006154526371502787,10,5.071109848661074,3.2919345878716157,5.78410332260264,4.5287647052505875,2.7495894444611295,5.2417581791921535,1
0.1,77,49.1067222597665,49.011792410451136,12,0.0006163958079144467,12,6.375891839438964,8.155067100228393,5.662898365497426,6.470821688754313,8.2499969495438,5.7578282148127755,1
0.1,78,55.82839807177897,55.71295150264397,16,0.0006201673545747459,16,0.345783972573507,1.4333912882159439,1.058777446515073,0.2303374034385044,1.548837857350975,0.9433308773800704,1
0.1,79,55.81719825890443,55.3618872270424,11,0.0006224247239688832,12,0.33458415969897004,1.4445911010905093,1.047577633640536,0.12072687216306122,1.8999021329525476,0.5922666017785048,1
0.1,80,55.12040954275383,55.257677110817994,13,0.0006165302547564936,14,0.36220455645161564,2.141379817241102,0.3507889174899361,0.22493698838746923,2.0041122491769556,0.48805648555409675,1
0.1,81,58.57364545335598,58.64435972508068,13,0.0006213264494206488,13,3.091031354150516,1.3118560933610581,3.804024828092082,3.16174562587522,1.382570365085762,3.874739099816786,1
0.1,82,55.929117446953256,55.83140943824946,15,0.0006202510167495209,15,0.4465033477477931,1.332671913041679,1.159496821689359,0.3487953390439955,1.4303799217454412,1.0617888129855615,1
0.1,83,59.49549581777377,59.51614630293836,14,0.000617121072272314,14,4.012881718568309,2.233706457778851,4.725875192509875,4.0335322037328964,2.2543569429434385,4.746525677674462,1
0.1,84,57.19277665735891,56.85507472458838,10,0.0006103122610331204,12,1.7101625581534492,0.0690127026360301,2.423156032095015,1.3724606253829137,0.4067146354065585,2.0854540993244797,1
0.1,85,54.317066866679056,53.890509553222046,13,0.000615803328639259,13,1.1655472325264213,2.944722493315851,0.45255375858482694,1.5921045459834318,3.3712798067728613,0.8791110720418374,1
0.1,86,53.113493229211244,53.03731152767022,15,0.0006200730719545821,15,2.3691208699942194,4.148296130783706,1.656127396052625,2.445302571535251,4.2244778323246805,1.7323090975936566,1
0.1,87,56.12094345310758,56.14028656320102,14,0.0006156927306686998,14,0.6383293539021153,1.140845906887364,1.3513228278436813,0.65767246399556,1.1215027967938909,1.370665937937126,1
0.1,88,53.113493229211244,53.03731152767022,15,0.0006200730719545821,15,2.3691208699942194,4.148296130783706,1.656127396052625,2.445302571535251,4.2244778323246805,1.7323090975936566,1
0.1,89,59.94077902745227,59.85554336378934,13,0.0006170258664387838,13,4.458164928246809,2.6789896674573512,5.171158402188375,4.372929264583874,2.593754003794416,5.08592273852544,1
0.1,90,53.569305276627,53.321972629753255,15,0.0006202616371949098,15,1.9133088225784718,3.6924840833679013,1.2003153486368774,2.16064146945223,3.9398167302416596,1.4476479955106356,1
0.1,91,56.64629452506729,56.597021457816716,14,0.0006250302209701896,14,1.163680425861827,0.615494834927631,1.876673899803393,1.1144073586112526,0.6647679021781983,1.8274008325528186,1
0.1,92,55.929117446953256,55.83140943824946,15,0.0006202510167495209,15,0.4465033477477931,1.332671913041679,1.159496821689359,0.3487953390439955,1.4303799217454412,1.0617888129855615,1
0.1,93,53.42173960834511,53.26558397079075,15,0.0006200730719545821,15,2.0608744908603285,3.840049751649815,1.347881016918791,2.217030128414706,3.996205389204192,1.5040366544731683,1
0.1,94,53.42173960834511,53.26558397079075,15,0.0006200730719545821,15,2.0608744908603285,3.840049751649815,1.347881016918791,2.217030128414706,3.996205389204192,1.5040366544731683,1
0.1,95,55.12040954275383,55.257677110817994,13,0.0006165302547564936,14,0.36220455645161564,2.141379817241102,0.3507889174899361,0.22493698838746923,2.0041122491769556,0.48805648555409675,1
0.1,96,59.4527562297791,59.59697402852454,13,0.0006165302547564936,13,3.9701421305736346,2.1909668697841767,4.683135604515201,4.114359929319079,2.335184668529621,4.827353403260645,1
0.1,97,60.05579174500191,60.06125526306509,13,0.000617542962221483,13,4.573177645796449,2.7940023850069906,5.286171119738015,4.578641163859629,2.799465903070171,5.291634637801195,1
0.1,98,58.99944390057283,58.57245630056617,14,0.000619434705821066,14,3.516829801367365,1.737654540577907,4.229823275308931,3.089842201360703,1.3106669405712452,3.802835675302269,1
0.1,99,63.40151722627683,63.942873765255456,13,0.0006218688100370348,14,7.918903127071367,6.139727866281909,8.631896601012933,8.460259666049993,6.681084405260535,9.173253139991559,1
0.1,100,57.532692697686635,57.5611890766255,12,0.0006271719632122231,12,2.0500785984811714,0.2709033376917134,2.7630720724227373,2.0785749774200397,0.29939971663058174,2.7915684513616057,1
0.1,101,57.27803597878115,57.09292374669869,15,0.000617542962221483,15,1.7954218795756844,0.016246618786226463,2.5084153535172504,1.6103096474932244,0.16886561329624783,2.3233031214347903,1
0.1,102,55.800814906451585,55.62895050851557,14,0.0006141877509030932,14,0.31820080724612154,1.4609744535433151,1.0311942811876875,0.14633640931010916,1.6328388514793346,0.8593298832516751,1
0.1,103,61.32214313431166,61.26183358189995,12,0.0006160555865644304,12,5.839529035106196,4.060353774316738,6.552522509047762,5.7792194826944865,4.0000442219050285,6.4922129566360525,1
0.1,104,53.113493229211244,53.03731152767022,15,0.0006200730719545821,15,2.3691208699942194,4.148296130783706,1.656127396052625,2.445302571535251,4.2244778323246805,1.7323090975936566,1
0.1,105,57.127461893619234,57.010698329031534,15,0.0006213264494206488,15,1.6448477944137707,0.13432746637568016,2.3578412683553367,1.5280842298260708,0.25109103096338004,2.241077703767637,1
0.1,106,55.82839807177897,55.71295150264397,16,0.0006201673545747459,16,0.345783972573507,1.4333912882159439,1.058777446515073,0.2303374034385044,1.548837857350975,0.9433308773800704,1
0.1,107,56.10529959471526,55.95284572043359,15,0.0006202616371949098,15,0.6226854955097991,1.156489765279673,1.335678969451365,0.47023162122812323,1.3089436395613347,1.1832250951696892,1
0.1,108,58.98051748863137,58.96403314659352,15,0.000622529820011524,15,3.4979033894259075,1.7187281286364495,4.2108968633674735,3.4814190473880586,1.7022437865986006,4.194412521329625,1
0.1,109,54.367867162571756,54.24506557693654,15,0.000615803328639259,15,1.1147469366337077,2.893922197423194,0.4017534626921133,1.2375485222689235,3.01672378305841,0.5245550483273291,1
0.1,110,57.127461893619234,57.010698329031534,15,0.0006213264494206488,15,1.6448477944137707,0.13432746637568016,2.3578412683553367,1.5280842298260708,0.25109103096338004,2.241077703767637,1
0.1,111,58.556886003161445,58.17081189889842,15,0.000617542962221483,15,3.0742719039559816,1.2950966431665236,3.7872653778975476,2.688197799692958,0.9090225389034998,3.401191273634524,1
0.1,112,58.556886003161445,58.17081189889842,15,0.000617542962221483,15,3.0742719039559816,1.2950966431665236,3.7872653778975476,2.688197799692958,0.9090225389034998,3.401191273634524,1
0.1,113,54.84953063220908,55.071521127092716,11,0.0006300731333545599,12,0.6330834669963679,2.4122587277858543,0.07991000694518391,0.41109297211272633,2.1902682329022127,0.30190050182881834,1
0.1,114,56.76196564797979,56.47655192074104,13,0.0006201447830965046,13,1.2793515487743292,0.499823712015143,1.9923450227158952,0.9939378215355745,0.7852374392538763,1.7069312954771405,1
0.1,115,53.569305276627,53.321972629753255,15,0.0006202616371949098,15,1.9133088225784718,3.6924840833679013,1.2003153486368774,2.16064146945223,3.9398167302416596,1.4476479955106356,1
0.1,116,53.84937809786062,53.60621758074167,12,0.0006153745869349593,13,1.6332360013448124,3.412411262134299,0.9202425274032748,1.876396518463821,3.6555717792532505,1.1634030445222265,1
0.1,117,57.127461893619234,57.010698329031534,15,0.0006213264494206488,15,1.6448477944137707,0.13432746637568016,2.3578412683553367,1.5280842298260708,0.25109103096338004,2.241077703767637,1
0.1,118,56.64629452506729,56.597021457816716,14,0.0006250302209701896,14,1.163680425861827,0.615494834927631,1.876673899803393,1.1144073586112526,0.6647679021781983,1.8274008325528186,1
0.1,119,55.82839807177897,55.71295150264397,16,0.0006201673545747459,16,0.345783972573507,1.4333912882159439,1.058777446515073,0.2303374034385044,1.548837857350975,0.9433308773800704,1
0.1,120,54.986545688546926,54.845456446644434,15,0.0006200730719545821,15,0.4960684106585518,2.2752436714479813,0.2169250632830284,0.6371576525610294,2.416332913350516,0.07583582138053657,1
0.1,121,57.127461893619234,57.010698329031534,15,0.0006213264494206488,15,1.6448477944137707,0.13432746637568016,2.3578412683553367,1.5280842298260708,0.25109103096338004,2.241077703767637,1
0.1,122,57.211480576777944,56.790966180552076,14,0.0006135449822538359,14,1.7288664775724811,0.05030878321696264,2.441859951514047,1.3083520813466123,0.4708231794428457,2.0213455552881783,1
0.1,123,55.82839807177897,55.71295150264397,16,0.0006201673545747459,16,0.345783972573507,1.4333912882159439,1.058777446515073,0.2303374034385044,1.548837857350975,0.9433308773800704,1
0.1,124,53.014680318775824,53.037638319344055,14,0.0006111606987726971,14,2.4679337804296324,4.247109041219119,1.7549403064880948,2.4449757798614087,4.224151040650895,1.7319823059198143,1
0.1,125,62.38718386487563,62.2565936159655,14,0.0006172844143301334,14,6.904569765670168,5.12539450488071,7.617563239611734,6.773979516760036,4.994804255970578,7.486972990701602,1
0.1,126,60.086064438725295,60.36653585881173,14,0.000619434705821066,14,4.603450339519831,2.8242750787303734,5.316443813461397,4.883921759606267,3.1047464988168088,5.596915233547833,1
0.1,127,50.0491726081772,49.920196913920385,11,0.0006128683311602275,11,5.433441491028248,7.212616751817734,4.72044801708671,5.562417185285085,7.3415924460745146,4.849423711343491,1
0.1,128,50.84602989032859,50.56379150423717,12,0.0006162356412911848,12,4.6365842088768545,6.415759469666341,3.923590734935317,4.918822594968276,6.697997855757762,4.2058291210267384,1
0.1,129,53.42173960834511,53.26558397079075,15,0.0006200730719545821,15,2.0608744908603285,3.840049751649815,1.347881016918791,2.217030128414706,3.996205389204192,1.5040366544731683,1
0.1,130,49.72877664989325,49.2094959215836,13,0.0006202616371949098,14,5.753837449312186,7.533012710101673,5.040843975370649,6.273118177621882,8.052293438411311,5.560124703680287,1
0.1,131,57.034072320907754,57.095668974228246,14,0.0006222909212941937,14,1.5514582217022905,0.22771703908716745,2.2644516956438565,1.613054875022783,0.1661203857667033,2.326048348964349,1
0.1,132,52.80824920343296,52.477890590361994,13,0.000615803328639259,13,2.6743648957724986,4.453540156561985,1.961371421830961,3.004723508843483,4.783898769632913,2.2917300349018888,1
0.1,133,55.82839807177897,55.71295150264397,16,0.0006201673545747459,16,0.345783972573507,1.4333912882159439,1.058777446515073,0.2303374034385044,1.548837857350975,0.9433308773800704,1
0.1,134,55.82839807177897,55.71295150264397,16,0.0006201673545747459,16,0.345783972573507,1.4333912882159439,1.058777446515073,0.2303374034385044,1.548837857350975,0.9433308773800704,1
0.1,135,64.13709705805984,64.04153763403856,13,0.000617542962221483,14,8.654482958854373,6.8753076980649155,9.36747643279594,8.558923534833099,6.779748274043641,9.271917008774665,1
0.1,136,56.163962816182455,56.01526204820268,10,0.0006252382769861174,10,0.6813487169769914,1.0978265438124595,1.3943421909185574,0.5326479489972158,1.2465273117922493,1.2456414229387818,1
0.1,137,55.82839807177897,55.71295150264397,16,0.0006201673545747459,16,0.345783972573507,1.4333912882159439,1.058777446515073,0.2303374034385044,1.548837857350975,0.9433308773800704,1
0.1,138,49.72877664989325,49.2094959215836,13,0.0006202616371949098,14,5.753837449312186,7.533012710101673,5.040843975370649,6.273118177621882,8.052293438411311,5.560124703680287,1
0.1,139,54.15291874564663,54.29675798891633,14,0.0006186437518168467,14,1.3296953535588045,3.108870614348291,0.616701879617267,1.1858561102891372,2.9650313710785667,0.4728626363475428,1
0.1,140,56.22890127983558,56.07274451823336,14,0.0006175290407811262,14,0.7462871806301195,1.0328880801593527,1.4592806545716854,0.5901304190278935,1.1890448417615858,1.3031238929694595,1
0.1,141,55.06115044124394,55.01665347247255,15,0.0006165302547564936,15,0.4214636579615103,2.2006389187509967,0.29152981598004146,0.46596062673290817,2.2451358875223946,0.2470328472086507,1
0.1,142,54.986545688546926,54.845456446644434,15,0.0006200730719545821,15,0.4960684106585518,2.2752436714479813,0.2169250632830284,0.6371576525610294,2.416332913350516,0.07583582138053657,1
0.1,143,54.367867162571756,54.24506557693654,15,0.000615803328639259,15,1.1147469366337077,2.893922197423194,0.4017534626921133,1.2375485222689235,3.01672378305841,0.5245550483273291,1
0.1,144,57.27803597878115,57.09292374669869,15,0.000617542962221483,15,1.7954218795756844,0.016246618786226463,2.5084153535172504,1.6103096474932244,0.16886561329624783,2.3233031214347903,1
0.1,145,58.68093969842497,58.62154581823115,14,0.0006219281347160864,14,3.1983255992195083,1.4191503384300503,3.9113190731610743,3.1389317190256847,1.3597564582362267,3.8519251929672507,1
0.1,146,53.76265316368456,53.72521199113128,15,0.0006200730719545821,15,1.7199609355209304,3.49913619631036,1.006967461579336,1.7574021080741886,3.536577368863618,1.0444086341325942,1
0.1,147,54.969715669975045,54.582113594029785,12,0.0006175429622214833,13,0.512898429230404,2.2920736900198904,0.2000950447111478,0.9005005051756712,2.6796757659651576,0.1875070312341336,1
0.1,148,58.33982664894332,58.29721494894121,14,0.0006219281347160864,14,2.8572125497378593,1.0780372889484013,3.5702060236794253,2.814600849735747,1.035425588946289,3.527594323677313,1
0.1,149,55.30038561140435,55.224674669578924,14,0.000616673145430371,14,0.182228487801126,1.9614037485905556,0.5307649861404542,0.25793942962656047,2.03711469041599,0.45505404431502683,1
0.1,150,54.986545688546926,54.845456446644434,15,0.0006200730719545821,15,0.4960684106585518,2.2752436714479813,0.2169250632830284,0.6371576525610294,2.416332913350516,0.07583582138053657,1
0.1,151,55.303236462452595,55.61866520044979,13,0.0006219258165359481,13,0.17937763675286078,1.9585528975423472,0.5336158371886981,0.13605110124432684,1.6431241595451525,0.8490445751858928,1
0.1,152,53.84937809786062,53.60621758074167,12,0.0006153745869349593,13,1.6332360013448124,3.412411262134299,0.9202425274032748,1.876396518463821,3.6555717792532505,1.1634030445222265,1
0.1,153,62.177085277339735,62.87622769041437,11,0.0006213642698735413,12,6.694471178134272,4.915295917344814,7.407464652075838,7.393613591208904,5.614438330419446,8.10660706515047,1
0.1,154,53.499614481688404,53.92893171347157,13,0.0006141572901030419,13,1.9829996175170663,3.762174878306496,1.270006143575472,1.5536823857339073,3.332857646523337,0.8406889117923129,1
0.1,155,56.55352040842938,56.81492605511075,15,0.000617542962221483,15,1.0709063092239148,0.7082689515655147,1.7838997831654808,1.3323119559052898,0.44686330488417525,2.045305429846856,1
0.1,156,53.42173960834511,53.26558397079075,15,0.0006200730719545821,15,2.0608744908603285,3.840049751649815,1.347881016918791,2.217030128414706,3.996205389204192,1.5040366544731683,1
0.1,157,57.32904116534377,57.23087615713454,13,0.0006204870391694528,13,1.846427066138304,0.067251805348846,2.55942054007987,1.7482620579290753,0.030913202860404,2.4612555318706413,1
0.1,158,56.99261359807239,57.21574048565714,14,0.0006137232181097018,14,1.5099994988669252,0.2691757619225541,2.222992972808491,1.73312638645168,0.04604887433777094,2.446119860393246,1
0.1,159,56.47983089180213,56.366244262884855,12,0.0006250302209701896,12,0.9972167925966673,0.7819584681927836,1.7102102665382333,0.883630163679392,0.8955450971100731,1.596623637620958,1
0.1,160,53.42173960834511,53.26558397079075,15,0.0006200730719545821,15,2.0608744908603285,3.840049751649815,1.347881016918791,2.217030128414706,3.996205389204192,1.5040366544731683,1
0.1,161,57.5353039690138,57.37543265335577,14,0.0006194107598144202,14,2.05268986980834,0.273514609018882,2.765683343749906,1.8928185541503098,0.11364329336085177,2.6058120280918757,1
0.1,162,54.603564767678215,54.45138039064132,14,0.0006191995323967642,14,0.8790493315272556,2.658224592316685,0.16605585758566122,1.031233708564173,2.8104089693536025,0.31824023462257855,1
0.1,163,54.986545688546926,54.845456446644434,15,0.0006200730719545821,15,0.4960684106585518,2.2752436714479813,0.2169250632830284,0.6371576525610294,2.416332913350516,0.07583582138053657,1
0.1,164,56.10529959471526,55.95284572043359,15,0.0006202616371949098,15,0.6226854955097991,1.156489765279673,1.335678969451365,0.47023162122812323,1.3089436395613347,1.1832250951696892,1
0.1,165,55.81649933855535,55.499843758095885,14,0.000617121072272314,14,0.3338852393498897,1.4452900214395754,1.0468787132914557,0.017229658890421717,1.761945601899015,0.7302231328319877,1
0.1,166,55.82839807177897,55.71295150264397,16,0.0006201673545747459,16,0.345783972573507,1.4333912882159439,1.058777446515073,0.2303374034385044,1.548837857350975,0.9433308773800704,1
0.1,167,57.127461893619234,57.010698329031534,15,0.0006213264494206488,15,1.6448477944137707,0.13432746637568016,2.3578412683553367,1.5280842298260708,0.25109103096338004,2.241077703767637,1
0.1,168,53.95338088252574,53.88115607357096,14,0.0006199498707985659,14,1.5292332166796996,3.308408477469186,0.816239742738162,1.6014580256344857,3.380633286423972,0.8884645516929481,1
0.1,169,54.254161574346156,54.36249675682104,13,0.0006202616371949098,13,1.2284525248593354,3.007627785648765,0.515459050917741,1.1201173423844466,2.899292603173876,0.4071238684428522,1
0.1,170,55.35868291250528,55.16030791755572,15,0.0006200730719545821,15,0.12393118670019021,1.9031064474896198,0.5890622872413829,0.32230618164976477,2.1014814424391943,0.39068729229182253,1
0.1,171,56.55352040842938,56.81492605511075,15,0.000617542962221483,15,1.0709063092239148,0.7082689515655147,1.7838997831654808,1.3323119559052898,0.44686330488417525,2.045305429846856,1
0.1,172,55.82839807177897,55.71295150264397,16,0.0006201673545747459,16,0.345783972573507,1.4333912882159439,1.058777446515073,0.2303374034385044,1.548837857350975,0.9433308773800704,1
0.1,173,54.15291874564663,54.29675798891633,14,0.0006186437518168467,14,1.3296953535588045,3.108870614348291,0.616701879617267,1.1858561102891372,2.9650313710785667,0.4728626363475428,1
0.1,174,55.82839807177897,55.71295150264397,16,0.0006201673545747459,16,0.345783972573507,1.4333912882159439,1.058777446515073,0.2303374034385044,1.548837857350975,0.9433308773800704,1
0.1,175,51.22650495733397,51.54355202655072,11,0.0006141572901030419,12,4.256109141871491,6.035284402660977,3.5431156679298965,3.9390620726547354,5.718237333444222,3.226068598713198,1
0.1,176,58.68093969842497,58.62154581823115,14,0.0006219281347160864,14,3.1983255992195083,1.4191503384300503,3.9113190731610743,3.1389317190256847,1.3597564582362267,3.8519251929672507,1
0.1,177,58.99944390057283,58.57245630056617,14,0.000619434705821066,14,3.516829801367365,1.737654540577907,4.229823275308931,3.089842201360703,1.3106669405712452,3.802835675302269,1
0.1,178,59.24346972425012,59.2986334676332,14,0.0006207887330850848,14,3.7608556250446554,1.9816803642551974,4.473849098986221,3.816019368427739,2.036844107638281,4.529012842369305,1
0.1,179,59.55623534753662,59.03442245570001,13,0.0006098154029277415,13,4.073621248331158,2.2944459875416996,4.7866147222727236,3.551808356494547,1.772633095705089,4.264801830436113,1
0.1,180,55.12040954275383,55.257677110817994,13,0.0006165302547564936,14,0.36220455645161564,2.141379817241102,0.3507889174899361,0.22493698838746923,2.0041122491769556,0.48805648555409675,1
0.1,181,54.95724302605706,54.94861031214032,14,0.0006196059627533803,14,0.525371073148392,2.3045463339378784,0.18762240079315973,0.5340037870651599,2.3131790478545895,0.17898968687642025,1
0.1,182,56.55352040842938,56.81492605511075,15,0.000617542962221483,15,1.0709063092239148,0.7082689515655147,1.7838997831654808,1.3323119559052898,0.44686330488417525,2.045305429846856,1
0.1,183,55.82839807177897,55.71295150264397,16,0.0006201673545747459,16,0.345783972573507,1.4333912882159439,1.058777446515073,0.2303374034385044,1.548837857350975,0.9433308773800704,1
0.1,184,53.76265316368456,53.72521199113128,15,0.0006200730719545821,15,1.7199609355209304,3.49913619631036,1.006967461579336,1.7574021080741886,3.536577368863618,1.0444086341325942,1
0.1,185,57.5363966863012,57.891276476671884,14,0.0006197343893787155,14,2.053782587095739,0.27460732630628115,2.766776061037305,2.4086623774664204,0.6294871166769624,3.1216558514079864,1
0.1,186,55.06115044124394,55.01665347247255,15,0.0006165302547564936,15,0.4214636579615103,2.2006389187509967,0.29152981598004146,0.46596062673290817,2.2451358875223946,0.2470328472086507,1
0.1,187,52.76362756183794,52.839202677002966,14,0.0006153285624435378,14,2.7189865373675275,4.498161798156957,2.005993063425933,2.6434114222025187,4.422586682991948,1.9304179482609243,1
0.1,188,55.82839807177897,55.71295150264397,16,0.0006201673545747459,16,0.345783972573507,1.4333912882159439,1.058777446515073,0.2303374034385044,1.548837857350975,0.9433308773800704,1
0.1,189,55.82839807177897,55.71295150264397,16,0.0006201673545747459,16,0.345783972573507,1.4333912882159439,1.058777446515073,0.2303374034385044,1.548837857350975,0.9433308773800704,1
0.1,190,56.13897275066375,55.726289860652564,14,0.0006166147185398193,14,0.6563586514582838,1.122816609331153,1.3693521253998497,0.24367576144710057,1.535499499342336,0.9566692353886666,1
0.1,191,55.615254981806686,55.37665721325635,14,0.0006201673545747459,14,0.13264088260122264,1.6465343781882211,0.8456343565427886,0.10595688594912644,1.885132146738556,0.6070365879924537,1
0.1,192,66.3350823189267,66.6978978707083,10,0.0006366648806309105,11,10.852468219721231,9.073292958931773,11.565461693662797,11.21528377150284,9.436108510713382,11.928277245444406,1
0.1,193,56.71973399281169,56.54391679163832,13,0.0006134981001035703,13,1.237119893606227,0.5420553671832522,1.950113367547793,1.0613026924328537,0.7178725683565972,1.7742961663744197,1
0.1,194,57.83729239054117,61.322018859825114,11,0.0006172230197990789,12,2.354678291335709,0.5755030305462512,3.067671765277275,5.839404760619651,4.060229499830193,6.552398234561217,1
0.1,195,57.127461893619234,57.010698329031534,15,0.0006213264494206488,15,1.6448477944137707,0.13432746637568016,2.3578412683553367,1.5280842298260708,0.25109103096338004,2.241077703767637,1
0.1,196,54.986545688546926,54.845456446644434,15,0.0006200730719545821,15,0.4960684106585518,2.2752436714479813,0.2169250632830284,0.6371576525610294,2.416332913350516,0.07583582138053657,1
0.1,197,56.4093015618289,55.96239849669521,13,0.0006155809183723672,13,0.926687462623434,0.8524877981660097,1.639680936565,0.47978439748974466,1.2993908632997204,1.1927778714313106,1
0.1,198,55.35868291250528,55.16030791755572,15,0.0006200730719545821,15,0.12393118670019021,1.9031064474896198,0.5890622872413829,0.32230618164976477,2.1014814424391943,0.39068729229182253,1
0.1,199,55.35868291250528,55.16030791755572,15,0.0006200730719545821,15,0.12393118670019021,1.9031064474896198,0.5890622872413829,0.32230618164976477,2.1014814424391943,0.39068729229182253,1
0.1,200,54.91600598609701,54.61249011938025,14,0.0006231011065583566,14,0.5666081131084297,2.345783373897916,0.14638536083311493,0.8701239798252232,2.6492992406146527,0.15713050588362876,1
0.1,201,55.82839807177897,55.71295150264397,16,0.0006201673545747459,16,0.345783972573507,1.4333912882159439,1.058777446515073,0.2303374034385044,1.548837857350975,0.9433308773800704,1
0.1,202,55.82839807177897,55.71295150264397,16,0.0006201673545747459,16,0.345783972573507,1.4333912882159439,1.058777446515073,0.2303374034385044,1.548837857350975,0.9433308773800704,1
0.1,203,55.82839807177897,55.71295150264397,16,0.0006201673545747459,16,0.345783972573507,1.4333912882159439,1.058777446515073,0.2303374034385044,1.548837857350975,0.9433308773800704,1
0.1,204,57.127461893619234,57.010698329031534,15,0.0006213264494206488,15,1.6448477944137707,0.13432746637568016,2.3578412683553367,1.5280842298260708,0.25109103096338004,2.241077703767637,1
0.1,205,55.82839807177897,55.71295150264397,16,0.0006201673545747459,16,0.345783972573507,1.4333912882159439,1.058777446515073,0.2303374034385044,1.548837857350975,0.9433308773800704,1
0.1,206,55.35868291250528,55.16030791755572,15,0.0006200730719545821,15,0.12393118670019021,1.9031064474896198,0.5890622872413829,0.32230618164976477,2.1014814424391943,0.39068729229182253,1
0.1,207,55.82839807177897,55.71295150264397,16,0.0006201673545747459,16,0.345783972573507,1.4333912882159439,1.058777446515073,0.2303374034385044,1.548837857350975,0.9433308773800704,1
0.1,208,54.43611933812788,54.31962057858304,14,0.000616673145430371,14,1.0464947610776107,2.8256700218670403,0.33350128713601634,1.1629935206224218,2.9421687814118513,0.4500000466808842,1
0.1,209,53.76265316368456,53.72521199113128,15,0.0006200730719545821,15,1.7199609355209304,3.49913619631036,1.006967461579336,1.7574021080741886,3.536577368863618,1.0444086341325942,1
0.1,210,53.76265316368456,53.72521199113128,15,0.0006200730719545821,15,1.7199609355209304,3.49913619631036,1.006967461579336,1.7574021080741886,3.536577368863618,1.0444086341325942,1
0.1,211,56.88364821176856,56.657787167352154,13,0.0006192177608776889,14,1.4010341125630958,0.3781411482263479,2.114027586504662,1.175173068146691,0.6040021926427812,1.888166542088257,1
0.1,212,52.76362756183794,52.839202677002966,14,0.0006153285624435378,14,2.7189865373675275,4.498161798156957,2.005993063425933,2.6434114222025187,4.422586682991948,1.9304179482609243,1
0.1,213,55.82839807177897,55.71295150264397,16,0.0006201673545747459,16,0.345783972573507,1.4333912882159439,1.058777446515073,0.2303374034385044,1.548837857350975,0.9433308773800704,1
0.1,214,58.38525875035747,58.57518317911543,15,0.0006180606161901434,15,2.902644651152009,1.1234693903625512,3.615638125093575,3.092569079909964,1.3133938191205061,3.80556255385153,1
0.1,215,56.55352040842938,56.81492605511075,15,0.000617542962221483,15,1.0709063092239148,0.7082689515655147,1.7838997831654808,1.3323119559052898,0.44686330488417525,2.045305429846856,1
0.1,216,58.33982664894332,58.29721494894121,14,0.0006219281347160864,14,2.8572125497378593,1.0780372889484013,3.5702060236794253,2.814600849735747,1.035425588946289,3.527594323677313,1
0.1,217,65.35097595005975,65.29929993564718,9,0.0006165302547564936,11,9.868361850854285,8.089186590064827,10.581355324795851,9.81668583644172,8.037510575652263,10.529679310383287,1
0.1,218,55.82839807177897,55.71295150264397,16,0.0006201673545747459,16,0.345783972573507,1.4333912882159439,1.058777446515073,0.2303374034385044,1.548837857350975,0.9433308773800704,1
0.1,219,56.41267584859538,55.96064110981067,12,0.0006122337446386401,12,0.9300617493899139,0.849113511399537,1.64305522333148,0.47802701060521,1.3011482501842693,1.191020484546776,1
0.1,220,55.82839807177897,55.71295150264397,16,0.0006201673545747459,16,0.345783972573507,1.4333912882159439,1.058777446515073,0.2303374034385044,1.548837857350975,0.9433308773800704,1
0.1,221,58.556886003161445,58.17081189889842,15,0.000617542962221483,15,3.0742719039559816,1.2950966431665236,3.7872653778975476,2.688197799692958,0.9090225389034998,3.401191273634524,1
0.1,222,53.113493229211244,53.03731152767022,15,0.0006200730719545821,15,2.3691208699942194,4.148296130783706,1.656127396052625,2.445302571535251,4.2244778323246805,1.7323090975936566,1
0.1,223,55.92944561612906,55.53222034155472,12,0.0006209399652740645,12,0.446831516923595,1.332343743865863,1.159824990865161,0.049606242349256036,1.729569018440202,0.762599716290822,1
0.1,224,52.76694699349567,52.758909665071954,13,0.000615803328639259,13,2.7156671057097697,4.494842366499256,2.002673631768232,2.7237044341335377,4.502879694922967,2.0107109601919433,1
0.1,225,55.82839807177897,55.71295150264397,16,0.0006201673545747459,16,0.345783972573507,1.4333912882159439,1.058777446515073,0.2303374034385044,1.548837857350975,0.9433308773800704,1
0.1,226,56.99261359807239,57.21574048565714,14,0.0006137232181097018,14,1.5099994988669252,0.2691757619225541,2.222992972808491,1.73312638645168,0.04604887433777094,2.446119860393246,1
0.1,227,55.82839807177897,55.71295150264397,16,0.0006201673545747459,16,0.345783972573507,1.4333912882159439,1.058777446515073,0.2303374034385044,1.548837857350975,0.9433308773800704,1
0.1,228,53.569305276627,53.321972629753255,15,0.0006202616371949098,15,1.9133088225784718,3.6924840833679013,1.2003153486368774,2.16064146945223,3.9398167302416596,1.4476479955106356,1
0.1,229,58.98051748863137,58.96403314659352,15,0.000622529820011524,15,3.4979033894259075,1.7187281286364495,4.2108968633674735,3.4814190473880586,1.7022437865986006,4.194412521329625,1
0.1,230,55.82839807177897,55.71295150264397,16,0.0006201673545747459,16,0.345783972573507,1.4333912882159439,1.058777446515073,0.2303374034385044,1.548837857350975,0.9433308773800704,1
0.1,231,59.785267031669584,59.20776533300233,13,0.000617542962221483,13,4.30265293246412,2.5234776716746623,5.015646406405686,3.725151233796865,1.9459759730074069,4.438144707738431,1
0.1,232,54.986545688546926,54.845456446644434,15,0.0006200730719545821,15,0.4960684106585518,2.2752436714479813,0.2169250632830284,0.6371576525610294,2.416332913350516,0.07583582138053657,1
0.1,233,55.82839807177897,55.71295150264397,16,0.0006201673545747459,16,0.345783972573507,1.4333912882159439,1.058777446515073,0.2303374034385044,1.548837857350975,0.9433308773800704,1
0.1,234,58.62739586043103,58.8100987605453,13,0.000617542962221483,13,3.144781761225566,1.3656065004361082,3.857775235167132,3.327484661339838,1.5483094005503801,4.040478135281404,1
0.1,235,56.12005943700736,56.043705727200894,13,0.000622529820011524,13,0.6374453378018998,1.1417299229875653,1.3504388117434658,0.561091627995431,1.2180836327940483,1.274085101936997,1
0.1,236,55.82839807177897,55.71295150264397,16,0.0006201673545747459,16,0.345783972573507,1.4333912882159439,1.058777446515073,0.2303374034385044,1.548837857350975,0.9433308773800704,1
0.1,237,58.556886003161445,58.17081189889842,15,0.000617542962221483,15,3.0742719039559816,1.2950966431665236,3.7872653778975476,2.688197799692958,0.9090225389034998,3.401191273634524,1
0.1,238,62.33648925679883,62.12049241303411,13,0.0006170258664387838,13,6.8538751575933645,5.0746998968039065,7.5668686315349305,6.637878313828644,4.858703053039186,7.35087178777021,1
0.1,239,55.12040954275383,55.257677110817994,13,0.0006165302547564936,14,0.36220455645161564,2.141379817241102,0.3507889174899361,0.22493698838746923,2.0041122491769556,0.48805648555409675,1
0.1,240,56.91242705010189,57.158033521684715,14,0.0006189022997081964,14,1.4298129508964266,0.3493623098930243,2.1428064248379926,1.6754194224792514,0.10375583831023505,2.3884128964208173,1
0.1,241,58.556886003161445,58.17081189889842,15,0.000617542962221483,15,3.0742719039559816,1.2950966431665236,3.7872653778975476,2.688197799692958,0.9090225389034998,3.401191273634524,1
0.1,242,51.999471178642345,51.73087753941993,14,0.0006180324829170844,14,3.4831429205631252,5.262318181352555,2.770149446621531,3.7517365597855132,5.530911820575,3.0387430858439757,1
0.1,243,58.98051748863137,58.96403314659352,15,0.000622529820011524,15,3.4979033894259075,1.7187281286364495,4.2108968633674735,3.4814190473880586,1.7022437865986006,4.194412521329625,1
0.1,244,53.78352865050881,53.68812814737612,13,0.0006393008512714829,13,1.6990854486966782,3.4782607094861078,0.9860919747550838,1.7944859518293583,3.573661212618788,1.081492477887764,1
0.1,245,58.96400522918967,58.85553985281777,11,0.0006251758167473479,11,3.4813911299842033,1.7022158691947453,4.194384603925769,3.372925753612307,1.5937504928228492,4.085919227553873,1
0.1,246,55.82839807177897,55.71295150264397,16,0.0006201673545747459,16,0.345783972573507,1.4333912882159439,1.058777446515073,0.2303374034385044,1.548837857350975,0.9433308773800704,1
0.1,247,55.929117446953256,55.83140943824946,15,0.0006202510167495209,15,0.4465033477477931,1.332671913041679,1.159496821689359,0.3487953390439955,1.4303799217454412,1.0617888129855615,1
0.1,248,56.10529959471526,55.95284572043359,15,0.0006202616371949098,15,0.6226854955097991,1.156489765279673,1.335678969451365,0.47023162122812323,1.3089436395613347,1.1832250951696892,1
0.1,249,55.82839807177897,55.71295150264397,16,0.0006201673545747459,16,0.345783972573507,1.4333912882159439,1.058777446515073,0.2303374034385044,1.548837857350975,0.9433308773800704,1
0.1,250,56.64629452506729,56.597021457816716,14,0.0006250302209701896,14,1.163680425861827,0.615494834927631,1.876673899803393,1.1144073586112526,0.6647679021781983,1.8274008325528186,1
0.1,251,58.98051748863137,58.96403314659352,15,0.000622529820011524,15,3.4979033894259075,1.7187281286364495,4.2108968633674735,3.4814190473880586,1.7022437865986006,4.194412521329625,1
0.1,252,55.35868291250528,55.16030791755572,15,0.0006200730719545821,15,0.12393118670019021,1.9031064474896198,0.5890622872413829,0.32230618164976477,2.1014814424391943,0.39068729229182253,1
0.1,253,53.76265316368456,53.72521199113128,15,0.0006200730719545821,15,1.7199609355209304,3.49913619631036,1.006967461579336,1.7574021080741886,3.536577368863618,1.0444086341325942,1
0.1,254,54.848700140404986,54.59408744684694,14,0.0006261338472572445,14,0.6339139588004628,2.413089219589949,0.07907951514108902,0.8885266523585074,2.6677019131479938,0.1755331784169698,1
0.1,255,55.82839807177897,55.71295150264397,16,0.0006201673545747459,16,0.345783972573507,1.4333912882159439,1.058777446515073,0.2303374034385044,1.548837857350975,0.9433308773800704,1
0.1,256,53.113493229211244,53.03731152767022,15,0.0006200730719545821,15,2.3691208699942194,4.148296130783706,1.656127396052625,2.445302571535251,4.2244778323246805,1.7323090975936566,1
0.1,257,60.41594288615274,60.48241424791662,14,0.0006215976297288418,14,4.933328786947278,3.1541535261578204,5.646322260888844,4.999800148711159,3.2206248879217014,5.712793622652725,1
0.1,258,55.82839807177897,55.71295150264397,16,0.0006201673545747459,16,0.345783972573507,1.4333912882159439,1.058777446515073,0.2303374034385044,1.548837857350975,0.9433308773800704,1
0.1,259,55.82839807177897,55.71295150264397,16,0.0006201673545747459,16,0.345783972573507,1.4333912882159439,1.058777446515073,0.2303374034385044,1.548837857350975,0.9433308773800704,1
0.1,260,56.22890127983558,56.07274451823336,14,0.0006175290407811262,14,0.7462871806301195,1.0328880801593527,1.4592806545716854,0.5901304190278935,1.1890448417615858,1.3031238929694595,1
0.1,261,55.82839807177897,55.71295150264397,16,0.0006201673545747459,16,0.345783972573507,1.4333912882159439,1.058777446515073,0.2303374034385044,1.548837857350975,0.9433308773800704,1
0.1,262,57.819712305444135,57.72536076394396,13,0.0006098154029277415,13,2.3370982062386716,0.5579229454492136,3.0500916801802376,2.2427466647384975,0.4635714039490395,2.9557401386800635,1
0.1,263,55.82839807177897,55.71295150264397,16,0.0006201673545747459,16,0.345783972573507,1.4333912882159439,1.058777446515073,0.2303374034385044,1.548837857350975,0.9433308773800704,1
0.1,264,55.82839807177897,55.71295150264397,16,0.0006201673545747459,16,0.345783972573507,1.4333912882159439,1.058777446515073,0.2303374034385044,1.548837857350975,0.9433308773800704,1
0.1,265,53.42173960834511,53.26558397079075,15,0.0006200730719545821,15,2.0608744908603285,3.840049751649815,1.347881016918791,2.217030128414706,3.996205389204192,1.5040366544731683,1
0.1,266,48.782800842473655,48.46472467341356,12,0.000622049674176991,13,6.699813256731829,8.478988517521259,5.986819782790235,7.017889425791907,8.797064686581336,6.3048959518503125,1
0.1,267,58.68093969842497,58.62154581823115,14,0.0006219281347160864,14,3.1983255992195083,1.4191503384300503,3.9113190731610743,3.1389317190256847,1.3597564582362267,3.8519251929672507,1
0.1,268,58.556886003161445,58.17081189889842,15,0.000617542962221483,15,3.0742719039559816,1.2950966431665236,3.7872653778975476,2.688197799692958,0.9090225389034998,3.401191273634524,1
0.1,269,52.582187284541625,52.25189490767312,14,0.000625330260836182,14,2.900426814663831,4.679602075453317,2.1874333407222935,3.23071919153233,5.0098944523218165,2.5177257175907926,1
0.1,270,55.82839807177897,55.71295150264397,16,0.0006201673545747459,16,0.345783972573507,1.4333912882159439,1.058777446515073,0.2303374034385044,1.548837857350975,0.9433308773800704,1
0.1,271,47.878431202935,47.8409966121461,12,0.0006152601470344396,13,7.6041828962704585,9.383358157059945,6.891189422328921,7.641617487059364,9.42079274784885,6.928624013117769,1
0.1,272,57.5353039690138,57.37543265335577,14,0.0006194107598144202,14,2.05268986980834,0.273514609018882,2.765683343749906,1.8928185541503098,0.11364329336085177,2.6058120280918757,1
0.1,273,51.74931530347015,51.64829795296108,11,0.0006074523721789413,12,3.7332987957353225,5.512474056524752,3.020305321793728,3.834316146244362,5.613491407033848,3.1213226723028242,1
0.1,274,51.514052755767814,51.37698442203834,14,0.0006180324829170844,14,3.9685613434376705,5.7477366042271,3.255567869496076,4.105629677167144,5.884804937956574,3.3926362032255497,1
0.1,275,55.82839807177897,55.71295150264397,16,0.0006201673545747459,16,0.345783972573507,1.4333912882159439,1.058777446515073,0.2303374034385044,1.548837857350975,0.9433308773800704,1
0.1,276,52.71824812635179,52.49835057765851,14,0.000618549469196683,14,2.764365972853682,4.543541233643111,2.0513724989120874,2.98426352154695,4.7634387823363795,2.2712700476054124,1
0.1,277,53.95338088252574,53.88115607357096,14,0.0006199498707985659,14,1.5292332166796996,3.308408477469186,0.816239742738162,1.6014580256344857,3.380633286423972,0.8884645516929481,1
0.1,278,46.47392039590806,49.415492383003155,12,0.0006341158188969895,13,9.00869370329741,10.78786896408684,8.295700229355816,6.067121716202337,7.846296976991766,5.354128242260742,1
0.1,279,55.82839807177897,55.71295150264397,16,0.0006201673545747459,16,0.345783972573507,1.4333912882159439,1.058777446515073,0.2303374034385044,1.548837857350975,0.9433308773800704,1
0.1,280,53.23464127962228,53.28319454520474,13,0.0006399871610977014,13,2.2479728195831967,4.027148080372626,1.5349793456416023,2.1994195540007127,3.978594814790199,1.486426080059175,1
0.1,281,56.3204221997142,56.097031665981795,13,0.0006303988844774543,13,0.8378081005087381,0.9413671602807199,1.550801574450304,0.6144175667763321,1.164757694013133,1.327411040717898,1
0.1,282,63.32164945193079,62.905324001778084,13,0.0006165302547564936,14,7.839035352725325,6.059860091935867,8.552028826666891,7.42270990257262,5.643534641783162,8.135703376514186,1
0.1,283,56.10529959471526,55.95284572043359,15,0.0006202616371949098,15,0.6226854955097991,1.156489765279673,1.335678969451365,0.47023162122812323,1.3089436395613347,1.1832250951696892,1
0.1,284,57.211480576777944,56.790966180552076,14,0.0006135449822538359,14,1.7288664775724811,0.05030878321696264,2.441859951514047,1.3083520813466123,0.4708231794428457,2.0213455552881783,1
0.1,285,50.86298761124482,50.812330802866185,11,0.0006479806210444582,11,4.619626487960659,6.398801748750088,3.9066330140190644,4.670283296339278,6.449458557128764,3.9572898223976836,1
0.1,286,53.113493229211244,53.03731152767022,15,0.0006200730719545821,15,2.3691208699942194,4.148296130783706,1.656127396052625,2.445302571535251,4.2244778323246805,1.7323090975936566,1
0.1,287,56.111160331003255,56.197051589225445,14,0.0006242297503337988,14,0.6285462317977917,1.1506290289916592,1.3415397057393577,0.7144374900199821,1.0647377707694545,1.4274309639615481,1
0.1,288,53.76265316368456,53.72521199113128,15,0.0006200730719545821,15,1.7199609355209304,3.49913619631036,1.006967461579336,1.7574021080741886,3.536577368863618,1.0444086341325942,1
0.1,289,51.425452803377986,51.34632167764519,13,0.0006155809183723672,13,4.057161295827484,5.836336556616914,3.3441678218858897,4.136292421560256,5.9154676823497425,3.4232989476187186,1
0.1,290,53.636794946988,53.86579315427027,13,0.0006049249937125562,13,1.845819152217473,3.6249944130069025,1.1328256782758785,1.6168209449351707,3.395996205724657,0.9038274709936331,1
0.1,291,57.602650606180134,57.48603464024211,14,0.0006138883510515985,14,2.120036506974671,0.34086124618521296,2.833029980916237,2.003420541036647,0.22424528024718882,2.7164140149782128,1
0.1,292,53.569305276627,53.321972629753255,15,0.0006202616371949098,15,1.9133088225784718,3.6924840833679013,1.2003153486368774,2.16064146945223,3.9398167302416596,1.4476479955106356,1
0.1,293,54.603564767678215,54.45138039064132,14,0.0006191995323967642,14,0.8790493315272556,2.658224592316685,0.16605585758566122,1.031233708564173,2.8104089693536025,0.31824023462257855,1
0.1,294,53.660380274238506,53.74929189550088,12,0.0006229340589073789,13,1.8222338249669292,3.6014090857564156,1.1092403510253916,1.7333222037045743,3.5124974644940608,1.0203287297630368,1
0.1,295,55.57886736456739,56.00109824600655,13,0.0006103907821845268,13,0.09625326536192347,1.6829219954275345,0.8092467393034894,0.5184841468010859,1.2606911139884005,1.2314776207426519,1
0.1,296,53.2717700305224,53.01025856580601,12,0.0006177047783145308,12,2.210844068683059,3.9900193294725455,1.4978505947415215,2.4723555333994227,4.251530794188909,1.7593620594578852,1
0.1,297,57.127461893619234,57.010698329031534,15,0.0006213264494206488,15,1.6448477944137707,0.13432746637568016,2.3578412683553367,1.5280842298260708,0.25109103096338004,2.241077703767637,1
0.1,298,58.96933605920012,58.99942298222123,10,0.0006111769243531254,11,3.4867219599946537,1.7075466992051958,4.19971543393622,3.51680888301577,1.737633622226312,4.229802356957336,1
0.1,299,63.07268398301814,62.96590493347745,12,0.0006089239280807838,13,7.590069883812674,5.810894623023216,8.30306335775424,7.483290834271983,5.704115573482525,8.19628430821355,1
0.1,300,54.95724302605706,54.94861031214032,14,0.0006196059627533803,14,0.525371073148392,2.3045463339378784,0.18762240079315973,0.5340037870651599,2.3131790478545895,0.17898968687642025,1
0.1,301,53.42173960834511,53.26558397079075,15,0.0006200730719545821,15,2.0608744908603285,3.840049751649815,1.347881016918791,2.217030128414706,3.996205389204192,1.5040366544731683,1
0.1,302,53.28199646776574,53.0944719828532,13,0.0006198266696425498,13,2.2006176314397408,3.9797928922291703,1.4876241574981464,2.388142116352242,4.167317377141728,1.6751486424107043,1
0.1,303,55.35868291250528,55.16030791755572,15,0.0006200730719545821,15,0.12393118670019021,1.9031064474896198,0.5890622872413829,0.32230618164976477,2.1014814424391943,0.39068729229182253,1
0.1,304,58.385517247429384,58.247343622797,13,0.0006102337398817139,13,2.9029031482239205,1.1237278874344625,3.6158966221654865,2.7647295235915337,0.9855542628020757,3.4777229975330997,1
0.1,305,56.55352040842938,56.81492605511075,15,0.000617542962221483,15,1.0709063092239148,0.7082689515655147,1.7838997831654808,1.3323119559052898,0.44686330488417525,2.045305429846856,1
0.1,306,51.880936276743256,52.61018663901633,11,0.0006103907821845268,12,3.601677822462193,5.380853083251679,2.8886843485206555,2.872427460189158,4.6516027209785875,2.1594339862475636,1
0.1,307,55.82839807177897,55.71295150264397,16,0.0006201673545747459,16,0.345783972573507,1.4333912882159439,1.058777446515073,0.2303374034385044,1.548837857350975,0.9433308773800704,1
0.1,308,54.43098453535527,54.0829715357995,13,0.000617542962221483,13,1.051629563850213,2.8308048246396424,0.3386360899086185,1.399642563405962,3.1788178241954483,0.6866490894643675,1
0.1,309,59.49549581777377,59.51614630293836,14,0.000617121072272314,14,4.012881718568309,2.233706457778851,4.725875192509875,4.0335322037328964,2.2543569429434385,4.746525677674462,1
0.1,310,57.27803597878115,57.09292374669869,15,0.000617542962221483,15,1.7954218795756844,0.016246618786226463,2.5084153535172504,1.6103096474932244,0.16886561329624783,2.3233031214347903,1
0.1,311,53.76265316368456,53.72521199113128,15,0.0006200730719545821,15,1.7199609355209304,3.49913619631036,1.006967461579336,1.7574021080741886,3.536577368863618,1.0444086341325942,1
0.1,312,54.13843313106541,54.14349992027094,13,0.0006141572901030419,13,1.3441809681400514,3.123356228929538,0.631187494198457,1.339114178934551,3.1182894397239806,0.6261207049929567,1
0.1,313,55.82839807177897,55.71295150264397,16,0.0006201673545747459,16,0.345783972573507,1.4333912882159439,1.058777446515073,0.2303374034385044,1.548837857350975,0.9433308773800704,1
0.1,314,58.748872759409366,58.94855507762369,14,0.0006207887330850848,14,3.2662586602039028,1.4870833994144448,3.9792521341454687,3.4659409784182245,1.6867657176287665,4.17893445235979,1
0.1,315,53.569305276627,53.321972629753255,15,0.0006202616371949098,15,1.9133088225784718,3.6924840833679013,1.2003153486368774,2.16064146945223,3.9398167302416596,1.4476479955106356,1
0.1,316,56.58790726574297,56.45481490182,14,0.000612334599587779,14,1.105293166537507,0.673882094251951,1.818286640479073,0.9722008026145375,0.8069744581749205,1.6851942765561034,1
0.1,317,51.999471178642345,51.73087753941993,14,0.0006180324829170844,14,3.4831429205631252,5.262318181352555,2.770149446621531,3.7517365597855132,5.530911820575,3.0387430858439757,1
0.1,318,52.81129538681013,52.706242450406485,14,0.0006161667916978763,14,2.671318712395305,4.450493973184791,1.9583252384537673,2.7763716487989996,4.555546909588429,2.063378174857405,1
0.1,319,53.38849431383428,53.228949049718594,14,0.0006152601470344396,14,2.094119785371163,3.8732950461606492,1.3811263114296253,2.2536650494868695,4.032840310276356,1.5406715755452751,1
0.1,320,58.887829812530256,59.045394612270364,14,0.0006196935328053961,14,3.405215713324793,1.6260404525353351,4.118209187266359,3.562780513064901,1.7836052522754429,4.275773987006467,1
0.1,321,55.82839807177897,55.71295150264397,16,0.0006201673545747459,16,0.345783972573507,1.4333912882159439,1.058777446515073,0.2303374034385044,1.548837857350975,0.9433308773800704,1
0.1,322,59.55623534753662,59.03442245570001,13,0.0006098154029277415,13,4.073621248331158,2.2944459875416996,4.7866147222727236,3.551808356494547,1.772633095705089,4.264801830436113,1
0.1,323,60.845964716561646,60.93978058031717,12,0.0006156927306686998,13,5.363350617356183,3.5841753565667247,6.076344091297749,5.457166481111706,3.677991220322248,6.170159955053272,1
0.1,324,58.38525875035747,58.57518317911543,15,0.0006180606161901434,15,2.902644651152009,1.1234693903625512,3.615638125093575,3.092569079909964,1.3133938191205061,3.80556255385153,1
0.1,325,54.367867162571756,54.24506557693654,15,0.000615803328639259,15,1.1147469366337077,2.893922197423194,0.4017534626921133,1.2375485222689235,3.01672378305841,0.5245550483273291,1
0.1,326,53.113493229211244,53.03731152767022,15,0.0006200730719545821,15,2.3691208699942194,4.148296130783706,1.656127396052625,2.445302571535251,4.2244778323246805,1.7323090975936566,1
0.1,327,55.82839807177897,55.71295150264397,16,0.0006201673545747459,16,0.345783972573507,1.4333912882159439,1.058777446515073,0.2303374034385044,1.548837857350975,0.9433308773800704,1
0.1,328,54.986545688546926,54.845456446644434,15,0.0006200730719545821,15,0.4960684106585518,2.2752436714479813,0.2169250632830284,0.6371576525610294,2.416332913350516,0.07583582138053657,1
0.1,329,59.86248177503322,60.018213690414264,13,0.0006243369683266459,13,4.379867675827754,2.6006924150382957,5.09286114976932,4.5355995912088005,2.7564243304193425,5.2485930651503665,1
0.1,330,58.98051748863137,58.96403314659352,15,0.000622529820011524,15,3.4979033894259075,1.7187281286364495,4.2108968633674735,3.4814190473880586,1.7022437865986006,4.194412521329625,1
0.1,331,55.929117446953256,55.83140943824946,15,0.0006202510167495209,15,0.4465033477477931,1.332671913041679,1.159496821689359,0.3487953390439955,1.4303799217454412,1.0617888129855615,1
0.1,332,56.10529959471526,55.95284572043359,15,0.0006202616371949098,15,0.6226854955097991,1.156489765279673,1.335678969451365,0.47023162122812323,1.3089436395613347,1.1832250951696892,1
0.1,333,56.5628148218669,56.25126124450295,14,0.0006162974291084539,14,1.0802007226614379,0.6989745381280272,1.7931941966030038,0.7686471452974857,1.0105281154919794,1.4816406192390517,1
0.1,334,56.64629452506729,56.597021457816716,14,0.0006250302209701896,14,1.163680425861827,0.615494834927631,1.876673899803393,1.1144073586112526,0.6647679021781983,1.8274008325528186,1
0.1,335,55.92063712241575,55.85783893001263,12,0.0006323025123782223,12,0.43802302321028463,1.3411522375791947,1.1510164971518506,0.37522483080716995,1.4039504299822738,1.088218304748736,1
0.1,336,55.82839807177897,55.71295150264397,16,0.0006201673545747459,16,0.345783972573507,1.4333912882159439,1.058777446515073,0.2303374034385044,1.548837857350975,0.9433308773800704,1
0.1,337,63.028450163849904,63.16163635977502,11,0.0006201447830965046,12,7.5458360646444405,5.7666608038549825,8.258829538586006,7.679022260569553,5.899846999780095,8.39201573451112,1
0.1,338,53.42173960834511,53.26558397079075,15,0.0006200730719545821,15,2.0608744908603285,3.840049751649815,1.347881016918791,2.217030128414706,3.996205389204192,1.5040366544731683,1
0.1,339,52.939756948886604,52.74777454683599,14,0.0006172844143301334,14,2.5428571503188664,4.322032411108296,1.829863676377272,2.734839552369465,4.514014813158951,2.0218460784279273,1
0.1,340,54.50417846538674,54.45992064493466,13,0.0006020862457686528,13,0.9784356338187195,2.757610894608206,0.2654421598771819,1.0226934542707795,2.801868715060266,0.30969998032924195,1
0.1,341,55.82839807177897,55.71295150264397,16,0.0006201673545747459,16,0.345783972573507,1.4333912882159439,1.058777446515073,0.2303374034385044,1.548837857350975,0.9433308773800704,1
0.1,342,54.89865105237841,55.168207699258964,12,0.0006300028691581332,12,0.5839630468270798,2.3631383076165093,0.12903042711451462,0.3144063999465061,2.0935816607359357,0.398587073995067,1
0.1,343,55.82839807177897,55.71295150264397,16,0.0006201673545747459,16,0.345783972573507,1.4333912882159439,1.058777446515073,0.2303374034385044,1.548837857350975,0.9433308773800704,1
0.1,344,58.38525875035747,58.57518317911543,15,0.0006180606161901434,15,2.902644651152009,1.1234693903625512,3.615638125093575,3.092569079909964,1.3133938191205061,3.80556255385153,1
0.1,345,60.08233416937102,59.49095390452753,12,0.0006202721051491688,13,4.59972007016556,2.820544809376102,5.312713544107126,4.008339805322066,2.2291645445326083,4.721333279263632,1
0.1,346,49.69249422108485,48.0134156117029,7,0.0005974417397620169,10,5.790119878120606,7.569295138910093,5.077126404179069,7.469198487502581,9.24837374829201,6.756205013560987,1
0.1,347,50.76421639993677,50.68387289957366,12,0.0006248271868746348,12,4.718397699268678,6.497572960058164,4.0054042253271405,4.79874119963182,6.57791646042125,4.085747725690226,1
0.1,348,55.26571284590371,55.40023596934885,14,0.0006207940433077793,14,0.2169012533017849,1.9960765140912144,0.4960922206398095,0.08237812985663595,1.8615533906460655,0.6306153440849513,1
0.1,349,48.03164133471303,47.319473619288225,11,0.0006166991823231449,12,7.450972764492462,9.230148025281892,6.737979290550868,8.163140479917217,9.942315740706704,7.45014700597568,1
0.1,350,60.086064438725295,60.36653585881173,14,0.000619434705821066,14,4.603450339519831,2.8242750787303734,5.316443813461397,4.883921759606267,3.1047464988168088,5.596915233547833,1
0.1,351,54.53977939412144,54.385185075424424,14,0.0006156500645529486,14,0.9428347050840102,2.7220099658734966,0.22984123114247268,1.0974290237810465,2.876604284570476,0.38443554983945205,1
0.1,352,54.986545688546926,54.845456446644434,15,0.0006200730719545821,15,0.4960684106585518,2.2752436714479813,0.2169250632830284,0.6371576525610294,2.416332913350516,0.07583582138053657,1
0.1,353,56.5628148218669,56.25126124450295,14,0.0006162974291084539,14,1.0802007226614379,0.6989745381280272,1.7931941966030038,0.7686471452974857,1.0105281154919794,1.4816406192390517,1
0.1,354,53.569305276627,53.321972629753255,15,0.0006202616371949098,15,1.9133088225784718,3.6924840833679013,1.2003153486368774,2.16064146945223,3.9398167302416596,1.4476479955106356,1
0.1,355,58.98051748863137,58.96403314659352,15,0.000622529820011524,15,3.4979033894259075,1.7187281286364495,4.2108968633674735,3.4814190473880586,1.7022437865986006,4.194412521329625,1
0.1,356,56.5628148218669,56.25126124450295,14,0.0006162974291084539,14,1.0802007226614379,0.6989745381280272,1.7931941966030038,0.7686471452974857,1.0105281154919794,1.4816406192390517,1
0.1,357,58.556886003161445,58.17081189889842,15,0.000617542962221483,15,3.0742719039559816,1.2950966431665236,3.7872653778975476,2.688197799692958,0.9090225389034998,3.401191273634524,1
0.1,358,56.10529959471526,55.95284572043359,15,0.0006202616371949098,15,0.6226854955097991,1.156489765279673,1.335678969451365,0.47023162122812323,1.3089436395613347,1.1832250951696892,1
0.1,359,55.35868291250528,55.16030791755572,15,0.0006200730719545821,15,0.12393118670019021,1.9031064474896198,0.5890622872413829,0.32230618164976477,2.1014814424391943,0.39068729229182253,1
0.1,360,56.8615524135732,56.60293616427411,14,0.000616673145430371,14,1.378938314367737,0.40023694642172813,2.091931788309303,1.120322065068649,0.6588531957207806,1.833315539010215,1
0.1,361,58.556886003161445,58.17081189889842,15,0.000617542962221483,15,3.0742719039559816,1.2950966431665236,3.7872653778975476,2.688197799692958,0.9090225389034998,3.401191273634524,1
0.1,362,61.145309283458616,61.08944171093298,13,0.0006213264494206488,13,5.6626951842531525,3.8835199234636946,6.3756886581947185,5.6068276117275175,3.8276523509380596,6.3198210856690835,1
0.1,363,58.556886003161445,58.17081189889842,15,0.000617542962221483,15,3.0742719039559816,1.2950966431665236,3.7872653778975476,2.688197799692958,0.9090225389034998,3.401191273634524,1
0.1,364,53.23464127962228,53.28319454520474,13,0.0006399871610977014,13,2.2479728195831967,4.027148080372626,1.5349793456416023,2.1994195540007127,3.978594814790199,1.486426080059175,1
0.1,365,58.556886003161445,58.17081189889842,15,0.000617542962221483,15,3.0742719039559816,1.2950966431665236,3.7872653778975476,2.688197799692958,0.9090225389034998,3.401191273634524,1
0.1,366,54.986545688546926,54.845456446644434,15,0.0006200730719545821,15,0.4960684106585518,2.2752436714479813,0.2169250632830284,0.6371576525610294,2.416332913350516,0.07583582138053657,1
0.1,367,55.129869670033685,55.09301354898145,14,0.000616673145430371,14,0.3527444291717643,2.1319196899612507,0.3602490447697875,0.3896005502240314,2.168775811013461,0.3233929237175559,1
0.1,368,51.635376580061624,51.42893029653069,14,0.0006236139196621057,14,3.847237519143846,5.6264127799332755,3.1342440452022515,4.053683802674755,5.832859063464241,3.340690328733217,1
0.1,369,58.98051748863137,58.96403314659352,15,0.000622529820011524,15,3.4979033894259075,1.7187281286364495,4.2108968633674735,3.4814190473880586,1.7022437865986006,4.194412521329625,1
0.1,370,54.427617016443705,54.18506434924681,14,0.0006196454164161356,14,1.0549970827617585,2.834172343551245,0.3420036088201641,1.2975497499586481,3.0767250107481345,0.5845562760171106,1
0.1,371,55.82839807177897,55.71295150264397,16,0.0006201673545747459,16,0.345783972573507,1.4333912882159439,1.058777446515073,0.2303374034385044,1.548837857350975,0.9433308773800704,1
0.1,372,52.28186604704575,52.12235164166532,14,0.0006179382002969205,14,3.2007480521597245,4.979923312949154,2.48775457821813,3.360262457540159,5.139437718329589,2.6472689835985648,1
0.1,373,55.82839807177897,55.71295150264397,16,0.0006201673545747459,16,0.345783972573507,1.4333912882159439,1.058777446515073,0.2303374034385044,1.548837857350975,0.9433308773800704,1
0.1,374,52.76358551440252,52.61992685299133,12,0.0006198065479981068,12,2.7190285848029134,4.4982038455924,2.006035110861376,2.8626872462141364,4.641862507003566,2.149693772272599,1
0.1,375,63.32164945193079,62.905324001778084,13,0.0006165302547564936,14,7.839035352725325,6.059860091935867,8.552028826666891,7.42270990257262,5.643534641783162,8.135703376514186,1
0.1,376,53.81471169971979,53.72087399367005,14,0.0006188299512186371,14,1.6679023994856834,3.447077660275113,0.954908925544089,1.7617401055354094,3.540915366324896,1.0487466315938718,1
0.1,377,54.986545688546926,54.845456446644434,15,0.0006200730719545821,15,0.4960684106585518,2.2752436714479813,0.2169250632830284,0.6371576525610294,2.416332913350516,0.07583582138053657,1
0.1,378,56.044629558497064,55.7557432761913,13,0.000615803328639259,13,0.5620154592916009,1.2171598014978713,1.2750089332331669,0.27312917698584016,1.5060460838035965,0.9861226509274061,1
0.1,379,55.55815833434673,55.76233911552256,13,0.0006207290535353404,13,0.0755442351412654,1.7036310256481784,0.7885377090828314,0.27972501631709434,1.4994502444723707,0.9927184902586603,1
0.1,380,57.685316250684565,57.77949442269617,12,0.0006308813498986997,12,2.2027021514791016,0.42352689068964366,2.9156956254206676,2.2968803234907043,0.5177050627012463,3.0098737974322702,1
0.1,381,55.82839807177897,55.71295150264397,16,0.0006201673545747459,16,0.345783972573507,1.4333912882159439,1.058777446515073,0.2303374034385044,1.548837857350975,0.9433308773800704,1
0.1,382,56.10529959471526,55.95284572043359,15,0.0006202616371949098,15,0.6226854955097991,1.156489765279673,1.335678969451365,0.47023162122812323,1.3089436395613347,1.1832250951696892,1
0.1,383,52.87266899232511,52.92403911230802,13,0.000615803328639259,13,2.609945106880332,4.389120367669818,1.8969516329387943,2.5585749868974403,4.337750247686927,1.845581512955846,1
0.1,384,64.63716740108208,64.1932216008292,11,0.0006103907821845268,12,9.154553301876618,7.37537804108716,9.867546775818184,8.710607501623741,6.931432240834283,9.423600975565307,1
0.1,385,58.8341228979434,59.31311110864024,14,0.0006172844143301334,14,3.351508798737939,1.5723335379484809,4.064502272679505,3.8304970094347794,2.0513217486453215,4.543490483376345,1
0.1,386,58.38525875035747,58.57518317911543,15,0.0006180606161901434,15,2.902644651152009,1.1234693903625512,3.615638125093575,3.092569079909964,1.3133938191205061,3.80556255385153,1
0.1,387,55.82839807177897,55.71295150264397,16,0.0006201673545747459,16,0.345783972573507,1.4333912882159439,1.058777446515073,0.2303374034385044,1.548837857350975,0.9433308773800704,1
0.1,388,53.569305276627,53.321972629753255,15,0.0006202616371949098,15,1.9133088225784718,3.6924840833679013,1.2003153486368774,2.16064146945223,3.9398167302416596,1.4476479955106356,1
0.1,389,53.42173960834511,53.26558397079075,15,0.0006200730719545821,15,2.0608744908603285,3.840049751649815,1.347881016918791,2.217030128414706,3.996205389204192,1.5040366544731683,1
0.1,390,55.929117446953256,55.83140943824946,15,0.0006202510167495209,15,0.4465033477477931,1.332671913041679,1.159496821689359,0.3487953390439955,1.4303799217454412,1.0617888129855615,1
0.1,391,53.00651916581639,52.94598414999552,14,0.000618896989485502,14,2.4760949333890494,4.255270194178536,1.7631014594475118,2.536629949209953,4.315805209999382,1.8236364752683585,1
0.1,392,56.10529959471526,55.95284572043359,15,0.0006202616371949098,15,0.6226854955097991,1.156489765279673,1.335678969451365,0.47023162122812323,1.3089436395613347,1.1832250951696892,1
0.1,393,55.82839807177897,55.71295150264397,16,0.0006201673545747459,16,0.345783972573507,1.4333912882159439,1.058777446515073,0.2303374034385044,1.548837857350975,0.9433308773800704,1
0.1,394,57.42761519530172,57.319349218585344,13,0.0006175151193407695,14,1.9450010960962558,0.16582583530679784,2.657994570037822,1.836735119379881,0.05755985859042312,2.549728593321447,1
0.1,395,58.556886003161445,58.17081189889842,15,0.000617542962221483,15,3.0742719039559816,1.2950966431665236,3.7872653778975476,2.688197799692958,0.9090225389034998,3.401191273634524,1
0.1,396,56.91242705010189,57.158033521684715,14,0.0006189022997081964,14,1.4298129508964266,0.3493623098930243,2.1428064248379926,1.6754194224792514,0.10375583831023505,2.3884128964208173,1
0.1,397,54.613308213968715,54.527759039257894,12,0.0006152601470344396,13,0.8693058852367699,2.6484811460261994,0.15631241129517548,0.9548550599475902,2.73403032073702,0.24186158600599583,1
0.1,398,55.82839807177897,55.71295150264397,16,0.0006201673545747459,16,0.345783972573507,1.4333912882159439,1.058777446515073,0.2303374034385044,1.548837857350975,0.9433308773800704,1
0.1,399,54.91600598609701,54.61249011938025,14,0.0006231011065583566,14,0.5666081131084297,2.345783373897916,0.14638536083311493,0.8701239798252232,2.6492992406146527,0.15713050588362876,1
0.1,400,56.10529959471526,55.95284572043359,15,0.0006202616371949098,15,0.6226854955097991,1.156489765279673,1.335678969451365,0.47023162122812323,1.3089436395613347,1.1832250951696892,1
0.1,401,54.83844299878757,55.073565906907504,12,0.0006327713186001932,12,0.6441711004179069,2.4233463612073365,0.06882237352367326,0.4090481922979734,2.188223453087403,0.3039452816436068,1
0.1,402,55.82839807177897,55.71295150264397,16,0.0006201673545747459,16,0.345783972573507,1.4333912882159439,1.058777446515073,0.2303374034385044,1.548837857350975,0.9433308773800704,1
0.1,403,57.127461893619234,57.010698329031534,15,0.0006213264494206488,15,1.6448477944137707,0.13432746637568016,2.3578412683553367,1.5280842298260708,0.25109103096338004,2.241077703767637,1
0.1,404,55.82839807177897,55.71295150264397,16,0.0006201673545747459,16,0.345783972573507,1.4333912882159439,1.058777446515073,0.2303374034385044,1.548837857350975,0.9433308773800704,1
0.1,405,57.013668205530166,56.626047173457316,10,0.0006175429622214834,11,1.531054106324703,0.2481211544647408,2.244047580266269,1.1434330742518526,0.6357421865375841,1.8564265481934186,1
0.1,406,55.06115044124394,55.01665347247255,15,0.0006165302547564936,15,0.4214636579615103,2.2006389187509967,0.29152981598004146,0.46596062673290817,2.2451358875223946,0.2470328472086507,1
0.1,407,54.081339056588426,53.978629100836834,12,0.0006356542262555287,12,1.4012750426170442,3.1804503034064737,0.6882815686754498,1.5039849983686508,3.2831602591580804,0.7909915244270564,1
0.1,408,53.569305276627,53.321972629753255,15,0.0006202616371949098,15,1.9133088225784718,3.6924840833679013,1.2003153486368774,2.16064146945223,3.9398167302416596,1.4476479955106356,1
0.1,409,53.113493229211244,53.03731152767022,15,0.0006200730719545821,15,2.3691208699942194,4.148296130783706,1.656127396052625,2.445302571535251,4.2244778323246805,1.7323090975936566,1
0.1,410,49.201403278655796,49.1520283799864,10,0.00061802717269439,11,6.281210820549688,8.060386081339118,5.568217346608094,6.330585719219073,8.109760980008502,5.6175922452774785,1
0.1,411,55.82839807177897,55.71295150264397,16,0.0006201673545747459,16,0.345783972573507,1.4333912882159439,1.058777446515073,0.2303374034385044,1.548837857350975,0.9433308773800704,1
0.1,412,60.845964716561646,60.93978058031717,12,0.0006156927306686998,13,5.363350617356183,3.5841753565667247,6.076344091297749,5.457166481111706,3.677991220322248,6.170159955053272,1
0.1,413,54.91600598609701,54.61249011938025,14,0.0006231011065583566,14,0.5666081131084297,2.345783373897916,0.14638536083311493,0.8701239798252232,2.6492992406146527,0.15713050588362876,1
0.1,414,58.887829812530256,59.045394612270364,14,0.0006196935328053961,14,3.405215713324793,1.6260404525353351,4.118209187266359,3.562780513064901,1.7836052522754429,4.275773987006467,1
0.1,415,53.42173960834511,53.26558397079075,15,0.0006200730719545821,15,2.0608744908603285,3.840049751649815,1.347881016918791,2.217030128414706,3.996205389204192,1.5040366544731683,1
0.1,416,55.82839807177897,55.71295150264397,16,0.0006201673545747459,16,0.345783972573507,1.4333912882159439,1.058777446515073,0.2303374034385044,1.548837857350975,0.9433308773800704,1
0.1,417,54.21077427253097,55.028442818771694,11,0.0006361398785853665,12,1.2718398266745226,3.051015087463952,0.5588463527329282,0.4541712804337976,2.233346541223227,0.2588221935077968,1
0.1,418,55.12040954275383,55.257677110817994,13,0.0006165302547564936,14,0.36220455645161564,2.141379817241102,0.3507889174899361,0.22493698838746923,2.0041122491769556,0.48805648555409675,1
0.1,419,50.07302482102623,49.818797861479666,13,0.000635152233333506,13,5.409589278179226,7.188764538968712,4.696595804237688,5.663816237725769,7.442991498515255,4.950822763784231,1
0.1,420,53.76265316368456,53.72521199113128,15,0.0006200730719545821,15,1.7199609355209304,3.49913619631036,1.006967461579336,1.7574021080741886,3.536577368863618,1.0444086341325942,1
0.1,421,55.82839807177897,55.71295150264397,16,0.0006201673545747459,16,0.345783972573507,1.4333912882159439,1.058777446515073,0.2303374034385044,1.548837857350975,0.9433308773800704,1
0.1,422,64.71251295040597,66.35176976572723,12,0.0006208572521322479,13,9.229898851200502,7.4507235904110445,9.942892325142068,10.869155666521763,9.089980405732305,11.58214914046333,1
0.1,423,54.43098453535527,54.0829715357995,13,0.000617542962221483,13,1.051629563850213,2.8308048246396424,0.3386360899086185,1.399642563405962,3.1788178241954483,0.6866490894643675,1
0.1,424,55.06115044124394,55.01665347247255,15,0.0006165302547564936,15,0.4214636579615103,2.2006389187509967,0.29152981598004146,0.46596062673290817,2.2451358875223946,0.2470328472086507,1
0.1,425,55.82839807177897,55.71295150264397,16,0.0006201673545747459,16,0.345783972573507,1.4333912882159439,1.058777446515073,0.2303374034385044,1.548837857350975,0.9433308773800704,1
0.1,426,57.602650606180134,57.48603464024211,14,0.0006138883510515985,14,2.120036506974671,0.34086124618521296,2.833029980916237,2.003420541036647,0.22424528024718882,2.7164140149782128,1
0.1,427,53.569305276627,53.321972629753255,15,0.0006202616371949098,15,1.9133088225784718,3.6924840833679013,1.2003153486368774,2.16064146945223,3.9398167302416596,1.4476479955106356,1
0.1,428,53.463275679543514,53.227321915859065,13,0.0006187237054918876,13,2.019338419661949,3.7985136804513786,1.3063449457204115,2.2552921833463984,4.034467444135885,1.542298709404804,1
0.1,429,55.26571284590371,55.40023596934885,14,0.0006207940433077793,14,0.2169012533017849,1.9960765140912144,0.4960922206398095,0.08237812985663595,1.8615533906460655,0.6306153440849513,1
0.1,430,55.82839807177897,55.71295150264397,16,0.0006201673545747459,16,0.345783972573507,1.4333912882159439,1.058777446515073,0.2303374034385044,1.548837857350975,0.9433308773800704,1
0.1,431,56.8615524135732,56.60293616427411,14,0.000616673145430371,14,1.378938314367737,0.40023694642172813,2.091931788309303,1.120322065068649,0.6588531957207806,1.833315539010215,1
0.1,432,53.52236344423318,53.3387134181199,14,0.0006201673545747459,14,1.960250654972299,3.7394259157617284,1.2472571810307045,2.1439006810855403,3.9230759418750267,1.4309072071440028,1
0.1,433,55.82839807177897,55.71295150264397,16,0.0006201673545747459,16,0.345783972573507,1.4333912882159439,1.058777446515073,0.2303374034385044,1.548837857350975,0.9433308773800704,1
0.1,434,55.82839807177897,55.71295150264397,16,0.0006201673545747459,16,0.345783972573507,1.4333912882159439,1.058777446515073,0.2303374034385044,1.548837857350975,0.9433308773800704,1
0.1,435,56.66404330717638,57.277865397613915,13,0.0006119306153608673,13,1.1814292079709148,0.5977460528185361,1.8944226819124808,1.795251298408452,0.01607603761899412,2.508244772350018,1
0.1,436,53.569305276627,53.321972629753255,15,0.0006202616371949098,15,1.9133088225784718,3.6924840833679013,1.2003153486368774,2.16064146945223,3.9398167302416596,1.4476479955106356,1
0.1,437,51.514052755767814,51.37698442203834,14,0.0006180324829170844,14,3.9685613434376705,5.7477366042271,3.255567869496076,4.105629677167144,5.884804937956574,3.3926362032255497,1
0.1,438,56.12094345310758,56.14028656320102,14,0.0006156927306686998,14,0.6383293539021153,1.140845906887364,1.3513228278436813,0.65767246399556,1.1215027967938909,1.370665937937126,1
0.1,439,56.10529959471526,55.95284572043359,15,0.0006202616371949098,15,0.6226854955097991,1.156489765279673,1.335678969451365,0.47023162122812323,1.3089436395613347,1.1832250951696892,1
0.1,440,57.88360717054851,58.233746684823785,13,0.0006185577952818358,13,2.400993071343045,0.621817810553587,3.113986545284611,2.751132585618322,0.971957324828864,3.464126059559888,1
0.1,441,49.23796495316371,49.22317590528026,13,0.0006119306153608673,14,6.244649146041752,8.023824406831181,5.531655672100214,6.259438193925234,8.038613454714664,5.54644471998364,1
0.1,442,58.33982664894332,58.29721494894121,14,0.0006219281347160864,14,2.8572125497378593,1.0780372889484013,3.5702060236794253,2.814600849735747,1.035425588946289,3.527594323677313,1
0.1,443,54.371499784171725,54.74093479968899,14,0.0006178149991409044,14,1.111114315033717,2.8902895758232034,0.3981208410921795,0.7416792995164769,2.5208545603059065,0.02868582557488253,1
0.1,444,55.06115044124394,55.01665347247255,15,0.0006165302547564936,15,0.4214636579615103,2.2006389187509967,0.29152981598004146,0.46596062673290817,2.2451358875223946,0.2470328472086507,1
0.1,445,53.113493229211244,53.03731152767022,15,0.0006200730719545821,15,2.3691208699942194,4.148296130783706,1.656127396052625,2.445302571535251,4.2244778323246805,1.7323090975936566,1
0.1,446,55.82839807177897,55.71295150264397,16,0.0006201673545747459,16,0.345783972573507,1.4333912882159439,1.058777446515073,0.2303374034385044,1.548837857350975,0.9433308773800704,1
0.1,447,57.27803597878115,57.09292374669869,15,0.000617542962221483,15,1.7954218795756844,0.016246618786226463,2.5084153535172504,1.6103096474932244,0.16886561329624783,2.3233031214347903,1
0.1,448,55.82839807177897,55.71295150264397,16,0.0006201673545747459,16,0.345783972573507,1.4333912882159439,1.058777446515073,0.2303374034385044,1.548837857350975,0.9433308773800704,1
0.1,449,60.61546700221898,60.591521856275136,14,0.0006234664650202484,14,5.132852903013514,3.3536776422240564,5.84584637695508,5.108907757069673,3.329732496280215,5.821901231011239,1
0.1,450,57.96421357562566,57.60906952332991,14,0.0006166147185398193,14,2.481599476420193,0.7024242156307352,3.194592950361759,2.126455424124444,0.347280163334986,2.83944889806601,1
0.1,451,53.113493229211244,53.03731152767022,15,0.0006200730719545821,15,2.3691208699942194,4.148296130783706,1.656127396052625,2.445302571535251,4.2244778323246805,1.7323090975936566,1
0.1,452,64.13709705805984,64.04153763403856,13,0.000617542962221483,14,8.654482958854373,6.8753076980649155,9.36747643279594,8.558923534833099,6.779748274043641,9.271917008774665,1
0.1,453,52.87266899232511,52.92403911230802,13,0.000615803328639259,13,2.609945106880332,4.389120367669818,1.8969516329387943,2.5585749868974403,4.337750247686927,1.845581512955846,1
0.1,454,55.81649933855535,55.499843758095885,14,0.000617121072272314,14,0.3338852393498897,1.4452900214395754,1.0468787132914557,0.017229658890421717,1.761945601899015,0.7302231328319877,1
0.1,455,56.55352040842938,56.81492605511075,15,0.000617542962221483,15,1.0709063092239148,0.7082689515655147,1.7838997831654808,1.3323119559052898,0.44686330488417525,2.045305429846856,1
0.1,456,55.82839807177897,55.71295150264397,16,0.0006201673545747459,16,0.345783972573507,1.4333912882159439,1.058777446515073,0.2303374034385044,1.548837857350975,0.9433308773800704,1
0.1,457,55.929117446953256,55.83140943824946,15,0.0006202510167495209,15,0.4465033477477931,1.332671913041679,1.159496821689359,0.3487953390439955,1.4303799217454412,1.0617888129855615,1
0.1,458,53.113493229211244,53.03731152767022,15,0.0006200730719545821,15,2.3691208699942194,4.148296130783706,1.656127396052625,2.445302571535251,4.2244778323246805,1.7323090975936566,1
0.1,459,57.27803597878115,57.09292374669869,15,0.000617542962221483,15,1.7954218795756844,0.016246618786226463,2.5084153535172504,1.6103096474932244,0.16886561329624783,2.3233031214347903,1
0.1,460,53.76265316368456,53.72521199113128,15,0.0006200730719545821,15,1.7199609355209304,3.49913619631036,1.006967461579336,1.7574021080741886,3.536577368863618,1.0444086341325942,1
0.1,461,56.72330163181989,57.03351720414115,14,0.0006207887330850848,14,1.2406875326144302,0.5384877281750278,1.9536810065559962,1.550903104935685,0.22827215585380145,2.263896578877251,1
0.1,462,60.491968301833445,60.97399517592888,12,0.000619434705821066,13,5.009354202627982,3.230178941838524,5.722347676569548,5.491381076723414,3.712205815933956,6.20437455066498,1
0.1,463,55.82839807177897,55.71295150264397,16,0.0006201673545747459,16,0.345783972573507,1.4333912882159439,1.058777446515073,0.2303374034385044,1.548837857350975,0.9433308773800704,1
0.1,464,57.5363966863012,57.891276476671884,14,0.0006197343893787155,14,2.053782587095739,0.27460732630628115,2.766776061037305,2.4086623774664204,0.6294871166769624,3.1216558514079864,1
0.1,465,56.85799258026176,56.58813545789504,13,0.0006192177608776889,13,1.3753784810562948,0.4037967797331703,2.0883719549978608,1.105521358689579,0.6736539020998862,1.8185148326311449,1
0.1,466,56.38984011233978,56.780363743109895,13,0.0006170258664387838,13,0.9072260131343199,0.8719492476551522,1.620219487075886,1.2977496439044316,0.4814256168850193,2.0107431178459976,1
0.1,467,57.127461893619234,57.010698329031534,15,0.0006213264494206488,15,1.6448477944137707,0.13432746637568016,2.3578412683553367,1.5280842298260708,0.25109103096338004,2.241077703767637,1
0.1,468,55.82839807177897,55.71295150264397,16,0.0006201673545747459,16,0.345783972573507,1.4333912882159439,1.058777446515073,0.2303374034385044,1.548837857350975,0.9433308773800704,1
0.1,469,48.81180225252712,48.465230875413155,11,0.0006324073613345449,12,6.670811846678362,8.449987107467791,5.957818372736767,7.017383223792308,8.796558484581738,6.30438974985077,1
0.1,470,55.82839807177897,55.71295150264397,16,0.0006201673545747459,16,0.345783972573507,1.4333912882159439,1.058777446515073,0.2303374034385044,1.548837857350975,0.9433308773800704,1
0.1,471,53.42173960834511,53.26558397079075,15,0.0006200730719545821,15,2.0608744908603285,3.840049751649815,1.347881016918791,2.217030128414706,3.996205389204192,1.5040366544731683,1
0.1,472,56.75491255976919,56.79519292497049,13,0.0006324751163874115,13,1.272298460563725,0.5068768002257116,1.985291934505291,1.31257882576503,0.46659643502442805,2.025572299706596,1
0.1,473,55.82839807177897,55.71295150264397,16,0.0006201673545747459,16,0.345783972573507,1.4333912882159439,1.058777446515073,0.2303374034385044,1.548837857350975,0.9433308773800704,1
0.1,474,53.690755718143876,53.39245276595224,13,0.0006175151193407695,13,1.7918583810616155,3.571033641851045,1.0788649071200211,2.0901613332532065,3.869336594042693,1.377167859311669,1
0.1,475,55.9253378717603,55.66350432871429,13,0.000617542962221483,14,0.4427237725548352,1.3364514882346157,1.1557172464964012,0.18089022950882594,1.598285031280625,0.8938837034503919,1
0.1,476,60.90271787717039,60.25963792968038,12,0.0006175290407811262,13,5.4201037779649255,3.6409285171754675,6.1330972519064915,4.777023830474917,2.997848569685459,5.490017304416483,1
0.1,477,59.692045779117414,59.3085530917752,10,0.0006124862874160864,11,4.209431679911951,2.430256419122493,4.922425153853517,3.825938992569739,2.046763731780281,4.538932466511305,1
0.1,478,50.67352342065667,50.516022395639325,11,0.0006074523721789413,11,4.809090678548785,6.588265939338271,4.096097204607247,4.96659170356611,6.745766964355596,4.253598229624572,1
0.1,479,53.76265316368456,53.72521199113128,15,0.0006200730719545821,15,1.7199609355209304,3.49913619631036,1.006967461579336,1.7574021080741886,3.536577368863618,1.0444086341325942,1
0.1,480,62.38718386487563,62.2565936159655,14,0.0006172844143301334,14,6.904569765670168,5.12539450488071,7.617563239611734,6.773979516760036,4.994804255970578,7.486972990701602,1
0.1,481,53.35968328246299,53.23273566267012,14,0.0006303452888685415,14,2.122930816742496,3.9021060775319256,1.4099373428009017,2.2498784365353686,4.029053697324798,1.5368849625937742,1
0.1,482,52.76362756183794,52.839202677002966,14,0.0006153285624435378,14,2.7189865373675275,4.498161798156957,2.005993063425933,2.6434114222025187,4.422586682991948,1.9304179482609243,1
0.1,483,55.06115044124394,55.01665347247255,15,0.0006165302547564936,15,0.4214636579615103,2.2006389187509967,0.29152981598004146,0.46596062673290817,2.2451358875223946,0.2470328472086507,1
0.1,484,51.999471178642345,51.73087753941993,14,0.0006180324829170844,14,3.4831429205631252,5.262318181352555,2.770149446621531,3.7517365597855132,5.530911820575,3.0387430858439757,1
0.1,485,55.06115044124394,55.01665347247255,15,0.0006165302547564936,15,0.4214636579615103,2.2006389187509967,0.29152981598004146,0.46596062673290817,2.2451358875223946,0.2470328472086507,1
0.1,486,55.82839807177897,55.71295150264397,16,0.0006201673545747459,16,0.345783972573507,1.4333912882159439,1.058777446515073,0.2303374034385044,1.548837857350975,0.9433308773800704,1
0.1,487,55.82839807177897,55.71295150264397,16,0.0006201673545747459,16,0.345783972573507,1.4333912882159439,1.058777446515073,0.2303374034385044,1.548837857350975,0.9433308773800704,1
0.1,488,55.82839807177897,55.71295150264397,16,0.0006201673545747459,16,0.345783972573507,1.4333912882159439,1.058777446515073,0.2303374034385044,1.548837857350975,0.9433308773800704,1
0.1,489,58.17358913202406,58.38750318769847,14,0.000616673145430371,14,2.6909750328185993,0.9117997720291413,3.4039685067601653,2.9048890884930074,1.1257138277035494,3.6178825624345734,1
0.1,490,58.556886003161445,58.17081189889842,15,0.000617542962221483,15,3.0742719039559816,1.2950966431665236,3.7872653778975476,2.688197799692958,0.9090225389034998,3.401191273634524,1
0.1,491,53.569305276627,53.321972629753255,15,0.0006202616371949098,15,1.9133088225784718,3.6924840833679013,1.2003153486368774,2.16064146945223,3.9398167302416596,1.4476479955106356,1
0.1,492,55.929117446953256,55.83140943824946,15,0.0006202510167495209,15,0.4465033477477931,1.332671913041679,1.159496821689359,0.3487953390439955,1.4303799217454412,1.0617888129855615,1
0.1,493,53.38849431383428,53.228949049718594,14,0.0006152601470344396,14,2.094119785371163,3.8732950461606492,1.3811263114296253,2.2536650494868695,4.032840310276356,1.5406715755452751,1
0.1,494,64.13709705805984,64.04153763403856,13,0.000617542962221483,14,8.654482958854373,6.8753076980649155,9.36747643279594,8.558923534833099,6.779748274043641,9.271917008774665,1
0.1,495,55.82839807177897,55.71295150264397,16,0.0006201673545747459,16,0.345783972573507,1.4333912882159439,1.058777446515073,0.2303374034385044,1.548837857350975,0.9433308773800704,1
0.1,496,55.12040954275383,55.257677110817994,13,0.0006165302547564936,14,0.36220455645161564,2.141379817241102,0.3507889174899361,0.22493698838746923,2.0041122491769556,0.48805648555409675,1
0.1,497,48.91039902276523,48.716491909867244,13,0.0006202616371949098,14,6.572215076440216,8.351390337229702,5.859221602498678,6.766122189338205,8.545297450127691,6.053128715396667,1
0.1,498,54.136385270229646,54.386292456803254,14,0.0006186437518168467,14,1.3462288289758249,3.1254040897652544,0.6332353550342305,1.096321642402188,2.8754969031916744,0.38332816846065043,1
0.1,499,55.82839807177897,55.71295150264397,16,0.0006201673545747459,16,0.345783972573507,1.4333912882159439,1.058777446515073,0.2303374034385044,1.548837857350975,0.9433308773800704,1
0.2,0,53.76265316368456,53.72521199113128,15,0.0006200730719545821,15,1.7199609355209304,3.49913619631036,1.006967461579336,1.7574021080741886,3.536577368863618,1.0444086341325942,1
0.2,1,56.764375088845156,56.94931491719511,13,0.0006206640435783047,13,1.281760989639693,0.4974142711497507,1.994754463581259,1.466700817989647,0.3124744427998394,2.179694291931213,1
0.2,2,63.863977384074886,63.75461643501042,12,0.0006177745818794862,13,8.381363284869423,6.602188024079965,9.094356758810989,8.272002335804956,6.492827075015498,8.984995809746522,1
0.2,3,53.846544392387784,53.64197342126307,9,0.0006175429622214836,11,1.6360697068176933,3.415244967607123,0.9230762328760989,1.8406406779424174,3.619815938731847,1.127647204000823,1
0.2,4,54.367867162571756,54.24506557693654,15,0.000615803328639259,15,1.1147469366337077,2.893922197423194,0.4017534626921133,1.2375485222689235,3.01672378305841,0.5245550483273291,1
0.2,5,58.98051748863137,58.96403314659352,15,0.000622529820011524,15,3.4979033894259075,1.7187281286364495,4.2108968633674735,3.4814190473880586,1.7022437865986006,4.194412521329625,1
0.2,6,42.548065198875996,42.18434674969104,10,0.000622049674176991,12,12.934548900329446,14.713724161118932,12.221555426387908,13.298267349514447,15.077442610303876,12.585273875572852,1
0.2,7,53.76265316368456,53.72521199113128,15,0.0006200730719545821,15,1.7199609355209304,3.49913619631036,1.006967461579336,1.7574021080741886,3.536577368863618,1.0444086341325942,1
0.2,8,57.27803597878115,57.09292374669869,15,0.000617542962221483,15,1.7954218795756844,0.016246618786226463,2.5084153535172504,1.6103096474932244,0.16886561329624783,2.3233031214347903,1
0.2,9,63.40151722627683,63.942873765255456,13,0.0006218688100370348,14,7.918903127071367,6.139727866281909,8.631896601012933,8.460259666049993,6.681084405260535,9.173253139991559,1
0.2,10,65.52443867356335,65.43950349769992,10,0.000622520968756709,10,10.04182457435789,8.262649313568431,10.754818048299455,9.956889398494454,8.177714137704996,10.66988287243602,1
0.2,11,52.927141342032506,52.73847569287817,12,0.0006239881961135278,12,2.555472757172936,4.334648017962422,1.8424792832313983,2.744138406327295,4.523313667116781,2.0311449323857005,1
0.2,12,56.13897275066375,55.726289860652564,14,0.0006166147185398193,14,0.6563586514582838,1.122816609331153,1.3693521253998497,0.24367576144710057,1.535499499342336,0.9566692353886666,1
0.2,13,53.58800010406853,53.336294256187784,14,0.0006253249506134876,14,1.8946139951369219,3.6737892559264083,1.1816205211953843,2.146319843017693,3.9254951038071226,1.4333263690760987,1
0.2,14,51.34507063197071,50.87236150053009,13,0.0006202616371949098,13,4.137543467234764,5.916718728024193,3.4245499932931693,4.610252598675402,6.389427859464831,3.8972591247338073,1
0.2,15,55.929117446953256,55.83140943824946,15,0.0006202510167495209,15,0.4465033477477931,1.332671913041679,1.159496821689359,0.3487953390439955,1.4303799217454412,1.0617888129855615,1
0.2,16,56.33324525084136,56.378871192771356,14,0.000624068150315686,14,0.8506311516358949,0.9285441091535631,1.5636246255774608,0.8962570935658931,0.8829181672235791,1.609250567507459,1
0.2,17,66.06898440790627,65.75075270702155,12,0.000610237457254333,12,10.586370308700808,8.80719504791135,11.299363782642374,10.268138607816084,8.488963347026626,10.98113208175765,1
0.2,18,64.41835525031395,64.94594504547834,12,0.000621302503414003,13,8.935741151108488,7.15656589031903,9.648734625050054,9.463330946272876,7.684155685483418,10.176324420214442,1
0.2,19,56.10529959471526,55.95284572043359,15,0.0006202616371949098,15,0.6226854955097991,1.156489765279673,1.335678969451365,0.47023162122812323,1.3089436395613347,1.1832250951696892,1
0.2,20,55.327768760105975,55.479260262398,11,0.0006155285724509442,11,0.15484533909949505,1.9340205998889246,0.558148134842078,0.0033538368074914615,1.782529097596921,0.7096396371341029,1
0.2,21,54.86475374936506,55.246876304699526,10,0.0006382626514348312,10,0.6178603498403845,2.397035610629871,0.09513312410116015,0.23573779450595111,2.0149130552953807,0.4772556794356291,1
0.2,22,52.939756948886604,52.74777454683599,14,0.0006172844143301334,14,2.5428571503188664,4.322032411108296,1.829863676377272,2.734839552369465,4.514014813158951,2.0218460784279273,1
0.2,23,53.569305276627,53.321972629753255,15,0.0006202616371949098,15,1.9133088225784718,3.6924840833679013,1.2003153486368774,2.16064146945223,3.9398167302416596,1.4476479955106356,1
0.2,24,49.72877664989325,49.2094959215836,13,0.0006202616371949098,14,5.753837449312186,7.533012710101673,5.040843975370649,6.273118177621882,8.052293438411311,5.560124703680287,1
0.2,25,61.96991281788858,61.33345303130304,11,0.0006213642698735413,12,6.487298718683114,4.708123457893656,7.20029219262468,5.850838932097574,4.071663671308116,6.56383240603914,1
0.2,26,59.16230779880765,54.22449682336908,11,0.0006175429622214837,12,3.67969369960219,1.9005184388127319,4.392687173543756,1.2581172758364119,3.0372925366258414,0.5451238018948175,1
0.2,27,56.3204221997142,56.097031665981795,13,0.0006303988844774543,13,0.8378081005087381,0.9413671602807199,1.550801574450304,0.6144175667763321,1.164757694013133,1.327411040717898,1
0.2,28,49.164682710882644,49.28533338925085,11,0.0006119306153608673,12,6.3179313883227906,8.097106649112277,5.604937914381253,6.197280709954612,7.976455970744041,5.484287236013074,1
0.2,29,62.79176020343643,62.96141816632339,10,0.0006334409952506418,11,7.309146104230969,5.529970843441511,8.022139578172535,7.4788040671179274,5.6996288063284695,8.191797541059493,1
0.2,30,55.663382210487036,56.10069667602636,10,0.0006137637751719501,11,0.18076811128157289,1.5984071495078638,0.8937615852231389,0.6180825768208962,1.1610926839685476,1.3310760507624622,1
0.2,31,56.64629452506729,56.597021457816716,14,0.0006250302209701896,14,1.163680425861827,0.615494834927631,1.876673899803393,1.1144073586112526,0.6647679021781983,1.8274008325528186,1
0.2,32,54.38208801738654,54.21659878104815,10,0.0006405926743626065,11,1.1005260818189413,2.879701342608371,0.3875326078773469,1.266015318157315,3.0451905789467446,0.5530218442157775,1
0.2,33,48.81180225252712,48.465230875413155,11,0.0006324073613345449,12,6.670811846678362,8.449987107467791,5.957818372736767,7.017383223792308,8.796558484581738,6.30438974985077,1
0.2,34,49.057174589063095,49.0250949492415,9,0.0006283952052724782,9,6.4254395101423825,8.204614770931812,5.712446036200788,6.457519149963957,8.236694410753444,5.74452567602242,1
0.2,35,57.42761519530172,57.319349218585344,13,0.0006175151193407695,14,1.9450010960962558,0.16582583530679784,2.657994570037822,1.836735119379881,0.05755985859042312,2.549728593321447,1
0.2,36,54.30900782720064,54.370187677861104,12,0.0006057557517066461,12,1.173606272004804,2.9527815327942903,0.4606127980632664,1.1124264213443666,2.891601682133796,0.39943294740277224,1
0.2,37,61.15368001786948,61.746002005264394,12,0.0006185931107462988,12,5.67106591866402,3.891890657874562,6.384059392605586,6.263387906058931,4.484212645269473,6.976381380000497,1
0.2,38,57.602650606180134,57.48603464024211,14,0.0006138883510515985,14,2.120036506974671,0.34086124618521296,2.833029980916237,2.003420541036647,0.22424528024718882,2.7164140149782128,1
0.2,39,63.19403805187863,62.815513542252404,11,0.0006103907821845273,12,7.711423952673165,5.932248691883707,8.424417426614731,7.332899443046941,5.553724182257483,8.045892916988507,1
0.2,40,53.92085711263541,53.34459587454506,12,0.0006268648524405028,12,1.5617569865700602,3.34093224735949,0.8487635126284658,2.1380182246604136,3.917193485449843,1.4250247507188192,1
0.2,41,60.32737260835643,60.71186748602467,5,0.0006467941587101278,9,4.844758509150964,3.0655832483615058,5.55775198309253,5.2292533868192095,3.4500781260297515,5.9422468607607755,1
0.2,42,61.50502176748275,62.170322731518404,12,0.0006324805109538003,13,6.022407668277289,4.243232407487831,6.735401142218855,6.68770863231294,4.9085333715234825,7.400702106254506,1
0.2,43,56.977086367184235,56.89342871458937,13,0.0006303988844774543,13,1.4944722679787716,0.28470299281070766,2.2074657419203376,1.4108146153839058,0.36836064540557345,2.123808089325472,1
0.2,44,62.88186503769941,63.538688982910855,12,0.000619434705821066,12,7.3992509384939495,5.620075677704492,8.112244412435516,8.056074883705392,6.276899622915934,8.769068357646958,1
0.2,45,55.82839807177897,55.71295150264397,16,0.0006201673545747459,16,0.345783972573507,1.4333912882159439,1.058777446515073,0.2303374034385044,1.548837857350975,0.9433308773800704,1
0.2,46,57.76469220578588,57.94815444814209,13,0.0006303988844774543,13,2.282078106580414,0.5029028457909561,2.99507158052198,2.465540348936628,0.6863650881471699,3.178533822878194,1
0.2,47,58.592846110387526,58.33985228487485,12,0.000619434705821066,13,3.110232011182063,1.3310567503926052,3.823225485123629,2.857238185669388,1.07806292487993,3.570231659610954,1
0.2,48,61.002621252107424,61.114316631122755,8,0.0006476659065157205,9,5.520007152901961,3.740831892112503,6.233000626843527,5.631702531917291,3.8525272711278333,6.344696005858857,1
0.2,49,56.10529959471526,55.95284572043359,15,0.0006202616371949098,15,0.6226854955097991,1.156489765279673,1.335678969451365,0.47023162122812323,1.3089436395613347,1.1832250951696892,1
0.2,50,62.01169737789314,62.51594733560364,10,0.0006177832994659372,10,6.529083278687679,4.749908017898221,7.242076752629245,7.033333236398178,5.25415797560872,7.746326710339744,1
0.2,51,45.41379916221421,45.09333222080054,10,0.0006235797220329504,10,10.06881493699126,11.847990197780689,9.355821463049665,10.389281878404915,12.168457139194402,9.676288404463378,1
0.2,52,60.76804248537493,61.01144213543341,13,0.0006213264494206488,13,5.285428386169464,3.506253125380006,5.99842186011103,5.528828036227949,3.7496527754384914,6.241821510169515,1
0.2,53,54.034469529813705,53.94694652272541,14,0.000617695829717499,14,1.4481445693917294,3.227319830181216,0.7351510954501919,1.535667576480023,3.3148428372695093,0.8226741025384854,1
0.2,54,54.968750498798606,54.77689437794995,12,0.0006153285624435378,13,0.5138636004068644,2.293038861196294,0.19912987353470868,0.7057197212554911,2.4848949820449775,0.0072737526860535695,1
0.2,55,54.986545688546926,54.845456446644434,15,0.0006200730719545821,15,0.4960684106585518,2.2752436714479813,0.2169250632830284,0.6371576525610294,2.416332913350516,0.07583582138053657,1
0.2,56,59.295963089181335,59.15583795611622,10,0.0006129797046291747,11,3.8133489899758715,2.0341737291864135,4.526342463917437,3.6732238569107594,1.8940485961213014,4.386217330852325,1
0.2,57,51.65991034108815,51.41161553379795,13,0.0006251758167473479,13,3.8227037581173136,5.601879018906743,3.109710284175776,4.070998565407535,5.850173826196965,3.358005091465941,1
0.2,58,55.883370974700895,56.10023513254773,12,0.0006197343893787158,13,0.40075687549543204,1.378418385294026,1.113750349436998,0.6176210333422674,1.1615542274471977,1.3306145072838333,1
0.2,59,55.19893714788225,55.07877311794765,14,0.0006156659505451017,14,0.2836769513232298,2.0628522121126593,0.4293165226183504,0.4038409812578152,2.1830162420473016,0.3091524926837508,1
0.2,60,55.316206255804055,55.17477723910299,13,0.0006293927365543597,13,0.16640784340143,1.9455831041908596,0.5465856305401573,0.30783686010249767,2.0870121208919272,0.40515661383908963,1
0.2,61,53.08725423818605,52.67956699648318,12,0.0006247317017885229,13,2.395359861019415,4.1745351218088445,1.6823663870778773,2.803047102722303,4.5822223635117325,2.0900536287807086,1
0.2,62,51.8344757398022,51.34128456120427,13,0.0006202616371949098,13,3.6481383594032764,5.427313620192706,2.935144885461682,4.141329538001173,5.92050479879066,3.4283360640596356,1
0.2,63,51.908378265243556,51.78511289122842,13,0.0006175429622214836,14,3.574235833961893,5.3534110947513796,2.8612423600203556,3.697501207977041,5.476676468766527,2.9845077340354464,1
0.2,64,55.35868291250528,55.16030791755572,15,0.0006200730719545821,15,0.12393118670019021,1.9031064474896198,0.5890622872413829,0.32230618164976477,2.1014814424391943,0.39068729229182253,1
0.2,65,53.00428691701921,53.01705851843077,10,0.0006273389645585958,11,2.4783271821862627,4.257502442975692,1.7653337082446683,2.4655555807746623,4.244730841564149,1.7525621068331247,1
0.2,66,52.12526855603671,51.6089394129871,11,0.0006169882871896343,12,3.357345543168776,5.136520803958206,2.644352069227182,3.873674686218351,5.652849947007837,3.1606812122768133,1
0.2,67,56.13897275066375,55.726289860652564,14,0.0006166147185398193,14,0.6563586514582838,1.122816609331153,1.3693521253998497,0.24367576144710057,1.535499499342336,0.9566692353886666,1
0.2,68,56.55352040842938,56.81492605511075,15,0.000617542962221483,15,1.0709063092239148,0.7082689515655147,1.7838997831654808,1.3323119559052898,0.44686330488417525,2.045305429846856,1
0.2,69,55.784676178593514,50.64356578879413,10,0.0005985928037831721,11,0.3020620793880511,1.4771131814014211,1.015055553329617,4.839048310411329,6.618223571200815,4.126054836469791,1
0.2,70,61.322531757420975,61.623858553108775,13,0.0006213264494206488,13,5.839917658215512,4.060742397426054,6.552911132157078,6.141244453903312,4.362069193113854,6.854237927844878,1
0.2,71,53.26826274092644,53.17290914686208,11,0.0006283952052724782,12,2.214351358279032,3.9935266190684615,1.5013578843374376,2.3097049523433952,4.088880213132825,1.5967114784018008,1
0.2,72,59.415910577276605,59.905314079346084,12,0.0006101225230386509,12,3.933296478071142,2.154121217281684,4.646289952012708,4.422699980140621,2.643524719351163,5.135693454082187,1
0.2,73,54.812054566167426,55.140629975912,13,0.0006187237054918876,13,0.6705595330380447,2.4497347938274743,0.04243394090352837,0.3419841232934573,2.1211593840829437,0.3710093506481016,1
0.2,74,55.303236462452595,55.61866520044979,13,0.0006219258165359481,13,0.17937763675286078,1.9585528975423472,0.5336158371886981,0.13605110124432684,1.6431241595451525,0.8490445751858928,1
0.2,75,53.34181241801831,52.91090177270524,11,0.0006019690194125135,12,2.140801681187156,3.9199769419766426,1.4278082072455618,2.571712326500233,4.350887587289662,1.8587188525586384,1
0.2,76,60.75342872937595,60.73146901342229,12,0.0006246467713390338,13,5.270814630170484,3.4916393693810264,5.98380810411205,5.248854914216828,3.46967965342737,5.961848388158394,1
0.2,77,50.26167515429121,50.20325405108103,14,0.000618549469196683,14,5.220938944914224,7.00011420570371,4.507945470972686,5.279360048124431,7.058535308913861,4.566366574182894,1
0.2,78,54.15291874564663,54.29675798891633,14,0.0006186437518168467,14,1.3296953535588045,3.108870614348291,0.616701879617267,1.1858561102891372,2.9650313710785667,0.4728626363475428,1
0.2,79,55.55107634218233,55.765842921979626,12,0.0006271193956357697,12,0.06846224297686376,1.7107130178126226,0.7814557169184297,0.28322882277416284,1.4959464380152667,0.9962222967157288,1
0.2,80,56.88364821176856,56.657787167352154,13,0.0006192177608776889,14,1.4010341125630958,0.3781411482263479,2.114027586504662,1.175173068146691,0.6040021926427812,1.888166542088257,1
0.2,81,51.59759120161617,51.37628879559828,12,0.0006254843106552012,12,3.8850228975892946,5.664198158378781,3.1720294236477002,4.106325303607207,5.8855005643966365,3.3933318296656125,1
0.2,82,57.54109241328265,56.60138587982125,9,0.0006141572901030419,9,2.0584783140771847,0.27930305328772675,2.7714717880187507,1.1187717806157877,0.6604034801736702,1.8317652545573537,1
0.2,83,51.60708500522381,51.465694199194225,11,0.000617542962221483,12,3.8755290939816405,5.654704354771127,3.162535620040103,4.01691990001126,5.796095160800689,3.3039264260696655,1
0.2,84,50.26167515429121,50.20325405108103,14,0.000618549469196683,14,5.220938944914224,7.00011420570371,4.507945470972686,5.279360048124431,7.058535308913861,4.566366574182894,1
0.2,85,64.41835525031395,64.94594504547834,12,0.000621302503414003,13,8.935741151108488,7.15656589031903,9.648734625050054,9.463330946272876,7.684155685483418,10.176324420214442,1
0.2,86,53.76265316368456,53.72521199113128,15,0.0006200730719545821,15,1.7199609355209304,3.49913619631036,1.006967461579336,1.7574021080741886,3.536577368863618,1.0444086341325942,1
0.2,87,65.75658677280627,72.106450942773,10,0.0006034881454767421,11,10.27397267360081,8.494797412811351,10.986966147542375,16.62383684356753,14.844661582778073,17.336830317509097,1
0.2,88,58.061492331268596,58.16867949093907,14,0.0006196935328053961,14,2.5788782320631327,0.7997029712736747,3.2918717060046987,2.6860653917336066,0.9068901309441486,3.3990588656751726,1
0.2,89,58.335761419130876,58.208528553059566,13,0.0006345202646653394,13,2.8531473199254123,1.0739720591359543,3.5661407938669782,2.7259144538541022,0.9467391930646443,3.4389079277956682,1
0.2,90,51.88334730805742,51.74254530494474,12,0.0006189022997081967,13,3.599266791148068,5.378442051937498,2.8862733172064736,3.740068794260708,5.519244055050194,3.0270753203191703,1
0.2,91,57.127461893619234,57.010698329031534,15,0.0006213264494206488,15,1.6448477944137707,0.13432746637568016,2.3578412683553367,1.5280842298260708,0.25109103096338004,2.241077703767637,1
0.2,92,52.576260304696525,52.41428587132414,13,0.0006158718492025214,13,2.9063537945089593,4.685529055298389,2.193360320567365,3.068328227881352,4.847503488670782,2.3553347539397578,1
0.2,93,53.113493229211244,53.03731152767022,15,0.0006200730719545821,15,2.3691208699942194,4.148296130783706,1.656127396052625,2.445302571535251,4.2244778323246805,1.7323090975936566,1
0.2,94,52.402315146631416,52.048689473101156,12,0.000622049674176991,12,3.080298952574026,4.859474213363512,2.3673054786324883,3.4339246261043286,5.213099886893758,2.720931152162734,1
0.2,95,55.82839807177897,55.71295150264397,16,0.0006201673545747459,16,0.345783972573507,1.4333912882159439,1.058777446515073,0.2303374034385044,1.548837857350975,0.9433308773800704,1
0.2,96,55.81649933855535,55.499843758095885,14,0.000617121072272314,14,0.3338852393498897,1.4452900214395754,1.0468787132914557,0.017229658890421717,1.761945601899015,0.7302231328319877,1
0.2,97,55.06115044124394,55.01665347247255,15,0.0006165302547564936,15,0.4214636579615103,2.2006389187509967,0.29152981598004146,0.46596062673290817,2.2451358875223946,0.2470328472086507,1
0.2,98,53.266606515022474,53.156252663526374,12,0.0006152601470344396,13,2.2160075841829894,3.995182844972419,1.5030141102414518,2.3263614356790754,4.105536696468562,1.6133679617375378,1
0.2,99,55.35868291250528,55.16030791755572,15,0.0006200730719545821,15,0.12393118670019021,1.9031064474896198,0.5890622872413829,0.32230618164976477,2.1014814424391943,0.39068729229182253,1
0.2,100,47.03891698713116,47.36566908495715,9,0.000615803328639259,11,8.44369711207429,10.222872372863776,7.730703638132752,8.116945014248302,9.896120275037788,7.403951540306764,1
0.2,101,60.046013623933845,59.535239842244636,14,0.000619434705821066,14,4.563399524728382,2.784224263938924,5.276392998669948,4.052625743039172,2.2734504822497144,4.765619216980738,1
0.2,102,53.55207463972703,53.68202607144812,13,0.0006202616371949098,13,1.9305394594784389,3.7097147202678684,1.2175459855368445,1.8005880277573283,3.5797632885468147,1.0875945538157907,1
0.2,103,54.986545688546926,54.845456446644434,15,0.0006200730719545821,15,0.4960684106585518,2.2752436714479813,0.2169250632830284,0.6371576525610294,2.416332913350516,0.07583582138053657,1
0.2,104,56.721831599034964,56.52568261717371,14,0.0006215976297288418,14,1.2392174998295005,0.5399577609599646,1.9522109737710664,1.0430685179682442,0.7361067428212209,1.7560619919098102,1
0.2,105,54.986545688546926,54.845456446644434,15,0.0006200730719545821,15,0.4960684106585518,2.2752436714479813,0.2169250632830284,0.6371576525610294,2.416332913350516,0.07583582138053657,1
0.2,106,51.65976123285393,51.43182931980434,13,0.0006369847164798147,13,3.822852866351525,5.602028127141011,3.1098593924099873,4.050784779401113,5.829960040190599,3.337791305459575,1
0.2,107,62.38718386487563,62.2565936159655,14,0.0006172844143301334,14,6.904569765670168,5.12539450488071,7.617563239611734,6.773979516760036,4.994804255970578,7.486972990701602,1
0.2,108,62.48082907027965,66.47201590410432,7,0.0006065865097007359,9,6.998214971074184,5.219039710284726,7.71120844501575,10.989401804898861,9.210226544109403,11.702395278840427,1
0.2,109,49.898531333853434,48.05538860771885,12,0.0006180324829170844,13,5.584082765352036,7.363258026141466,4.871089291410442,7.427225491486638,9.206400752276068,6.714232017545044,1
0.2,110,57.51847233757242,56.99593487053995,13,0.0006155809183723672,13,2.0358582383669557,0.2566829775774977,2.7488517123085217,1.5133207713344845,0.26585448945496637,2.2263142452760505,1
0.2,111,56.412034043043874,56.26564517258342,11,0.0006158033286392584,12,0.9294199438384112,0.8497553169510184,1.6424134177799772,0.7830310733779555,0.9961441874115167,1.4960245473195215,1
0.2,112,59.24346972425012,59.2986334676332,14,0.0006207887330850848,14,3.7608556250446554,1.9816803642551974,4.473849098986221,3.816019368427739,2.036844107638281,4.529012842369305,1
0.2,113,57.006629825879486,56.69372501373885,13,0.000617542962221483,13,1.5240157266740226,0.25515953411542114,2.2370092006155886,1.2111109145333856,0.5680643462560511,1.9241043884749516,1
0.2,114,46.432774290506515,45.97949740133431,10,0.0006244914401951834,12,9.049839808698948,10.829015069488378,8.33684633475741,9.503116697871178,11.282291958660608,8.790123223929584,1
0.2,115,52.76694699349567,52.758909665071954,13,0.000615803328639259,13,2.7156671057097697,4.494842366499256,2.002673631768232,2.7237044341335377,4.502879694922967,2.0107109601919433,1
0.2,116,52.28186604704575,52.12235164166532,14,0.0006179382002969205,14,3.2007480521597245,4.979923312949154,2.48775457821813,3.360262457540159,5.139437718329589,2.6472689835985648,1
0.2,117,50.47998822015905,50.392560177227175,12,0.0006074772884644402,12,5.002625879046434,6.7818011398358635,4.28963240510484,5.090053921978267,6.869229182767754,4.37706044803673,1
0.2,118,59.24346972425012,59.2986334676332,14,0.0006207887330850848,14,3.7608556250446554,1.9816803642551974,4.473849098986221,3.816019368427739,2.036844107638281,4.529012842369305,1
0.2,119,57.53078376288504,57.58826152194948,11,0.0006324751163874115,11,2.048169663679573,0.2689944028901152,2.761163137621139,2.1056474227440134,0.3264721619545554,2.8186408966855794,1
0.2,120,57.23149409210834,57.32955354088774,11,0.000625606480619848,12,1.7488799929028787,0.03029526788657222,2.4618734668444446,1.8469394416822738,0.06776418089281577,2.5599329156238397,1
0.2,121,53.014680318775824,53.037638319344055,14,0.0006111606987726971,14,2.4679337804296324,4.247109041219119,1.7549403064880948,2.4449757798614087,4.224151040650895,1.7319823059198143,1
0.2,122,58.96577142429143,58.904779398867475,13,0.000627530621928855,13,3.483157325085969,1.7039820642965111,4.196150799027535,3.422165299662012,1.6429900388725542,4.135158773603578,1
0.2,123,62.98716132564927,62.54037888241764,12,0.0006158501261622625,13,7.504547226443805,5.725371965654347,8.21754070038537,7.057764783212178,5.27858952242272,7.770758257153744,1
0.2,124,55.99844631693203,55.652463567184235,12,0.0006149045558348594,12,0.5158322177265688,1.2633430430628891,1.2288256916681348,0.16984946797877143,1.6093257928106937,0.8828429419203374,1
0.2,125,54.367867162571756,54.24506557693654,15,0.000615803328639259,15,1.1147469366337077,2.893922197423194,0.4017534626921133,1.2375485222689235,3.01672378305841,0.5245550483273291,1
0.2,126,62.300666623824036,62.32447907974496,13,0.0006200527020512376,13,6.818052524618572,5.038877263829114,7.531045998560138,6.841864980539498,5.06268971975004,7.554858454481064,1
0.2,127,57.421405967210404,57.56043964204192,12,0.0006308813498986997,13,1.938791868004941,0.159616607215483,2.651785341946507,2.0778255428364574,0.2986502820469994,2.7908190167780234,1
0.2,128,53.605708150220295,53.81897780845001,12,0.0006269984800347909,12,1.8769059489851543,3.6560812097746407,1.1639124750436167,1.6636362907554485,3.442811551544935,0.9506428168139109,1
0.2,129,56.582886548390654,56.57824269964765,13,0.0006220520225768633,13,1.1002724491851907,0.6789028116042459,1.8132659231267567,1.0956286004421898,0.6835466603472469,1.8086220743837558,1
0.2,130,56.18431911217026,56.30474945053987,12,0.0006201978999230127,12,0.7017050129647942,1.0774702478246354,1.4146984869063601,0.8221353513344098,0.9570399094550339,1.5351288252759758,1
0.2,131,54.76518574141345,54.5560495816878,14,0.0006156921235058131,14,0.7174283577920164,2.496603618581503,0.004434883850422011,0.9265645175176473,2.7057397783071337,0.2135710435761098,1
0.2,132,55.56757279891587,55.10211283960378,8,0.0006410269553818592,10,0.08495869971040548,1.6942165610790312,0.7979521736519715,0.380501259601715,2.1596765203911445,0.3324922143398794,1
0.2,133,50.46225996034246,50.540259360527806,11,0.0006180606161901434,11,5.020354138863013,6.799529399652442,4.3073606649214184,4.942354738677636,6.721529999467123,4.229361264736099,1
0.2,134,51.24586679412048,51.40025891227995,10,0.0006184297378898623,10,4.236747305084975,6.015922565874462,3.5237538311434378,4.082355186925497,5.861530447714983,3.3693617129839595,1
0.2,135,53.35921301249287,53.191744434133014,12,0.000616673145430371,13,2.1234010867125903,3.9025763475020767,1.410407612770996,2.290869665072478,4.070044925861907,1.5778761911308834,1
0.2,136,53.748418809311715,53.47522509755196,13,0.0006202616371949098,13,1.734195289893762,3.5133705506831916,1.0212018159521676,2.0073890016535074,3.786564262442937,1.294395527711913,1
0.2,137,51.996132992043336,51.89603502666866,14,0.0006201673545747459,14,3.486481107162149,5.265656367951578,2.7734876332205545,3.5865790725367788,5.365754333326265,2.873585598595241,1
0.2,138,57.77866817010116,57.44029401154271,12,0.0006153603895255834,12,2.2960540708957,0.5168788101062418,3.0090475448372658,1.9576799123372481,0.17850465154779016,2.670673386278814,1
0.2,139,63.40151722627683,63.942873765255456,13,0.0006218688100370348,14,7.918903127071367,6.139727866281909,8.631896601012933,8.460259666049993,6.681084405260535,9.173253139991559,1
0.2,140,50.759541052462325,50.74440549506387,14,0.0006211568298858866,14,4.7230730467431385,6.502248307532568,4.010079572801601,4.738208604141619,6.517383864931048,4.025215130200024,1
0.2,141,56.78072327786016,56.646009049532516,14,0.0006335318825541823,14,1.2981091786546983,0.48106608213475965,2.0111026525962643,1.1633949503270529,0.6157803104624122,1.8763884242686188,1
0.2,142,58.15443780688873,57.52946381388674,11,0.0006175151193407695,12,2.6718237076832665,0.8926484468938085,3.3848171816248325,2.0468497146812794,0.26767445389182143,2.7598431886228454,1
0.2,143,50.363796698312775,50.385669092386415,9,0.0006302744993607882,10,5.118817400892681,6.897992661682167,4.405823926951143,5.096945006819055,6.876120267608485,4.383951532877461,1
0.2,144,58.556886003161445,58.17081189889842,15,0.000617542962221483,15,3.0742719039559816,1.2950966431665236,3.7872653778975476,2.688197799692958,0.9090225389034998,3.401191273634524,1
0.2,145,54.986545688546926,54.845456446644434,15,0.0006200730719545821,15,0.4960684106585518,2.2752436714479813,0.2169250632830284,0.6371576525610294,2.416332913350516,0.07583582138053657,1
0.2,146,57.127461893619234,57.010698329031534,15,0.0006213264494206488,15,1.6448477944137707,0.13432746637568016,2.3578412683553367,1.5280842298260708,0.25109103096338004,2.241077703767637,1
0.2,147,57.29841021002081,57.478903487405276,12,0.0006303452888685415,12,1.8157961108153486,0.03662085002589066,2.5287895847569146,1.9962893881998127,0.21711412741035474,2.7092828621413787,1
0.2,148,61.270246949515645,61.705992658917125,12,0.0006335318825541823,13,5.787632850310182,4.008457589520724,6.500626324251748,6.223378559711662,4.444203298922204,6.936372033653228,1
0.2,149,60.03893258419449,59.96206075125442,12,0.0006258815771754977,12,4.556318484989028,2.7771432241995697,5.269311958930594,4.479446652048956,2.7002713912594984,5.192440125990522,1
0.2,150,53.28199646776574,53.0944719828532,13,0.0006198266696425498,13,2.2006176314397408,3.9797928922291703,1.4876241574981464,2.388142116352242,4.167317377141728,1.6751486424107043,1
0.2,151,57.29155407323275,57.09440859481624,12,0.0006175429622214834,13,1.8089399740272896,0.029764713237831586,2.5219334479688555,1.6117944956107735,0.1673807651786774,2.3247879695523395,1
0.2,152,53.53147329515334,53.6305276812026,13,0.0006202616371949098,14,1.9511408040521019,3.7303160648415883,1.2381473301105643,1.8520864180028411,3.6312616787923275,1.1390929440613036,1
0.2,153,57.211480576777944,56.790966180552076,14,0.0006135449822538359,14,1.7288664775724811,0.05030878321696264,2.441859951514047,1.3083520813466123,0.4708231794428457,2.0213455552881783,1
0.2,154,55.55336740070422,55.278333423453994,12,0.0006066894082731476,12,0.0707533014987547,1.7084219592907175,0.7837467754403207,0.2042806757514768,1.9834559365409064,0.5087127981900963,1
0.2,155,55.87907886322303,55.38991083453365,13,0.0006165302547564936,13,0.3964647640175656,1.3827104967718924,1.1094582379591316,0.09270326467179757,1.871878525461284,0.6202902092697542,1
0.2,156,61.50502176748275,62.170322731518404,12,0.0006324805109538003,13,6.022407668277289,4.243232407487831,6.735401142218855,6.68770863231294,4.9085333715234825,7.400702106254506,1
0.2,157,58.556886003161445,58.17081189889842,15,0.000617542962221483,15,3.0742719039559816,1.2950966431665236,3.7872653778975476,2.688197799692958,0.9090225389034998,3.401191273634524,1
0.2,158,55.82839807177897,55.71295150264397,16,0.0006201673545747459,16,0.345783972573507,1.4333912882159439,1.058777446515073,0.2303374034385044,1.548837857350975,0.9433308773800704,1
0.2,159,58.99944390057283,58.57245630056617,14,0.000619434705821066,14,3.516829801367365,1.737654540577907,4.229823275308931,3.089842201360703,1.3106669405712452,3.802835675302269,1
0.2,160,55.82839807177897,55.71295150264397,16,0.0006201673545747459,16,0.345783972573507,1.4333912882159439,1.058777446515073,0.2303374034385044,1.548837857350975,0.9433308773800704,1
0.2,161,55.366941315106715,55.02134784841491,11,0.0006218688100370348,11,0.1156727840987628,1.8948480448881924,0.5973206898428174,0.4612662507905725,2.240441511580002,0.2517272231510148,1
0.2,162,54.53977939412144,54.385185075424424,14,0.0006156500645529486,14,0.9428347050840102,2.7220099658734966,0.22984123114247268,1.0974290237810465,2.876604284570476,0.38443554983945205,1
0.2,163,52.45608536653364,52.707935222493965,12,0.0006158033286392589,12,3.0265287326718067,4.805703993461293,2.313535258730269,2.774678876711505,4.5538541375009345,2.0616854027699105,1
0.2,164,55.81649933855535,55.499843758095885,14,0.000617121072272314,14,0.3338852393498897,1.4452900214395754,1.0468787132914557,0.017229658890421717,1.761945601899015,0.7302231328319877,1
0.2,165,53.748418809311715,53.47522509755196,13,0.0006202616371949098,13,1.734195289893762,3.5133705506831916,1.0212018159521676,2.0073890016535074,3.786564262442937,1.294395527711913,1
0.2,166,63.298847016068585,62.99725723041385,11,0.000617542962221483,11,7.816232916863122,6.037057656073664,8.529226390804688,7.514643131208388,5.73546787041893,8.227636605149954,1
0.2,167,62.832103865343086,63.84184802505938,10,0.0006227550277394509,11,7.349489766137623,5.570314505348165,8.062483240079189,8.359233925853914,6.580058665064456,9.07222739979548,1
0.2,168,57.74044126647707,57.74111013130099,12,0.0006180011677478362,12,2.257827167271607,0.47865190648214906,2.970820641213173,2.258496032095529,0.479320771306071,2.971489506037095,1
0.2,169,45.80583141858041,45.69799100345304,12,0.0006186196519695777,12,9.676782680625024,11.45595794141451,8.963789206683487,9.784623095752409,11.563798356541895,9.071629621810871,1
0.2,170,57.211480576777944,56.790966180552076,14,0.0006135449822538359,14,1.7288664775724811,0.05030878321696264,2.441859951514047,1.3083520813466123,0.4708231794428457,2.0213455552881783,1
0.2,171,45.80583141858041,45.69799100345304,12,0.0006186196519695777,12,9.676782680625024,11.45595794141451,8.963789206683487,9.784623095752409,11.563798356541895,9.071629621810871,1
0.2,172,58.70427571812553,60.82110852494302,11,0.0006065865097007359,12,3.2216616189200664,1.4424863581306084,3.9346550928616324,5.338494425737558,3.5593191649481,6.051487899679124,1
0.2,173,61.627694807072636,61.599570635741266,12,0.000617121072272314,13,6.145080707867173,4.365905447077715,6.858074181808739,6.1169565365358025,4.3377812757463445,6.8299500104773685,1
0.2,174,46.25400133352439,46.016971247680694,12,0.0006152601470344396,13,9.228612765681078,11.007788026470507,8.515619291739483,9.465642851524763,11.244818112314249,8.752649377583225,1
0.2,175,54.514239367208475,54.47139734653915,11,0.0006158033286392584,12,0.9683747319969598,2.747549992786446,0.2553812580554222,1.0112167526663143,2.790392013455744,0.2982232787247767,1
0.2,176,50.281310703798376,50.047948374588486,13,0.0006202510167495209,13,5.201303395407081,6.980478656196567,4.488309921465543,5.434665724616991,7.213840985406421,4.721672250675397,1
0.2,177,53.18958014721846,53.09378888609585,14,0.0006201673545747459,14,2.293033951987013,4.072209212776443,1.5800404780454187,2.3888252131096124,4.168000473899042,1.6758317391680748,1
0.2,178,48.85052239137469,48.926862403347215,10,0.0006202148498463407,11,6.632091707830796,8.411266968620225,5.919098233889201,6.555751695858248,8.334926956647678,5.842758221916711,1
0.2,179,55.58224453669453,55.4440223812095,14,0.0006201673545747459,14,0.09963043748906841,1.6795448233003754,0.8126239114306344,0.03859171799598471,1.8177669787854143,0.6744017559456026,1
0.2,180,53.38849431383428,53.228949049718594,14,0.0006152601470344396,14,2.094119785371163,3.8732950461606492,1.3811263114296253,2.2536650494868695,4.032840310276356,1.5406715755452751,1
0.2,181,62.0735935066683,62.79381098247039,12,0.0006170366084889883,13,6.590979407462839,4.811804146673381,7.303972881404405,7.311196883264927,5.532021622475469,8.024190357206493,1
0.2,182,53.690755718143876,53.39245276595224,13,0.0006175151193407695,13,1.7918583810616155,3.571033641851045,1.0788649071200211,2.0901613332532065,3.869336594042693,1.377167859311669,1
0.2,183,60.08233416937102,59.49095390452753,12,0.0006202721051491688,13,4.59972007016556,2.820544809376102,5.312713544107126,4.008339805322066,2.2291645445326083,4.721333279263632,1
0.2,184,54.820141738386475,54.636198711499866,13,0.0006155809183723672,13,0.6624723608189811,2.4416476216084675,0.05052111312257779,0.8464153877055764,2.625590648495063,0.1334219137640389,1
0.2,185,54.43611933812788,54.31962057858304,14,0.000616673145430371,14,1.0464947610776107,2.8256700218670403,0.33350128713601634,1.1629935206224218,2.9421687814118513,0.4500000466808842,1
0.2,186,53.52236344423318,53.3387134181199,14,0.0006201673545747459,14,1.960250654972299,3.7394259157617284,1.2472571810307045,2.1439006810855403,3.9230759418750267,1.4309072071440028,1
0.2,187,59.87203872654665,59.74500845697003,12,0.0006177653105962483,13,4.389424627341185,2.6102493665517272,5.102418101282751,4.262394357764563,2.4832190969751053,4.975387831706129,1
0.2,188,55.82839807177897,55.71295150264397,16,0.0006201673545747459,16,0.345783972573507,1.4333912882159439,1.058777446515073,0.2303374034385044,1.548837857350975,0.9433308773800704,1
0.2,189,56.3204221997142,56.097031665981795,13,0.0006303988844774543,13,0.8378081005087381,0.9413671602807199,1.550801574450304,0.6144175667763321,1.164757694013133,1.327411040717898,1
0.2,190,47.78274913595128,48.119722220287684,11,0.0006202616371949098,12,7.699864963254186,9.479040224043615,6.986871489312648,7.362891878917765,9.142067139707251,6.649898404976227,1
0.2,191,54.603564767678215,54.45138039064132,14,0.0006191995323967642,14,0.8790493315272556,2.658224592316685,0.16605585758566122,1.031233708564173,2.8104089693536025,0.31824023462257855,1
0.2,192,65.0738081069085,64.70569206336567,9,0.0006303988844774543,11,9.591194007703038,7.81201874691358,10.304187481644604,9.223077964160211,7.443902703370753,9.936071438101777,1
0.2,193,60.30508826956444,60.42724818462309,12,0.0006129561683712189,12,4.82247417035898,3.043298909569522,5.535467644300546,4.944634085417626,3.1654588246281676,5.657627559359192,1
0.2,194,55.11039239700741,55.355211008674495,14,0.0006180324829170844,14,0.37222170219803274,2.151396962987519,0.3407717717435119,0.12740309053094734,1.9065783513204337,0.5855903834105973,1
0.2,195,57.118729833066595,56.45687576746666,10,0.0006094707726377974,11,1.636115733861132,0.1430595269283117,2.349109207802698,0.9742616682611995,0.8049135925282371,1.6872551422027655,1
0.2,196,53.42173960834511,53.26558397079075,15,0.0006200730719545821,15,2.0608744908603285,3.840049751649815,1.347881016918791,2.217030128414706,3.996205389204192,1.5040366544731683,1
0.2,197,56.358659045216974,56.6503074288668,14,0.0006189436429163466,14,0.8760449460115112,0.9031303147779681,1.5890384199530772,1.1676933296613399,0.6114819311281394,1.8806868036029059,1
0.2,198,60.61546700221898,60.591521856275136,14,0.0006234664650202484,14,5.132852903013514,3.3536776422240564,5.84584637695508,5.108907757069673,3.329732496280215,5.821901231011239,1
0.2,199,53.757273420145985,53.397616452487064,10,0.0006135449822538359,11,1.7253406790594568,3.504515939848943,1.0123472051179192,2.0849976467184206,3.86417290750785,1.3720041727768262,1
0.2,200,52.93622420449998,52.558527349455346,14,0.0006201673545747459,14,2.5463898947054986,4.325565155494928,1.8333964207639042,2.9240867497501313,4.703262010539561,2.211093275808537,1
0.2,201,53.59542215312535,53.113771197603704,10,0.0006237958762559416,10,1.8871919460801223,3.666367206869552,1.174198472138528,2.368842901601738,4.1480181623912245,1.6558494276602005,1
0.2,202,54.30864445805368,54.55726288423244,13,0.0006202616371949098,13,1.173969641151757,2.9531449019412435,0.4609761672102195,0.9253512149730341,2.7045264757624636,0.21235774103143967,1
0.2,203,59.40503111277064,59.461428944988306,7,0.0006577018425938732,9,3.9224170135651732,2.1432417527757153,4.635410487506739,3.9788148457828427,2.1996395849933847,4.691808319724409,1
0.2,204,55.800814906451585,55.62895050851557,14,0.0006141877509030932,14,0.31820080724612154,1.4609744535433151,1.0311942811876875,0.14633640931010916,1.6328388514793346,0.8593298832516751,1
0.2,205,51.60658901934044,51.15857021630203,9,0.0005800458451765877,10,3.8760250798650304,5.65520034065446,3.163031605923436,4.324043882903425,6.103219143692911,3.611050408961887,1
0.2,206,55.82839807177897,55.71295150264397,16,0.0006201673545747459,16,0.345783972573507,1.4333912882159439,1.058777446515073,0.2303374034385044,1.548837857350975,0.9433308773800704,1
0.2,207,56.38593690235296,57.157525473243936,9,0.0006324751163874115,10,0.9033228031474962,0.8758524576419404,1.6163162770890622,1.674911374038473,0.10426388675097087,2.387904847980039,1
0.2,208,52.48280807022175,52.33337509508869,13,0.0006158718492025214,13,2.9998060289836985,4.778981289773185,2.286812555042161,3.1492390041167937,4.928414264906223,2.4362455301751993,1
0.2,209,57.169046451884796,56.9895466345721,13,0.0006366648806309103,13,1.6864323526793328,0.09274290811015362,2.3994258266208988,1.5069325353666372,0.2722427254228137,2.219926009308203,1
0.2,210,41.64147528728644,41.94141664982247,6,0.0006292672158339074,9,13.841138811918995,15.620314072708481,13.128145337977458,13.541197449382992,15.320372710172478,12.828203975441397,1
0.2,211,53.76265316368456,53.72521199113128,15,0.0006200730719545821,15,1.7199609355209304,3.49913619631036,1.006967461579336,1.7574021080741886,3.536577368863618,1.0444086341325942,1
0.2,212,53.30286992342545,52.971404554202266,12,0.0006180324829170844,12,2.1797441757800016,3.958919436569488,1.466750701838464,2.5112095450032257,4.290384805792655,1.7982160710616313,1
0.2,213,55.11039239700741,55.355211008674495,14,0.0006180324829170844,14,0.37222170219803274,2.151396962987519,0.3407717717435119,0.12740309053094734,1.9065783513204337,0.5855903834105973,1
0.2,214,58.98051748863137,58.96403314659352,15,0.000622529820011524,15,3.4979033894259075,1.7187281286364495,4.2108968633674735,3.4814190473880586,1.7022437865986006,4.194412521329625,1
0.2,215,57.034072320907754,57.095668974228246,14,0.0006222909212941937,14,1.5514582217022905,0.22771703908716745,2.2644516956438565,1.613054875022783,0.1661203857667033,2.326048348964349,1
0.2,216,59.83905380718643,60.023043461931884,9,0.000617542962221483,11,4.356439707980968,2.57726444719151,5.069433181922534,4.540429362726421,2.761254101936963,5.253422836667987,1
0.2,217,63.514501297733595,63.491767777667256,11,0.0006213264494206488,12,8.031887198528132,6.252711937738674,8.744880672469698,8.009153678461793,6.229978417672335,8.722147152403359,1
0.2,218,46.448210735312294,45.86071467487655,11,0.0006391214900925872,12,9.034403363893148,10.813578624682634,8.32140988995161,9.621899424328944,11.401074685118374,8.90890595038735,1
0.2,219,57.972830527041985,57.8729785915723,13,0.0006213264494206488,13,2.490216427836522,0.711041167047064,3.203209901778088,2.3903644923668352,0.6111892315773773,3.103357966308401,1
0.2,220,64.06354301338298,64.27017621551502,13,0.0006218688100370348,13,8.58092891417752,6.801753653388062,9.293922388119086,8.787562116309559,7.008386855520101,9.500555590251125,1
0.2,221,51.72751421912862,51.76147765350492,12,0.0006263344992647273,13,3.755099880076841,5.534275140866271,3.0421064061353036,3.7211364457005516,5.500311706489981,3.008142971758957,1
0.2,222,54.367867162571756,54.24506557693654,15,0.000615803328639259,15,1.1147469366337077,2.893922197423194,0.4017534626921133,1.2375485222689235,3.01672378305841,0.5245550483273291,1
0.2,223,51.908378265243556,51.78511289122842,13,0.0006175429622214836,14,3.574235833961893,5.3534110947513796,2.8612423600203556,3.697501207977041,5.476676468766527,2.9845077340354464,1
0.2,224,52.579906868098384,52.385309869105754,13,0.0006282154613496715,13,2.9027072311070583,4.681882491896545,2.1897137571655207,3.0973042300997236,4.876479490889153,2.384310756158129,1
0.2,225,62.90069269424656,62.78513094966834,10,0.0006171298085174355,12,7.418078595041095,5.638903334251637,8.131072068982661,7.3025168504628795,5.5233415896734215,8.015510324404445,1
0.2,226,55.98137303945338,54.35259151320475,10,0.0006341047686372419,11,0.49875894024791734,1.2804163205415193,1.2117524141894833,1.1300225860007345,2.909197846790164,0.41702911205914006,1
0.2,227,54.986545688546926,54.845456446644434,15,0.0006200730719545821,15,0.4960684106585518,2.2752436714479813,0.2169250632830284,0.6371576525610294,2.416332913350516,0.07583582138053657,1
0.2,228,70.32437227448432,70.6889535268173,6,0.0006457192959366212,9,14.841758175278855,13.062582914489397,15.554751649220421,15.206339427611837,13.42716416682238,15.919332901553403,1
0.2,229,56.00597658632258,56.00842791841869,12,0.000619369116452212,12,0.5233624871171187,1.2558127736723463,1.2363559610586847,0.5258138192132265,1.253361441576203,1.2388072931547924,1
0.2,230,49.680583383278844,50.10726745089139,9,0.0006006806162561513,10,5.802030715926605,7.581205976716092,5.089037241985068,5.375346648314064,7.154521909103551,4.662353174372527,1
0.2,231,56.161245484551095,56.368001326714364,13,0.0006107969107779621,13,0.678631385345632,1.1005438754438046,1.391624859287198,0.8853872275089003,0.8937880332805435,1.5983807014504663,1
0.2,232,55.48684198324031,55.92117482806645,11,0.0006103837642914934,12,0.004227884034847307,1.7749473767545965,0.7172213579764133,0.43856072886098474,1.340614531928452,1.1515542028025507,1
0.2,233,64.27431277677671,64.43100125049455,11,0.0006103907821845268,12,8.791698677571247,7.012523416781789,9.504692151512813,8.948387151289083,7.169211890499625,9.661380625230649,1
0.2,234,47.49753378017037,47.85883172497122,10,0.0006139321016371399,10,7.985080319035092,9.764255579824521,7.272086845093554,7.623782374234224,9.40295763502371,6.910788900292687,1
0.2,235,58.18050586817504,58.2906771132816,12,0.0006202721051491688,12,2.6978917689695763,0.9187165081801183,3.4108852429111423,2.80806301407614,1.028887753286682,3.521056488017706,1
0.2,236,59.480971118699735,59.89090144521355,10,0.000626602084961376,11,3.9983570194942715,2.2191817587048135,4.7113504934358374,4.408287346008088,2.6291120852186296,5.121280819949654,1
0.2,237,50.277547121076616,49.92953304630247,11,0.0006175151193407695,11,5.205066978128855,6.984242238918284,4.49207350418726,5.553081052902996,7.332256313692483,4.840087578961402,1
0.2,238,66.10033749527399,65.92650738839284,7,0.0006141572901030419,8,10.617723396068527,8.83854813527907,11.330716870010093,10.443893289187372,8.664718028397914,11.156886763128938,1
0.2,239,58.91631672986098,58.62796444773426,9,0.0005922606138537881,11,3.4337026306555174,1.6545273698660594,4.146696104597083,3.145350348528794,1.366175087739336,3.85834382247036,1
0.2,240,58.98051748863137,58.96403314659352,15,0.000622529820011524,15,3.4979033894259075,1.7187281286364495,4.2108968633674735,3.4814190473880586,1.7022437865986006,4.194412521329625,1
0.2,241,66.1564205026152,65.89163735643044,11,0.0006098154029277415,12,10.673806403409742,8.894631142620284,11.386799877351308,10.409023257224973,8.629847996435515,11.12201673116654,1
0.2,242,45.67662228533148,45.440339056037246,11,0.000615803328639259,12,9.805991813873959,11.585167074663445,9.092998339932421,10.042275043168218,11.821450303957704,9.329281569226623,1
0.2,243,48.07145854049186,47.78376819100942,11,0.0006242707864907042,11,7.411155558713631,9.19033081950306,6.6981620847720365,7.698845908196063,9.478021168985492,6.985852434254468,1
0.2,244,49.22394088204147,48.89916158819789,13,0.0006202616371949098,13,6.2586732171640165,8.037848477953446,5.545679743222422,6.583452511007579,8.362627771797008,5.870459037065984,1
0.2,245,57.68534047485835,57.867861837910674,14,0.0006186391885339162,14,2.2027263756528868,0.4235511148634288,2.9157198495944527,2.3852477387052105,0.6060724779157525,3.0982412126467764,1
0.2,246,58.72497836473237,58.52641475520729,14,0.0006187978321363604,14,3.242364265526909,1.4631890047374512,3.955357739468475,3.043800656001828,1.26462539521237,3.756794129943394,1
0.2,247,66.27713649075916,65.92508086843382,9,0.0006103837642914934,11,10.794522391553699,9.01534713076424,11.507515865495265,10.44246676922836,8.663291508438903,11.155460243169927,1
0.2,248,53.81471169971979,53.72087399367005,14,0.0006188299512186371,14,1.6679023994856834,3.447077660275113,0.954908925544089,1.7617401055354094,3.540915366324896,1.0487466315938718,1
0.2,249,59.420697601788056,59.884042262091555,13,0.000617542962221483,13,3.938083502582593,2.158908241793135,4.651076976524159,4.401428162886091,2.6222529020966334,5.114421636827657,1
0.2,250,53.42173960834511,53.26558397079075,15,0.0006200730719545821,15,2.0608744908603285,3.840049751649815,1.347881016918791,2.217030128414706,3.996205389204192,1.5040366544731683,1
0.2,251,52.939756948886604,52.74777454683599,14,0.0006172844143301334,14,2.5428571503188664,4.322032411108296,1.829863676377272,2.734839552369465,4.514014813158951,2.0218460784279273,1
0.2,252,57.127461893619234,57.010698329031534,15,0.0006213264494206488,15,1.6448477944137707,0.13432746637568016,2.3578412683553367,1.5280842298260708,0.25109103096338004,2.241077703767637,1
0.2,253,54.034469529813705,53.94694652272541,14,0.000617695829717499,14,1.4481445693917294,3.227319830181216,0.7351510954501919,1.535667576480023,3.3148428372695093,0.8226741025384854,1
0.2,254,58.24358307072702,57.982629511827334,13,0.0006148537962478165,13,2.7609689715215566,0.9817937107320986,3.4739624454631226,2.5000154126218703,0.7208401518324123,3.2130088865634363,1
0.2,255,60.845964716561646,60.93978058031717,12,0.0006156927306686998,13,5.363350617356183,3.5841753565667247,6.076344091297749,5.457166481111706,3.677991220322248,6.170159955053272,1
0.2,256,65.19166652179976,65.38086078328168,12,0.0006166147185398193,13,9.709052422594297,7.929877161804839,10.422045896535863,9.898246684076213,8.119071423286755,10.611240158017779,1
0.2,257,49.500880635804435,49.224907712657696,11,0.0006019690194125131,12,5.981733463401042,7.760908724190472,5.268739989459448,6.2577063865477385,8.036881647337225,5.544712912606201,1
0.2,258,54.371499784171725,54.74093479968899,14,0.0006178149991409044,14,1.111114315033717,2.8902895758232034,0.3981208410921795,0.7416792995164769,2.5208545603059065,0.02868582557488253,1
0.2,259,54.32517617491831,54.45973874145648,13,0.0006202616371949098,13,1.1574379242871373,2.9366131850766237,0.44444445034559976,1.022875357749001,2.8020506185384306,0.30988188380740667,1
0.2,260,57.566468446186946,57.610077069537105,11,0.000610061430792204,11,2.0838543469814823,0.30467908619202433,2.7968478209230483,2.127462970331642,0.34828770954218413,2.840456444273208,1
0.2,261,58.68875457622997,58.72750124614251,13,0.0006185480461659369,13,3.2061404770245048,1.4269652162350468,3.9191339509660708,3.244887146937046,1.465711886147588,3.957880620878612,1
0.2,262,53.18958014721846,53.09378888609585,14,0.0006201673545747459,14,2.293033951987013,4.072209212776443,1.5800404780454187,2.3888252131096124,4.168000473899042,1.6758317391680748,1
0.2,263,64.94335158490757,64.89715863611279,12,0.0006166147185398193,12,9.460737485702111,7.681562224912653,10.173730959643677,9.414544536907329,7.635369276117871,10.127538010848895,1
0.2,264,49.898531333853434,48.05538860771885,12,0.0006180324829170844,13,5.584082765352036,7.363258026141466,4.871089291410442,7.427225491486638,9.206400752276068,6.714232017545044,1
0.2,265,56.67901979786058,56.909914719405954,13,0.0006201447830965046,13,1.19640569865512,0.582769562134331,1.909399172596686,1.4273006202004908,0.3518746405889601,2.1402940941420567,1
0.2,266,56.5628148218669,56.25126124450295,14,0.0006162974291084539,14,1.0802007226614379,0.6989745381280272,1.7931941966030038,0.7686471452974857,1.0105281154919794,1.4816406192390517,1
0.2,267,58.36049376403216,58.04224432427312,9,0.0006287979479140941,10,2.8778796648266933,1.0987044040372353,3.5908731387682593,2.5596302250676572,0.7804549642781993,3.2726236990092232,1
0.2,268,54.53977939412144,54.385185075424424,14,0.0006156500645529486,14,0.9428347050840102,2.7220099658734966,0.22984123114247268,1.0974290237810465,2.876604284570476,0.38443554983945205,1
0.2,269,55.929117446953256,55.83140943824946,15,0.0006202510167495209,15,0.4465033477477931,1.332671913041679,1.159496821689359,0.3487953390439955,1.4303799217454412,1.0617888129855615,1
0.2,270,57.80284627029781,57.8227577570342,13,0.0006180062015374892,13,2.32023217109235,0.5410569103028919,3.033225645033916,2.3401436578287402,0.5609683970392823,3.053137131770306,1
0.2,271,56.34385803389773,56.48305096654846,12,0.000619369116452212,12,0.8612439346922685,0.9179313260971753,1.5742374086338344,1.000436867342998,0.7787383934464742,1.713430341284564,1
0.2,272,55.70006958734635,55.961211620463466,14,0.000618380361549586,14,0.21745548814088522,1.561719772648587,0.9304489620824512,0.4785975212580027,1.300577739531434,1.1915909951995687,1
0.2,273,51.208901227659034,49.014904877501884,10,0.0006318919748418586,12,4.273712871546422,6.052888132335909,3.5607193976048848,6.467709221703558,8.246884482493044,5.75471574776202,1
0.2,274,49.670978921425615,49.489990772530696,11,0.0006212785574073573,12,5.811635177779863,7.590810438569292,5.098641703838268,5.992623326674789,7.771798587464218,5.279629852733194,1
0.2,275,46.94587673261332,46.536164325179215,8,0.0005978189873396746,10,8.536737366592149,10.315912627381579,7.823743892650555,8.946449774026235,10.725625034815721,8.233456300084697,1
0.2,276,56.440651566013656,56.56046637862393,11,0.0006279670932574189,12,0.958037466808193,0.8211377939812792,1.671030940749759,1.0778522794184653,0.7013229813709927,1.7908457533600313,1
0.2,277,54.43611933812788,54.31962057858304,14,0.000616673145430371,14,1.0464947610776107,2.8256700218670403,0.33350128713601634,1.1629935206224218,2.9421687814118513,0.4500000466808842,1
0.2,278,54.631355628248485,54.9938345313644,13,0.000615803328639259,13,0.8512584709569637,2.63043373174645,0.13826499701542616,0.4887795678410498,2.267954828630536,0.22421390610050196,1
0.2,279,50.30231584610928,50.24578464827166,11,0.0006074523721789413,12,5.1802982530961685,6.959473513885655,4.467304779154631,5.236829450933783,7.016004711723269,4.523835976992245,1
0.2,280,69.29704860642921,68.63044930051365,8,0.0006213264494206489,11,13.814434507223751,12.035259246434293,14.527427981165317,13.147835201308183,11.368659940518725,13.86082867524975,1
0.2,281,53.51789328111141,53.35278751972912,12,0.0006219073301178017,13,1.9647208180940652,3.7438960788834947,1.2517273441524708,2.129826579476344,3.9090018402657734,1.4168331055348062,1
0.2,282,51.69429939751443,51.570881297278575,12,0.0006188969894855023,13,3.7883147016910357,5.567489962480522,3.0753212277494413,3.91173280192686,5.690908062716346,3.1987393279853222,1
0.2,283,55.82839807177897,55.71295150264397,16,0.0006201673545747459,16,0.345783972573507,1.4333912882159439,1.058777446515073,0.2303374034385044,1.548837857350975,0.9433308773800704,1
0.2,284,56.10529959471526,55.95284572043359,15,0.0006202616371949098,15,0.6226854955097991,1.156489765279673,1.335678969451365,0.47023162122812323,1.3089436395613347,1.1832250951696892,1
0.2,285,43.192345727045215,42.82460632652723,9,0.0006202616371949098,11,12.290268372160256,14.069443632949685,11.577274898218661,12.658007772678218,14.437183033467704,11.94501429873668,1
0.2,286,51.224005992084905,51.1825900081863,13,0.0006218688100370348,13,4.258608107120551,6.037783367910038,3.5456146331790137,4.300024091019168,6.079199351808597,3.5870306170775734,1
0.2,287,59.53272828720209,55.073605922381226,12,0.0006138883510515985,13,4.050114187996627,2.270938927207169,4.763107661938193,0.40900817682421575,2.188183437613702,0.3039852971173289,1
0.2,288,55.615254981806686,55.37665721325635,14,0.0006201673545747459,14,0.13264088260122264,1.6465343781882211,0.8456343565427886,0.10595688594912644,1.885132146738556,0.6070365879924537,1
0.2,289,59.97453477570388,60.0022299501738,11,0.0006192177608776889,12,4.491920676498417,2.7127454157089588,5.204914150439983,4.519615850968336,2.7404405901788778,5.232609324909902,1
0.2,290,55.82839807177897,55.71295150264397,16,0.0006201673545747459,16,0.345783972573507,1.4333912882159439,1.058777446515073,0.2303374034385044,1.548837857350975,0.9433308773800704,1
0.2,291,55.06115044124394,55.01665347247255,15,0.0006165302547564936,15,0.4214636579615103,2.2006389187509967,0.29152981598004146,0.46596062673290817,2.2451358875223946,0.2470328472086507,1
0.2,292,57.80284627029781,57.8227577570342,13,0.0006180062015374892,13,2.32023217109235,0.5410569103028919,3.033225645033916,2.3401436578287402,0.5609683970392823,3.053137131770306,1
0.2,293,63.30936195937301,63.04625743026646,9,0.0006155809183723672,10,7.8267478601675435,6.047572599378086,8.53974133410911,7.5636433310609945,5.7844680702715365,8.27663680500256,1
0.2,294,52.35133897799484,52.19323392678014,13,0.0006202616371949098,13,3.1312751212105923,4.910450382000079,2.4182816472690547,3.2893801724253535,5.068555433214783,2.576386698483759,1
0.2,295,54.367867162571756,54.24506557693654,15,0.000615803328639259,15,1.1147469366337077,2.893922197423194,0.4017534626921133,1.2375485222689235,3.01672378305841,0.5245550483273291,1
0.2,296,57.034072320907754,57.095668974228246,14,0.0006222909212941937,14,1.5514582217022905,0.22771703908716745,2.2644516956438565,1.613054875022783,0.1661203857667033,2.326048348964349,1
0.2,297,65.39783099021629,64.67080203992586,6,0.0006169815196505602,8,9.915216891010829,8.13604163022137,10.628210364952395,9.188187940720397,7.409012679930939,9.901181414661963,1
0.2,298,53.76265316368456,53.72521199113128,15,0.0006200730719545821,15,1.7199609355209304,3.49913619631036,1.006967461579336,1.7574021080741886,3.536577368863618,1.0444086341325942,1
0.2,299,55.06115044124394,55.01665347247255,15,0.0006165302547564936,15,0.4214636579615103,2.2006389187509967,0.29152981598004146,0.46596062673290817,2.2451358875223946,0.2470328472086507,1
0.2,300,52.71824812635179,52.49835057765851,14,0.000618549469196683,14,2.764365972853682,4.543541233643111,2.0513724989120874,2.98426352154695,4.7634387823363795,2.2712700476054124,1
0.2,301,57.80284627029781,57.8227577570342,13,0.0006180062015374892,13,2.32023217109235,0.5410569103028919,3.033225645033916,2.3401436578287402,0.5609683970392823,3.053137131770306,1
0.2,302,57.384015634195855,57.27604027222883,12,0.0006332071889730774,12,1.9014015349903914,0.12222627420093346,2.6143950089319574,1.79342617302337,0.01425091223391206,2.506419646964936,1
0.2,303,55.12040954275383,55.257677110817994,13,0.0006165302547564936,14,0.36220455645161564,2.141379817241102,0.3507889174899361,0.22493698838746923,2.0041122491769556,0.48805648555409675,1
0.2,304,49.05870561315416,48.99969043437555,12,0.0006162356412911848,13,6.423908486051289,8.203083746840775,5.710915012109751,6.482923664829912,8.262098925619398,5.769930190888317,1
0.2,305,53.18958014721846,53.09378888609585,14,0.0006201673545747459,14,2.293033951987013,4.072209212776443,1.5800404780454187,2.3888252131096124,4.168000473899042,1.6758317391680748,1
0.2,306,56.10529959471526,55.95284572043359,15,0.0006202616371949098,15,0.6226854955097991,1.156489765279673,1.335678969451365,0.47023162122812323,1.3089436395613347,1.1832250951696892,1
0.2,307,62.550739881637554,62.74634687376911,10,0.0006145515676668507,11,7.068125782432091,5.288950521642633,7.781119256373657,7.26373277456365,5.484557513774192,7.976726248505216,1
0.2,308,55.862047142720506,55.425339852013224,10,0.0006180702930438453,11,0.3794330435150428,1.3997422172744223,1.0924265174566088,0.057274247192253824,1.8364495079816834,0.6557192267493264,1
0.2,309,56.901408226871354,56.4489274438972,9,0.0006102337398817139,11,1.4187941276658904,0.36038113312355335,2.1317876016074564,0.9663133446917342,0.812861916097745,1.6793068186333002,1
0.2,310,55.25241069175997,55.27963673753287,13,0.0006303988844774543,13,0.23020340744551504,2.0093786682349446,0.48279006649607226,0.20297736167259472,1.9821526224620811,0.5100161122689713,1
0.2,311,51.85945823671864,52.22593125467144,12,0.0006103907821845269,13,3.62315586248684,5.402331123276269,2.9101623885452454,3.256682844533998,5.035858105323484,2.5436893705924604,1
0.2,312,58.22332545399172,57.76543101038205,14,0.000617121072272314,14,2.7407113547862565,0.9615360939967985,3.4537048287278225,2.282816911176589,0.5036416503871308,2.995810385118155,1
0.2,313,61.122216437847385,61.14049509027062,13,0.0006212785574073573,13,5.639602338641922,3.8604270778524636,6.352595812583488,5.657880991065156,3.8787057302756978,6.370874465006722,1
0.2,314,55.35868291250528,55.16030791755572,15,0.0006200730719545821,15,0.12393118670019021,1.9031064474896198,0.5890622872413829,0.32230618164976477,2.1014814424391943,0.39068729229182253,1
0.2,315,51.87335467111482,51.72914909823105,12,0.000624723301619026,12,3.6092594280906383,5.388434688880125,2.8962659541491007,3.7534650009744155,5.532640261763845,3.040471527032878,1
0.2,316,55.82839807177897,55.71295150264397,16,0.0006201673545747459,16,0.345783972573507,1.4333912882159439,1.058777446515073,0.2303374034385044,1.548837857350975,0.9433308773800704,1
0.2,317,53.42173960834511,53.26558397079075,15,0.0006200730719545821,15,2.0608744908603285,3.840049751649815,1.347881016918791,2.217030128414706,3.996205389204192,1.5040366544731683,1
0.2,318,53.569305276627,53.321972629753255,15,0.0006202616371949098,15,1.9133088225784718,3.6924840833679013,1.2003153486368774,2.16064146945223,3.9398167302416596,1.4476479955106356,1
0.2,319,53.898993817097725,53.74328622864597,13,0.000615803328639259,13,1.583620282107745,3.3627955428971745,0.8706268081661506,1.739327870559464,3.5185031313489503,1.0263343966179264,1
0.2,320,58.98051748863137,58.96403314659352,15,0.000622529820011524,15,3.4979033894259075,1.7187281286364495,4.2108968633674735,3.4814190473880586,1.7022437865986006,4.194412521329625,1
0.2,321,56.55352040842938,56.81492605511075,15,0.000617542962221483,15,1.0709063092239148,0.7082689515655147,1.7838997831654808,1.3323119559052898,0.44686330488417525,2.045305429846856,1
0.2,322,56.876510652108095,57.073053416282924,12,0.0006175429622214834,13,1.393896552902632,0.38527870788681184,2.106890026844198,1.5904393170774611,0.18873594371200397,2.303432791019027,1
0.2,323,54.433951971798756,53.96526920144366,13,0.0006251758167473479,13,1.0486621274067147,2.8278373881961443,0.3356686534651203,1.5173448977618023,3.2965201585512887,0.8043514238202079,1
0.2,324,58.38525875035747,58.57518317911543,15,0.0006180606161901434,15,2.902644651152009,1.1234693903625512,3.615638125093575,3.092569079909964,1.3133938191205061,3.80556255385153,1
0.2,325,64.33885922238161,63.77837927932606,12,0.0006138883510515985,13,8.856245123176151,7.077069862386693,9.569238597117717,8.295765180120597,6.516589919331139,9.008758654062163,1
0.2,326,57.54244152671052,57.92026129379299,13,0.0006251758167473475,13,2.0598274275050557,0.2806521667155977,2.7728209014466216,2.4376471945875267,0.6584719337980687,3.1506406685290926,1
0.2,327,57.19885806315974,57.4610179691779,11,0.0006251758167473475,11,1.7162439639542768,0.06293129683518828,2.429237437895843,1.978403869972439,0.19922860918298113,2.691397343914005,1
0.2,328,52.09372356268974,51.77594080844977,12,0.0006103907821845269,13,3.388890536515703,5.168065797305189,2.6758970625741654,3.7066732907557025,5.485848551545132,2.993679816814108,1
0.2,329,55.06115044124394,55.01665347247255,15,0.0006165302547564936,15,0.4214636579615103,2.2006389187509967,0.29152981598004146,0.46596062673290817,2.2451358875223946,0.2470328472086507,1
0.2,330,50.441602851864296,50.40773482049618,12,0.0006103907821845269,13,5.041011247341146,6.820186508130632,4.328017773399608,5.074879278709261,6.8540545394987475,4.361885804767724,1
0.2,331,54.807840913115534,54.60112253057406,12,0.0006232328369388737,12,0.674773186089908,2.4539484468793944,0.03822028785163667,0.881491568631418,2.6606668294208475,0.16849809468982357,1
0.2,332,54.968750498798606,54.77689437794995,12,0.0006153285624435378,13,0.5138636004068644,2.293038861196294,0.19912987353470868,0.7057197212554911,2.4848949820449775,0.0072737526860535695,1
0.2,333,62.300666623824036,62.32447907974496,13,0.0006200527020512376,13,6.818052524618572,5.038877263829114,7.531045998560138,6.841864980539498,5.06268971975004,7.554858454481064,1
0.2,334,55.929117446953256,55.83140943824946,15,0.0006202510167495209,15,0.4465033477477931,1.332671913041679,1.159496821689359,0.3487953390439955,1.4303799217454412,1.0617888129855615,1
0.2,335,54.03338443892959,53.72910402955422,13,0.000615803328639259,13,1.4492296602758756,3.228404921065362,0.7362361863342812,1.75351006965127,3.5326853304406995,1.0405165957096756,1
0.2,336,53.690755718143876,53.39245276595224,13,0.0006175151193407695,13,1.7918583810616155,3.571033641851045,1.0788649071200211,2.0901613332532065,3.869336594042693,1.377167859311669,1
0.2,337,80.37364870288812,80.72893254169965,7,0.0006098154029277418,10,24.891034603682655,23.111859342893197,25.60402807762422,25.246318442494186,23.467143181704728,25.95931191643575,1
0.2,338,58.556886003161445,58.17081189889842,15,0.000617542962221483,15,3.0742719039559816,1.2950966431665236,3.7872653778975476,2.688197799692958,0.9090225389034998,3.401191273634524,1
0.2,339,56.10529959471526,55.95284572043359,15,0.0006202616371949098,15,0.6226854955097991,1.156489765279673,1.335678969451365,0.47023162122812323,1.3089436395613347,1.1832250951696892,1
0.2,340,58.335761419130876,58.208528553059566,13,0.0006345202646653394,13,2.8531473199254123,1.0739720591359543,3.5661407938669782,2.7259144538541022,0.9467391930646443,3.4389079277956682,1
0.2,341,54.034469529813705,53.94694652272541,14,0.000617695829717499,14,1.4481445693917294,3.227319830181216,0.7351510954501919,1.535667576480023,3.3148428372695093,0.8226741025384854,1
0.2,342,58.47677165862193,58.499322822728445,12,0.0006161983792346499,12,2.9941575594164647,1.2149822986270067,3.7071510333580306,3.0167087235229815,1.2375334627335235,3.7297021974645475,1
0.2,343,60.05579174500191,60.06125526306509,13,0.000617542962221483,13,4.573177645796449,2.7940023850069906,5.286171119738015,4.578641163859629,2.799465903070171,5.291634637801195,1
0.2,344,46.421674173381376,46.406436687246426,13,0.0006165302547564936,13,9.060939925824073,10.84011518661356,8.347946451882535,9.076177411959065,10.855352672748495,8.363183938017471,1
0.2,345,56.333191074600926,56.28758895550497,12,0.0006156927306686998,13,0.8505769753954624,0.9285982853940027,1.5635704493370284,0.8049748562995092,0.9742004044899204,1.5179683302410751,1
0.2,346,54.367867162571756,54.24506557693654,15,0.000615803328639259,15,1.1147469366337077,2.893922197423194,0.4017534626921133,1.2375485222689235,3.01672378305841,0.5245550483273291,1
0.2,347,58.17358913202406,58.38750318769847,14,0.000616673145430371,14,2.6909750328185993,0.9117997720291413,3.4039685067601653,2.9048890884930074,1.1257138277035494,3.6178825624345734,1
0.2,348,53.42173960834511,53.26558397079075,15,0.0006200730719545821,15,2.0608744908603285,3.840049751649815,1.347881016918791,2.217030128414706,3.996205389204192,1.5040366544731683,1
0.2,349,55.929117446953256,55.83140943824946,15,0.0006202510167495209,15,0.4465033477477931,1.332671913041679,1.159496821689359,0.3487953390439955,1.4303799217454412,1.0617888129855615,1
0.2,350,55.06115044124394,55.01665347247255,15,0.0006165302547564936,15,0.4214636579615103,2.2006389187509967,0.29152981598004146,0.46596062673290817,2.2451358875223946,0.2470328472086507,1
0.2,351,52.31403173556833,52.456520515733814,11,0.0006185480461659369,12,3.1685823636371424,4.947757624426572,2.455588889695548,3.0260935834716634,4.805268844261093,2.313100109530069,1
0.2,352,51.02423600155164,50.60496020009948,13,0.0006202510167495209,13,4.458378097653849,6.237553358443279,3.745384623712255,4.877653899106008,6.656829159895437,4.1646604251644135,1
0.2,353,66.34885512040874,66.08347214662402,12,0.0006177745818794862,13,10.86624102120328,9.087065760413822,11.579234495144846,10.600858047418555,8.821682786629097,11.313851521360121,1
0.2,354,62.247578157368096,62.24598597451186,11,0.0006130910780981218,12,6.764964058162633,4.985788797373175,7.477957532104199,6.763371875306397,4.984196614516939,7.476365349247963,1
0.2,355,50.98881621516452,50.183872221051566,8,0.0006210020426498836,10,4.49379788404093,6.2729731448304165,3.7808044100993925,5.298741878153919,7.077917138943349,4.585748404212325,1
0.2,356,56.8615524135732,56.60293616427411,14,0.000616673145430371,14,1.378938314367737,0.40023694642172813,2.091931788309303,1.120322065068649,0.6588531957207806,1.833315539010215,1
0.2,357,53.569305276627,53.321972629753255,15,0.0006202616371949098,15,1.9133088225784718,3.6924840833679013,1.2003153486368774,2.16064146945223,3.9398167302416596,1.4476479955106356,1
0.2,358,60.87066179441189,60.871146427913985,10,0.0006309203486891291,11,5.388047695206424,3.6088724344169663,6.10104116914799,5.388532328708521,3.6093570679190634,6.101525802650087,1
0.2,359,57.759259840940075,57.123446009062214,10,0.0006324751163874116,11,2.2766457417346118,0.4974704809451538,2.9896392156761777,1.6408319098567503,0.13834335093270056,2.3538253837983163,1
0.2,360,51.22650495733397,51.54355202655072,11,0.0006141572901030419,12,4.256109141871491,6.035284402660977,3.5431156679298965,3.9390620726547354,5.718237333444222,3.226068598713198,1
0.2,361,54.985321392886306,54.890397323424786,13,0.0006361398785853665,13,0.4972927063191719,2.2764679671086014,0.2157007676224083,0.5922167757806847,2.371392036570114,0.12077669816088843,1
0.2,362,62.253298507195886,61.910726455165,9,0.0006103837642914934,10,6.770684407990423,4.991509147200965,7.483677881931989,6.428112355959534,4.648937095170076,7.1411058299011,1
0.2,363,56.492146654744566,56.478765918706,13,0.0006148552065809061,13,1.0095325555391028,0.7696427052503623,1.7225260294806688,0.9961518195005397,0.7830234412889467,1.7091452934421056,1
0.2,364,58.98051748863137,58.96403314659352,15,0.000622529820011524,15,3.4979033894259075,1.7187281286364495,4.2108968633674735,3.4814190473880586,1.7022437865986006,4.194412521329625,1
0.2,365,61.075826443555364,61.04123863644967,11,0.000617542962221483,12,5.593212344349901,3.814037083560443,6.306205818291467,5.5586245372442065,3.7794492764547485,6.2716180111857724,1
0.2,366,60.163396635526446,60.26704801738658,14,0.0006177745818794862,14,4.680782536320983,2.901607275531525,5.393776010262549,4.784433918181115,3.005258657391657,5.497427392122681,1
0.2,367,53.76265316368456,53.72521199113128,15,0.0006200730719545821,15,1.7199609355209304,3.49913619631036,1.006967461579336,1.7574021080741886,3.536577368863618,1.0444086341325942,1
0.2,368,57.404467262404495,57.53208402341461,13,0.0006158956758937628,13,1.9218531631990317,0.14267790240957368,2.6348466371405976,2.0494699242091485,0.27029466341969055,2.7624633981507145,1
0.2,369,57.21837057392698,57.962881992533895,11,0.0006202510167495209,11,1.7357564747215193,0.0434187860679458,2.4487499486630853,2.4802678933284312,0.7010926325389732,3.193261367269997,1
0.2,370,53.42173960834511,53.26558397079075,15,0.0006200730719545821,15,2.0608744908603285,3.840049751649815,1.347881016918791,2.217030128414706,3.996205389204192,1.5040366544731683,1
0.2,371,58.556886003161445,58.17081189889842,15,0.000617542962221483,15,3.0742719039559816,1.2950966431665236,3.7872653778975476,2.688197799692958,0.9090225389034998,3.401191273634524,1
0.2,372,54.43611933812788,54.31962057858304,14,0.000616673145430371,14,1.0464947610776107,2.8256700218670403,0.33350128713601634,1.1629935206224218,2.9421687814118513,0.4500000466808842,1
0.2,373,60.35838038773089,60.395579611445335,12,0.0006277016250415134,12,4.875766288525426,3.0965910277359683,5.588759762466992,4.912965512239872,3.1337902514504137,5.625958986181438,1
0.2,374,58.556886003161445,58.17081189889842,15,0.000617542962221483,15,3.0742719039559816,1.2950966431665236,3.7872653778975476,2.688197799692958,0.9090225389034998,3.401191273634524,1
0.2,375,51.079953445929696,50.669253937445355,11,0.0006155285724509442,11,4.4026606532757455,6.181835914065232,3.689667179334208,4.813360161760102,6.592535422549588,4.100366687818564,1
0.2,376,59.97200700248495,59.932266248723664,13,0.0006202289162300255,13,4.489392903279487,2.7102176424900293,5.202386377221053,4.449652149518201,2.670476888728743,5.162645623459767,1
0.2,377,58.86780014107511,59.14919151575141,12,0.0006338136748604587,12,3.3851860418696447,1.6060107810801867,4.098179515811211,3.666577416545948,1.8874021557564902,4.379570890487514,1
0.2,378,53.15198720429467,53.042695712281684,10,0.0006270508944310377,11,2.330626894910779,4.109802155700265,1.6176334209692413,2.4399183869237504,4.219093647713237,1.7269249129822128,1
0.2,379,53.569305276627,53.321972629753255,15,0.0006202616371949098,15,1.9133088225784718,3.6924840833679013,1.2003153486368774,2.16064146945223,3.9398167302416596,1.4476479955106356,1
0.2,380,58.40857220241708,59.25365007607287,10,0.00061233769598901,11,2.92595810321162,1.1467828424221622,3.638951577153186,3.7710359768674095,1.9918607160779516,4.4840294508089755,1
0.2,381,61.8632106220695,61.83486274062617,13,0.0006119306153608673,13,6.380596522864039,4.601421262074581,7.093589996805605,6.352248641420708,4.57307338063125,7.065242115362274,1
0.2,382,59.48929166178106,59.02229188362466,12,0.0006175429622214834,13,4.006677562575597,2.2275023017861386,4.719671036517163,3.5396777844191973,1.7605025236297394,4.252671258360763,1
0.2,383,59.39482241185041,60.33006289195616,9,0.0006288211433222339,11,3.9122083126449496,2.1330330518554916,4.625201786586516,4.847448792750697,3.068273531961239,5.560442266692263,1
0.2,384,54.53977939412144,54.385185075424424,14,0.0006156500645529486,14,0.9428347050840102,2.7220099658734966,0.22984123114247268,1.0974290237810465,2.876604284570476,0.38443554983945205,1
0.2,385,52.81129538681013,52.706242450406485,14,0.0006161667916978763,14,2.671318712395305,4.450493973184791,1.9583252384537673,2.7763716487989996,4.555546909588429,2.063378174857405,1
0.2,386,57.43950116537882,57.6556121365911,13,0.0006219258165359481,13,1.9568870661733584,0.1777118053839004,2.6698805401149244,2.1729980373856392,0.39382277659618126,2.885991511327205,1
0.2,387,56.55352040842938,56.81492605511075,15,0.000617542962221483,15,1.0709063092239148,0.7082689515655147,1.7838997831654808,1.3323119559052898,0.44686330488417525,2.045305429846856,1
0.2,388,54.812054566167426,55.140629975912,13,0.0006187237054918876,13,0.6705595330380447,2.4497347938274743,0.04243394090352837,0.3419841232934573,2.1211593840829437,0.3710093506481016,1
0.2,389,58.882371032697655,54.070313069615054,11,0.0006049249937125562,12,3.399756933492192,1.620581672702734,4.112750407433758,1.4123010295904237,3.1914762903798533,0.6993075556488293,1
0.2,390,55.929117446953256,55.83140943824946,15,0.0006202510167495209,15,0.4465033477477931,1.332671913041679,1.159496821689359,0.3487953390439955,1.4303799217454412,1.0617888129855615,1
0.2,391,52.6242816073518,52.130960208977456,12,0.0006198132382180368,12,2.858332491853673,4.637507752643103,2.145339017912079,3.3516538902280217,5.130829151017451,2.6386604162864273,1
0.2,392,47.96523421338628,47.56802167321574,12,0.0006345034751499093,12,7.517379885819196,9.296555146608625,6.804386411877601,7.914592425989724,9.69376768677921,7.20159895204813,1
0.2,393,54.1634987061302,54.144081270654176,10,0.0006034881454767421,11,1.3191153930752648,3.098290653864751,0.6061219191336704,1.3385328285513083,3.117708089340738,0.6255393546097139,1
0.2,394,55.9253378717603,55.66350432871429,13,0.000617542962221483,14,0.4427237725548352,1.3364514882346157,1.1557172464964012,0.18089022950882594,1.598285031280625,0.8938837034503919,1
0.2,395,57.404467262404495,57.53208402341461,13,0.0006158956758937628,13,1.9218531631990317,0.14267790240957368,2.6348466371405976,2.0494699242091485,0.27029466341969055,2.7624633981507145,1
0.2,396,61.35544296636049,61.24111787264861,11,0.000617542962221483,11,5.872828867155029,4.093653606365571,6.585822341096595,5.758503773443145,3.9793285126536873,6.471497247384711,1
0.2,397,58.580006708776786,58.32232073193596,9,0.0006293927365543597,9,3.0973926095713225,1.3182173487818645,3.8103860835128884,2.839706632730497,1.060531371941039,3.552700106672063,1
0.2,398,53.286255872774404,53.22118995329844,10,0.0006239564922351597,11,2.196358226431073,3.9755334872205026,1.4833647524894786,2.2614241459070286,4.040599406696458,1.5484306719654342,1
0.2,399,53.35921301249287,53.191744434133014,12,0.000616673145430371,13,2.1234010867125903,3.9025763475020767,1.410407612770996,2.290869665072478,4.070044925861907,1.5778761911308834,1
0.2,400,53.569305276627,53.321972629753255,15,0.0006202616371949098,15,1.9133088225784718,3.6924840833679013,1.2003153486368774,2.16064146945223,3.9398167302416596,1.4476479955106356,1
0.2,401,51.67094925947278,51.701252939946855,11,0.0006202616371949098,12,3.811664839732657,5.5908401005221435,3.0986713657911196,3.7813611592586085,5.560536420048038,3.068367685317071,1
0.2,402,59.231851126646404,59.125292657808764,13,0.000622529820011524,13,3.749237027440941,1.970061766651483,4.462230501382507,3.6426785586033006,1.8635032978138426,4.355672032544867,1
0.2,403,46.47392039590806,49.415492383003155,12,0.0006341158188969895,13,9.00869370329741,10.78786896408684,8.295700229355816,6.067121716202337,7.846296976991766,5.354128242260742,1
0.2,404,50.78536272910712,50.634710113589065,12,0.0006150688540217335,12,4.697251370098343,6.476426630887772,3.984257896156805,4.847903985616426,6.627079246405856,4.134910511674832,1
0.2,405,60.046013623933845,59.535239842244636,14,0.000619434705821066,14,4.563399524728382,2.784224263938924,5.276392998669948,4.052625743039172,2.2734504822497144,4.765619216980738,1
0.2,406,56.721831599034964,56.52568261717371,14,0.0006215976297288418,14,1.2392174998295005,0.5399577609599646,1.9522109737710664,1.0430685179682442,0.7361067428212209,1.7560619919098102,1
0.2,407,63.605646251165474,63.31969595930918,11,0.0006103837642914934,12,8.123032151960011,6.343856891170553,8.836025625901577,7.837081860103716,6.057906599314258,8.550075334045282,1
0.2,408,53.4418721070037,53.28067806683833,13,0.0006186387186623914,13,2.040741992201788,3.8199172529912175,1.3277485182601936,2.2019360323671435,3.981111293156573,1.4889425584255491,1
0.2,409,50.85739974120374,51.057895664178325,11,0.0006119306153608673,12,4.625214358001699,6.4043896187911855,3.9122208840601616,4.42471843502716,6.203893695816589,3.711724961085565,1
0.2,410,61.97970239937247,61.81390078621146,13,0.000617542962221483,13,6.4970883001670074,4.7179130393775495,7.210081774108573,6.331286687005999,4.552111426216541,7.044280160947565,1
0.2,411,58.82445133434881,58.528967894182884,14,0.0006228317088736474,14,3.3418372351433447,1.5626619743538868,4.054830709084911,3.0463537949774206,1.2671785341879627,3.7593472689189866,1
0.2,412,50.08644594935761,49.83873932082964,12,0.0006171699543850539,13,5.396168149847881,7.175343410637311,4.683174675906287,5.643874778375846,7.423050039165275,4.930881304434251,1
0.2,413,50.90874920740913,50.71021405013498,11,0.0006175429622214836,12,4.573864891796347,6.353040152585777,3.860871417854753,4.772400049070484,6.551575309859913,4.059406575128946,1
0.2,414,56.8615524135732,56.60293616427411,14,0.000616673145430371,14,1.378938314367737,0.40023694642172813,2.091931788309303,1.120322065068649,0.6588531957207806,1.833315539010215,1
0.2,415,52.78998405392735,52.63748726517501,13,0.0006147169654296203,13,2.692630045278122,4.4718053060675516,1.9796365713365276,2.8451268340304523,4.624302094819882,2.1321333600889147,1
0.2,416,54.10779565931555,54.34065447095992,13,0.000615803328639259,13,1.374818439889907,3.1539937006793934,0.6618249659483695,1.1419596282455586,2.921134889034988,0.42896615430396423,1
0.2,417,53.113493229211244,53.03731152767022,15,0.0006200730719545821,15,2.3691208699942194,4.148296130783706,1.656127396052625,2.445302571535251,4.2244778323246805,1.7323090975936566,1
0.2,418,63.30700915064568,63.277355472832106,10,0.0006083239702464697,10,7.82439505144022,6.045219790650762,8.537388525381786,7.794741373626643,6.015566112837185,8.507734847568209,1
0.2,419,57.17178371720531,56.72008845134446,8,0.0006174120354703958,9,1.6891696179998448,0.0900056427896061,2.4021630919414108,1.237474352138996,0.541700908650455,1.950467826080562,1
0.2,420,58.98051748863137,58.96403314659352,15,0.000622529820011524,15,3.4979033894259075,1.7187281286364495,4.2108968633674735,3.4814190473880586,1.7022437865986006,4.194412521329625,1
0.2,421,50.80358334579188,50.44658078686404,13,0.000615803328639259,13,4.679030753413599,6.458206014203029,3.9660372794720047,5.036033312341431,6.81520857313086,4.323039838399836,1
0.2,422,58.28309712081366,58.64748275961599,9,0.0006245086537270394,9,2.800483021608194,1.0213077608187362,3.51347649554976,3.1648686604105265,1.3856933996210685,3.8778621343520925,1
0.2,423,58.60853614254455,58.67107105058702,12,0.0006206895757359432,12,3.125922043339088,1.34674678254963,3.838915517280654,3.1884569513815535,1.4092816905920955,3.9014504253231195,1
0.2,424,53.68106496980746,53.39906415966333,14,0.000625330260836182,14,1.8015491293979835,3.58072439018747,1.088555655456446,2.083549939542138,3.8627252003315675,1.3705564656005436,1
0.2,425,58.887829812530256,59.045394612270364,14,0.0006196935328053961,14,3.405215713324793,1.6260404525353351,4.118209187266359,3.562780513064901,1.7836052522754429,4.275773987006467,1
0.2,426,58.583260885452894,58.07866699423061,9,0.0006251758167473475,9,3.100646786247431,1.321471525457973,3.813640260188997,2.596052895025146,0.8168776342356878,3.309046368966712,1
0.2,427,61.96043328640738,62.25655461943078,13,0.0006213264494206488,13,6.477819187201916,4.698643926412458,7.190812661143482,6.773940520225317,4.994765259435859,7.486933994166883,1
0.2,428,53.30878600334811,53.00601866833545,13,0.0006147169654296203,13,2.1738280958573455,3.953003356646832,1.460834621915808,2.47659543087002,4.25577069165945,1.7636019569284258,1
0.2,429,60.1520182750232,60.72947672660304,12,0.0006187141179292427,12,4.669404175817739,2.890228915028281,5.382397649759305,5.246862627397576,3.467687366608118,5.959856101339142,1
0.2,430,61.79664342638678,61.7801272129875,11,0.0006098154029277415,12,6.314029327181316,4.534854066391858,7.027022801122882,6.297513113782038,4.51833785299258,7.010506587723604,1
0.2,431,52.336189862500895,52.330918143064565,13,0.0006067923068455594,13,3.146424236704547,4.925599497494034,2.4334307627630096,3.151695956140884,4.93087121693037,2.4387024821993464,1
0.2,432,55.42491259117071,55.570040647260186,10,0.0006185982569721137,10,0.05770150803476781,1.8368767688241974,0.6552919659068124,0.08742654805472228,1.69174871273475,0.8004200219962883,1
0.2,433,49.23796495316371,49.22317590528026,13,0.0006119306153608673,14,6.244649146041752,8.023824406831181,5.531655672100214,6.259438193925234,8.038613454714664,5.54644471998364,1
0.2,434,52.27426467282008,52.07708242513718,10,0.0006043363777346943,10,3.2083494263853822,4.987524687174869,2.495355952443788,3.4055316740682997,5.184706934857729,2.6925382001267053,1
0.2,435,56.86938099488469,57.41555233818693,10,0.0006084870594729459,11,1.38676689567923,0.3924083651102137,2.099760369620796,1.932938238981464,0.15376297819200602,2.64593171292303,1
0.2,436,55.572505479821935,55.64810100558005,13,0.0006180606161901434,13,0.0898913806164714,1.6892838801729795,0.8028848545580374,0.16548690637458918,1.613688354414876,0.8784803803161552,1
0.2,437,50.1223715442249,54.945074684154626,7,0.0005922606138537881,9,5.360242554980573,7.139417815770003,4.647249081038979,0.5375394150508441,2.3167146758402737,0.17545405889072896,1
0.2,438,55.35868291250528,55.16030791755572,15,0.0006200730719545821,15,0.12393118670019021,1.9031064474896198,0.5890622872413829,0.32230618164976477,2.1014814424391943,0.39068729229182253,1
0.2,439,55.06115044124394,55.01665347247255,15,0.0006165302547564936,15,0.4214636579615103,2.2006389187509967,0.29152981598004146,0.46596062673290817,2.2451358875223946,0.2470328472086507,1
0.2,440,58.59821422073619,58.277186418139195,12,0.000619434705821066,12,3.1156001215307256,1.3364248607412677,3.8285935954722916,2.7945723189337315,1.0153970581442735,3.5075657928752975,1
0.2,441,52.24185760704333,52.16904174814064,13,0.0006119306153608673,13,3.24075649216212,5.0199317529516065,2.5277630182205826,3.3135723510648063,5.092747611854293,2.6005788771232687,1
0.2,442,53.52236344423318,53.3387134181199,14,0.0006201673545747459,14,1.960250654972299,3.7394259157617284,1.2472571810307045,2.1439006810855403,3.9230759418750267,1.4309072071440028,1
0.2,443,51.15752232213965,50.41310639275837,11,0.0006115434460439763,11,4.325091777065836,6.104267037855266,3.6120983031242417,5.069507706447098,6.8486829672365275,4.3565142325055035,1
0.2,444,70.13756080848545,69.51006223399023,9,0.0006096482541934439,11,14.654946709279983,12.875771448490525,15.367940183221549,14.027448134784763,12.248272873995305,14.740441608726329,1
0.2,445,57.127461893619234,57.010698329031534,15,0.0006213264494206488,15,1.6448477944137707,0.13432746637568016,2.3578412683553367,1.5280842298260708,0.25109103096338004,2.241077703767637,1
0.2,446,59.098909441211546,59.64584966186978,11,0.0006108266603152222,11,3.616295342006083,1.837120081216625,4.329288815947649,4.163235562664319,2.384060301874861,4.876229036605885,1
0.2,447,55.15261215836214,55.57351612324127,11,0.0006154968004666382,11,0.33000194084331724,2.1091772016328036,0.38299153309824163,0.09090202403580605,1.6882732367536732,0.803895497977372,1
0.2,448,63.07268398301814,62.96590493347745,12,0.0006089239280807838,13,7.590069883812674,5.810894623023216,8.30306335775424,7.483290834271983,5.704115573482525,8.19628430821355,1
0.2,449,57.27803597878115,57.09292374669869,15,0.000617542962221483,15,1.7954218795756844,0.016246618786226463,2.5084153535172504,1.6103096474932244,0.16886561329624783,2.3233031214347903,1
0.2,450,58.66815142893825,59.23333288783502,8,0.0006396220820644837,9,3.1855373297327887,1.4063620689433307,3.8985308036743547,3.7507187886295554,1.9715435278400975,4.463712262571121,1
0.2,451,50.759541052462325,50.74440549506387,14,0.0006211568298858866,14,4.7230730467431385,6.502248307532568,4.010079572801601,4.738208604141619,6.517383864931048,4.025215130200024,1
0.2,452,60.879928109537104,61.0840300506804,11,0.000617542962221483,11,5.397314010331641,3.618138749542183,6.110307484273207,5.601415951474934,3.822240690685476,6.3144094254165,1
0.2,453,55.85940918057409,56.056698129574734,13,0.0006198266696425498,13,0.37679508136862694,1.4023801794208453,1.089788555310193,0.5740840303692707,1.2050912304201802,1.2870775043108367,1
0.2,454,68.93692423124567,68.95706697317821,7,0.0006141572901030418,9,13.454310132040206,11.675134871250748,14.167303605981772,13.474452873972751,11.695277613183293,14.187446347914317,1
0.2,455,62.38718386487563,62.2565936159655,14,0.0006172844143301334,14,6.904569765670168,5.12539450488071,7.617563239611734,6.773979516760036,4.994804255970578,7.486972990701602,1
0.2,456,55.35868291250528,55.16030791755572,15,0.0006200730719545821,15,0.12393118670019021,1.9031064474896198,0.5890622872413829,0.32230618164976477,2.1014814424391943,0.39068729229182253,1
0.2,457,53.95338088252574,53.88115607357096,14,0.0006199498707985659,14,1.5292332166796996,3.308408477469186,0.816239742738162,1.6014580256344857,3.380633286423972,0.8884645516929481,1
0.2,458,55.70006958734635,55.961211620463466,14,0.000618380361549586,14,0.21745548814088522,1.561719772648587,0.9304489620824512,0.4785975212580027,1.300577739531434,1.1915909951995687,1
0.2,459,59.49549581777377,59.51614630293836,14,0.000617121072272314,14,4.012881718568309,2.233706457778851,4.725875192509875,4.0335322037328964,2.2543569429434385,4.746525677674462,1
0.2,460,58.592846110387526,58.33985228487485,12,0.000619434705821066,13,3.110232011182063,1.3310567503926052,3.823225485123629,2.857238185669388,1.07806292487993,3.570231659610954,1
0.2,461,58.99722042400646,59.36247039249204,12,0.0006165543701266971,12,3.5146063248009938,1.7354310640115358,4.22759979874256,3.879856293286579,2.1006810324971212,4.592849767228145,1
0.2,462,63.32164945193079,62.905324001778084,13,0.0006165302547564936,14,7.839035352725325,6.059860091935867,8.552028826666891,7.42270990257262,5.643534641783162,8.135703376514186,1
0.2,463,55.572505479821935,55.64810100558005,13,0.0006180606161901434,13,0.0898913806164714,1.6892838801729795,0.8028848545580374,0.16548690637458918,1.613688354414876,0.8784803803161552,1
0.2,464,55.31164263084129,55.45665980165922,11,0.0006272920517411844,11,0.17097146836420052,1.95014672915363,0.5420220055773939,0.02595429754626366,1.8051295583356932,0.6870391763953236,1
0.2,465,65.7903183345376,65.77730259661006,9,0.0006074523721789413,11,10.307704235332139,8.52852897454268,11.020697709273705,10.294688497404593,8.515513236615135,11.007681971346159,1
0.2,466,62.0735935066683,62.79381098247039,12,0.0006170366084889883,13,6.590979407462839,4.811804146673381,7.303972881404405,7.311196883264927,5.532021622475469,8.024190357206493,1
0.2,467,58.51717839530282,58.86724246272559,12,0.0006165543701266971,13,3.034564296097358,1.2553890353078998,3.7475577700389238,3.384628363520129,1.6054531027306709,4.097621837461695,1
0.2,468,50.36696185528854,50.28818233372782,11,0.0006418844974537301,12,5.115652243916941,6.89482750470637,4.402658769975346,5.1944317654776455,6.973607026267132,4.481438291536051,1
0.2,469,54.844102334376686,54.770753929205426,11,0.000617542962221483,12,0.6385117648287633,2.4176870256182497,0.07448170911278851,0.7118601700000227,2.491035430789509,0.0011333039415291069,1
0.2,470,48.38602056792876,49.71952185538301,12,0.0006215747214206656,13,7.09659353127671,8.87576879206614,6.383600057335116,5.763092243822484,7.542267504611914,5.05009876988089,1
0.2,471,58.899707005319044,58.722485947055745,12,0.000611167135695859,12,3.417092906113581,1.6379176453241229,4.130086380055147,3.2398718478502815,1.4606965870608235,3.9528653217918475,1
0.2,472,55.636046546407734,55.42595770757589,10,0.0006284035234394646,10,0.15343244720227034,1.6257428135871805,0.8664259211438363,0.05665639162958769,1.8358316524190172,0.6563370823119925,1
0.2,473,59.405753622912975,59.43825042204535,11,0.0006065865097007359,11,3.923139523707512,2.143964262918054,4.636132997649078,3.9556363228398865,2.1764610620504286,4.6686297967814525,1
0.2,474,49.94919000241282,50.10851520426303,10,0.0006152601470344394,11,5.533424096792658,7.312599357582087,4.820430622851063,5.374098894942449,7.153274155731879,4.661105421000855,1
0.2,475,60.48530793779775,60.9555094362186,9,0.0006361398785853665,10,5.002693838592286,3.223518577802828,5.715687312533852,5.472895337013135,3.693720076223677,6.185888810954701,1
0.2,476,49.18746539936788,49.38142075926344,12,0.0006175432413144635,12,6.2951486998375685,8.074323960627055,5.582155225896031,6.101193339942029,7.880368600731458,5.388199866000434,1
0.2,477,51.62518644667975,49.49731727608972,10,0.0005974047394840276,11,3.8574276525257005,5.636602913315187,3.144434178584163,5.985296823115732,7.764472083905218,5.272303349174194,1
0.2,478,56.418448447376456,56.49834015054773,13,0.000622529820011524,13,0.9358343481709923,0.843340912618487,1.6488278221125583,1.01572605134227,0.7634492094471739,1.7287195252838359,1
0.2,479,62.0735935066683,62.79381098247039,12,0.0006170366084889883,13,6.590979407462839,4.811804146673381,7.303972881404405,7.311196883264927,5.532021622475469,8.024190357206493,1
0.2,480,56.72330163181989,57.03351720414115,14,0.0006207887330850848,14,1.2406875326144302,0.5384877281750278,1.9536810065559962,1.550903104935685,0.22827215585380145,2.263896578877251,1
0.2,481,60.845964716561646,60.93978058031717,12,0.0006156927306686998,13,5.363350617356183,3.5841753565667247,6.076344091297749,5.457166481111706,3.677991220322248,6.170159955053272,1
0.2,482,53.89174018698619,54.044761839069174,12,0.0006161077454125423,12,1.5908739122192515,3.370049173008738,0.8778804382777139,1.4378522601363102,3.2170275209257397,0.7248587861947158,1
0.2,483,68.66543099293176,73.8585880584774,12,0.0006359085569822081,13,13.182816893726297,11.40364163293684,13.895810367667863,18.37597395927193,16.596798698482473,19.088967433213497,1
0.2,484,56.70403447024216,57.07244599786134,13,0.0006219258165359481,13,1.2214203710367002,0.5577548897527436,1.9344138449782662,1.5898318986558735,0.18934336213357028,2.3028253725974395,1
0.2,485,55.46243831744611,55.20420951490935,12,0.0006178168102118024,12,0.020175781759348865,1.7993510425488353,0.69281769218221,0.27840458429614046,2.05757984508557,0.43458888964545395,1
0.2,486,57.27803597878115,57.09292374669869,15,0.000617542962221483,15,1.7954218795756844,0.016246618786226463,2.5084153535172504,1.6103096474932244,0.16886561329624783,2.3233031214347903,1
0.2,487,50.90592798033382,50.36316095736453,12,0.0006152601470344396,13,4.576686118871635,6.355861379661121,3.8636926449300972,5.11945314184095,6.898628402630379,4.406459667899355,1
0.2,488,69.79359868497264,70.31696142158054,8,0.0006136791825746123,11,14.310984585767173,12.531809324977715,15.023978059708739,14.83434732237508,13.055172061585623,15.547340796316647,1
0.2,489,50.61945432853115,53.575328139860886,11,0.0006158033286392584,12,4.863159770674315,6.642335031463745,4.1501662967327775,1.9072859593445628,3.686461220134049,1.1942924854030252,1
0.2,490,52.54355522640148,52.403046230108885,14,0.0006162010519795075,14,2.939058872803969,4.718234133593455,2.2260653988624313,3.079567869096593,4.858743129886022,2.3665743951549985,1
0.2,491,53.23464127962228,53.28319454520474,13,0.0006399871610977014,13,2.2479728195831967,4.027148080372626,1.5349793456416023,2.1994195540007127,3.978594814790199,1.486426080059175,1
0.2,492,54.85581183066307,54.5042201119573,10,0.0006346295892259077,11,0.6268022685424057,2.4059775293318353,0.08619120539917446,0.9783939872481824,2.757569248037612,0.265400513306588,1
0.2,493,54.280545197931865,54.226948792315625,14,0.0006237376453284414,14,1.2020689012736057,2.981244162063035,0.48907542733201126,1.2556653068898527,3.0348405676792822,0.5426718329482583,1
0.2,494,64.34988569302838,65.02933387904677,12,0.000619434705821066,12,8.86727159382292,7.088096333033462,9.580265067764486,9.546719779841311,7.767544519051853,10.259713253782877,1
0.2,495,58.17358913202406,58.38750318769847,14,0.000616673145430371,14,2.6909750328185993,0.9117997720291413,3.4039685067601653,2.9048890884930074,1.1257138277035494,3.6178825624345734,1
0.2,496,56.721831599034964,56.52568261717371,14,0.0006215976297288418,14,1.2392174998295005,0.5399577609599646,1.9522109737710664,1.0430685179682442,0.7361067428212209,1.7560619919098102,1
0.2,497,50.08644594935761,49.83873932082964,12,0.0006171699543850539,13,5.396168149847881,7.175343410637311,4.683174675906287,5.643874778375846,7.423050039165275,4.930881304434251,1
0.2,498,53.569305276627,53.321972629753255,15,0.0006202616371949098,15,1.9133088225784718,3.6924840833679013,1.2003153486368774,2.16064146945223,3.9398167302416596,1.4476479955106356,1
0.2,499,56.10529959471526,55.95284572043359,15,0.0006202616371949098,15,0.6226854955097991,1.156489765279673,1.335678969451365,0.47023162122812323,1.3089436395613347,1.1832250951696892,1
0.3,0,57.864610566292406,57.76889228606516,13,0.0006175151193407695,13,2.3819964670869425,0.6028212062974845,3.0949899410285084,2.286278186859697,0.5071029260702389,2.999271660801263,1
0.3,1,57.43702556475508,56.997940460782246,10,0.0006273116697893655,10,1.9544114655496188,0.17523620476016077,2.6674049394911847,1.5153263615767827,0.2638488992126895,2.2283198355183487,1
0.3,2,56.00435288133908,55.637949504034324,11,0.000617542962221483,12,0.5217387821336175,1.2574364786558476,1.2347322560751834,0.1553354048288611,1.6238398559605685,0.8683288787704271,1
0.3,3,54.83844299878757,55.073565906907504,12,0.0006327713186001932,12,0.6441711004179069,2.4233463612073365,0.06882237352367326,0.4090481922979734,2.188223453087403,0.3039452816436068,1
0.3,4,58.93379701725503,59.14003768554547,13,0.0006251758167473475,13,3.451182918049568,1.6720076572601101,4.164176391991134,3.657423586340009,1.878248325550551,4.370417060281575,1
0.3,5,40.497248639557306,40.97009031581105,8,0.0005930082865720739,10,14.985365459648165,16.764540720437594,14.27237198570657,14.512523783394386,16.291699044183872,13.799530309452848,1
0.3,6,47.65605725211608,47.870901312448325,9,0.0006219258165359481,10,7.826556847089364,9.60573210787885,7.1135633731478265,7.611712786757153,9.390888047546582,6.898719312815558,1
0.3,7,50.09159190535974,50.16953817292358,10,0.000614335829899743,11,5.3910221938457425,7.170197454635172,4.678028719904148,5.313075926281897,7.0922511870713265,4.6000824523403026,1
0.3,8,57.44501166448671,57.21393253497499,14,0.000619434705821066,14,1.9623975652812433,0.18322230449178534,2.6753910392228093,1.7313184357695235,0.0478568250199487,2.4443119097110895,1
0.3,9,58.00948058076232,58.345884126017324,13,0.0006219258165359481,13,2.5268664815568584,0.7476912207674005,3.2398599554984244,2.863270026811861,1.0840947660224032,3.576263500753427,1
0.3,10,42.38422117303166,51.19829554171317,9,0.0006158033286392584,11,13.098392926173801,14.87756818696323,12.385399452232264,4.28431855749227,6.063493818281756,3.5713250835507324,1
0.3,11,61.04014504144463,60.80017778625478,10,0.0006291006917685329,11,5.557530942239168,3.7783556814497103,6.270524416180734,5.317563687049315,3.538388426259857,6.030557160990881,1
0.3,12,54.367867162571756,54.24506557693654,15,0.000615803328639259,15,1.1147469366337077,2.893922197423194,0.4017534626921133,1.2375485222689235,3.01672378305841,0.5245550483273291,1
0.3,13,50.78132790487748,54.63145827137268,10,0.0006066894082731476,11,4.701286194327963,6.4804614551174495,3.9882927203864256,0.8511558278327698,2.630331088622256,0.13816235389123221,1
0.3,14,56.153873724583136,55.61946751447456,12,0.0006128135855148816,12,0.6712596253776724,1.107915635411814,1.3842530993192383,0.13685341526909411,1.642321845520371,0.8498468892106601,1
0.3,15,61.80291659008288,61.627101580996325,10,0.0006384536520151751,11,6.320302490877417,4.541127230087959,7.033295964818983,6.144487481790861,4.365312221001403,6.857480955732427,1
0.3,16,64.41430467739299,65.15287589971993,5,0.0005498749822637322,8,8.931690578187528,7.15251531739807,9.644684052129094,9.670261800514467,7.891086539725009,10.383255274456033,1
0.3,17,58.086246125245054,57.6748989887849,12,0.0006133877399986679,12,2.603632026039591,0.8244567652501331,3.316625499981157,2.1922848895794402,0.41310962878998225,2.905278363521006,1
0.3,18,64.48330160172388,63.82003415423283,10,0.0006053477382782333,11,9.000687502518417,7.221512241728959,9.713680976459983,8.337420055027366,6.558244794237908,9.050413528968932,1
0.3,19,63.20056438634821,63.01838769592149,10,0.0006038024053005609,11,7.717950287142749,5.938775026353291,8.430943761084315,7.535773596716027,5.756598335926569,8.248767070657593,1
0.3,20,65.06809866301738,65.92556902230851,9,0.0006243369683266459,10,9.585484563811917,7.806309303022459,10.298478037753483,10.442954923103045,8.663779662313587,11.155948397044611,1
0.3,21,40.322763031256976,40.035588431074494,8,0.0006152601470344396,10,15.159851067948466,16.939026328737953,14.446857594006929,15.447025668130948,17.226200928920434,14.73403219418941,1
0.3,22,57.74895401482262,57.36092151814715,7,0.0006369847164798147,9,2.2663399156171593,0.4871646548277013,2.9793333895587253,1.878307418941688,0.09913215815222998,2.591300892883254,1
0.3,23,58.50813758860829,57.85370371291483,12,0.0006098585413131472,12,3.025523489402829,1.2463482286133711,3.738516963344395,2.3710896137093656,0.5919143529199076,3.0840830876509315,1
0.3,24,64.27431277677671,64.43100125049455,11,0.0006103907821845268,12,8.791698677571247,7.012523416781789,9.504692151512813,8.948387151289083,7.169211890499625,9.661380625230649,1
0.3,25,56.06855322362624,55.66090359116265,13,0.0006158956758937628,13,0.5859391244207757,1.1932361363686823,1.2989325983623417,0.17828949195718735,1.6008857688322564,0.8912829658987533,1
0.3,26,49.07555611279713,48.84774860853485,11,0.0006207910166509427,12,6.407057986408347,8.186233247197777,5.694064512466753,6.63486549067062,8.41404075146005,5.921872016729026,1
0.3,27,58.025751574439774,58.152073357814345,12,0.0006324805109538003,12,2.5431374752343103,0.7639622144448523,3.2561309491758763,2.6694592586088817,0.8902839978194237,3.3824527325504476,1
0.3,28,61.124924854577586,61.42681919318081,8,0.0006196838860988659,9,5.642310755372122,3.8631354945826644,6.355304229313688,5.944205093975349,4.165029833185891,6.6571985679169146,1
0.3,29,46.65249768350918,46.31011172910582,10,0.0006180324829170844,10,8.830116415696295,10.609291676485725,8.117122941754701,9.172502370099664,10.951677630889094,8.45950889615807,1
0.3,30,54.1751250545304,54.26559170427001,10,0.0006286101389188707,11,1.3074890446750942,3.0866643054645237,0.5944955707334998,1.2170223949354408,2.9961976557249272,0.5040289209939033,1
0.3,31,61.4927580213452,61.59483604164417,12,0.0006106087212498745,12,6.01014392213974,4.230968661350282,6.723137396081306,6.112221942438708,4.33304668164925,6.825215416380274,1
0.3,32,58.15306774011444,57.84386731123636,9,0.0006149958721140523,10,2.670453640908974,0.8912783801195161,3.38344711485054,2.3612532120308956,0.5820779512414376,3.0742466859724615,1
0.3,33,50.48428572357291,50.23785359896692,11,0.0006418844974537301,11,4.998328375632582,6.777503636422011,4.285334901690987,5.244760500238556,7.023935761027985,4.531767026296961,1
0.3,34,62.369150891632145,62.948884154741,12,0.0006265357024564248,13,6.886536792426682,5.107361531637224,7.599530266368248,7.466270055535539,5.687094794746081,8.179263529477105,1
0.3,35,59.95980307358268,60.3618800325319,11,0.000617542962221483,12,4.4771889743772135,2.6980137135877555,5.1901824483187795,4.879265933326437,3.100090672536979,5.592259407268003,1
0.3,36,57.981999815008294,58.292237184531444,8,0.0006149211019333944,10,2.4993857158028305,0.7202104550133726,3.2123791897443965,2.809623085325981,1.0304478245365232,3.522616559267547,1
0.3,37,55.91615298202831,59.73100192871585,8,0.0006270508944310377,9,0.4335388828228446,1.3456363779666276,1.1465323567644106,4.248387829510385,2.469212568720927,4.961381303451951,1
0.3,38,55.42397965528276,55.48817533903374,11,0.0006069651057872931,11,0.05863444392269912,1.8378097047121855,0.6543590300188598,0.005561239828274722,1.7736140209611904,0.7185547137698407,1
0.3,39,48.77405844993836,48.5459632178669,8,0.0006017453416148665,10,6.708555649267112,8.487730910056541,5.995562175325517,6.936650881338551,8.715826142128037,6.223657407397013,1
0.3,40,45.45702472701544,45.95712352506031,8,0.0006119306153608672,10,10.02558937219004,11.80476463297947,9.312595898248446,9.525490574145124,11.30466583493461,8.812497100203586,1
0.3,41,51.88334730805742,51.74254530494474,12,0.0006189022997081967,13,3.599266791148068,5.378442051937498,2.8862733172064736,3.740068794260708,5.519244055050194,3.0270753203191703,1
0.3,42,63.12659295472499,62.69802005434161,11,0.0006155809183723672,11,7.643978855519528,5.86480359473007,8.356972329461094,7.2154059551361485,5.4362306943466905,7.9283994290777144,1
0.3,43,56.53216560212659,56.16714778329387,12,0.0006146507143714147,12,1.0495515029211262,0.7296237578683531,1.7625449768626922,0.6845336840884073,1.0946415767010649,1.3975271580299733,1
0.3,44,57.87754951407998,57.467697667837584,14,0.000618380361549586,14,2.394935414874517,0.6157601540850592,3.107928888816083,1.9850835686321204,0.20590830784266245,2.6980770425736864,1
0.3,45,56.243925658870964,55.94347853314652,10,0.0006041474621219249,11,0.7613115596655007,1.0178637011239289,1.4743050336070667,0.4608644339410546,1.3183108268484034,1.1738579078826206,1
0.3,46,58.4439608807244,58.555628720937754,13,0.0006213264494206488,13,2.961346781518934,1.1821715207294758,3.6743402554605,3.073014621732291,1.2938393609428331,3.786008095673857,1
0.3,47,64.03052250402439,64.18576310194612,8,0.0006132040782033997,9,8.547908404818926,6.7687331440294685,9.260901878760492,8.703149002740659,6.923973741951201,9.416142476682225,1
0.3,48,57.02673446515952,56.743074052590764,13,0.0006187237054918876,13,1.5441203659540577,0.23505489483540032,2.2571138398956236,1.2604599533853005,0.5187153074041362,1.9734534273268665,1
0.3,49,54.1070860520755,53.923689173869654,11,0.0006175429622214836,11,1.375528047129933,3.1547033079194193,0.6625345731883954,1.5589249253358162,3.3381001861252457,0.8459314513942218,1
0.3,50,39.52877092205214,38.69571163392759,8,0.00061802717269439,10,15.953843177153317,17.733018437942803,15.24084970321178,16.786902465277876,18.566077726067306,16.07390899133634,1
0.3,51,63.583300214240694,63.32557082812023,10,0.0006089204343075172,11,8.10068611503523,6.321510854245773,8.813679588976797,7.842956728914764,6.063781468125306,8.55595020285633,1
0.3,52,43.541163594202075,43.74777088813993,9,0.0006065675842333812,10,11.941450505003388,13.720625765792875,11.228457031061794,11.734843211065538,13.514018471854968,11.021849737123944,1
0.3,53,58.20177213316133,58.2038763683104,10,0.0006102261064883654,11,2.719158033955864,0.9399827731664061,3.43215150789743,2.7212622691049333,0.9420870083154753,3.4342557430464993,1
0.3,54,57.122913806249414,56.880747651639524,13,0.0006212785574073573,13,1.6402997070439511,0.13887555374549265,2.353293180985517,1.3981335524340608,0.381041708355383,2.1111270263756268,1
0.3,55,52.672889571658104,51.912362091753316,10,0.0005887437924693023,11,2.8097245275473597,4.588899788336789,2.096731053605822,3.5702520074521544,5.349427268241584,2.85725853351056,1
0.3,56,47.25685257867112,46.55803736553766,7,0.0006074046237222655,8,8.22576152053432,10.004936781323806,7.512768046592782,8.924576733667777,10.703751994457264,8.21158325972624,1
0.3,57,57.34886813200082,57.133424729782114,11,0.0006345202646653394,11,1.8662540327953536,0.08707877200589564,2.5792475067369196,1.6508106305766503,0.12836463021278632,2.3638041045182163,1
0.3,58,61.80136330171319,61.903854223113484,13,0.0006243369683266459,13,6.318749202507725,4.539573941718267,7.031742676449291,6.421240123908021,4.642064863118563,7.134233597849587,1
0.3,59,64.29011911567459,63.779702619999476,10,0.0006258815771754977,10,8.807505016469122,7.028329755679664,9.520498490410688,8.297088520794013,6.517913260004555,9.010081994735579,1
0.3,60,57.15947324832193,57.11659261514533,8,0.0005915567685110259,9,1.676859149116467,0.1023161116729625,2.389852623058033,1.6339785159398659,0.14519674484961342,2.346971989881432,1
0.3,61,48.366251156708465,48.08888945945447,13,0.0006220520225768633,13,7.116362942497005,8.895538203286435,6.403369468555411,7.393724639750985,9.172899900540472,6.680731165809448,1
0.3,62,38.225664338363835,38.04497713175077,8,0.0006152601470344396,10,17.25694976084162,19.036125021631108,16.543956286900084,17.437636967454694,19.21681222824418,16.7246434935131,1
0.3,63,54.95253064178634,55.47068021365887,11,0.000625606480619848,12,0.5300834574190958,2.309258718208582,0.18291001652244177,0.01193388554656849,1.791109146336055,0.7010595883949762,1
0.3,64,63.95358563779959,64.28113471860293,12,0.0006187978321363604,12,8.470971538594128,6.69179627780467,9.183965012535694,8.798520619397465,7.019345358608007,9.51151409333903,1
0.3,65,51.104230084260436,51.229935393252894,10,0.0006149211019333944,11,4.378384014945027,6.157559275734457,3.6653905410034895,4.252678705952576,6.0318539667420055,3.5396852320109815,1
0.3,66,62.766665664371395,63.59748299114896,7,0.0006311698413312,9,7.284051565165932,5.504876304376474,7.997045039107498,8.114868891943495,6.335693631154037,8.82786236588506,1
0.3,67,59.97200700248495,59.932266248723664,13,0.0006202289162300255,13,4.489392903279487,2.7102176424900293,5.202386377221053,4.449652149518201,2.670476888728743,5.162645623459767,1
0.3,68,49.458505559432915,49.282983028521166,8,0.0005994965315213228,10,6.024108539772556,7.803283800561985,5.311115065830961,6.1996310706842905,7.978806331473777,5.486637596742753,1
0.3,69,52.561703490409315,52.82456925464551,11,0.0006242707864907042,11,2.9209106087961345,4.700085869585621,2.207917134854597,2.6580448445599814,4.437220105349411,1.945051370618387,1
0.3,70,64.40102049422117,65.45596129197027,8,0.0006100160092424687,9,8.918406395015708,7.13923113422625,9.631399868957274,9.973347192764805,8.194171931975347,10.686340666706371,1
0.3,71,64.16277768093714,64.19142694995516,9,0.0006136708395039351,11,8.680163581731676,6.9009883209422185,9.393157055673242,8.708812850749695,6.929637589960237,9.42180632469126,1
0.3,72,59.99726688469828,59.59072366559934,8,0.0006394346069667723,9,4.514652785492814,2.735477524703356,5.22764625943438,4.108109566393878,2.3289343056044203,4.821103040335444,1
0.3,73,52.28186604704575,52.12235164166532,14,0.0006179382002969205,14,3.2007480521597245,4.979923312949154,2.48775457821813,3.360262457540159,5.139437718329589,2.6472689835985648,1
0.3,74,50.84602989032859,50.56379150423717,12,0.0006162356412911848,12,4.6365842088768545,6.415759469666341,3.923590734935317,4.918822594968276,6.697997855757762,4.2058291210267384,1
0.3,75,27.677205536796997,28.263883993341086,4,0.000592260613853788,8,27.805408562408445,29.58458382319793,27.092415088466907,27.21873010586438,28.99790536665381,26.505736631922787,1
0.3,76,64.16822913387571,63.545292605099995,9,0.0006153243206387289,11,8.68561503467025,6.906439773880791,9.398608508611815,8.062678505894532,6.283503245105074,8.775671979836098,1
0.3,77,70.20519096317486,70.21945199728016,8,0.0006156069008627091,10,14.722576863969394,12.943401603179936,15.43557033791096,14.736837898074697,12.957662637285239,15.449831372016263,1
0.3,78,48.82478009025343,48.49286773732005,13,0.0006202616371949098,13,6.6578340089520225,8.437009269741509,5.944840535010485,6.989746361885409,8.768921622674895,6.276752887943871,1
0.3,79,51.996132992043336,51.89603502666866,14,0.0006201673545747459,14,3.486481107162149,5.265656367951578,2.7734876332205545,3.5865790725367788,5.365754333326265,2.873585598595241,1
0.3,80,64.47400807745674,65.22278726766572,12,0.0006170366084889883,13,8.991393978251281,7.212218717461823,9.704387452192847,9.74017316846026,7.9609979076708015,10.453166642401825,1
0.3,81,61.4927580213452,61.59483604164417,12,0.0006106087212498745,12,6.01014392213974,4.230968661350282,6.723137396081306,6.112221942438708,4.33304668164925,6.825215416380274,1
0.3,82,55.303671464230725,55.2085110467514,12,0.0006089581344307217,12,0.17894263497476004,1.9581178957641896,0.5340508389668273,0.274103052454052,2.0532783132435384,0.4388904214874998,1
0.3,83,57.16937611862422,56.94171772042562,9,0.0006287979479140937,10,1.686762019418758,0.09241324137070706,2.399755493360324,1.4591036212201587,0.320071639569278,2.1720970951617247,1
0.3,84,53.76265316368456,53.72521199113128,15,0.0006200730719545821,15,1.7199609355209304,3.49913619631036,1.006967461579336,1.7574021080741886,3.536577368863618,1.0444086341325942,1
0.3,85,64.58356077067144,64.09186595282037,11,0.0006074523721789413,12,9.100946671465977,7.321771410676519,9.813940145407543,8.609251853614907,6.830076592825449,9.322245327556473,1
0.3,86,57.98983931126518,58.03145984814732,13,0.0006218688100370348,13,2.5072252120597156,0.7280499512702576,3.2202186860012816,2.548845748941858,0.7696704881523999,3.261839222883424,1
0.3,87,65.05623741997259,65.07965356878587,11,0.0006243369683266459,12,9.573623320767126,7.794448059977668,10.286616794708692,9.597039469580409,7.817864208790951,10.310032943521975,1
0.3,88,48.42914353933515,48.29503759313932,10,0.0006341343369894977,10,7.053470559870334,8.832645820659764,6.34047708592874,7.1875765060661365,8.966751766855623,6.474583032124599,1
0.3,89,58.335761419130876,58.208528553059566,13,0.0006345202646653394,13,2.8531473199254123,1.0739720591359543,3.5661407938669782,2.7259144538541022,0.9467391930646443,3.4389079277956682,1
0.3,90,56.05419754183288,56.36316362196596,10,0.0006301597847351401,10,0.5715834426274142,1.2075918181620295,1.2845769165689802,0.8805495227604965,0.8986257380289544,1.5935429967020625,1
0.3,91,57.087220319769834,56.266230563547104,9,0.0006141572901030419,10,1.6046062205643707,0.17456904022509434,2.3175996945059367,0.783616464341641,0.9955587964478241,1.496609938283207,1
0.3,92,55.9777039589702,55.963540016127304,10,0.0006135449822538359,11,0.4950898597647395,1.2840854010246971,1.2080833337063055,0.4809259169218407,1.2982493438676102,1.1939193908634067,1
0.3,93,64.48880829242805,64.35183936065977,12,0.0006104440455537131,12,9.006194193222584,7.2270189324331255,9.71918766716415,8.869225261454304,7.090050000664846,9.58221873539587,1
0.3,94,48.32981669118383,47.957196709306416,10,0.0006132017296783723,11,7.152797408021627,8.931972668811113,6.439803934080089,7.525417389899076,9.304592650688505,6.812423915957481,1
0.3,95,55.345769880585884,55.265826779919486,9,0.0006324751163874115,10,0.13684421861955798,1.9160194794090444,0.5761492553219867,0.21678731928597017,1.9959625800754566,0.4962061546555887,1
0.3,96,50.294732038469796,50.2780808319922,13,0.000615803328639259,13,5.18788206073566,6.967057321525147,4.474888586794123,5.2045332672132645,6.983708528002694,4.491539793271727,1
0.3,97,55.84363790710182,56.030208706451006,14,0.0006218335484049957,14,0.361023807896359,1.4181514528930848,1.074017281837925,0.5475946072455429,1.231580653543915,1.2605880811871089,1
0.3,98,56.77279022118161,56.77756470499521,12,0.0006201978999230127,12,1.2901761219761454,0.4889991388133126,2.0031695959177114,1.2949506057897437,0.4842246549997071,2.0079440797313097,1
0.3,99,57.793006534102744,57.75819021733131,10,0.0006338136748604587,11,2.310392434897281,0.5312171741078231,3.023385908838847,2.275576118125848,0.49640085733638983,2.988569592067414,1
0.3,100,60.870657331388195,60.15203874511397,6,0.00060065406802203,10,5.388043232182731,3.6088679713932734,6.101036706124297,4.6694246459085065,2.8902493851190485,5.3824181198500725,1
0.3,101,54.65119928430666,54.60068604271861,13,0.000615803328639259,13,0.8314148148988352,2.6105900756882647,0.11842134095724077,0.8819280564868563,2.6611033172763428,0.16893458254526195,1
0.3,102,61.78552966575787,61.95851976084636,11,0.0006364831060238291,12,6.302915566552407,4.523740305762949,7.015909040493973,6.475905661640894,4.696730400851436,7.18889913558246,1
0.3,103,51.13829406995456,50.999309306902695,9,0.000618487216154903,11,4.344320029250923,6.123495290040353,3.631326555309329,4.483304792302761,6.262480053092247,3.770311318361223,1
0.3,104,55.572505479821935,55.64810100558005,13,0.0006180606161901434,13,0.0898913806164714,1.6892838801729795,0.8028848545580374,0.16548690637458918,1.613688354414876,0.8784803803161552,1
0.3,105,63.86549939258013,63.76249773377426,10,0.0006162010519795075,11,8.38288529337467,6.603710032585212,9.095878767316236,8.279883634568797,6.500708373779339,8.992877108510363,1
0.3,106,44.60463152187837,44.46516731265984,5,0.0006100614307922041,8,10.877982577327089,12.657157838116575,10.164989103385551,11.017446786545634,12.796622047335063,10.30445331260404,1
0.3,107,56.13897275066375,55.726289860652564,14,0.0006166147185398193,14,0.6563586514582838,1.122816609331153,1.3693521253998497,0.24367576144710057,1.535499499342336,0.9566692353886666,1
0.3,108,60.538605904617796,61.26775449734805,8,0.0006268768368973845,10,5.055991805412333,3.276816544622875,5.768985279353899,5.7851403981425875,4.0059651373531295,6.4981338720841535,1
0.3,109,59.490183742348584,59.87998788766265,10,0.0006232511330839982,11,4.007569643143121,2.228394382353663,4.720563117084687,4.3973737884571875,2.6181985276677295,5.1103672623987535,1
0.3,110,55.602256769346624,55.57176107636006,13,0.0006303988844774543,13,0.11964267014116103,1.6595325906482685,0.832636144082727,0.08914697715459852,1.6900282836348879,0.8021404510961645,1
0.3,111,60.95058749870335,60.86042119265041,9,0.0006129912751488872,10,5.467973399497886,3.688798138708428,6.180966873439452,5.37780709344495,3.5986318326554922,6.090800567386516,1
0.3,112,51.35456734994287,50.96909861601606,12,0.0006150688540217335,12,4.12804674926258,5.907222010052067,3.4150532753210427,4.513515483189394,6.292690743978881,3.8005220092478567,1
0.3,113,63.18669252805625,63.143064696833726,9,0.0006153243206387289,10,7.704078428850785,5.924903168061327,8.417071902792351,7.660450597628262,5.881275336838804,8.373444071569828,1
0.3,114,50.76938817001987,50.55783879853218,11,0.0006165302547564936,12,4.713225929185569,6.492401189975055,4.000232455244031,4.924775300673275,6.7039505614627615,4.2117818267317375,1
0.3,115,49.92145139308828,49.58719970991545,12,0.0006152601470344396,12,5.561162706117159,7.340337966906645,4.848169232175621,5.895414389290011,7.674589650079497,5.182420915348416,1
0.3,116,56.37962242720197,56.36745536773151,9,0.0006074046237222655,10,0.8970083279965095,0.8821669327929271,1.6100018019380755,0.8848412685260456,0.8943339922633982,1.5978347424676116,1
0.3,117,56.1732135409732,56.43575246757175,9,0.0006175429622214837,10,0.6905994417677377,1.0885758190217416,1.4035929157093037,0.9531383683662895,0.8260368924231898,1.6661318423078555,1
0.3,118,60.21581854269294,60.339635472975246,11,0.0006141572901030418,12,4.73320444348748,2.9540291826980223,5.446197917429046,4.857021373769783,3.0778461129803247,5.570014847711349,1
0.3,119,50.85092778332145,50.72528038211986,8,0.000635569482528081,10,4.6316863158839965,6.410861576673483,3.918692841942459,4.757333717085601,6.536508977875087,4.044340243144006,1
0.3,120,45.40646060567568,45.19324982106144,9,0.0006436493979436913,10,10.076153493529773,11.85532875431926,9.363160019588236,10.289364278144035,12.068539538933464,9.57637080420244,1
0.3,121,67.68348748159448,67.54913022766452,9,0.000617542962221483,9,12.20087338238902,10.421698121599562,12.913866856330586,12.066516128459057,10.287340867669599,12.779509602400623,1
0.3,122,62.6463165007635,62.63193656735543,11,0.0006303988844774543,12,7.163702401558034,5.384527140768576,7.8766958754996,7.149322468149968,5.37014720736051,7.862315942091534,1
0.3,123,43.03557074008601,43.50329472290446,10,0.000590380732339055,10,12.447043359119448,14.226218619908934,11.73404988517791,11.97931937630102,13.75849463709045,11.266325902359426,1
0.3,124,61.38800421415308,61.49080242248634,8,0.0006213739237059474,10,5.905390114947615,4.126214854158157,6.618383588889181,6.008188323280876,4.229013062491418,6.721181797222442,1
0.3,125,50.52554013035649,50.299217087702885,14,0.0006201673545747459,14,4.957073968848988,6.7362492296384175,4.244080494907394,5.183397011502564,6.96257227229205,4.470403537561026,1
0.3,126,53.113493229211244,53.03731152767022,15,0.0006200730719545821,15,2.3691208699942194,4.148296130783706,1.656127396052625,2.445302571535251,4.2244778323246805,1.7323090975936566,1
0.3,127,52.28466517933416,51.67845696060535,9,0.0006251758167473479,10,3.197948919871294,4.97712418066078,2.4849554459297565,3.8041571386000896,5.583332399389576,3.091163664658552,1
0.3,128,54.317066866679056,53.890509553222046,13,0.000615803328639259,13,1.1655472325264213,2.944722493315851,0.45255375858482694,1.5921045459834318,3.3712798067728613,0.8791110720418374,1
0.3,129,59.932825891682484,60.79267191907033,10,0.0006104747984743006,11,4.45021179247702,2.6710365316875624,5.163205266418586,5.310057819864866,3.5308825590754083,6.023051293806432,1
0.3,130,81.6185645961291,81.63479515307378,5,0.0006361562191775514,7,26.13595049692364,24.356775236134183,26.848943970865207,26.15218105386832,24.37300579307886,26.865174527809884,1
0.3,131,53.30639622828326,52.92771982230409,10,0.000610794565375832,10,2.176217870922187,3.9553931317116735,1.4632243969806495,2.5548942769013934,4.334069537690823,1.841900802959799,1
0.3,132,54.86114472222794,54.21954643195948,10,0.0006084886459426313,10,0.6214693769775295,2.400644637766959,0.09152409696404362,1.2630676672459913,3.042242928035421,0.5500741933043969,1
0.3,133,66.39524808429793,66.54878682076682,11,0.0006108266603152222,12,10.91263398509247,9.133458724303011,11.625627459034035,11.066172721561358,9.2869974607719,11.779166195502924,1
0.3,134,60.24868682952664,60.45492793682173,7,0.0006121492384300354,10,4.766072730321177,2.986897469531719,5.479066204262743,4.972313837616269,3.1931385768268115,5.685307311557835,1
0.3,135,58.521187141041615,59.49258418772696,7,0.0006242707864907042,10,3.038573041836152,1.2593977810466939,3.751566515777718,4.009970088521499,2.2307948277320406,4.722963562463065,1
0.3,136,51.65976123285393,51.43182931980434,13,0.0006369847164798147,13,3.822852866351525,5.602028127141011,3.1098593924099873,4.050784779401113,5.829960040190599,3.337791305459575,1
0.3,137,60.86474227031886,60.457992339444345,12,0.0006129858502784472,13,5.3821281711133935,3.6029529103239355,6.0951216450549595,4.975378240238882,3.196202979449424,5.688371714180448,1
0.3,138,64.29300024692417,67.35285429469651,7,0.0006033724322484507,8,8.810386147718702,7.0312108869292445,9.523379621660268,11.87024019549105,10.091064934701592,12.583233669432616,1
0.3,139,56.118451710850394,55.44868870421753,8,0.0006628617843464642,8,0.6358376116449307,1.1433376491445415,1.3488310855864967,0.03392539498793212,1.8131006557773617,0.6790680789536339,1
0.3,140,58.25831841829438,58.52091865036269,9,0.0005974417397620169,10,2.7757043190889163,0.9965290582994584,3.4886977930304823,3.038304551157225,1.2591292903677669,3.751298025098791,1
0.3,141,48.13541436038371,47.94189424176288,10,0.0006292071028685445,11,7.347199738821757,9.126374999611187,6.634206264880163,7.540719857442582,9.319895118232012,6.827726383501044,1
0.3,142,54.66432260971481,54.545097572991686,12,0.0006166592239900142,13,0.8182914894906617,2.597466750280091,0.10529801554906726,0.9375165262137557,2.716691787003242,0.22452305227221814,1
0.3,143,48.28885885847743,47.9842338556122,10,0.0006093979610695798,11,7.193755240728024,8.97293050151751,6.480761766786486,7.49838024359326,9.27755550438269,6.785386769651723,1
0.3,144,79.70236331810126,78.40191626365248,4,0.0006065865097007355,5,24.2197492188958,22.44057395810634,24.932742692837365,22.919302164447018,21.14012690365756,23.632295638388584,1
0.3,145,60.90271787717039,60.25963792968038,12,0.0006175290407811262,13,5.4201037779649255,3.6409285171754675,6.1330972519064915,4.777023830474917,2.997848569685459,5.490017304416483,1
0.3,146,59.30618095769249,59.16084581743126,10,0.0006219073301178017,10,3.823566858487027,2.044391597697569,4.536560332428593,3.6782317182257955,1.8990564574363376,4.3912251921673615,1
0.3,147,53.261611870417276,52.455428855707794,11,0.0006293927365543597,11,2.2210022287881657,4.000177489577652,1.508008754846628,3.0271852434976836,4.806360504287113,2.314191769556089,1
0.3,148,59.67203853673575,58.6365797486592,8,0.0006213972069283046,10,4.189424437530285,2.4102491767408267,4.902417911471851,3.1539656494537383,1.3747903886642803,3.8669591233953042,1
0.3,149,52.71211967976092,52.77732444451953,12,0.0006145069456727785,13,2.77049441944456,4.54966968023399,2.057500945502966,2.7052896546859415,4.484464915475371,1.9922961807443471,1
0.3,150,67.52102902630394,68.31663924376527,7,0.0006324751163874115,9,12.038414927098472,10.259239666309014,12.751408401040038,12.834025144559803,11.054849883770345,13.547018618501369,1
0.3,151,61.13606803421225,60.98933280601418,10,0.0006215910091424185,11,5.653453935006787,3.8742786742173294,6.366447408948353,5.506718706808719,3.7275434460192614,6.219712180750285,1
0.3,152,63.32164945193079,62.905324001778084,13,0.0006165302547564936,14,7.839035352725325,6.059860091935867,8.552028826666891,7.42270990257262,5.643534641783162,8.135703376514186,1
0.3,153,52.92115554443645,52.62105216467333,12,0.0006148323216790771,12,2.56145855476899,4.340633815558476,1.8484650808274523,2.8615619345321193,4.640737195321606,2.1485684605905817,1
0.3,154,66.16388396620795,66.11027386892856,7,0.0006110902599659244,8,10.681269867002484,8.902094606213026,11.39426334094405,10.627659769723095,8.848484508933637,11.340653243664661,1
0.3,155,56.40737463207819,56.10166313147889,13,0.000615803328639259,13,0.9247605328727246,0.8544147279167191,1.6377540068142906,0.6190490322734234,1.1601262285160487,1.3320425062149894,1
0.3,156,55.55815833434673,55.76233911552256,13,0.0006207290535353404,13,0.0755442351412654,1.7036310256481784,0.7885377090828314,0.27972501631709434,1.4994502444723707,0.9927184902586603,1
0.3,157,57.602650606180134,57.48603464024211,14,0.0006138883510515985,14,2.120036506974671,0.34086124618521296,2.833029980916237,2.003420541036647,0.22424528024718882,2.7164140149782128,1
0.3,158,60.491968301833445,60.97399517592888,12,0.000619434705821066,13,5.009354202627982,3.230178941838524,5.722347676569548,5.491381076723414,3.712205815933956,6.20437455066498,1
0.3,159,55.127649699990485,55.04832330811649,10,0.0006205341794699525,11,0.35496439921496403,2.1341396600044504,0.35802907472658774,0.4342907910889835,2.213466051878413,0.2787026828525896,1
0.3,160,55.53432653187241,55.65441727341083,13,0.0006213264494206488,13,0.05171243266694603,1.7274628281224977,0.764705906608512,0.1718031742053654,1.6073720865840642,0.8847966481469314,1
0.3,161,57.86836811672207,57.937864821776,13,0.000625606480619848,13,2.3857540175166037,0.6065787567271457,3.0987474914581696,2.45525072257054,0.6760754617810818,3.1682441965121058,1
0.3,162,60.892645875193274,60.85840707374694,11,0.0006065865097007359,11,5.410031775987811,3.630856515198353,6.123025249929377,5.375792974541476,3.5966177137520177,6.088786448483042,1
0.3,163,58.38525875035747,58.57518317911543,15,0.0006180606161901434,15,2.902644651152009,1.1234693903625512,3.615638125093575,3.092569079909964,1.3133938191205061,3.80556255385153,1
0.3,164,50.24952914110031,49.340139899188756,7,0.0006287979479140937,9,5.233084958105167,7.012260218894596,4.520091484163572,6.142474200016693,7.921649460806179,5.429480726075155,1
0.3,165,53.791215954966624,53.66998565161268,9,0.0006212785574073573,10,1.6913981442388604,3.47057340502829,0.978404670297266,1.8126284475927719,3.5918037083822583,1.0996349736512343,1
0.3,166,73.91011007702299,73.88925964270125,8,0.0006246467713390338,10,18.42749597781753,16.64832071702807,19.140489451759095,18.406645543495785,16.627470282706327,19.11963901743735,1
0.3,167,57.44501166448671,57.21393253497499,14,0.000619434705821066,14,1.9623975652812433,0.18322230449178534,2.6753910392228093,1.7313184357695235,0.0478568250199487,2.4443119097110895,1
0.3,168,56.34246964153956,55.80790067788594,9,0.0006245086537270394,10,0.8598555423340954,0.9193197184553696,1.5728490162756614,0.32528657868047617,1.4538886821089818,1.0382800526220421,1
0.3,169,47.966130624768645,47.4275952337034,10,0.0006231585267344293,10,7.516483474436825,9.295658735226255,6.803490000495231,8.055018865502063,9.83419412629155,7.342025391560469,1
0.3,170,68.86140105291982,68.81537945308159,7,0.0006043827133476141,8,13.378786953714354,11.599611692924896,14.09178042765592,13.332765353876127,11.553590093086669,14.045758827817693,1
0.3,171,59.26090984516312,59.448056523259275,9,0.0006202510167495209,10,3.7782957459576565,1.9991204851681985,4.4912892198992225,3.965442424053812,2.186267163264354,4.678435897995378,1
0.3,172,57.02835585308717,57.11347252307809,12,0.0006232511330839982,12,1.5457417538817069,0.23343350690777243,2.258735227823273,1.630858423872624,0.14831683691681974,2.34385189781419,1
0.3,173,64.88133816992385,64.96490199230487,12,0.0006228317088736474,13,9.398724070718387,7.619548809928929,10.111717544659953,9.48228789309941,7.703112632309953,10.195281367040977,1
0.3,174,18.9403669683922,18.940366968392198,3,0.000592260613853788,5,36.54224713081328,38.32142239160271,35.829253656871686,36.54224713081328,38.32142239160271,35.829253656871686,1
0.3,175,64.27290055252918,64.15463224017053,10,0.0006198917593694434,11,8.790286453323716,7.011111192534258,9.503279927265282,8.672018140965065,6.892842880175607,9.385011614906631,1
0.3,176,49.93138152802232,49.31927695096296,10,0.0006135975931344916,11,5.551232571183164,7.330407831972593,4.838239097241569,6.163337148242476,7.942512409031963,5.450343674300939,1
0.3,177,54.15936195517786,50.65746846542346,5,0.000610061430792204,7,1.323252144027606,3.1024274048170355,0.6102586700860684,4.825145633781972,6.604320894571458,4.112152159840434,1
0.3,178,64.63716740108208,64.1932216008292,11,0.0006103907821845268,12,9.154553301876618,7.37537804108716,9.867546775818184,8.710607501623741,6.931432240834283,9.423600975565307,1
0.3,179,59.49549581777377,59.51614630293836,14,0.000617121072272314,14,4.012881718568309,2.233706457778851,4.725875192509875,4.0335322037328964,2.2543569429434385,4.746525677674462,1
0.3,180,64.27403856012575,64.39261584873074,10,0.0006069973204447803,11,8.791424460920283,7.0122492001308245,9.504417934861848,8.910001749525279,7.130826488735821,9.622995223466845,1
0.3,181,60.046013623933845,59.535239842244636,14,0.000619434705821066,14,4.563399524728382,2.784224263938924,5.276392998669948,4.052625743039172,2.2734504822497144,4.765619216980738,1
0.3,182,51.19816200520636,51.20664788980672,12,0.0006248163197136117,12,4.284452093999107,6.063627354788537,3.5714586200575127,4.275966209398746,6.055141470188232,3.5629727354571514,1
0.3,183,53.2644443323811,52.86880321621907,12,0.0006168782590473074,12,2.21816976682436,3.9973450276138465,1.5051762928827657,2.6138108829863995,4.392986143775829,1.9008174090448051,1
0.3,184,65.3107083972296,65.5266594824198,9,0.0006188217240304944,10,9.82809429802414,8.048919037234683,10.541087771965707,10.044045383214339,8.264870122424881,10.757038857155905,1
0.3,185,50.6595785339745,50.43120059309496,13,0.0006251758167473479,13,4.823035565230953,6.602210826020439,4.110042091289415,5.051413506110521,6.83058876689995,4.338420032168926,1
0.3,186,63.76731007170989,64.09130203361242,11,0.0006242707864907042,12,8.28469597250443,6.505520711714972,8.997689446445996,8.608687934406959,6.829512673617501,9.321681408348525,1
0.3,187,50.35662966454353,50.24712801160093,13,0.0006200730719545821,13,5.125984434661916,6.9051596954514025,4.4129909607203786,5.235486087604556,7.014661348393986,4.522492613662962,1
0.3,188,51.514052755767814,51.37698442203834,14,0.0006180324829170844,14,3.9685613434376705,5.7477366042271,3.255567869496076,4.105629677167144,5.884804937956574,3.3926362032255497,1
0.3,189,80.47811287732709,91.07071682002115,6,0.0006324751163874116,8,24.99549877812163,23.21632351733217,25.708492252063195,35.588102720815684,33.808927460026226,36.30109619475725,1
0.3,190,55.0813268937102,55.073794651112934,12,0.0006216245007601474,12,0.4012872054952368,2.180462466284723,0.3117062684463008,0.40881944809251536,2.1879947088820018,0.3041740258490364,1
0.3,191,55.077254655950654,55.086888171966926,9,0.0006115434460439763,9,0.40535944325483797,2.1845347040442675,0.30763403068675643,0.39572592723851585,2.1749011880280023,0.3172675467030288,1
0.3,192,76.71119192846585,76.60750973706712,4,0.0005972702331093745,6,21.228577829260388,19.44940256847093,21.941571303201954,21.124895637861655,19.345720377072197,21.83788911180322,1
0.3,193,52.11691035299724,52.30983036158483,11,0.0006207290535353404,11,3.3657037462082258,5.144879006997712,2.6527102722666314,3.172783737620648,4.951958998410078,2.4597902636790536,1
0.3,194,49.13769504452675,49.13775592818479,10,0.0006236272300169142,10,6.344919054678712,8.124094315468142,5.631925580737175,6.3448581710206895,8.124033431810119,5.631864697079095,1
0.3,195,43.98208616075955,44.263145629762285,7,0.0006345202646653394,8,11.500527938445885,13.279703199235371,10.787534464504347,11.2194684694432,12.99864373023263,10.506474995501605,1
0.3,196,36.757135890711126,42.85325226065942,7,0.0005957315858700372,9,18.725478208494337,20.504653469283767,18.0124847345528,12.62936183854606,14.40853709933549,11.916368364604466,1
0.3,197,53.95338088252574,53.88115607357096,14,0.0006199498707985659,14,1.5292332166796996,3.308408477469186,0.816239742738162,1.6014580256344857,3.380633286423972,0.8884645516929481,1
0.3,198,52.342903218140144,52.35779471753518,11,0.0006166991823231449,11,3.139710881065298,4.9188861418547845,2.4267174071237605,3.1248193816703065,4.903994642459736,2.411825907728712,1
0.3,199,51.51603487157397,51.186557759920824,8,0.0006273091452796127,9,3.9665792276314846,5.745754488420971,3.253585753689947,4.2960563392846325,6.075231600074119,3.583062865343095,1
0.3,200,51.38111577192748,51.166458385641924,13,0.0006158718492025214,13,4.101498327277966,5.880673588067452,3.3885048533364284,4.316155713563546,6.095330974352976,3.603162239621952,1
0.3,201,55.99844631693203,55.652463567184235,12,0.0006149045558348594,12,0.5158322177265688,1.2633430430628891,1.2288256916681348,0.16984946797877143,1.6093257928106937,0.8828429419203374,1
0.3,202,58.556886003161445,58.17081189889842,15,0.000617542962221483,15,3.0742719039559816,1.2950966431665236,3.7872653778975476,2.688197799692958,0.9090225389034998,3.401191273634524,1
0.3,203,54.074464111137594,54.450263311530875,11,0.0006141572901030419,11,1.408149988067862,3.1873252488573485,0.6951565141263245,1.032350787674602,2.8115260484640316,0.3193573137330077,1
0.3,204,53.71997310864349,53.78243682687667,11,0.0006128683311602275,11,1.7626409905619767,3.541816251351406,1.049647516620439,1.7001772723288013,3.479352533118231,0.9871837983872069,1
0.3,205,61.57192154576154,61.814465499567646,8,0.0006268768368973845,9,6.089307446556077,4.310132185766619,6.802300920497643,6.331851400362183,4.552676139572725,7.044844874303749,1
0.3,206,59.332995867332144,68.33735430390978,6,0.0005970784254775966,9,3.850381768126681,2.071206507337223,4.563375242068247,12.854740204704314,11.075564943914856,13.56773367864588,1
0.3,207,58.18050586817504,58.2906771132816,12,0.0006202721051491688,12,2.6978917689695763,0.9187165081801183,3.4108852429111423,2.80806301407614,1.028887753286682,3.521056488017706,1
0.3,208,49.08804235463615,48.791251064548334,12,0.0006179382002969205,12,6.394571744569305,8.173747005358791,5.681578270627767,6.691363034657115,8.470538295446602,5.978369560715578,1
0.3,209,49.95285760826484,49.91880609878105,13,0.0006219558747139824,13,5.529756490940599,7.308931751730086,4.816763016999062,5.5638080004243875,7.342983261213874,4.85081452648285,1
0.3,210,14.71355218612759,52.208148220874364,2,0.0004472935781371042,6,40.76906191307785,42.548237173867335,40.05606843913631,3.274465878331114,5.053641139120543,2.5614724043895194,1
0.3,211,57.127461893619234,57.010698329031534,15,0.0006213264494206488,15,1.6448477944137707,0.13432746637568016,2.3578412683553367,1.5280842298260708,0.25109103096338004,2.241077703767637,1
0.3,212,44.36991584549456,44.35720068574729,11,0.0006115434460439763,12,11.112698253710903,12.89187351450039,10.399704779769309,11.125413413458205,12.904588674247634,10.41241993951661,1
0.3,213,64.47997472660612,66.91695753086955,9,0.0006148552065809061,11,8.997360627400653,7.218185366611195,9.710354101342219,11.43434343166409,9.655168170874632,12.147336905605655,1
0.3,214,62.57070012253805,62.585486568353225,8,0.0006198917593694434,9,7.088086023332586,5.308910762543128,7.801079497274152,7.102872469147762,5.323697208358304,7.815865943089328,1
0.3,215,55.29412718222231,55.2814403811128,12,0.0006237376453284414,12,0.1884869169831518,1.9676621777725813,0.5245065569584142,0.2011737180926616,1.980348978882148,0.5118197558489044,1
0.3,216,48.79947501963146,51.038438758392715,9,0.0006165302547564936,11,6.683139079574005,8.462314340363491,5.9701456056324105,4.444175340812762,6.223350601602192,3.731181866871168,1
0.3,217,52.81129538681013,52.706242450406485,14,0.0006161667916978763,14,2.671318712395305,4.450493973184791,1.9583252384537673,2.7763716487989996,4.555546909588429,2.063378174857405,1
0.3,218,50.04395968976568,49.839626792941885,8,0.0005795444960049468,10,5.438654409439778,7.217829670229264,4.72566093549824,5.642987306263592,7.422162567053022,4.929993832321998,1
0.3,219,68.49401097813315,66.86329712934254,5,0.0006007397957911069,7,13.011396878927684,11.232221618138226,13.72439035286925,11.380683030137078,9.60150776934762,12.093676504078644,1
0.3,220,41.742990502602055,41.86111745272048,6,0.000592260613853788,8,13.739623596603394,15.51879885739288,13.026630122661857,13.621496646484957,15.400671907274443,12.90850317254342,1
0.3,221,53.95338088252574,53.88115607357096,14,0.0006199498707985659,14,1.5292332166796996,3.308408477469186,0.816239742738162,1.6014580256344857,3.380633286423972,0.8884645516929481,1
0.3,222,49.91452320336807,49.55185708060946,12,0.0006179382002969205,12,5.568090895837372,7.3472661566268584,4.8550974218958345,5.930757018596012,7.709932279385441,5.217763544654417,1
0.3,223,45.17267959327245,44.39961173395612,8,0.0006396298064832314,10,10.309934505933029,12.089109766722459,9.596941031991435,11.083002365249342,12.862177626038829,10.370008891307748,1
0.3,224,46.695125037947136,46.632983794747844,7,0.0006105517083666402,10,8.787489061258327,10.566664322047814,8.074495587316733,8.849630304457605,10.628805565247092,8.136636830516068,1
0.3,225,59.54839530519543,59.37737842575383,11,0.000617987658971013,12,4.065781205989964,2.286605945200506,4.77877467993153,3.894764326548369,2.115589065758911,4.607757800489935,1
0.3,226,43.72424466543347,41.36818562344341,10,0.000612850368073509,11,11.758369433771975,13.537544694561461,11.045375959830437,14.114428475762054,15.89360373655154,13.40143500182046,1
0.3,227,58.04188486797473,57.58932650412322,13,0.0006155285724509442,13,2.5592707687692666,0.7800955079798086,3.2722642427108326,2.106712404917758,0.32753714412829993,2.819705878859324,1
0.3,228,48.366251156708465,48.08888945945447,13,0.0006220520225768633,13,7.116362942497005,8.895538203286435,6.403369468555411,7.393724639750985,9.172899900540472,6.680731165809448,1
0.3,229,50.672557789169964,50.51587074050844,11,0.0006074523721789413,12,4.81005631003552,6.58923157082495,4.097062836093926,4.966743358697045,6.745918619486474,4.25374988475545,1
0.3,230,63.90515637224023,70.9698574284688,9,0.0006037913712247943,10,8.422542273034765,6.643367012245307,9.13553574697633,15.487243329263336,13.708068068473878,16.200236803204902,1
0.3,231,47.301720523072085,47.276495730343136,9,0.0006324073613345449,11,8.180893576133371,9.960068836922858,7.467900102191834,8.206118368862349,9.985293629651778,7.493124894920754,1
0.3,232,72.91421956018235,72.0468244610947,8,0.0006169653253003905,10,17.431605460976883,15.652430200187425,18.14459893491845,16.564210361889238,14.78503510109978,17.277203835830804,1
0.3,233,56.77365965476728,55.83592673966081,10,0.0006363944831894423,11,1.2910455555618157,0.48812970522766364,2.0040390295033816,0.35331264045534994,1.425862620334101,1.066306114396916,1
0.3,234,51.86031548674259,52.22607157936926,12,0.0006103907821845269,12,3.6222986124628846,5.401473873252314,2.9093051385212902,3.2565425198362163,5.035717780625646,2.543549045894622,1
0.3,235,56.582886548390654,56.57824269964765,13,0.0006220520225768633,13,1.1002724491851907,0.6789028116042459,1.8132659231267567,1.0956286004421898,0.6835466603472469,1.8086220743837558,1
0.3,236,69.27731834044972,75.91455467018588,10,0.000609648254193444,11,13.794704241244261,12.015528980454803,14.507697715185827,20.431940570980416,18.652765310190958,21.144934044921982,1
0.3,237,65.64445715461231,65.61685678697572,8,0.0006079142699997813,10,10.161843055406848,8.38266779461739,10.874836529348414,10.134242687770254,8.355067426980796,10.84723616171182,1
0.3,238,51.60515845927253,51.58751992489245,12,0.0006361972612161232,12,3.8774556399329185,5.656630900722405,3.164462165991381,3.8950941743130443,5.674269435102474,3.18210070037145,1
0.3,239,50.66213759775841,50.33154053600878,11,0.0006166991823231449,12,4.820476501447047,6.599651762236533,4.107483027505509,5.1510735631966895,6.930248823986119,4.438080089255095,1
0.3,240,45.630056622718875,46.46690379443385,7,0.0006491599452255574,10,9.852557476486595,11.631732737276025,9.139564002545,9.01571030477163,10.79488556556106,8.302716830830036,1
0.3,241,81.15362827944735,82.9757864390995,4,0.0006065865097007356,9,25.671014180241883,23.891838919452425,26.38400765418345,27.49317233989403,25.713997079104573,28.206165813835597,1
0.3,242,61.77288545550036,62.13680948213496,13,0.0006213264494206488,13,6.290271356294895,4.511096095505437,7.003264830236461,6.654195382929494,4.875020122140036,7.36718885687106,1
0.3,243,57.87754951407998,57.467697667837584,14,0.000618380361549586,14,2.394935414874517,0.6157601540850592,3.107928888816083,1.9850835686321204,0.20590830784266245,2.6980770425736864,1
0.3,244,55.79529228680585,55.63658765952107,13,0.0006102337398817139,13,0.31267818760038324,1.466497073189089,1.0256716615419492,0.15397356031560605,1.6252017004738377,0.866967034257172,1
0.3,245,55.73760900247513,56.0599164497967,11,0.0006185577952818358,11,0.2549949032696688,1.5241803575198105,0.9679883772112348,0.5773023505912391,1.201872910198233,1.2902958245328051,1
0.3,246,70.26362472912932,70.65344673892798,9,0.0006251758167473475,10,14.781010629923856,13.001835369134398,15.494004103865421,15.17083263972252,13.391657378933061,15.883826113664085,1
0.3,247,51.30541938173436,51.14147377602322,9,0.000615803328639259,11,4.177194717471082,5.956369978260568,3.464201243529544,4.3411403231822305,6.120315583971717,3.628146849240693,1
0.3,248,51.532411603797264,51.684978590048594,11,0.000615803328639259,12,3.9502024954081776,5.729377756197664,3.23720902146664,3.797635509156862,5.5768107699463485,3.0846420352153245,1
0.3,249,52.87709190874853,53.12691868489281,10,0.0006019690194125133,11,2.605522190456952,4.384697451246382,1.8925287165153577,2.355695414312663,4.134870675102093,1.6427019403710688,1
0.3,250,43.84238052272007,43.69134715846897,10,0.0006205210167002318,11,11.6402335764854,13.41940883727483,10.927240102543806,11.791266940736477,13.570442201525964,11.07827346679494,1
0.3,251,57.07910446660514,57.78693813942596,10,0.0006382494617235877,10,1.5964903673996744,0.18268489338976224,2.3094838413412404,2.3043240402205,0.5251487794310421,3.017317514162066,1
0.3,252,45.72903122172002,46.65110361820015,9,0.000586047207752253,10,9.753582877485428,11.532758138274914,9.04058940354389,8.831510481005296,10.610685741794782,8.118517007063758,1
0.3,253,54.81137580985879,55.08392460099402,11,0.000615803328639259,12,0.6712382893466611,2.4504135501361475,0.04175518459489069,0.3986894982114677,2.1778647590008973,0.3143039757301196,1
0.3,254,56.385048447606465,64.85481836786295,7,0.0006102337398817139,10,0.9024343484010018,0.8767409123884704,1.6154278223425678,9.372204268657484,7.593029007868026,10.08519774259905,1
0.3,255,57.56985293018807,57.10769593002654,13,0.0006074523721789413,13,2.0872388309826064,0.30806357019314845,2.8002323049241724,1.625081830821074,0.15409342996838404,2.33807530476264,1
0.3,256,56.22793902959244,55.77677923086119,9,0.0006309205992702815,10,0.7453249303869782,1.0338503304024584,1.4583184043285442,0.2941651316557241,1.485010129133741,1.00715860559729,1
0.3,257,58.112099278288945,57.97229137615392,9,0.0006324751163874116,10,2.6294851790834812,0.8503099182940232,3.342478653025047,2.4896772769484556,0.7105020161589977,3.2026707508900216,1
0.3,258,62.537129182225925,63.136095423855664,6,0.0005960880680765061,9,7.054515083020462,5.275339822231004,7.767508556962028,7.653481324650201,5.874306063860743,8.366474798591767,1
0.3,259,81.31183173051924,81.5582479469389,6,0.0006034881454767421,9,25.82921763131378,24.050042370524324,26.542211105255348,26.075633847733442,24.296458586943984,26.78862732167501,1
0.3,260,46.421674173381376,46.406436687246426,13,0.0006165302547564936,13,9.060939925824073,10.84011518661356,8.347946451882535,9.076177411959065,10.855352672748495,8.363183938017471,1
0.3,261,44.78926462849393,45.154883837787104,8,0.0006388963008141467,10,10.693349470711553,12.472524731500982,9.980355996769958,10.327730261418367,12.106905522207796,9.614736787476772,1
0.3,262,56.662475127181885,56.173588102561034,11,0.0006262716980141204,12,1.179861027976422,0.5993142328130148,1.8928545019179879,0.6909740033555707,1.088201257433866,1.4039674772971367,1
0.3,263,50.411381695800344,42.09156700389457,7,0.0006324073613345449,9,5.0712324034051335,6.850407664194563,4.358238929463539,13.39104709531091,15.17022235610034,12.678053621369315,1
0.3,264,49.164682710882644,49.28533338925085,11,0.0006119306153608673,11,6.3179313883227906,8.097106649112277,5.604937914381253,6.197280709954612,7.976455970744041,5.484287236013074,1
0.3,265,53.71420358181643,53.60273415735942,11,0.0006049249937125562,11,1.768410517389043,3.5475857781784725,1.0554170434474486,1.8798799418460703,3.6590552026355,1.166886467904476,1
0.3,266,51.789942829586515,51.594226374142224,11,0.0006049224919953992,11,3.692671269618927,5.471846530408413,2.9796777956773894,3.8883877250632395,5.667562985852669,3.175394251121702,1
0.3,267,53.90994167324945,54.10432464538248,12,0.0006278145500598543,12,1.572672425956,3.3518476867454865,0.8596789520144625,1.3782894538229584,3.157464714612445,0.6652959798814209,1
0.3,268,55.136891762451306,55.12593223797918,12,0.0006209374995352464,12,0.345722336754136,2.1248975975436224,0.36727113718740867,0.35668186122626366,2.13585712201575,0.356311612715281,1
0.3,269,53.50625709053545,53.36563175785594,10,0.0006212343189078864,11,1.9763570086699929,3.7555322694594793,1.2633635347284553,2.1169823413495124,3.8961576021389988,1.4039888674079748,1
0.3,270,53.81240326235296,53.57152722380206,9,0.0006220520225768633,9,1.6702108368525046,3.449386097641991,0.9572173629109102,1.9110868754033845,3.690262136192871,1.198093401461847,1
0.3,271,55.81649933855535,55.499843758095885,14,0.000617121072272314,14,0.3338852393498897,1.4452900214395754,1.0468787132914557,0.017229658890421717,1.761945601899015,0.7302231328319877,1
0.3,272,57.40321999726066,57.491668337841986,12,0.0006173804285604878,12,1.9206058980552,0.14143063726574212,2.633599371996766,2.009054238636523,0.2298789778470649,2.722047712578089,1
0.3,273,45.98145224794418,50.04904755285081,10,0.0006062173442672083,11,9.501161851261259,11.280337112050745,8.788168377319721,5.433566546354655,7.212741807144084,4.720573072413117,1
0.3,274,53.42173960834511,53.26558397079075,15,0.0006200730719545821,15,2.0608744908603285,3.840049751649815,1.347881016918791,2.217030128414706,3.996205389204192,1.5040366544731683,1
0.3,275,65.16507000972155,72.81410593032653,9,0.0006479806210444582,10,9.682455910516083,7.903280649726625,10.395449384457649,17.33149183112107,15.552316570331612,18.044485305062636,1
0.3,276,57.27803597878115,57.09292374669869,15,0.000617542962221483,15,1.7954218795756844,0.016246618786226463,2.5084153535172504,1.6103096474932244,0.16886561329624783,2.3233031214347903,1
0.3,277,54.479747073613325,54.823177596304525,13,0.0006201447830965046,13,1.0028670255921384,2.7820422863816248,0.28987355165054396,0.6594365029009168,2.4386117636904032,0.05355697104062784,1
0.3,278,55.53432653187241,55.65441727341083,13,0.0006213264494206488,13,0.05171243266694603,1.7274628281224977,0.764705906608512,0.1718031742053654,1.6073720865840642,0.8847966481469314,1
0.3,279,59.48929166178106,59.02229188362466,12,0.0006175429622214834,13,4.006677562575597,2.2275023017861386,4.719671036517163,3.5396777844191973,1.7605025236297394,4.252671258360763,1
0.3,280,60.61546700221898,60.591521856275136,14,0.0006234664650202484,14,5.132852903013514,3.3536776422240564,5.84584637695508,5.108907757069673,3.329732496280215,5.821901231011239,1
0.3,281,54.299063949606065,53.51940880264832,10,0.0006096599718378693,10,1.183550149599398,2.9627254103888845,0.4705566756578037,1.9632052965571347,3.742380557346621,1.2502118226155972,1
0.3,282,48.64819882421568,48.37318416431382,11,0.0006242707864907042,11,6.834415274989794,8.613590535779224,6.1214218010482,7.1094299348916365,8.888605195681123,6.396436460950099,1
0.3,283,46.42573202045636,46.55062456857014,8,0.0006111949191699972,10,9.056882078749084,10.83605733953857,8.343888604807546,8.931989530635292,10.711164791424778,8.218996056693754,1
0.3,284,54.804027188972675,54.8717935004163,9,0.0006148537962478165,10,0.6785869102328093,2.457762171022239,0.03440656370877804,0.6108205987891324,2.389995859578619,0.10217287515240514,1
0.3,285,58.768518787441955,58.769252985518214,12,0.0006157764892854808,12,3.285904688236492,1.5067294274470342,3.998898162178058,3.286638886312751,1.5074636255232932,3.999632360254317,1
0.3,286,61.61135885659281,61.60307517361458,7,0.0006128683311602275,9,6.128744757387345,4.349569496597887,6.841738231328911,6.120461074409114,4.341285813619656,6.83345454835068,1
0.3,287,67.77936113858922,68.28123943296109,7,0.000636894522049403,10,12.29674703938376,10.517571778594302,13.009740513325326,12.798625333755624,11.019450072966166,13.51161880769719,1
0.3,288,47.75912060400407,47.800134388171536,10,0.0006131302057367983,10,7.72349349520141,9.50266875599084,7.010500021259816,7.6824797110339205,9.461654971823407,6.969486237092383,1
0.3,289,45.678224934078585,45.905598055792346,8,0.0006098760451104453,9,9.80438916512685,11.583564425916336,9.091395691185312,9.577016043413096,11.356191304202582,8.864022569471558,1
0.3,290,55.9644424640264,57.02903221801821,10,0.0006163732336752184,11,0.4818283648209345,1.2973468959685306,1.1948218387625005,1.5464181188127455,0.2327571419767196,2.2594115927543115,1
0.3,291,53.42396803018124,53.47517136683957,11,0.0006036038587050336,12,2.0586460690242347,3.8378213298136643,1.3456525950826403,2.0074427323659165,3.786617993155346,1.2944492584243221,1
0.3,292,55.26821846604003,55.2242207318979,13,0.0006163621800615115,13,0.21439563316545218,1.9935708939548817,0.4985978407761351,0.2583933673075762,2.037568628097006,0.45460010663400396,1
0.3,293,56.111160331003255,56.197051589225445,14,0.0006242297503337988,14,0.6285462317977917,1.1506290289916592,1.3415397057393577,0.7144374900199821,1.0647377707694545,1.4274309639615481,1
0.3,294,58.65318143396537,58.36222606750598,12,0.0006166147185398193,13,3.170567334759909,1.3913920739704508,3.883560808701475,2.879611968300516,1.100436707511058,3.592605442242082,1
0.3,295,61.332536454235196,61.37117960893356,12,0.000619434705821066,13,5.849922355029733,4.070747094240275,6.562915828971299,5.888565509728096,4.109390248938638,6.601558983669662,1
0.3,296,51.97196683522941,51.485926161510804,11,0.0006158718492025214,11,3.510647263976068,5.289822524765498,2.797653790034474,3.9966879376946736,5.775863198484103,3.283694463753079,1
0.3,297,80.31969154776729,80.32764267309665,6,0.0006213264494206489,7,24.83707744856183,23.05790218777237,25.550070922503394,24.845028573891184,23.065853313101726,25.55802204783275,1
0.3,298,56.58790726574297,56.45481490182,14,0.000612334599587779,14,1.105293166537507,0.673882094251951,1.818286640479073,0.9722008026145375,0.8069744581749205,1.6851942765561034,1
0.3,299,75.87568533864402,89.39482737133655,5,0.0006751656296742339,8,20.393071239438555,18.613895978649097,21.10606471338012,33.91221327213108,32.133038011341625,34.62520674607265,1
0.3,300,59.99427965638301,60.721230072942056,9,0.0006164007062393718,10,4.511665557177544,2.732490296388086,5.22465903111911,5.238615973736593,3.459440712947135,5.951609447678159,1
0.3,301,53.569305276627,53.321972629753255,15,0.0006202616371949098,15,1.9133088225784718,3.6924840833679013,1.2003153486368774,2.16064146945223,3.9398167302416596,1.4476479955106356,1
0.3,302,35.78424894906668,35.778461405365526,6,0.0006067695856305726,9,19.698365150138784,21.477540410928214,18.985371676197246,19.704152693839944,21.483327954629374,18.99115921989835,1
0.3,303,56.48227039242924,56.4629579326687,12,0.000619369116452212,12,0.9996562932237794,0.7795189675656502,1.7126497671653453,0.9803438334632375,0.7988314273262063,1.6933373074048035,1
0.3,304,43.871130807268145,43.44259347659276,8,0.0006318919748418586,11,11.611483291937304,13.39065855272679,10.898489817995767,12.040020622612701,13.81919588340213,11.327027148671164,1
0.3,305,66.34922811205394,69.07512816299423,8,0.000619434705821066,10,10.866614012848473,9.087438752059015,11.579607486790039,13.59251406378877,11.813338802999311,14.305507537730335,1
0.3,306,51.61967481048578,51.13532142393299,11,0.000618536580130849,12,3.8629392887197014,5.642114549509131,3.149945814778107,4.347292675272456,6.1264679360619425,3.6342992013309185,1
0.3,307,37.33594229920034,36.500414341921235,7,0.000615803328639259,8,18.14667180000515,19.92584706079458,17.433678326063557,18.982199757284206,20.761375018073693,18.26920628334267,1
0.3,308,59.950863944296906,62.878725966418415,6,0.0006214063608566108,9,4.468249845091442,2.6890745843019843,5.181243319033008,7.3961118672129516,5.616936606423494,8.109105341154518,1
0.3,309,53.93092782694733,53.722015030266626,13,0.0006218688100370348,13,1.5516862722581095,3.330861533047596,0.838692798316572,1.760599068938859,3.5397743297282886,1.0476055949972647,1
0.3,310,48.84335112156811,48.99964683366533,9,0.0006156849137637469,10,6.639262977637372,8.418438238426802,5.926269503695778,6.48296726554014,8.26214252632957,5.769973791598545,1
0.3,311,40.098709190951304,40.053482470034254,10,0.0006152601470344396,11,15.38390490825418,17.16308016904361,14.670911434312586,15.429131629171195,17.20830688996068,14.716138155229658,1
0.3,312,53.00651916581639,52.94598414999552,14,0.000618896989485502,14,2.4760949333890494,4.255270194178536,1.7631014594475118,2.536629949209953,4.315805209999382,1.8236364752683585,1
0.3,313,54.807840913115534,54.60112253057406,12,0.0006232328369388737,12,0.674773186089908,2.4539484468793944,0.03822028785163667,0.881491568631418,2.6606668294208475,0.16849809468982357,1
0.3,314,57.40105946617687,57.527256214430935,11,0.0006242707864907042,11,1.9184453669714046,0.13927010618194657,2.6314388409129705,2.0446421152254715,0.2654668544360135,2.7576355891670374,1
0.3,315,73.6089432330672,73.46153369572941,4,0.0006153243206387293,9,18.12632913386173,16.347153873072273,18.839322607803297,17.97891959652395,16.199744335734493,18.691913070465517,1
0.3,316,64.05363323338597,63.97588980908677,8,0.0006129858502784472,10,8.571019134180503,6.791843873391045,9.284012608122069,8.49327570988131,6.714100449091852,9.206269183822876,1
0.3,317,52.72633872544472,52.50165355442192,7,0.0006103907821845273,10,2.7562753737607295,4.535450634550216,2.043281899819192,2.9809605447835565,4.760135805572986,2.267967070841962,1
0.3,318,59.24346972425012,59.2986334676332,14,0.0006207887330850848,14,3.7608556250446554,1.9816803642551974,4.473849098986221,3.816019368427739,2.036844107638281,4.529012842369305,1
0.3,319,56.51261448463471,56.13565326595694,11,0.0006165302547564936,12,1.030000385429247,0.749174875360211,1.742993859370813,0.6530391667514763,1.1261360940379745,1.3660326406930423,1
0.3,320,60.91483260034563,60.33371965364279,11,0.0006213642698735413,12,5.43221850114017,3.653043240350712,6.145211975081736,4.851105554437325,3.071930293647867,5.564099028378891,1
0.3,321,57.343403151608484,57.543834243619344,9,0.000617542962221483,11,1.860789052403021,0.08161379161356308,2.573782526344587,2.0612201444138805,0.2820448836244225,2.7742136183554464,1
0.3,322,61.82925369145222,61.301080535980866,10,0.0006173221646362474,10,6.34663959224676,4.567464331457302,7.059633066188326,5.818466436775402,4.0392911759859444,6.531459910716968,1
0.3,323,49.255148378988395,48.839094879239795,9,0.0006105517083666402,10,6.227465720217083,8.006640981006512,5.5144722462754885,6.643519219965697,8.422694480755126,5.930525746024102,1
0.3,324,60.432572467466784,60.31731545866262,10,0.0006324751163874116,11,4.949958368261321,3.1707831074718626,5.662951842202887,4.834701359457156,3.0555260986676984,5.547694833398722,1
0.3,325,63.93258845561435,63.73460849547026,11,0.000617542962221483,12,8.449974356408887,6.670799095619429,9.162967830350453,8.251994396264799,6.472819135475341,8.964987870206365,1
0.3,326,57.4163818341768,57.25903014248362,12,0.0006185629674086472,12,1.9337677349713402,0.15459247418188227,2.6467612089129062,1.7764160432781537,0.0027592175113113626,2.4894095172197197,1
0.3,327,56.510218450835474,56.3789725075134,11,0.0006136585363765659,11,1.0276043516300106,0.7515709091594545,1.7405978255715766,0.8963584083079397,0.8828168524815396,1.6093518822495056,1
0.3,328,63.67798370298042,63.53363182413278,8,0.0006179759158810006,9,8.195369603774957,6.416194342985499,8.908363077716523,8.05101772492732,6.271842464137862,8.764011198868886,1
0.3,329,58.8341228979434,59.31311110864024,14,0.0006172844143301334,14,3.351508798737939,1.5723335379484809,4.064502272679505,3.8304970094347794,2.0513217486453215,4.543490483376345,1
0.3,330,47.494740319287345,47.05426847641085,8,0.0006348426060892149,10,7.987873779918118,9.767049040707548,7.2748803059765805,8.428345622794609,10.207520883584095,7.715352148853071,1
0.3,331,52.28186604704575,52.12235164166532,14,0.0006179382002969205,14,3.2007480521597245,4.979923312949154,2.48775457821813,3.360262457540159,5.139437718329589,2.6472689835985648,1
0.3,332,37.72408365132122,42.29603800270166,8,0.0006304057901985233,10,17.758530447884254,19.537705708673684,17.04553697394266,13.186576096503813,14.965751357293243,12.473582622562219,1
0.3,333,52.801539477058306,52.809455653727845,9,0.0006103907821845269,10,2.6810746221471504,4.460249882936637,1.9680811482056129,2.673158445477611,4.452333706267098,1.9601649715360736,1
0.3,334,40.14460889799146,39.80351076288815,9,0.0006207910166509427,10,15.338005201214003,17.11718046200349,14.625011727272408,15.679103336317326,17.458278597106755,14.966109862375731,1
0.3,335,62.11010659051152,61.859914849150506,12,0.0006169299241524093,12,6.627492491306057,4.848317230516599,7.340485965247623,6.377300749945043,4.598125489155585,7.090294223886609,1
0.3,336,51.86916114081924,52.21666906508339,11,0.0006179982949724818,12,3.613452958386233,5.392628219175663,2.9004594844446387,3.265945034122069,5.0451202949115554,2.5529515601805315,1
0.3,337,56.421500304954805,56.73012386891884,7,0.0006103907821845268,8,0.9388862057493412,0.8402890550401025,1.6518796796909072,1.2475097697133748,0.531665491076069,1.9605032436549408,1
0.3,338,53.09001612746806,52.264936825528636,9,0.0006287979479140937,10,2.392597971737416,4.171773232526846,1.6796044977958218,3.217677273676827,4.996852534466257,2.5046837997352895,1
0.3,339,41.29268255097442,43.843679668832614,7,0.0006033724322484507,9,14.189931548231016,15.969106809020502,13.476938074289478,11.638934430372842,13.418109691162329,10.925940956431305,1
0.3,340,60.60171419480576,60.40520712389588,8,0.0006169815196505602,9,5.119100095600295,3.3399248348108372,5.832093569541861,4.922593024690414,3.143417763900956,5.63558649863198,1
0.3,341,54.948491112335596,55.31789111496088,12,0.0006111606987726971,12,0.5341229868698747,2.3132982476593043,0.1788704870716984,0.16472298424457676,1.9438982450340632,0.5482704896969821,1
0.3,342,48.787898723942355,48.79498300243462,8,0.0006095934571560028,10,6.694715375263115,8.473890636052545,5.981721901321521,6.687631096770815,8.466806357560301,5.9746376228292775,1
0.3,343,60.210629960222896,60.00357513564192,13,0.0006170258664387838,13,4.7280158610174325,2.9488406002279746,5.4410093349589985,4.520961036436454,2.7417857756469957,5.23395451037802,1
0.3,344,63.327250427786716,63.36450808918277,9,0.000610061430792204,9,7.844636328581252,6.065461067791794,8.557629802522818,7.881893989977307,6.102718729187849,8.594887463918873,1
0.3,345,55.87539579258723,55.61795558575062,13,0.0006213264494206488,13,0.39278169338176383,1.3863935674077084,1.1057751673233298,0.13534148654515832,1.6438337742442855,0.8483349604867243,1
0.3,346,45.22264908887339,45.07589693403129,11,0.000615803328639259,11,10.259965010332053,12.03914027112154,9.546971536390515,10.4067171651742,12.18589242596363,9.693723691232606,1
0.3,347,58.646735492779484,59.02504661609332,11,0.0006291479803751457,11,3.164121393574021,1.3849461327845631,3.877114867515587,3.5424325168878568,1.7632572560983988,4.255425990829423,1
0.3,348,46.514115068426236,46.76660877019702,9,0.0006006806162561513,11,8.968499030779242,10.747674291568671,8.255505556837647,8.716005329008453,10.495180589797883,8.003011855066859,1
0.3,349,44.77690566216717,44.89003107904848,10,0.0006277016250415134,10,10.70570843703831,12.48488369782774,9.992714963096716,10.592583020157008,12.371758280946437,9.879589546215414,1
0.3,350,49.790921513086,49.20220790703158,8,0.0006245532718288449,10,5.691692586119473,7.470867846908902,4.978699112177878,6.280406192173871,8.059581452963357,5.567412718232333,1
0.3,351,65.19814473783951,65.109347094404,13,0.000617542962221483,13,9.71553063863405,7.936355377844592,10.428524112575616,9.626732995198537,7.847557734409079,10.339726469140103,1
0.3,352,60.89686364733079,61.81617936002668,6,0.0006606329797062974,9,5.414249548125326,3.6350742873358683,6.127243022066892,6.333565260821217,4.554390000031759,7.046558734762783,1
0.3,353,53.00143590562404,52.580422067719475,13,0.0006202616371949098,13,2.4811781935813997,4.260353454370886,1.7681847196398621,2.9021920314859813,4.681367292275468,2.1891985575444437,1
0.3,354,53.26707679082162,53.14267321420466,7,0.000610061430792204,8,2.21553730838383,3.9947125691733163,1.5025438344422923,2.3399408850008285,4.119116145790258,1.6269474110592341,1
0.3,355,33.405360782088906,33.37995679555874,8,0.0006027150716391943,8,22.077253317116572,23.856428577906,21.364259843174978,22.10265730364671,23.881832564436195,21.38966382970517,1
0.3,356,59.52062223823468,59.45558775071117,14,0.000624068150315686,14,4.038008139029216,2.258832878239758,4.751001612970782,3.972973651505704,2.193798390716246,4.68596712544727,1
0.3,357,53.10966086376069,52.26853933934269,10,0.0006479806210444583,10,2.3729532354447542,4.152128496234241,1.6599597615032167,3.214074759862797,4.993250020652226,2.5010812859212024,1
0.3,358,56.10529959471526,55.95284572043359,15,0.0006202616371949098,15,0.6226854955097991,1.156489765279673,1.335678969451365,0.47023162122812323,1.3089436395613347,1.1832250951696892,1
0.3,359,55.97230661344901,55.94279426744997,11,0.0006413466901136693,11,0.48969251424354354,1.2894827465459002,1.2026859881851095,0.4601801682445057,1.3189950925449239,1.1731736421860717,1
0.3,360,54.847140473113015,54.552534957473966,12,0.0006309000489444523,12,0.6354736260924483,2.414648886881878,0.0775198478491177,0.9300791417314827,2.709254402520969,0.2170856677899451,1
0.3,361,54.41186121448342,53.75345387152504,12,0.000617121072272314,12,1.070752884722026,2.8499281455115124,0.35775941078048845,1.7291602276804383,3.508335488469868,1.016166753738844,1
0.3,362,59.16963021481924,59.08251204189447,10,0.000617617881226997,11,3.6870161156137797,1.9078408548243218,4.400009589555346,3.5998979426890045,1.8207226818995466,4.3128914166305705,1
0.3,363,54.64940595722178,54.48752010221771,12,0.0006066894082731476,12,0.8332081419836754,2.612383402773162,0.12021466804213787,0.9950939969877481,2.7742692577772345,0.2821005230462106,1
0.3,364,57.14469574408816,57.757367904141255,10,0.000602943773542749,11,1.6620816448826972,0.11709361590675371,2.375075118824263,2.2747538049357914,0.4955785441463334,2.9877472788773574,1
0.3,365,57.24274815376262,56.71159259999024,10,0.0006175429622214833,11,1.760134054557156,0.0190412062323162,2.473127528498722,1.2289785007847769,0.5501967600046669,1.9419719747263429,1
0.3,366,56.3383452157106,56.46143630882628,13,0.0006105632607943349,13,0.8557311165051402,0.9234441442843035,1.5687245904467062,0.9788222096208159,0.8003530511686563,1.6918156835623819,1
0.3,367,40.3842899120807,39.77815979423997,9,0.000615803328639259,11,15.098324187124774,16.877499447914204,14.38533071318318,15.704454304965509,17.48362956575494,14.991460831023915,1
0.3,368,54.17780138021173,53.472525229411666,10,0.0006258017703250145,11,1.3048127189937304,3.08398797978316,0.5918192450521929,2.010088869793776,3.7892641305832626,1.2970953958522387,1
0.3,369,41.97287791209084,41.860233608197625,8,0.0006112536177310384,10,13.50973618711464,15.28891144790407,12.796742713173046,13.622380491007846,15.401555751797275,12.909387017066251,1
0.3,370,62.300666623824036,62.32447907974496,13,0.0006200527020512376,13,6.818052524618572,5.038877263829114,7.531045998560138,6.841864980539498,5.06268971975004,7.554858454481064,1
0.3,371,51.86834543766033,51.59444620723213,12,0.0006252382769861174,12,3.614268661545111,5.393443922334598,2.9012751876035736,3.888167891973353,5.667343152762783,3.1751744180317587,1
0.3,372,45.11888107018177,45.088053857062306,8,0.0006205341794699525,9,10.363733029023706,12.142908289813136,9.650739555082112,10.394560242143143,12.17373550293263,9.681566768201606,1
0.3,373,56.8615524135732,56.60293616427411,14,0.000616673145430371,14,1.378938314367737,0.40023694642172813,2.091931788309303,1.120322065068649,0.6588531957207806,1.833315539010215,1
0.3,374,53.76265316368456,53.72521199113128,15,0.0006200730719545821,15,1.7199609355209304,3.49913619631036,1.006967461579336,1.7574021080741886,3.536577368863618,1.0444086341325942,1
0.3,375,51.99516406400247,51.462829153107414,12,0.0006267290706872624,12,3.4874500352029827,5.266625295992469,2.774456561261445,4.019784946098071,5.7989602068875,3.306791472156476,1
0.3,376,61.51401628650433,61.8439129024755,11,0.0006204870391694528,11,6.031402187298866,4.252226926509408,6.744395661240432,6.361298803270039,4.582123542480581,7.074292277211605,1
0.3,377,59.35877077838691,59.53719943871435,11,0.0006345202646653394,12,3.876156679181449,2.096981418391991,4.589150153123015,4.05458533950889,2.275410078719432,4.767578813450456,1
0.3,378,54.77940579326536,55.06281880019802,8,0.0006107764211361385,9,0.7032083059401089,2.4823835667295384,0.009785168001464228,0.41979529900743273,2.198970559796919,0.29319817493412614,1
0.3,379,64.81700642838966,64.72728066319036,11,0.000616716654813388,12,9.334392329184197,7.5552170683947395,10.047385803125763,9.244666563984893,7.465491303195435,9.957660037926459,1
0.3,380,44.149088773393636,44.34223855387546,9,0.0006065675842333812,9,11.33352532581182,13.112700586601306,10.620531851870282,11.140375545330016,12.919550806119446,10.427382071388422,1
0.3,381,62.45731075519179,63.39661678048989,11,0.0006103837642914934,12,6.974696655986328,5.19552139519687,7.687690129927894,7.91400268128443,6.134827420494972,8.626996155225996,1
0.3,382,52.16527414268719,52.36817446362855,12,0.0006227187269711289,12,3.3173399565182535,5.09651521730774,2.604346482576716,3.1144396355769004,4.893614896366387,2.401446161635363,1
0.3,383,56.48101844369511,56.455569534548005,11,0.0006175429622214837,12,0.99840434448965,0.7807709162997867,1.711397818431216,0.9729554353425414,0.8062198254469308,1.6859489092841073,1
0.3,384,58.96577142429143,58.904779398867475,13,0.000627530621928855,13,3.483157325085969,1.7039820642965111,4.196150799027535,3.422165299662012,1.6429900388725542,4.135158773603578,1
0.3,385,59.85101719135674,59.58222353089408,11,0.000617542962221483,12,4.368403092151276,2.5892278313618178,5.081396566092842,4.09960943168862,2.320434170899162,4.812602905630186,1
0.3,386,54.80864017680644,54.58071420746169,14,0.0006189022997081964,14,0.673973922399,2.4531491831884864,0.03901955154254466,0.9018998917437671,2.6810751525332535,0.1889064178022295,1
0.3,387,55.78917346885123,55.64855339712632,14,0.0006205755413738788,14,0.30655936964576824,1.4726158911436755,1.0195528435873342,0.1659392979208576,1.6132359628686004,0.8789327718624236,1
0.3,388,54.16387949813267,54.155730176657265,11,0.0006287358041631186,11,1.3187346010727765,3.097909861862263,0.605741127131239,1.326883922548177,3.1060591833376634,0.6138904486066394,1
0.3,389,49.72877664989325,49.2094959215836,13,0.0006202616371949098,14,5.753837449312186,7.533012710101673,5.040843975370649,6.273118177621882,8.052293438411311,5.560124703680287,1
0.3,390,50.4844161702555,50.682896895532835,8,0.0006158033286392589,10,4.998197928949935,6.777373189739421,4.285204455008397,4.799717203672628,6.578892464462115,4.086723729731034,1
0.3,391,55.136267216191946,54.63360266451964,11,0.0006140837249857869,11,0.3463468830134957,2.125522143802982,0.36664659092804897,0.849011434685849,2.6281866954752786,0.13601796074425465,1
0.3,392,61.92725939384716,61.74326145969372,6,0.000612083210282459,8,6.444645294641695,4.6654700338522375,7.157638768583261,6.260647360488257,4.481472099698799,6.973640834429823,1
0.3,393,24.697279272854022,35.606037809241975,5,0.0006158033286392587,8,30.78533482635146,32.56451008714089,30.072341352409865,19.87657628996351,21.65575155075294,19.163582816021915,1
0.3,394,57.972830527041985,57.8729785915723,13,0.0006213264494206488,13,2.490216427836522,0.711041167047064,3.203209901778088,2.3903644923668352,0.6111892315773773,3.103357966308401,1
0.3,395,57.289456333032604,57.35811018380323,10,0.0006406852088607414,10,1.8068422338271404,0.027666973037682396,2.5198357077687064,1.8754960845977635,0.09632082380830553,2.5884895585393295,1
0.3,396,55.102900096280095,52.62246527006196,8,0.0006616075352163193,10,0.3797140029253683,2.1588892637148547,0.3332794710161977,2.8601488291434976,4.639324089932984,2.14715535520196,1
0.3,397,58.20124302995515,58.16115100307797,13,0.000627530621928855,13,2.718628930749688,0.9394536699602298,3.431622404691254,2.678536903872505,0.8993616430830471,3.391530377814071,1
0.3,398,50.13076589806464,50.130861801255186,12,0.0006180324829170844,13,5.351848201140797,7.131023461930283,4.638854727199259,5.35175229795027,7.1309275587397565,4.6387588240087325,1
0.3,399,61.110543268332854,61.03453827570186,12,0.0006137323089802041,12,5.627929169127391,3.848753908337933,6.340922643068957,5.551924176496399,3.7727489157069414,6.264917650437965,1
0.3,400,58.061492331268596,58.16867949093907,14,0.0006196935328053961,14,2.5788782320631327,0.7997029712736747,3.2918717060046987,2.6860653917336066,0.9068901309441486,3.3990588656751726,1
0.3,401,70.03740405824244,70.74414955004691,10,0.0006289956650257795,11,14.554789959036981,12.775614698247523,15.267783432978547,15.26153545084145,13.482360190051992,15.974528924783016,1
0.3,402,55.84363790710182,56.030208706451006,14,0.0006218335484049957,14,0.361023807896359,1.4181514528930848,1.074017281837925,0.5475946072455429,1.231580653543915,1.2605880811871089,1
0.3,403,60.983675329444054,60.7355118123349,12,0.0006128211745822856,12,5.501061230238591,3.721885969449133,6.214054704180157,5.252897713129435,3.4737224523399775,5.965891187071001,1
0.3,404,52.768801945913765,52.835470695229944,11,0.0006287979479140937,12,2.7138121532917125,4.492987414081142,2.000818679350118,2.6471434039755195,4.426318664764949,1.934149930033982,1
0.3,405,61.472455663098295,61.63634403208117,8,0.0006088998378142212,10,5.989841563892831,4.210666303103373,6.702835037834397,6.153729932875706,4.374554672086248,6.866723406817272,1
0.3,406,55.73570300916357,55.64143950142951,13,0.0006200527020512376,13,0.25308890995810884,1.5260863508313491,0.9660823838996748,0.15882540222404629,1.6203498585654188,0.8718188761656123,1
0.3,407,65.78665100357152,65.9356338799884,7,0.0006175429622214836,9,10.304036904366058,8.5248616435766,11.017030378307624,10.453019780782938,8.67384451999348,11.166013254724504,1
0.3,408,53.253165555781976,53.87599104508641,9,0.0006103907821845269,11,2.229448543423473,4.008623804212959,1.5164550694819354,1.6066230541190407,3.385798314908527,0.8936295801775032,1
0.3,409,64.82973968759141,64.74807167715642,7,0.0006065865097007359,8,9.34712558838595,7.567950327596492,10.060119062327516,9.265457577950954,7.486282317161496,9.97845105189252,1
0.3,410,55.694611194103814,55.59954609969399,10,0.0006145055431754292,10,0.21199709489835072,1.5671781658911073,0.9249905688399167,0.11693200048852503,1.6622432603009543,0.829925474430091,1
0.3,411,39.7924973339804,39.942302934387236,7,0.0006016513773753365,7,15.69011676522507,17.4692920260145,14.977123291283476,15.540311164818206,17.319486425607693,14.827317690876669,1
0.3,412,68.35759215633657,67.96451411811645,5,0.0006287979479140937,8,12.874978057131102,11.095802796341644,13.587971531072668,12.481900018910991,10.702724758121533,13.194893492852557,1
0.3,413,55.548357246097176,54.576467760163084,7,0.0006056871999996266,8,0.06574314689171246,1.7134321138977384,0.7787366208332784,0.9061463390423796,2.685321599831809,0.19315286510084206,1
0.3,414,46.695125037947136,46.632983794747844,7,0.0006105517083666402,10,8.787489061258327,10.566664322047814,8.074495587316733,8.849630304457605,10.628805565247092,8.136636830516068,1
0.3,415,60.22796676522413,60.35266605206559,12,0.0006186119812075891,13,4.745352666018668,2.9661774052292103,5.458346139960234,4.870051952860123,3.0908766920706654,5.583045426801689,1
0.3,416,59.24346972425012,59.2986334676332,14,0.0006207887330850848,14,3.7608556250446554,1.9816803642551974,4.473849098986221,3.816019368427739,2.036844107638281,4.529012842369305,1
0.3,417,44.118973950484516,48.30155463245658,9,0.000615803328639259,11,11.363640148720947,13.142815409510376,10.65064667477941,7.181059466748877,8.960234727538364,6.46806599280734,1
0.3,418,70.2912058205386,70.03473468573871,8,0.0006074358381197914,11,14.80859172133313,13.029416460543672,15.521585195274696,14.552120586533249,12.772945325743791,15.265114060474815,1
0.3,419,64.27403856012575,64.39261584873074,10,0.0006069973204447803,11,8.791424460920283,7.0122492001308245,9.504417934861848,8.910001749525279,7.130826488735821,9.622995223466845,1
0.3,420,60.575326957745446,60.14810364316031,11,0.0006098154029277415,12,5.092712858539983,3.313537597750525,5.805706332481549,4.665489543954848,2.8863142831653903,5.378483017896414,1
0.3,421,62.61627079826769,62.29723446246905,7,0.0006175429622214836,7,7.133656699062229,5.354481438272771,7.846650173003795,6.814620363263586,5.035445102474128,7.527613837205152,1
0.3,422,55.29412718222231,55.2814403811128,12,0.0006237376453284414,12,0.1884869169831518,1.9676621777725813,0.5245065569584142,0.2011737180926616,1.980348978882148,0.5118197558489044,1
0.3,423,58.552550496791476,58.66422130584795,10,0.0006278797608012564,11,3.0699363975860123,1.2907611367965544,3.7829298715275783,3.1816072066424894,1.4024319458530314,3.8946006805840554,1
0.3,424,42.73676113205767,42.23688586625872,8,0.0006290772325508069,9,12.745852967147812,14.525028227937241,12.032859493206217,13.24572823294676,15.02490349373619,12.532734759005166,1
0.3,425,55.68103025606103,55.767587725043356,13,0.0006218688100370348,13,0.1984161568555649,1.5807591039338718,0.9114096307971309,0.28497362583789254,1.494201634951537,0.9979670997794585,1
0.3,426,66.79917063719587,65.82767904957034,7,0.0006187237054918876,9,11.316556537990408,9.53738127720095,12.029550011931974,10.345064950364872,8.565889689575414,11.058058424306438,1
0.3,427,54.367867162571756,54.24506557693654,15,0.000615803328639259,15,1.1147469366337077,2.893922197423194,0.4017534626921133,1.2375485222689235,3.01672378305841,0.5245550483273291,1
0.3,428,58.78818381358258,58.571207665734114,10,0.0006332873933046865,10,3.305569714377114,1.5263944535876561,4.01856318831868,3.088593566528651,1.309418305739193,3.801587040470217,1
0.3,429,60.349122716345164,60.164341770558785,7,0.0006260307002479552,9,4.866508617139701,3.0873333563502428,5.579502091081267,4.681727671353322,2.902552410563864,5.394721145294888,1
0.3,430,53.71895260804175,53.71272056933933,13,0.0006155809183723672,13,1.7636614911637025,3.542836751953189,1.050668017222165,1.769893529866124,3.5490687906556104,1.0569000559245865,1
0.3,431,46.17555722444355,45.48843185303011,9,0.000615803328639259,9,9.307056874761884,11.08623213555137,8.594063400820346,9.994182246175342,11.773357506964828,9.281188772233804,1
0.3,432,52.9701381286366,52.38820416650998,11,0.0006179330167871981,11,2.5124759705688575,4.291651231358344,1.79948249662732,3.0944099326954984,4.873585193484928,2.381416458753904,1
0.3,433,56.40707992863782,56.4786123186683,13,0.0006303988844774543,13,0.9244658294323571,0.8547094313570938,1.637459303373923,0.9959982194628338,0.7831770413266099,1.7089916934043998,1
0.3,434,64.29663982384513,64.54464607928927,9,0.0006198287363084435,10,8.814025724639663,7.034850463850205,9.527019198581229,9.062031980083802,7.282856719294344,9.775025454025368,1
0.3,435,47.367935224176,47.28574117449461,8,0.000609797349932027,9,8.114678875029483,9.893854135818913,7.401685401087889,8.196872924710874,9.976048185500304,7.48387945076928,1
0.3,436,36.55543720705158,36.07153144352982,8,0.00061802717269439,11,18.927176892153852,20.70635215294334,18.214183418212315,19.411082655675614,21.1902579164651,18.698089181734076,1
0.3,437,60.281054346344874,60.702519699600124,11,0.0006213264494206488,12,4.7984402471394105,3.0192649863499526,5.5114337210809765,5.219905600394661,3.440730339605203,5.932899074336227,1
0.3,438,61.8632106220695,61.83486274062617,13,0.0006119306153608673,13,6.380596522864039,4.601421262074581,7.093589996805605,6.352248641420708,4.57307338063125,7.065242115362274,1
0.3,439,52.48280807022175,52.33337509508869,13,0.0006158718492025214,13,2.9998060289836985,4.778981289773185,2.286812555042161,3.1492390041167937,4.928414264906223,2.4362455301751993,1
0.3,440,60.93269272158383,61.40040123274648,9,0.0006293927365543597,10,5.4500786223783635,3.6709033615889055,6.1630720963199295,5.917787133541019,4.138611872751561,6.630780607482585,1
0.3,441,59.97748451392616,59.920176178094046,11,0.0006192177608776889,11,4.494870414720694,2.715695153931236,5.20786388866226,4.437562078888583,2.6583868180991246,5.1505555528301485,1
0.3,442,57.89311654029414,58.306568515828275,12,0.0006255631201134663,12,2.410502441088674,0.6313271802992162,3.12349591503024,2.8239544166228114,1.0447791558333535,3.5369478905643774,1
0.3,443,60.448051210904204,59.87665157629723,10,0.0006177653105962483,11,4.965437111698741,3.1862618509092826,5.678430585640307,4.394037477091764,2.6148622163023063,5.10703095103333,1
0.3,444,65.98658401783396,67.97369348960763,11,0.0006096482541934439,12,10.5039699186285,8.724794657839041,11.216963392570065,12.491079390402163,10.711904129612705,13.204072864343729,1
0.3,445,55.680293195347744,55.628912416639146,8,0.0006318456281180415,9,0.19767909614228074,1.5814961646472057,0.9106725700838467,0.1462983174336827,1.6328769433557682,0.8592917913752487,1
0.3,446,57.602650606180134,57.48603464024211,14,0.0006138883510515985,14,2.120036506974671,0.34086124618521296,2.833029980916237,2.003420541036647,0.22424528024718882,2.7164140149782128,1
0.3,447,53.9498281502009,53.54103112869488,9,0.0006033724322484507,9,1.5327859490045626,3.311961209794049,0.8197924750629682,1.9415829705105807,3.7207582313000103,1.2285894965690431,1
0.3,448,51.622525165993935,51.812110390536816,9,0.0006085621822574458,10,3.8600889332115003,5.639264194000987,3.1470954592699627,3.6705037086686616,5.449678969458091,2.957510234727067,1
0.3,449,61.273506938013384,61.56910221471147,12,0.0006185629674086472,12,5.79089283880792,4.011717578018462,6.503886312749486,6.0864881155060075,4.30731285471655,6.7994815894475735,1
0.3,450,53.2717700305224,53.01025856580601,12,0.0006177047783145308,12,2.210844068683059,3.9900193294725455,1.4978505947415215,2.4723555333994227,4.251530794188909,1.7593620594578852,1
0.3,451,52.105246903853775,52.0818551424194,11,0.0006158718492025214,12,3.377367195351667,5.156542456141153,2.6643737214101293,3.400758956786035,5.179934217575521,2.6877654828444975,1
0.3,452,54.613308213968715,54.527759039257894,12,0.0006152601470344396,13,0.8693058852367699,2.6484811460261994,0.15631241129517548,0.9548550599475902,2.73403032073702,0.24186158600599583,1
0.3,453,56.86558565357701,56.290746727041245,12,0.0006084114078301648,12,1.3829715543715437,0.39620370641790714,2.0959650283131097,0.8081326278357821,0.9710426329536972,1.521126101777348,1
0.3,454,52.25053792197914,52.11434189056238,10,0.0006400492306935822,10,3.232076177226304,5.01125143801579,2.5190827032847665,3.368272208643077,5.147447469432564,2.6552787347015396,1
0.3,455,64.09678278754068,63.636259172815315,8,0.0006370056606462067,10,8.614168688335212,6.834993427545754,9.327162162276778,8.153645073609852,6.374469812820394,8.866638547551418,1
0.3,456,63.71607727635275,63.69646133476335,9,0.0006136708395039351,11,8.233463177147286,6.454287916357828,8.946456651088852,8.213847235557886,6.434671974768428,8.926840709499452,1
0.3,457,62.38718386487563,62.2565936159655,14,0.0006172844143301334,14,6.904569765670168,5.12539450488071,7.617563239611734,6.773979516760036,4.994804255970578,7.486972990701602,1
0.3,458,65.13506193069,64.60588295872553,7,0.0005999512329901665,9,9.652447831484537,7.873272570695079,10.365441305426103,9.123268859520067,7.344093598730609,9.836262333461633,1
0.3,459,50.385118341993646,50.140308479051825,13,0.0006202616371949098,13,5.097495757211846,6.876671018001275,4.384502283270251,5.342305620153638,7.121480880943068,4.629312146212101,1
0.3,460,63.6714268997243,64.27132215340164,9,0.000616557460297857,11,8.18881280051884,6.409637539729381,8.901806274460405,8.788708054196178,7.00953279340672,9.501701528137744,1
0.3,461,56.03374183982797,55.48610977067848,10,0.000610794565375832,10,0.5511277406225048,1.2280475201669674,1.2641212145640708,0.0034956714730185467,1.7756795893164394,0.7164891454145845,1
0.3,462,59.54496624290735,59.363087395592075,12,0.0006128217944851115,12,4.062352143701887,2.2831768829124286,4.775345617643453,3.8804732963866115,2.1012980355971536,4.5934667703281775,1
0.3,463,59.53272828720209,55.073605922381226,12,0.0006138883510515985,13,4.050114187996627,2.270938927207169,4.763107661938193,0.40900817682421575,2.188183437613702,0.3039852971173289,1
0.3,464,54.95724302605706,54.94861031214032,14,0.0006196059627533803,14,0.525371073148392,2.3045463339378784,0.18762240079315973,0.5340037870651599,2.3131790478545895,0.17898968687642025,1
0.3,465,52.857831329285176,52.729762720775874,7,0.0006491599452255583,8,2.624782769920273,4.403958030709759,1.9117892959787355,2.7528513784295683,4.532026639219055,2.0398579044880307,1
0.3,466,57.90217699563785,57.90480393188508,10,0.0006136241841005819,11,2.4195628964323888,0.6403876356429308,3.1325563703739547,2.4221898326796136,0.6430145718901557,3.1351833066211796,1
0.3,467,59.08782339105193,58.5623494723108,10,0.0006184038745539996,11,3.6052092918464638,1.8260340310570058,4.31820276578803,3.0797353731053363,1.3005601123158783,3.7927288470469023,1
0.3,468,63.88142437260304,64.01332040613828,10,0.000610237457254333,11,8.39881027339758,6.619635012608121,9.111803747339145,8.530706306932814,6.751531046143356,9.24369978087438,1
0.3,469,55.84363790710182,56.030208706451006,14,0.0006218335484049957,14,0.361023807896359,1.4181514528930848,1.074017281837925,0.5475946072455429,1.231580653543915,1.2605880811871089,1
0.3,470,65.46136932266043,65.35272997749132,10,0.0006232511330839982,11,9.978755223454968,8.19957996266551,10.691748697396534,9.870115878285858,8.0909406174964,10.583109352227424,1
0.3,471,57.98983931126518,58.03145984814732,13,0.0006218688100370348,13,2.5072252120597156,0.7280499512702576,3.2202186860012816,2.548845748941858,0.7696704881523999,3.261839222883424,1
0.3,472,58.318374021087365,58.70400279070041,10,0.0006232271870773526,10,2.835759921881902,1.0565846610924439,3.548753395823468,3.221388691494944,1.4422134307054861,3.93438216543651,1
0.3,473,63.68673618829549,63.435832548306244,10,0.0006142860967606272,11,8.204122089090028,6.42494682830057,8.917115563031594,7.953218449100781,6.174043188311323,8.666211923042347,1
0.3,474,51.61552543061323,51.03076776736133,11,0.0006154968004666382,11,3.8670886685922596,5.646263929381689,3.1540951946506652,4.451846331844138,6.231021592633567,3.7388528579025433,1
0.3,475,38.22613465158983,38.69910956724172,2,0.000846793339193846,7,17.256479447615618,19.035654708405104,16.54348597367408,16.78350453196373,18.562679792753215,16.07051105802219,1
0.3,476,51.77720261977963,51.073912928968504,10,0.0006158805718359086,10,3.705411479425834,5.4845867402152635,2.9924180054842964,4.408701170236952,6.187876431026439,3.6957076962954147,1
0.3,477,48.646981247012526,48.32091976543654,12,0.0006315750762960356,13,6.83563285219293,8.614808112982416,6.122639378251392,7.161694333768935,8.940869594558364,6.4487008598273405,1
0.3,478,54.30461608423725,53.75024608312991,10,0.0006213739237059474,10,1.1779980149682387,2.9571732757576683,0.46500454102664435,1.7323680160755544,3.5115432768650408,1.01937454213396,1
0.3,479,43.48785658335674,42.79074327159745,8,0.0006180324829170844,11,11.994757515848733,13.773932776638162,11.281764041907138,12.691870827608,14.471046088397486,11.978877353666462,1
0.3,480,57.56985293018807,57.10769593002654,13,0.0006074523721789413,13,2.0872388309826064,0.30806357019314845,2.8002323049241724,1.625081830821074,0.15409342996838404,2.33807530476264,1
0.3,481,50.896036415332624,50.55511804414447,11,0.0006130378961659412,12,4.586577683872861,6.36575294466229,3.8735842099312663,4.927496055060999,6.7066713158504285,4.214502581119405,1
0.3,482,67.82240387340475,67.7108484684534,10,0.0006180908404419372,10,12.33978977419929,10.560614513409831,13.052783248140855,12.228234369247943,10.449059108458485,12.941227843189509,1
0.3,483,57.172745122349546,56.76090632631219,13,0.000617542962221483,13,1.6901310231440831,0.08904423764539615,2.403124497085649,1.278292227106725,0.5008830336827259,1.991285701048291,1
0.3,484,58.16673652954921,58.24788952312845,5,0.0005832369591336868,5,2.6841224303437485,0.9049471695542906,3.3971159042853145,2.7652754239229864,0.9861001631335284,3.4782688978645524,1
0.3,485,50.76938817001987,50.55783879853218,11,0.0006165302547564936,12,4.713225929185569,6.492401189975055,4.000232455244031,4.924775300673275,6.7039505614627615,4.2117818267317375,1
0.3,486,54.135109096850535,54.34827587507725,11,0.0006155285724509442,12,1.3475050023549215,3.126680263144408,0.634511528413384,1.1343382241282143,2.913513484917644,0.4213447501866767,1
0.3,487,51.6737058000287,51.388914616551425,7,0.0006479806210444582,9,3.808908299176778,5.588083559966208,3.095914825235184,4.093699482654017,5.872874743443504,3.3807060087124796,1
0.3,488,63.94799254330921,64.67650173590768,9,0.0006672297510914959,10,8.465378444103749,6.686203183314291,9.178371918045315,9.193887636702215,7.414712375912757,9.90688111064378,1
0.3,489,56.116378682062454,56.25545269550693,14,0.0006227956190594992,14,0.6337645828569904,1.1454106779324889,1.3467580567985564,0.7728385963014688,1.0063366644880034,1.4858320702430348,1
0.3,490,51.32177726470418,51.367194189403655,12,0.0006180324829170844,12,4.1608368345013105,5.94001209529074,3.447843360559716,4.115419909801801,5.894595170591288,3.4024264358602636,1
0.3,491,46.9305108234661,46.80225228934385,7,0.0006369482609653158,9,8.552103275739341,10.331278536528828,7.839109801797804,8.680361809861608,10.459537070651095,7.967368335920071,1
0.3,492,48.03367602990769,47.73452334343426,12,0.0006256378191629631,12,7.448938069297753,9.22811333008724,6.735944595356216,7.748090755771216,9.527266016560645,7.035097281829621,1
0.3,493,54.938454851752724,54.85598353020997,12,0.0006220093949944653,12,0.5441592474527397,2.3233345082421692,0.1688342264888263,0.6266305689954947,2.405805829784981,0.08636290494607124,1
0.3,494,54.10779565931555,54.34065447095992,13,0.000615803328639259,13,1.374818439889907,3.1539937006793934,0.6618249659483695,1.1419596282455586,2.921134889034988,0.42896615430396423,1
0.3,495,59.78921229606497,59.73018159694537,12,0.0006137557668666172,12,4.306598196859504,2.527422936070046,5.01959167080107,4.247567497739908,2.46839223695045,4.960560971681474,1
0.3,496,43.88989498073474,40.546347852804594,7,0.000615803328639259,10,11.592719118470711,13.371894379260198,10.879725644529174,14.936266246400862,16.71544150719035,14.223272772459325,1
0.3,497,52.12458169056715,51.40688494838869,10,0.0006124667971441661,10,3.358032408638337,5.137207669427767,2.6450389346967427,4.0757291508167555,5.854904411606242,3.362735676875218,1
0.3,498,55.05000943089567,55.41749846564206,10,0.000641729519670519,11,0.43260466830980704,2.2117799290992366,0.28038880563177315,0.06511563356338002,1.8442908943528664,0.6478778403781646,1
0.3,499,58.97463655055939,58.90527938580511,11,0.0006175429622214837,12,3.4920224513539253,1.7128471905644673,4.205015925295491,3.4226652865996456,1.6434900258101877,4.135658760541212,1
