dir_index,origin_deg,origin_x,origin_y,truth_center_deg,rep,sigma_s,dir_global_deg,err_deg,n_local,fake
0,0.0,0.8024,0.3015,180.0,0,12.13,179.6393707891731,0.36062921082691446,16,1
0,0.0,0.8024,0.3015,180.0,1,12.13,179.69047572962134,0.309524270378688,16,1
0,0.0,0.8024,0.3015,180.0,2,12.13,179.72479176523416,0.27520823476584155,16,1
0,0.0,0.8024,0.3015,180.0,3,12.13,179.54404539611775,0.4559546038822191,16,1
0,0.0,0.8024,0.3015,180.0,4,12.13,179.3561002794312,0.6438997205688111,16,1
0,0.0,0.8024,0.3015,180.0,5,12.13,180.1935632392993,0.1935632392992943,16,1
0,0.0,0.8024,0.3015,180.0,6,12.13,180.0953551380377,0.09535513803768936,16,1
0,0.0,0.8024,0.3015,180.0,7,12.13,180.471423018145,0.4714230181450034,16,1
0,0.0,0.8024,0.3015,180.0,8,12.13,180.7730059821971,0.7730059821971054,16,1
0,0.0,0.8024,0.3015,180.0,9,12.13,179.7948811092391,0.20511889076090029,16,1
0,0.0,0.8024,0.3015,180.0,10,12.13,179.83339524491817,0.1666047550818348,16,1
0,0.0,0.8024,0.3015,180.0,11,12.13,179.1844215488251,0.8155784511749289,16,1
0,0.0,0.8024,0.3015,180.0,12,12.13,179.05021371721566,0.9497862827843164,16,1
0,0.0,0.8024,0.3015,180.0,13,12.13,180.09504072223203,0.09504072223202797,16,1
0,0.0,0.8024,0.3015,180.0,14,12.13,180.0761176239341,0.07611762393409549,16,1
0,0.0,0.8024,0.3015,180.0,15,12.13,179.4768803025219,0.5231196974781369,16,1
0,0.0,0.8024,0.3015,180.0,16,12.13,180.3669353233355,0.36693532333549683,16,1
0,0.0,0.8024,0.3015,180.0,17,12.13,180.0255609838731,0.025560983873106125,16,1
0,0.0,0.8024,0.3015,180.0,18,12.13,180.41484730118657,0.414847301186569,16,1
0,0.0,0.8024,0.3015,180.0,19,12.13,179.672319352821,0.32768064717902234,16,1
0,0.0,0.8024,0.3015,180.0,20,12.13,179.80935849471228,0.19064150528771506,16,1
0,0.0,0.8024,0.3015,180.0,21,12.13,179.55515746438874,0.44484253561125797,16,1
0,0.0,0.8024,0.3015,180.0,22,12.13,179.09758128916894,0.9024187108310571,16,1
0,0.0,0.8024,0.3015,180.0,23,12.13,179.8197311235627,0.18026887643731015,16,1
0,0.0,0.8024,0.3015,180.0,24,12.13,179.39832332057264,0.601676679427328,16,1
0,0.0,0.8024,0.3015,180.0,25,12.13,180.69067576163104,0.6906757616310415,16,1
0,0.0,0.8024,0.3015,180.0,26,12.13,180.13651494462428,0.13651494462428104,16,1
0,0.0,0.8024,0.3015,180.0,27,12.13,180.09474272813412,0.09474272813412199,16,1
0,0.0,0.8024,0.3015,180.0,28,12.13,179.25505725137072,0.7449427486292848,16,1
0,0.0,0.8024,0.3015,180.0,29,12.13,179.88999171842178,0.11000828157818887,16,1
0,0.0,0.8024,0.3015,180.0,30,12.13,179.92201621881568,0.07798378118434357,16,1
0,0.0,0.8024,0.3015,180.0,31,12.13,179.78727488774155,0.21272511225845392,16,1
0,0.0,0.8024,0.3015,180.0,32,12.13,178.91039123598404,1.0896087640159635,16,1
0,0.0,0.8024,0.3015,180.0,33,12.13,179.95812520494624,0.04187479505378633,16,1
0,0.0,0.8024,0.3015,180.0,34,12.13,180.6706787909629,0.6706787909629099,16,1
0,0.0,0.8024,0.3015,180.0,35,12.13,180.10443983821128,0.10443983821127745,16,1
0,0.0,0.8024,0.3015,180.0,36,12.13,179.42655135288467,0.5734486471153559,16,1
0,0.0,0.8024,0.3015,180.0,37,12.13,181.4454351572028,1.4454351572028088,16,1
0,0.0,0.8024,0.3015,180.0,38,12.13,180.23455789626277,0.23455789626277124,16,1
0,0.0,0.8024,0.3015,180.0,39,12.13,180.31907090223527,0.3190709022352678,16,1
0,0.0,0.8024,0.3015,180.0,40,12.13,180.12856860169472,0.12856860169472384,16,1
0,0.0,0.8024,0.3015,180.0,41,12.13,179.6538626326708,0.34613736732922007,16,1
0,0.0,0.8024,0.3015,180.0,42,12.13,180.61820883394404,0.6182088339440384,16,1
0,0.0,0.8024,0.3015,180.0,43,12.13,180.51763515969552,0.5176351596955158,16,1
0,0.0,0.8024,0.3015,180.0,44,12.13,180.71287006044682,0.7128700604468179,16,1
0,0.0,0.8024,0.3015,180.0,45,12.13,179.36256760013583,0.6374323998641671,16,1
0,0.0,0.8024,0.3015,180.0,46,12.13,180.03084688857598,0.030846888575979392,16,1
0,0.0,0.8024,0.3015,180.0,47,12.13,180.43118801673893,0.43118801673892904,16,1
0,0.0,0.8024,0.3015,180.0,48,12.13,180.05822543441937,0.058225434419370004,16,1
0,0.0,0.8024,0.3015,180.0,49,12.13,180.75450597532003,0.7545059753200292,16,1
0,0.0,0.8024,0.3015,180.0,50,12.13,180.5968130976467,0.5968130976467023,16,1
0,0.0,0.8024,0.3015,180.0,51,12.13,180.6061880445929,0.6061880445928978,16,1
0,0.0,0.8024,0.3015,180.0,52,12.13,179.78685823006856,0.21314176993143974,16,1
0,0.0,0.8024,0.3015,180.0,53,12.13,179.998697933354,0.0013020666459624408,16,1
0,0.0,0.8024,0.3015,180.0,54,12.13,180.15778318019355,0.15778318019354742,16,1
0,0.0,0.8024,0.3015,180.0,55,12.13,179.63269947669804,0.36730052330199214,16,1
0,0.0,0.8024,0.3015,180.0,56,12.13,179.66667487240005,0.3333251275999487,16,1
0,0.0,0.8024,0.3015,180.0,57,12.13,180.0035269354659,0.003526935465913539,16,1
0,0.0,0.8024,0.3015,180.0,58,12.13,179.691674582969,0.30832541703102834,16,1
0,0.0,0.8024,0.3015,180.0,59,12.13,180.21260710000848,0.21260710000848348,16,1
0,0.0,0.8024,0.3015,180.0,60,12.13,179.64365359108334,0.3563464089166928,16,1
0,0.0,0.8024,0.3015,180.0,61,12.13,180.49974620189377,0.49974620189377106,16,1
0,0.0,0.8024,0.3015,180.0,62,12.13,180.12764219806544,0.12764219806544475,16,1
0,0.0,0.8024,0.3015,180.0,63,12.13,180.02995772324604,0.02995772324604218,16,1
0,0.0,0.8024,0.3015,180.0,64,12.13,179.9574420826826,0.042557917317367355,16,1
0,0.0,0.8024,0.3015,180.0,65,12.13,179.80192780143224,0.19807219856772917,16,1
0,0.0,0.8024,0.3015,180.0,66,12.13,179.38453158131693,0.615468418683065,16,1
0,0.0,0.8024,0.3015,180.0,67,12.13,179.74721210516134,0.2527878948386615,16,1
0,0.0,0.8024,0.3015,180.0,68,12.13,179.50272146795916,0.4972785320408093,16,1
0,0.0,0.8024,0.3015,180.0,69,12.13,180.27903201706638,0.2790320170663847,16,1
0,0.0,0.8024,0.3015,180.0,70,12.13,180.33678245264625,0.33678245264624707,16,1
0,0.0,0.8024,0.3015,180.0,71,12.13,179.82994906038982,0.17005093961017792,16,1
0,0.0,0.8024,0.3015,180.0,72,12.13,179.82341093182754,0.17658906817246134,16,1
0,0.0,0.8024,0.3015,180.0,73,12.13,181.1387878220175,1.1387878220174912,16,1
0,0.0,0.8024,0.3015,180.0,74,12.13,180.17367835383533,0.17367835383532793,16,1
0,0.0,0.8024,0.3015,180.0,75,12.13,179.59494946114907,0.4050505388509009,16,1
0,0.0,0.8024,0.3015,180.0,76,12.13,179.292796465568,0.7072035344319829,16,1
0,0.0,0.8024,0.3015,180.0,77,12.13,180.04466427125786,0.04466427125785799,16,1
0,0.0,0.8024,0.3015,180.0,78,12.13,180.28992325604372,0.28992325604372127,16,1
0,0.0,0.8024,0.3015,180.0,79,12.13,181.09430258610354,1.094302586103538,16,1
0,0.0,0.8024,0.3015,180.0,80,12.13,180.17521937502548,0.17521937502547758,16,1
0,0.0,0.8024,0.3015,180.0,81,12.13,180.21339900121131,0.2133990012113145,16,1
0,0.0,0.8024,0.3015,180.0,82,12.13,179.38590409015907,0.6140959098408985,16,1
0,0.0,0.8024,0.3015,180.0,83,12.13,179.96381280606172,0.03618719393830361,16,1
0,0.0,0.8024,0.3015,180.0,84,12.13,179.71411343980984,0.28588656019019254,16,1
0,0.0,0.8024,0.3015,180.0,85,12.13,179.4424428567874,0.5575571432125912,16,1
0,0.0,0.8024,0.3015,180.0,86,12.13,180.08046453846757,0.08046453846756663,16,1
0,0.0,0.8024,0.3015,180.0,87,12.13,179.73279275163145,0.2672072483685497,16,1
0,0.0,0.8024,0.3015,180.0,88,12.13,179.90767317486822,0.0923268251317495,16,1
0,0.0,0.8024,0.3015,180.0,89,12.13,180.3644913725398,0.36449137253978847,16,1
0,0.0,0.8024,0.3015,180.0,90,12.13,180.47407957522688,0.47407957522688093,16,1
0,0.0,0.8024,0.3015,180.0,91,12.13,180.84605847024898,0.8460584702489768,16,1
0,0.0,0.8024,0.3015,180.0,92,12.13,179.9924472283854,0.007552771614598441,16,1
0,0.0,0.8024,0.3015,180.0,93,12.13,180.20040222322254,0.20040222322253953,16,1
0,0.0,0.8024,0.3015,180.0,94,12.13,179.23734590640174,0.7626540935982575,16,1
0,0.0,0.8024,0.3015,180.0,95,12.13,179.43536468542786,0.564635314572115,16,1
0,0.0,0.8024,0.3015,180.0,96,12.13,178.81193694515272,1.1880630548472482,16,1
0,0.0,0.8024,0.3015,180.0,97,12.13,179.86753543314268,0.13246456685732255,16,1
0,0.0,0.8024,0.3015,180.0,98,12.13,179.48084389742567,0.5191561025743567,16,1
0,0.0,0.8024,0.3015,180.0,99,12.13,180.33067992382513,0.3306799238251301,16,1
0,0.0,0.8024,0.3015,180.0,100,12.13,179.05401824395457,0.9459817560453985,16,1
0,0.0,0.8024,0.3015,180.0,101,12.13,179.8549574153192,0.14504258468082298,16,1
0,0.0,0.8024,0.3015,180.0,102,12.13,179.3512577372624,0.6487422627376418,16,1
0,0.0,0.8024,0.3015,180.0,103,12.13,179.39364321699261,0.6063567830074135,16,1
0,0.0,0.8024,0.3015,180.0,104,12.13,179.73392577646803,0.2660742235319731,16,1
0,0.0,0.8024,0.3015,180.0,105,12.13,180.1809607328496,0.18096073284959857,16,1
0,0.0,0.8024,0.3015,180.0,106,12.13,179.35643670082334,0.6435632991766624,16,1
0,0.0,0.8024,0.3015,180.0,107,12.13,180.12520227501145,0.12520227501144632,16,1
0,0.0,0.8024,0.3015,180.0,108,12.13,179.95485272292623,0.04514727707373822,16,1
0,0.0,0.8024,0.3015,180.0,109,12.13,180.0709420786331,0.0709420786330952,16,1
0,0.0,0.8024,0.3015,180.0,110,12.13,180.58781258598302,0.5878125859830163,16,1
0,0.0,0.8024,0.3015,180.0,111,12.13,179.98315303596468,0.016846964035323708,16,1
0,0.0,0.8024,0.3015,180.0,112,12.13,180.1548233520685,0.1548233520684903,16,1
0,0.0,0.8024,0.3015,180.0,113,12.13,180.20999296795262,0.20999296795261557,16,1
0,0.0,0.8024,0.3015,180.0,114,12.13,180.17878637805325,0.17878637805324615,16,1
0,0.0,0.8024,0.3015,180.0,115,12.13,179.13247316585486,0.8675268341451101,16,1
0,0.0,0.8024,0.3015,180.0,116,12.13,180.04346796953698,0.043467969536976625,16,1
0,0.0,0.8024,0.3015,180.0,117,12.13,180.55196518665502,0.5519651866550248,16,1
0,0.0,0.8024,0.3015,180.0,118,12.13,180.5614946081667,0.5614946081666972,16,1
0,0.0,0.8024,0.3015,180.0,119,12.13,180.13097267981195,0.13097267981194705,16,1
0,0.0,0.8024,0.3015,180.0,120,12.13,180.51064679549916,0.5106467954991558,16,1
0,0.0,0.8024,0.3015,180.0,121,12.13,179.1235319095472,0.8764680904528177,16,1
0,0.0,0.8024,0.3015,180.0,122,12.13,179.97319694951733,0.026803050482669732,16,1
0,0.0,0.8024,0.3015,180.0,123,12.13,179.5491514685506,0.4508485314494237,16,1
0,0.0,0.8024,0.3015,180.0,124,12.13,179.215307042841,0.7846929571589953,16,1
0,0.0,0.8024,0.3015,180.0,125,12.13,179.86787236184827,0.13212763815170092,16,1
0,0.0,0.8024,0.3015,180.0,126,12.13,180.3741882003383,0.3741882003382955,16,1
0,0.0,0.8024,0.3015,180.0,127,12.13,180.23325726214256,0.23325726214255837,16,1
0,0.0,0.8024,0.3015,180.0,128,12.13,180.7279012445009,0.727901244500913,16,1
0,0.0,0.8024,0.3015,180.0,129,12.13,179.35947150636053,0.6405284936394651,16,1
0,0.0,0.8024,0.3015,180.0,130,12.13,179.4376918817896,0.5623081182104102,16,1
0,0.0,0.8024,0.3015,180.0,131,12.13,180.02413403007455,0.024134030074549173,16,1
0,0.0,0.8024,0.3015,180.0,132,12.13,179.4182564798407,0.5817435201593071,16,1
0,0.0,0.8024,0.3015,180.0,133,12.13,179.86779156862147,0.1322084313785581,16,1
0,0.0,0.8024,0.3015,180.0,134,12.13,180.39983141958277,0.39983141958276747,16,1
0,0.0,0.8024,0.3015,180.0,135,12.13,180.57933572144557,0.5793357214455739,16,1
0,0.0,0.8024,0.3015,180.0,136,12.13,180.30476372515955,0.3047637251595461,16,1
0,0.0,0.8024,0.3015,180.0,137,12.13,179.76155730036174,0.23844269963825582,16,1
0,0.0,0.8024,0.3015,180.0,138,12.13,179.3458013811775,0.6541986188225337,16,1
0,0.0,0.8024,0.3015,180.0,139,12.13,180.80884879924432,0.8088487992443163,16,1
0,0.0,0.8024,0.3015,180.0,140,12.13,180.09658940566192,0.09658940566191632,16,1
0,0.0,0.8024,0.3015,180.0,141,12.13,179.56395041088783,0.43604958911214453,16,1
0,0.0,0.8024,0.3015,180.0,142,12.13,179.63532778718056,0.3646722128194142,16,1
0,0.0,0.8024,0.3015,180.0,143,12.13,178.65689266003153,1.3431073399684692,16,1
0,0.0,0.8024,0.3015,180.0,144,12.13,180.71282221494033,0.7128222149403314,16,1
0,0.0,0.8024,0.3015,180.0,145,12.13,180.2259880250044,0.22598802500439774,16,1
0,0.0,0.8024,0.3015,180.0,146,12.13,180.1203110019158,0.1203110019158089,16,1
0,0.0,0.8024,0.3015,180.0,147,12.13,180.76685747831758,0.7668574783175757,16,1
0,0.0,0.8024,0.3015,180.0,148,12.13,179.87141280484477,0.12858719515520534,16,1
0,0.0,0.8024,0.3015,180.0,149,12.13,179.45037111811914,0.5496288818808353,16,1
0,0.0,0.8024,0.3015,180.0,150,12.13,180.59438689683284,0.5943868968328445,16,1
0,0.0,0.8024,0.3015,180.0,151,12.13,180.33285507840242,0.33285507840241735,16,1
0,0.0,0.8024,0.3015,180.0,152,12.13,181.04486672861495,1.0448667286149487,16,1
0,0.0,0.8024,0.3015,180.0,153,12.13,181.16897792562307,1.168977925623068,16,1
0,0.0,0.8024,0.3015,180.0,154,12.13,179.7629225855016,0.23707741449840114,16,1
0,0.0,0.8024,0.3015,180.0,155,12.13,180.52713017671365,0.5271301767136549,16,1
0,0.0,0.8024,0.3015,180.0,156,12.13,180.70432031343935,0.7043203134393536,16,1
0,0.0,0.8024,0.3015,180.0,157,12.13,180.10193766153475,0.10193766153474826,16,1
0,0.0,0.8024,0.3015,180.0,158,12.13,179.8591770822511,0.140822917748892,16,1
0,0.0,0.8024,0.3015,180.0,159,12.13,179.60938848238735,0.3906115176126832,16,1
0,0.0,0.8024,0.3015,180.0,160,12.13,179.988454097523,0.011545902476996162,16,1
0,0.0,0.8024,0.3015,180.0,161,12.13,179.78255685598404,0.21744314401598785,16,1
0,0.0,0.8024,0.3015,180.0,162,12.13,180.42059769447934,0.4205976944793406,16,1
0,0.0,0.8024,0.3015,180.0,163,12.13,179.5872615987108,0.41273840128917527,16,1
0,0.0,0.8024,0.3015,180.0,164,12.13,180.5638045380797,0.5638045380796939,16,1
0,0.0,0.8024,0.3015,180.0,165,12.13,180.00888473337804,0.0088847333780393,16,1
0,0.0,0.8024,0.3015,180.0,166,12.13,179.44863591802718,0.5513640819727925,16,1
0,0.0,0.8024,0.3015,180.0,167,12.13,180.00862535719196,0.008625357191959893,16,1
0,0.0,0.8024,0.3015,180.0,168,12.13,179.08893893803614,0.9110610619638919,16,1
0,0.0,0.8024,0.3015,180.0,169,12.13,179.35957294417082,0.64042705582915,16,1
0,0.0,0.8024,0.3015,180.0,170,12.13,179.59281371855192,0.40718628144804825,16,1
0,0.0,0.8024,0.3015,180.0,171,12.13,179.89243426827773,0.1075657317222749,16,1
0,0.0,0.8024,0.3015,180.0,172,12.13,179.76127126340933,0.23872873659070137,16,1
0,0.0,0.8024,0.3015,180.0,173,12.13,180.26308390604646,0.2630839060464609,16,1
0,0.0,0.8024,0.3015,180.0,174,12.13,180.13305788670507,0.13305788670507468,16,1
0,0.0,0.8024,0.3015,180.0,175,12.13,179.91017076295591,0.08982923704411405,16,1
0,0.0,0.8024,0.3015,180.0,176,12.13,179.7988448694563,0.20115513054372514,16,1
0,0.0,0.8024,0.3015,180.0,177,12.13,179.185146042706,0.8148539572939626,16,1
0,0.0,0.8024,0.3015,180.0,178,12.13,180.80974042592453,0.8097404259245309,16,1
0,0.0,0.8024,0.3015,180.0,179,12.13,180.1492941964258,0.14929419642581365,16,1
0,0.0,0.8024,0.3015,180.0,180,12.13,180.0741855671119,0.07418556711189694,16,1
0,0.0,0.8024,0.3015,180.0,181,12.13,180.0366246433401,0.03662464334010451,16,1
0,0.0,0.8024,0.3015,180.0,182,12.13,179.59398259082707,0.4060174091729323,16,1
0,0.0,0.8024,0.3015,180.0,183,12.13,180.30129705574518,0.30129705574518084,16,1
0,0.0,0.8024,0.3015,180.0,184,12.13,179.9297678036327,0.07023219636732847,16,1
0,0.0,0.8024,0.3015,180.0,185,12.13,179.86932198999455,0.13067801000545387,16,1
0,0.0,0.8024,0.3015,180.0,186,12.13,179.82991196983758,0.17008803016244656,16,1
0,0.0,0.8024,0.3015,180.0,187,12.13,179.8848237317015,0.11517626829851224,16,1
0,0.0,0.8024,0.3015,180.0,188,12.13,179.01185635375083,0.9881436462491706,16,1
0,0.0,0.8024,0.3015,180.0,189,12.13,180.65373564144872,0.6537356414487192,16,1
0,0.0,0.8024,0.3015,180.0,190,12.13,179.69740063783783,0.302599362162141,16,1
0,0.0,0.8024,0.3015,180.0,191,12.13,180.00468181145988,0.004681811459875007,16,1
0,0.0,0.8024,0.3015,180.0,192,12.13,178.70426969744165,1.2957303025583542,16,1
0,0.0,0.8024,0.3015,180.0,193,12.13,180.17310031734493,0.17310031734493236,16,1
0,0.0,0.8024,0.3015,180.0,194,12.13,179.28668518875693,0.7133148112430945,16,1
0,0.0,0.8024,0.3015,180.0,195,12.13,179.67882908766003,0.3211709123399942,16,1
0,0.0,0.8024,0.3015,180.0,196,12.13,179.87640344611447,0.12359655388553392,16,1
0,0.0,0.8024,0.3015,180.0,197,12.13,179.91683043488905,0.08316956511094986,16,1
0,0.0,0.8024,0.3015,180.0,198,12.13,180.15612719263763,0.15612719263762642,16,1
0,0.0,0.8024,0.3015,180.0,199,12.13,179.33883790742289,0.6611620925771149,16,1
1,30.0,0.7355,0.5512,210.0,0,12.13,210.10054624792386,0.1005462479238588,16,1
1,30.0,0.7355,0.5512,210.0,1,12.13,208.34586554471838,1.6541344552816213,16,1
1,30.0,0.7355,0.5512,210.0,2,12.13,209.93363141785045,0.06636858214955055,16,1
1,30.0,0.7355,0.5512,210.0,3,12.13,210.09450576049315,0.09450576049314918,16,1
1,30.0,0.7355,0.5512,210.0,4,12.13,210.0118936992784,0.011893699278402892,16,1
1,30.0,0.7355,0.5512,210.0,5,12.13,210.5530215540964,0.5530215540964036,16,1
1,30.0,0.7355,0.5512,210.0,6,12.13,209.96983651865773,0.03016348134224245,16,1
1,30.0,0.7355,0.5512,210.0,7,12.13,209.68116995604777,0.31883004395223224,16,1
1,30.0,0.7355,0.5512,210.0,8,12.13,209.00838936596034,0.9916106340396595,16,1
1,30.0,0.7355,0.5512,210.0,9,12.13,209.29016570968446,0.7098342903155412,16,1
1,30.0,0.7355,0.5512,210.0,10,12.13,210.10702566060783,0.1070256606078317,16,1
1,30.0,0.7355,0.5512,210.0,11,12.13,209.53873567286885,0.4612643271311754,16,1
1,30.0,0.7355,0.5512,210.0,12,12.13,210.23292779888573,0.23292779888572568,16,1
1,30.0,0.7355,0.5512,210.0,13,12.13,208.95472660342273,1.0452733965772723,16,1
1,30.0,0.7355,0.5512,210.0,14,12.13,208.94765255368443,1.0523474463155935,16,1
1,30.0,0.7355,0.5512,210.0,15,12.13,209.6491042844268,0.35089571557318777,16,1
1,30.0,0.7355,0.5512,210.0,16,12.13,209.8534000099251,0.14659999007488977,16,1
1,30.0,0.7355,0.5512,210.0,17,12.13,209.19644796244424,0.8035520375557326,16,1
1,30.0,0.7355,0.5512,210.0,18,12.13,208.73750462657992,1.2624953734200517,16,1
1,30.0,0.7355,0.5512,210.0,19,12.13,209.58889917176214,0.4111008282378634,16,1
1,30.0,0.7355,0.5512,210.0,20,12.13,209.8392865251818,0.16071347481818066,16,1
1,30.0,0.7355,0.5512,210.0,21,12.13,208.60779035246645,1.392209647533548,16,1
1,30.0,0.7355,0.5512,210.0,22,12.13,210.14068797413177,0.14068797413176526,16,1
1,30.0,0.7355,0.5512,210.0,23,12.13,209.05046123137092,0.9495387686290542,16,1
1,30.0,0.7355,0.5512,210.0,24,12.13,209.88855294094435,0.11144705905564933,16,1
1,30.0,0.7355,0.5512,210.0,25,12.13,209.12055500056874,0.8794449994312572,16,1
1,30.0,0.7355,0.5512,210.0,26,12.13,209.92401030768985,0.07598969231014507,16,1
1,30.0,0.7355,0.5512,210.0,27,12.13,209.16482256866632,0.8351774313337046,16,1
1,30.0,0.7355,0.5512,210.0,28,12.13,209.48115334766376,0.5188466523362649,16,1
1,30.0,0.7355,0.5512,210.0,29,12.13,210.11500335934363,0.11500335934363193,16,1
1,30.0,0.7355,0.5512,210.0,30,12.13,209.01833140922932,0.9816685907707097,16,1
1,30.0,0.7355,0.5512,210.0,31,12.13,209.1616901908054,0.838309809194584,16,1
1,30.0,0.7355,0.5512,210.0,32,12.13,208.80427728329914,1.1957227167008568,16,1
1,30.0,0.7355,0.5512,210.0,33,12.13,208.75995245159976,1.2400475484002413,16,1
1,30.0,0.7355,0.5512,210.0,34,12.13,208.85537605983353,1.1446239401664684,16,1
1,30.0,0.7355,0.5512,210.0,35,12.13,208.62055824514857,1.3794417548514275,16,1
1,30.0,0.7355,0.5512,210.0,36,12.13,209.00893146401333,0.991068535986642,16,1
1,30.0,0.7355,0.5512,210.0,37,12.13,209.34236469459768,0.657635305402323,16,1
1,30.0,0.7355,0.5512,210.0,38,12.13,209.38597248451524,0.6140275154847359,16,1
1,30.0,0.7355,0.5512,210.0,39,12.13,209.90818742215197,0.09181257784803165,16,1
1,30.0,0.7355,0.5512,210.0,40,12.13,208.9423306425657,1.0576693574342926,16,1
1,30.0,0.7355,0.5512,210.0,41,12.13,208.68258874662428,1.3174112533757238,16,1
1,30.0,0.7355,0.5512,210.0,42,12.13,210.17497730210778,0.17497730210777718,16,1
1,30.0,0.7355,0.5512,210.0,43,12.13,209.88294154065466,0.11705845934534409,16,1
1,30.0,0.7355,0.5512,210.0,44,12.13,209.54635268722407,0.4536473127759564,16,1
1,30.0,0.7355,0.5512,210.0,45,12.13,209.16770681512753,0.8322931848724693,16,1
1,30.0,0.7355,0.5512,210.0,46,12.13,210.1444509630297,0.14445096302969773,16,1
1,30.0,0.7355,0.5512,210.0,47,12.13,208.8588961821458,1.141103817854173,16,1
1,30.0,0.7355,0.5512,210.0,48,12.13,209.12991519788022,0.8700848021197771,16,1
1,30.0,0.7355,0.5512,210.0,49,12.13,209.8796140640196,0.12038593598038005,16,1
1,30.0,0.7355,0.5512,210.0,50,12.13,209.64288306712186,0.3571169328781707,16,1
1,30.0,0.7355,0.5512,210.0,51,12.13,209.19897200882414,0.8010279911758289,16,1
1,30.0,0.7355,0.5512,210.0,52,12.13,210.06364062388974,0.06364062388973935,16,1
1,30.0,0.7355,0.5512,210.0,53,12.13,209.21193495270256,0.7880650472974366,16,1
1,30.0,0.7355,0.5512,210.0,54,12.13,209.50231490672874,0.49768509327122956,16,1
1,30.0,0.7355,0.5512,210.0,55,12.13,210.21626306477776,0.21626306477776325,16,1
1,30.0,0.7355,0.5512,210.0,56,12.13,209.5506490612061,0.44935093879394117,16,1
1,30.0,0.7355,0.5512,210.0,57,12.13,209.80835427408044,0.19164572591955675,16,1
1,30.0,0.7355,0.5512,210.0,58,12.13,210.0826714304558,0.08267143045580383,16,1
1,30.0,0.7355,0.5512,210.0,59,12.13,209.28116416563438,0.7188358343656205,16,1
1,30.0,0.7355,0.5512,210.0,60,12.13,209.06883639523033,0.9311636047696652,16,1
1,30.0,0.7355,0.5512,210.0,61,12.13,209.7217763143224,0.2782236856776308,16,1
1,30.0,0.7355,0.5512,210.0,62,12.13,208.77019810492575,1.2298018950742744,16,1
1,30.0,0.7355,0.5512,210.0,63,12.13,209.5195164375835,0.48048356241650936,16,1
1,30.0,0.7355,0.5512,210.0,64,12.13,210.22723081328712,0.2272308132871217,16,1
1,30.0,0.7355,0.5512,210.0,65,12.13,210.2232829241966,0.2232829241966101,16,1
1,30.0,0.7355,0.5512,210.0,66,12.13,209.46531765190016,0.5346823480998637,16,1
1,30.0,0.7355,0.5512,210.0,67,12.13,210.37789936165788,0.3778993616578816,16,1
1,30.0,0.7355,0.5512,210.0,68,12.13,209.62418015327074,0.3758198467292573,16,1
1,30.0,0.7355,0.5512,210.0,69,12.13,209.57678207705925,0.42321792294075067,16,1
1,30.0,0.7355,0.5512,210.0,70,12.13,210.73653987878467,0.7365398787846686,16,1
1,30.0,0.7355,0.5512,210.0,71,12.13,210.24266447094732,0.24266447094731802,16,1
1,30.0,0.7355,0.5512,210.0,72,12.13,209.890880771963,0.10911922803700236,16,1
1,30.0,0.7355,0.5512,210.0,73,12.13,210.8711155477829,0.8711155477828925,16,1
1,30.0,0.7355,0.5512,210.0,74,12.13,209.99904040475,0.000959595250037637,16,1
1,30.0,0.7355,0.5512,210.0,75,12.13,210.55641403957313,0.5564140395731272,16,1
1,30.0,0.7355,0.5512,210.0,76,12.13,208.69149227435224,1.3085077256477575,16,1
1,30.0,0.7355,0.5512,210.0,77,12.13,208.51477433556454,1.4852256644354611,16,1
1,30.0,0.7355,0.5512,210.0,78,12.13,209.08060590311888,0.9193940968810921,16,1
1,30.0,0.7355,0.5512,210.0,79,12.13,208.35916019236998,1.640839807630016,16,1
1,30.0,0.7355,0.5512,210.0,80,12.13,209.83318350087262,0.1668164991273784,16,1
1,30.0,0.7355,0.5512,210.0,81,12.13,209.42424022819966,0.5757597718003353,16,1
1,30.0,0.7355,0.5512,210.0,82,12.13,209.12332134260694,0.8766786573930858,16,1
1,30.0,0.7355,0.5512,210.0,83,12.13,209.45167885783562,0.5483211421643546,16,1
1,30.0,0.7355,0.5512,210.0,84,12.13,209.74259143479952,0.2574085652004783,16,1
1,30.0,0.7355,0.5512,210.0,85,12.13,210.50025677873109,0.5002567787310852,16,1
1,30.0,0.7355,0.5512,210.0,86,12.13,209.3981568926919,0.6018431073081274,16,1
1,30.0,0.7355,0.5512,210.0,87,12.13,209.3492066598965,0.6507933401035189,16,1
1,30.0,0.7355,0.5512,210.0,88,12.13,210.37714539657495,0.37714539657494583,16,1
1,30.0,0.7355,0.5512,210.0,89,12.13,208.77729803826318,1.2227019617367887,16,1
1,30.0,0.7355,0.5512,210.0,90,12.13,209.4921107873539,0.5078892126460914,16,1
1,30.0,0.7355,0.5512,210.0,91,12.13,210.4906625242092,0.4906625242091991,16,1
1,30.0,0.7355,0.5512,210.0,92,12.13,208.40650865938835,1.5934913406116493,16,1
1,30.0,0.7355,0.5512,210.0,93,12.13,209.35630778466128,0.6436922153387172,16,1
1,30.0,0.7355,0.5512,210.0,94,12.13,208.92899883028934,1.0710011697106552,16,1
1,30.0,0.7355,0.5512,210.0,95,12.13,210.45799290419617,0.4579929041961748,16,1
1,30.0,0.7355,0.5512,210.0,96,12.13,210.43548756708918,0.4354875670891829,16,1
1,30.0,0.7355,0.5512,210.0,97,12.13,210.41450675659934,0.4145067565993372,16,1
1,30.0,0.7355,0.5512,210.0,98,12.13,209.2769736364621,0.7230263635378833,16,1
1,30.0,0.7355,0.5512,210.0,99,12.13,209.48014888872737,0.519851111272601,16,1
1,30.0,0.7355,0.5512,210.0,100,12.13,209.24628673742143,0.7537132625785716,16,1
1,30.0,0.7355,0.5512,210.0,101,12.13,209.15838867573052,0.8416113242694792,16,1
1,30.0,0.7355,0.5512,210.0,102,12.13,209.87972618351498,0.12027381648499613,16,1
1,30.0,0.7355,0.5512,210.0,103,12.13,209.389798656239,0.6102013437609912,16,1
1,30.0,0.7355,0.5512,210.0,104,12.13,209.69370387937175,0.3062961206282466,16,1
1,30.0,0.7355,0.5512,210.0,105,12.13,208.89932458303056,1.100675416969466,16,1
1,30.0,0.7355,0.5512,210.0,106,12.13,208.80342854603,1.196571453970023,16,1
1,30.0,0.7355,0.5512,210.0,107,12.13,209.35907992306386,0.6409200769361405,16,1
1,30.0,0.7355,0.5512,210.0,108,12.13,209.21923658420832,0.7807634157916823,16,1
1,30.0,0.7355,0.5512,210.0,109,12.13,208.84506424411094,1.1549357558890279,16,1
1,30.0,0.7355,0.5512,210.0,110,12.13,210.14371503206286,0.14371503206285752,16,1
1,30.0,0.7355,0.5512,210.0,111,12.13,210.1532155351486,0.15321553514860398,16,1
1,30.0,0.7355,0.5512,210.0,112,12.13,209.71513116938797,0.2848688306120266,16,1
1,30.0,0.7355,0.5512,210.0,113,12.13,209.41377906045466,0.5862209395453419,16,1
1,30.0,0.7355,0.5512,210.0,114,12.13,209.68333339627284,0.31666660372718525,16,1
1,30.0,0.7355,0.5512,210.0,115,12.13,209.04745895396306,0.952541046036913,16,1
1,30.0,0.7355,0.5512,210.0,116,12.13,208.922418398754,1.0775816012460382,16,1
1,30.0,0.7355,0.5512,210.0,117,12.13,209.6028055480706,0.3971944519294084,16,1
1,30.0,0.7355,0.5512,210.0,118,12.13,208.78411191665518,1.2158880833447938,16,1
1,30.0,0.7355,0.5512,210.0,119,12.13,209.34455127435442,0.6554487256455559,16,1
1,30.0,0.7355,0.5512,210.0,120,12.13,209.71815559219365,0.2818444078063749,16,1
1,30.0,0.7355,0.5512,210.0,121,12.13,207.5728965014696,2.427103498530414,16,1
1,30.0,0.7355,0.5512,210.0,122,12.13,208.95360110906188,1.0463988909381214,16,1
1,30.0,0.7355,0.5512,210.0,123,12.13,209.79416614674847,0.20583385325153358,16,1
1,30.0,0.7355,0.5512,210.0,124,12.13,208.42505107510488,1.574948924895125,16,1
1,30.0,0.7355,0.5512,210.0,125,12.13,209.4116421847103,0.5883578152896689,16,1
1,30.0,0.7355,0.5512,210.0,126,12.13,209.53451207441617,0.46548792558382956,16,1
1,30.0,0.7355,0.5512,210.0,127,12.13,209.33325251960144,0.6667474803985556,16,1
1,30.0,0.7355,0.5512,210.0,128,12.13,209.19318049648155,0.8068195035184544,16,1
1,30.0,0.7355,0.5512,210.0,129,12.13,208.1411474266915,1.858852573308468,16,1
1,30.0,0.7355,0.5512,210.0,130,12.13,210.2511204024749,0.2511204024748963,16,1
1,30.0,0.7355,0.5512,210.0,131,12.13,210.41664752661282,0.41664752661282023,16,1
1,30.0,0.7355,0.5512,210.0,132,12.13,209.2152507555144,0.7847492444856243,16,1
1,30.0,0.7355,0.5512,210.0,133,12.13,210.07958641781366,0.07958641781365827,16,1
1,30.0,0.7355,0.5512,210.0,134,12.13,210.59710378383107,0.5971037838310735,16,1
1,30.0,0.7355,0.5512,210.0,135,12.13,209.03520316018987,0.9647968398101057,16,1
1,30.0,0.7355,0.5512,210.0,136,12.13,209.29156842885754,0.7084315711424551,16,1
1,30.0,0.7355,0.5512,210.0,137,12.13,209.23514277003983,0.764857229960171,16,1
1,30.0,0.7355,0.5512,210.0,138,12.13,210.38456933076458,0.38456933076457744,16,1
1,30.0,0.7355,0.5512,210.0,139,12.13,209.50425720531888,0.4957427946811208,16,1
1,30.0,0.7355,0.5512,210.0,140,12.13,210.00626790109212,0.006267901092115835,16,1
1,30.0,0.7355,0.5512,210.0,141,12.13,209.16836811332956,0.8316318866704364,16,1
1,30.0,0.7355,0.5512,210.0,142,12.13,208.4341689333623,1.5658310666377133,16,1
1,30.0,0.7355,0.5512,210.0,143,12.13,209.93714366671992,0.06285633328008089,16,1
1,30.0,0.7355,0.5512,210.0,144,12.13,210.2100230928635,0.2100230928635085,16,1
1,30.0,0.7355,0.5512,210.0,145,12.13,209.28091787632528,0.7190821236747524,16,1
1,30.0,0.7355,0.5512,210.0,146,12.13,209.02058069360402,0.9794193063959824,16,1
1,30.0,0.7355,0.5512,210.0,147,12.13,209.38728126618307,0.6127187338169051,16,1
1,30.0,0.7355,0.5512,210.0,148,12.13,208.30448453403295,1.6955154659670484,16,1
1,30.0,0.7355,0.5512,210.0,149,12.13,209.67564129565477,0.3243587043452294,16,1
1,30.0,0.7355,0.5512,210.0,150,12.13,209.78468683035194,0.2153131696480841,16,1
1,30.0,0.7355,0.5512,210.0,151,12.13,208.57933797881105,1.4206620211889458,16,1
1,30.0,0.7355,0.5512,210.0,152,12.13,209.46403642796818,0.5359635720318465,16,1
1,30.0,0.7355,0.5512,210.0,153,12.13,208.62084916950923,1.3791508304907438,16,1
1,30.0,0.7355,0.5512,210.0,154,12.13,209.597242072568,0.4027579274319919,16,1
1,30.0,0.7355,0.5512,210.0,155,12.13,209.69466653601629,0.30533346398374306,16,1
1,30.0,0.7355,0.5512,210.0,156,12.13,210.17702648954463,0.1770264895446303,16,1
1,30.0,0.7355,0.5512,210.0,157,12.13,209.28962177953963,0.7103782204603704,16,1
1,30.0,0.7355,0.5512,210.0,158,12.13,209.4859455657981,0.5140544342019098,16,1
1,30.0,0.7355,0.5512,210.0,159,12.13,210.58491398201357,0.5849139820135747,16,1
1,30.0,0.7355,0.5512,210.0,160,12.13,209.76062459935378,0.23937540064622453,16,1
1,30.0,0.7355,0.5512,210.0,161,12.13,209.0325035771788,0.9674964228212275,16,1
1,30.0,0.7355,0.5512,210.0,162,12.13,209.37424793025855,0.625752069741452,16,1
1,30.0,0.7355,0.5512,210.0,163,12.13,210.3374533330408,0.3374533330407985,16,1
1,30.0,0.7355,0.5512,210.0,164,12.13,210.02013689486142,0.020136894861423116,16,1
1,30.0,0.7355,0.5512,210.0,165,12.13,210.15648585468864,0.15648585468863985,16,1
1,30.0,0.7355,0.5512,210.0,166,12.13,209.5822987246137,0.41770127538632096,16,1
1,30.0,0.7355,0.5512,210.0,167,12.13,209.45755347521808,0.5424465247818944,16,1
1,30.0,0.7355,0.5512,210.0,168,12.13,209.52910765165743,0.4708923483425451,16,1
1,30.0,0.7355,0.5512,210.0,169,12.13,209.98136374008865,0.01863625991131812,16,1
1,30.0,0.7355,0.5512,210.0,170,12.13,209.2574809568184,0.7425190431815736,16,1
1,30.0,0.7355,0.5512,210.0,171,12.13,208.6493961753577,1.3506038246422918,16,1
1,30.0,0.7355,0.5512,210.0,172,12.13,208.68216723054718,1.3178327694528207,16,1
1,30.0,0.7355,0.5512,210.0,173,12.13,211.23946277109468,1.2394627710946793,16,1
1,30.0,0.7355,0.5512,210.0,174,12.13,207.959504134141,2.0404958658589862,16,1
1,30.0,0.7355,0.5512,210.0,175,12.13,209.3673918299642,0.6326081700358372,16,1
1,30.0,0.7355,0.5512,210.0,176,12.13,209.7258899130174,0.27411008698260275,16,1
1,30.0,0.7355,0.5512,210.0,177,12.13,210.577927520482,0.5779275204820067,16,1
1,30.0,0.7355,0.5512,210.0,178,12.13,209.84217070278103,0.15782929721899563,16,1
1,30.0,0.7355,0.5512,210.0,179,12.13,209.18212116492856,0.8178788350714399,16,1
1,30.0,0.7355,0.5512,210.0,180,12.13,209.42356589123474,0.5764341087652838,16,1
1,30.0,0.7355,0.5512,210.0,181,12.13,210.83223077021117,0.8322307702111686,16,1
1,30.0,0.7355,0.5512,210.0,182,12.13,209.27635098921087,0.7236490107891314,16,1
1,30.0,0.7355,0.5512,210.0,183,12.13,210.50561829955316,0.5056182995531628,16,1
1,30.0,0.7355,0.5512,210.0,184,12.13,210.25522674746958,0.2552267474695782,16,1
1,30.0,0.7355,0.5512,210.0,185,12.13,209.6763513754963,0.3236486245036758,16,1
1,30.0,0.7355,0.5512,210.0,186,12.13,209.10837449084872,0.8916255091512539,16,1
1,30.0,0.7355,0.5512,210.0,187,12.13,210.0880806147805,0.08808061478049467,16,1
1,30.0,0.7355,0.5512,210.0,188,12.13,209.42078444474092,0.5792155552591112,16,1
1,30.0,0.7355,0.5512,210.0,189,12.13,209.80892441639105,0.19107558360894927,16,1
1,30.0,0.7355,0.5512,210.0,190,12.13,209.86256438067744,0.13743561932255943,16,1
1,30.0,0.7355,0.5512,210.0,191,12.13,209.70112327534457,0.2988767246554289,16,1
1,30.0,0.7355,0.5512,210.0,192,12.13,209.40261289826788,0.5973871017321244,16,1
1,30.0,0.7355,0.5512,210.0,193,12.13,208.95167343814362,1.0483265618563564,16,1
1,30.0,0.7355,0.5512,210.0,194,12.13,209.23203342382595,0.7679665761740466,16,1
1,30.0,0.7355,0.5512,210.0,195,12.13,209.79882793121257,0.20117206878740035,16,1
1,30.0,0.7355,0.5512,210.0,196,12.13,209.12687839139085,0.8731216086091536,16,1
1,30.0,0.7355,0.5512,210.0,197,12.13,209.47483618940322,0.52516381059678,16,1
1,30.0,0.7355,0.5512,210.0,198,12.13,209.24067763285592,0.7593223671440796,16,1
1,30.0,0.7355,0.5512,210.0,199,12.13,208.69531159631603,1.3046884036839401,16,1
2,60.0,0.5527,0.734,240.0,0,12.13,240.53904566030207,0.5390456603020652,16,1
2,60.0,0.5527,0.734,240.0,1,12.13,240.17157538950954,0.17157538950954176,16,1
2,60.0,0.5527,0.734,240.0,2,12.13,240.52484177595093,0.5248417759509323,16,1
2,60.0,0.5527,0.734,240.0,3,12.13,240.66039827163232,0.6603982716323173,16,1
2,60.0,0.5527,0.734,240.0,4,12.13,241.57108553699715,1.5710855369971455,16,1
2,60.0,0.5527,0.734,240.0,5,12.13,240.88178214294922,0.8817821429492199,16,1
2,60.0,0.5527,0.734,240.0,6,12.13,241.11823648368167,1.1182364836816703,16,1
2,60.0,0.5527,0.734,240.0,7,12.13,240.47841538068064,0.4784153806806444,16,1
2,60.0,0.5527,0.734,240.0,8,12.13,240.05492732178766,0.05492732178765891,16,1
2,60.0,0.5527,0.734,240.0,9,12.13,240.61765115895102,0.6176511589510199,16,1
2,60.0,0.5527,0.734,240.0,10,12.13,240.873606095308,0.8736060953079914,16,1
2,60.0,0.5527,0.734,240.0,11,12.13,240.65910105243023,0.6591010524302305,16,1
2,60.0,0.5527,0.734,240.0,12,12.13,240.702280897075,0.7022808970750134,16,1
2,60.0,0.5527,0.734,240.0,13,12.13,240.33010278978898,0.330102789788981,16,1
2,60.0,0.5527,0.734,240.0,14,12.13,240.95985578977007,0.9598557897700744,16,1
2,60.0,0.5527,0.734,240.0,15,12.13,239.07884435732655,0.9211556426734546,16,1
2,60.0,0.5527,0.734,240.0,16,12.13,239.8292644156856,0.17073558431440006,16,1
2,60.0,0.5527,0.734,240.0,17,12.13,240.90983532083487,0.9098353208348726,16,1
2,60.0,0.5527,0.734,240.0,18,12.13,240.2777121992006,0.2777121992006073,16,1
2,60.0,0.5527,0.734,240.0,19,12.13,240.92982956462532,0.9298295646253223,16,1
2,60.0,0.5527,0.734,240.0,20,12.13,240.1960968114874,0.19609681148739355,16,1
2,60.0,0.5527,0.734,240.0,21,12.13,240.12727404904354,0.12727404904353534,16,1
2,60.0,0.5527,0.734,240.0,22,12.13,240.44097381999046,0.4409738199904609,16,1
2,60.0,0.5527,0.734,240.0,23,12.13,240.81722534993412,0.8172253499341195,16,1
2,60.0,0.5527,0.734,240.0,24,12.13,240.68808885978632,0.6880888597863191,16,1
2,60.0,0.5527,0.734,240.0,25,12.13,239.59933055815281,0.4006694418471852,16,1
2,60.0,0.5527,0.734,240.0,26,12.13,241.6242852224604,1.6242852224604007,16,1
2,60.0,0.5527,0.734,240.0,27,12.13,239.88660108126862,0.11339891873137731,16,1
2,60.0,0.5527,0.734,240.0,28,12.13,240.67949447510438,0.6794944751043772,16,1
2,60.0,0.5527,0.734,240.0,29,12.13,240.53160862465404,0.5316086246540408,16,1
2,60.0,0.5527,0.734,240.0,30,12.13,239.377802085192,0.6221979148079981,16,1
2,60.0,0.5527,0.734,240.0,31,12.13,240.06679606085004,0.06679606085003797,16,1
2,60.0,0.5527,0.734,240.0,32,12.13,239.38747117594457,0.6125288240554028,16,1
2,60.0,0.5527,0.734,240.0,33,12.13,240.69607158386134,0.6960715838613396,16,1
2,60.0,0.5527,0.734,240.0,34,12.13,240.41005041816533,0.4100504181653264,16,1
2,60.0,0.5527,0.734,240.0,35,12.13,239.97888085879777,0.02111914120223446,16,1
2,60.0,0.5527,0.734,240.0,36,12.13,240.24105939160435,0.2410593916043524,16,1
2,60.0,0.5527,0.734,240.0,37,12.13,241.4706840563053,1.4706840563052879,16,1
2,60.0,0.5527,0.734,240.0,38,12.13,240.36558442161504,0.3655844216150399,16,1
2,60.0,0.5527,0.734,240.0,39,12.13,241.5004373245387,1.5004373245386944,16,1
2,60.0,0.5527,0.734,240.0,40,12.13,241.67576657896274,1.6757665789627367,16,1
2,60.0,0.5527,0.734,240.0,41,12.13,240.43158027073395,0.4315802707339458,16,1
2,60.0,0.5527,0.734,240.0,42,12.13,240.002255619962,0.002255619961999855,16,1
2,60.0,0.5527,0.734,240.0,43,12.13,240.6740831180378,0.6740831180377995,16,1
2,60.0,0.5527,0.734,240.0,44,12.13,240.95216657546482,0.9521665754648154,16,1
2,60.0,0.5527,0.734,240.0,45,12.13,240.8298637151965,0.8298637151964954,16,1
2,60.0,0.5527,0.734,240.0,46,12.13,240.4048855682993,0.40488556829930644,16,1
2,60.0,0.5527,0.734,240.0,47,12.13,239.67498291048128,0.3250170895187239,16,1
2,60.0,0.5527,0.734,240.0,48,12.13,239.25664278382763,0.7433572161723987,16,1
2,60.0,0.5527,0.734,240.0,49,12.13,239.56453193317515,0.4354680668248534,16,1
2,60.0,0.5527,0.734,240.0,50,12.13,239.30355312744905,0.6964468725509505,16,1
2,60.0,0.5527,0.734,240.0,51,12.13,240.08846148046138,0.08846148046137614,16,1
2,60.0,0.5527,0.734,240.0,52,12.13,240.09073347168055,0.09073347168055079,16,1
2,60.0,0.5527,0.734,240.0,53,12.13,240.084467511702,0.08446751170200173,16,1
2,60.0,0.5527,0.734,240.0,54,12.13,240.26485909224772,0.2648590922477183,16,1
2,60.0,0.5527,0.734,240.0,55,12.13,242.05380239597713,2.0538023959771294,16,1
2,60.0,0.5527,0.734,240.0,56,12.13,240.46053196087192,0.4605319608719185,16,1
2,60.0,0.5527,0.734,240.0,57,12.13,241.6186215251849,1.618621525184892,16,1
2,60.0,0.5527,0.734,240.0,58,12.13,239.12650022944842,0.8734997705515752,16,1
2,60.0,0.5527,0.734,240.0,59,12.13,238.98555204827977,1.0144479517202285,16,1
2,60.0,0.5527,0.734,240.0,60,12.13,239.85407217601036,0.14592782398960935,16,1
2,60.0,0.5527,0.734,240.0,61,12.13,239.6375118329109,0.36248816708911136,16,1
2,60.0,0.5527,0.734,240.0,62,12.13,241.72030491028772,1.720304910287723,16,1
2,60.0,0.5527,0.734,240.0,63,12.13,239.27093152385993,0.7290684761400712,16,1
2,60.0,0.5527,0.734,240.0,64,12.13,240.94890035903592,0.9489003590359175,16,1
2,60.0,0.5527,0.734,240.0,65,12.13,242.42963829090576,2.429638290905757,16,1
2,60.0,0.5527,0.734,240.0,66,12.13,240.68381218796497,0.6838121879649748,16,1
2,60.0,0.5527,0.734,240.0,67,12.13,240.03277369776674,0.03277369776674277,16,1
2,60.0,0.5527,0.734,240.0,68,12.13,240.35369371897013,0.3536937189701348,16,1
2,60.0,0.5527,0.734,240.0,69,12.13,240.72641823385464,0.7264182338546448,16,1
2,60.0,0.5527,0.734,240.0,70,12.13,240.7120841614859,0.7120841614859046,16,1
2,60.0,0.5527,0.734,240.0,71,12.13,240.88914992516925,0.8891499251692494,16,1
2,60.0,0.5527,0.734,240.0,72,12.13,240.65920683220568,0.6592068322056832,16,1
2,60.0,0.5527,0.734,240.0,73,12.13,240.6668104042741,0.6668104042740879,16,1
2,60.0,0.5527,0.734,240.0,74,12.13,240.129647071882,0.12964707188200464,16,1
2,60.0,0.5527,0.734,240.0,75,12.13,238.8180646667484,1.1819353332516016,16,1
2,60.0,0.5527,0.734,240.0,76,12.13,240.00007440215978,7.440215978249398e-05,16,1
2,60.0,0.5527,0.734,240.0,77,12.13,240.13465828119996,0.13465828119996104,16,1
2,60.0,0.5527,0.734,240.0,78,12.13,240.9299100316793,0.9299100316792988,16,1
2,60.0,0.5527,0.734,240.0,79,12.13,240.70776597786198,0.7077659778619818,16,1
2,60.0,0.5527,0.734,240.0,80,12.13,239.89938903517492,0.10061096482507992,16,1
2,60.0,0.5527,0.734,240.0,81,12.13,240.711667393705,0.7116673937049995,16,1
2,60.0,0.5527,0.734,240.0,82,12.13,240.51965412065104,0.5196541206510403,16,1
2,60.0,0.5527,0.734,240.0,83,12.13,240.11169791426673,0.1116979142667276,16,1
2,60.0,0.5527,0.734,240.0,84,12.13,240.35764250230847,0.3576425023084653,16,1
2,60.0,0.5527,0.734,240.0,85,12.13,241.0825424707624,1.0825424707624052,16,1
2,60.0,0.5527,0.734,240.0,86,12.13,241.6012984602231,1.6012984602230915,16,1
2,60.0,0.5527,0.734,240.0,87,12.13,241.31184243167792,1.311842431677917,16,1
2,60.0,0.5527,0.734,240.0,88,12.13,241.15043162736302,1.1504316273630195,16,1
2,60.0,0.5527,0.734,240.0,89,12.13,240.00967876772367,0.00967876772367049,16,1
2,60.0,0.5527,0.734,240.0,90,12.13,240.3131417842675,0.3131417842674864,16,1
2,60.0,0.5527,0.734,240.0,91,12.13,240.30688680718282,0.3068868071828206,16,1
2,60.0,0.5527,0.734,240.0,92,12.13,240.71821900385504,0.7182190038550402,16,1
2,60.0,0.5527,0.734,240.0,93,12.13,240.5559645903892,0.555964590389209,16,1
2,60.0,0.5527,0.734,240.0,94,12.13,239.933775110383,0.06622488961698991,16,1
2,60.0,0.5527,0.734,240.0,95,12.13,239.97106115404043,0.028938845959601167,16,1
2,60.0,0.5527,0.734,240.0,96,12.13,239.7094785325789,0.29052146742105833,16,1
2,60.0,0.5527,0.734,240.0,97,12.13,239.51455625869687,0.4854437413031292,16,1
2,60.0,0.5527,0.734,240.0,98,12.13,239.76678010491446,0.23321989508553997,16,1
2,60.0,0.5527,0.734,240.0,99,12.13,241.23736236979562,1.237362369795619,16,1
2,60.0,0.5527,0.734,240.0,100,12.13,240.82456962270874,0.8245696227087365,16,1
2,60.0,0.5527,0.734,240.0,101,12.13,240.70979221106134,0.709792211061341,16,1
2,60.0,0.5527,0.734,240.0,102,12.13,241.04437487599262,1.0443748759926166,16,1
2,60.0,0.5527,0.734,240.0,103,12.13,240.7842903936995,0.7842903936995071,16,1
2,60.0,0.5527,0.734,240.0,104,12.13,240.50679849294124,0.5067984929412432,16,1
2,60.0,0.5527,0.734,240.0,105,12.13,241.1760254735277,1.1760254735276874,16,1
2,60.0,0.5527,0.734,240.0,106,12.13,239.89514382039607,0.10485617960392801,16,1
2,60.0,0.5527,0.734,240.0,107,12.13,240.28873166938428,0.2887316693842763,16,1
2,60.0,0.5527,0.734,240.0,108,12.13,239.74218773976224,0.25781226023775616,16,1
2,60.0,0.5527,0.734,240.0,109,12.13,239.7878616131302,0.21213838686981035,16,1
2,60.0,0.5527,0.734,240.0,110,12.13,241.8412613791835,1.8412613791834929,16,1
2,60.0,0.5527,0.734,240.0,111,12.13,241.0723057357002,1.072305735700212,16,1
2,60.0,0.5527,0.734,240.0,112,12.13,240.6780178306001,0.6780178306001119,16,1
2,60.0,0.5527,0.734,240.0,113,12.13,241.53822804298386,1.5382280429838602,16,1
2,60.0,0.5527,0.734,240.0,114,12.13,240.21224820755577,0.21224820755577412,16,1
2,60.0,0.5527,0.734,240.0,115,12.13,240.85763170930954,0.857631709309544,16,1
2,60.0,0.5527,0.734,240.0,116,12.13,239.22066806428109,0.7793319357189148,16,1
2,60.0,0.5527,0.734,240.0,117,12.13,240.9603245704089,0.9603245704088863,16,1
2,60.0,0.5527,0.734,240.0,118,12.13,239.92430907571585,0.0756909242841175,16,1
2,60.0,0.5527,0.734,240.0,119,12.13,239.98519034939665,0.01480965060335393,16,1
2,60.0,0.5527,0.734,240.0,120,12.13,240.20361201055238,0.20361201055237643,16,1
2,60.0,0.5527,0.734,240.0,121,12.13,240.158151795195,0.15815179519501044,16,1
2,60.0,0.5527,0.734,240.0,122,12.13,240.3380108258802,0.3380108258801897,16,1
2,60.0,0.5527,0.734,240.0,123,12.13,240.76766239812747,0.7676623981274702,16,1
2,60.0,0.5527,0.734,240.0,124,12.13,240.74725683520444,0.7472568352044391,16,1
2,60.0,0.5527,0.734,240.0,125,12.13,242.05595485675485,2.055954856754852,16,1
2,60.0,0.5527,0.734,240.0,126,12.13,239.97848374414872,0.021516255851281585,16,1
2,60.0,0.5527,0.734,240.0,127,12.13,240.85517068304375,0.8551706830437524,16,1
2,60.0,0.5527,0.734,240.0,128,12.13,240.64626872923196,0.6462687292319629,16,1
2,60.0,0.5527,0.734,240.0,129,12.13,241.0697958528726,1.069795852872602,16,1
2,60.0,0.5527,0.734,240.0,130,12.13,240.2485479365083,0.2485479365082881,16,1
2,60.0,0.5527,0.734,240.0,131,12.13,240.64422046397902,0.6442204639790248,16,1
2,60.0,0.5527,0.734,240.0,132,12.13,241.32007222637918,1.3200722263791818,16,1
2,60.0,0.5527,0.734,240.0,133,12.13,241.00431313877328,1.0043131387732842,16,1
2,60.0,0.5527,0.734,240.0,134,12.13,239.91311843630137,0.08688156369862554,16,1
2,60.0,0.5527,0.734,240.0,135,12.13,240.96654337183156,0.9665433718315626,16,1
2,60.0,0.5527,0.734,240.0,136,12.13,240.28414549431932,0.28414549431931846,16,1
2,60.0,0.5527,0.734,240.0,137,12.13,239.38978698238503,0.6102130176149672,16,1
2,60.0,0.5527,0.734,240.0,138,12.13,239.61269099240928,0.38730900759071574,16,1
2,60.0,0.5527,0.734,240.0,139,12.13,239.93159317717397,0.06840682282603439,16,1
2,60.0,0.5527,0.734,240.0,140,12.13,240.99562312561366,0.9956231256136618,16,1
2,60.0,0.5527,0.734,240.0,141,12.13,239.89599069585105,0.10400930414891718,16,1
2,60.0,0.5527,0.734,240.0,142,12.13,239.62662523371702,0.3733747662829501,16,1
2,60.0,0.5527,0.734,240.0,143,12.13,239.1610479826585,0.8389520173415121,16,1
2,60.0,0.5527,0.734,240.0,144,12.13,241.01873685067494,1.0187368506749408,16,1
2,60.0,0.5527,0.734,240.0,145,12.13,241.37690376714977,1.37690376714977,16,1
2,60.0,0.5527,0.734,240.0,146,12.13,240.7985058341293,0.798505834129287,16,1
2,60.0,0.5527,0.734,240.0,147,12.13,241.1198472961483,1.1198472961482935,16,1
2,60.0,0.5527,0.734,240.0,148,12.13,240.37951507441738,0.37951507441738386,16,1
2,60.0,0.5527,0.734,240.0,149,12.13,240.4551421939575,0.45514219395749933,16,1
2,60.0,0.5527,0.734,240.0,150,12.13,239.4292136201431,0.5707863798569406,16,1
2,60.0,0.5527,0.734,240.0,151,12.13,238.96375128474637,1.0362487152536346,16,1
2,60.0,0.5527,0.734,240.0,152,12.13,240.98993878634133,0.9899387863413267,16,1
2,60.0,0.5527,0.734,240.0,153,12.13,240.6256054034473,0.6256054034473095,16,1
2,60.0,0.5527,0.734,240.0,154,12.13,239.92458800928276,0.07541199071727078,16,1
2,60.0,0.5527,0.734,240.0,155,12.13,240.4265354825169,0.426535482516897,16,1
2,60.0,0.5527,0.734,240.0,156,12.13,240.33312699730146,0.3331269973014628,16,1
2,60.0,0.5527,0.734,240.0,157,12.13,240.91234494554794,0.9123449455479431,16,1
2,60.0,0.5527,0.734,240.0,158,12.13,240.6009502389338,0.6009502389337911,16,1
2,60.0,0.5527,0.734,240.0,159,12.13,239.27890226872194,0.7210977312780642,16,1
2,60.0,0.5527,0.734,240.0,160,12.13,239.7082552888464,0.29174471115356937,16,1
2,60.0,0.5527,0.734,240.0,161,12.13,241.06417427949341,1.0641742794934146,16,1
2,60.0,0.5527,0.734,240.0,162,12.13,239.55233600093203,0.44766399906797005,16,1
2,60.0,0.5527,0.734,240.0,163,12.13,239.99006111511233,0.009938884887674249,16,1
2,60.0,0.5527,0.734,240.0,164,12.13,240.41732910197504,0.41732910197504225,16,1
2,60.0,0.5527,0.734,240.0,165,12.13,240.99750909318269,0.9975090931826855,16,1
2,60.0,0.5527,0.734,240.0,166,12.13,241.2067393341144,1.2067393341143884,16,1
2,60.0,0.5527,0.734,240.0,167,12.13,240.9498006961516,0.9498006961516126,16,1
2,60.0,0.5527,0.734,240.0,168,12.13,239.46051431700297,0.5394856829969967,16,1
2,60.0,0.5527,0.734,240.0,169,12.13,239.63458727752135,0.3654127224786521,16,1
2,60.0,0.5527,0.734,240.0,170,12.13,241.10505955590662,1.105059555906621,16,1
2,60.0,0.5527,0.734,240.0,171,12.13,239.47624744819547,0.5237525518045345,16,1
2,60.0,0.5527,0.734,240.0,172,12.13,239.4855200887423,0.5144799112576948,16,1
2,60.0,0.5527,0.734,240.0,173,12.13,240.51690239296153,0.5169023929615264,16,1
2,60.0,0.5527,0.734,240.0,174,12.13,240.50025033596745,0.5002503359674506,16,1
2,60.0,0.5527,0.734,240.0,175,12.13,240.82179130538452,0.8217913053845223,16,1
2,60.0,0.5527,0.734,240.0,176,12.13,239.73167769753715,0.2683223024628205,16,1
2,60.0,0.5527,0.734,240.0,177,12.13,240.38716418087267,0.38716418087267357,16,1
2,60.0,0.5527,0.734,240.0,178,12.13,241.93225632342524,1.9322563234252357,16,1
2,60.0,0.5527,0.734,240.0,179,12.13,240.49763161361102,0.49763161361101993,16,1
2,60.0,0.5527,0.734,240.0,180,12.13,241.14418433161597,1.1441843316159748,16,1
2,60.0,0.5527,0.734,240.0,181,12.13,240.8527125402851,0.852712540285097,16,1
2,60.0,0.5527,0.734,240.0,182,12.13,241.0572913759524,1.0572913759523885,16,1
2,60.0,0.5527,0.734,240.0,183,12.13,240.67374940908792,0.6737494090879181,16,1
2,60.0,0.5527,0.734,240.0,184,12.13,240.75833582458986,0.7583358245898637,16,1
2,60.0,0.5527,0.734,240.0,185,12.13,240.66682197427303,0.6668219742730344,16,1
2,60.0,0.5527,0.734,240.0,186,12.13,240.73231813553176,0.7323181355317558,16,1
2,60.0,0.5527,0.734,240.0,187,12.13,240.282834651057,0.28283465105698724,16,1
2,60.0,0.5527,0.734,240.0,188,12.13,240.12083088973748,0.12083088973747635,16,1
2,60.0,0.5527,0.734,240.0,189,12.13,240.24831158879476,0.24831158879476334,16,1
2,60.0,0.5527,0.734,240.0,190,12.13,238.83962081103496,1.1603791889650665,16,1
2,60.0,0.5527,0.734,240.0,191,12.13,240.13075412649624,0.1307541264962424,16,1
2,60.0,0.5527,0.734,240.0,192,12.13,241.2169181890228,1.216918189022806,16,1
2,60.0,0.5527,0.734,240.0,193,12.13,241.35075096745496,1.3507509674549567,16,1
2,60.0,0.5527,0.734,240.0,194,12.13,240.322037751461,0.32203775146101066,16,1
2,60.0,0.5527,0.734,240.0,195,12.13,239.68424962428975,0.3157503757102518,16,1
2,60.0,0.5527,0.734,240.0,196,12.13,239.98408926071238,0.015910739287619435,16,1
2,60.0,0.5527,0.734,240.0,197,12.13,240.232114267491,0.23211426749099928,16,1
2,60.0,0.5527,0.734,240.0,198,12.13,239.47782951816157,0.5221704818384296,16,1
2,60.0,0.5527,0.734,240.0,199,12.13,239.9404246955046,0.05957530449541082,16,1
3,90.0,0.303,0.8009,270.0,0,12.13,271.20094316045083,1.2009431604508336,16,1
3,90.0,0.303,0.8009,270.0,1,12.13,270.41054318408794,0.4105431840879419,16,1
3,90.0,0.303,0.8009,270.0,2,12.13,269.2932294421362,0.7067705578638197,16,1
3,90.0,0.303,0.8009,270.0,3,12.13,269.5227375232008,0.4772624767991829,16,1
3,90.0,0.303,0.8009,270.0,4,12.13,269.9169611445439,0.08303885545609546,16,1
3,90.0,0.303,0.8009,270.0,5,12.13,270.45400928229736,0.45400928229736337,16,1
3,90.0,0.303,0.8009,270.0,6,12.13,269.0463646653245,0.9536353346754822,16,1
3,90.0,0.303,0.8009,270.0,7,12.13,270.3618957014023,0.3618957014023181,16,1
3,90.0,0.303,0.8009,270.0,8,12.13,270.201619559831,0.20161955983098778,16,1
3,90.0,0.303,0.8009,270.0,9,12.13,269.0476937965781,0.9523062034219265,16,1
3,90.0,0.303,0.8009,270.0,10,12.13,270.1273877890808,0.1273877890807853,16,1
3,90.0,0.303,0.8009,270.0,11,12.13,269.4652827129188,0.5347172870812074,16,1
3,90.0,0.303,0.8009,270.0,12,12.13,270.02061221524394,0.02061221524394341,16,1
3,90.0,0.303,0.8009,270.0,13,12.13,269.98989850783613,0.010101492163869352,16,1
3,90.0,0.303,0.8009,270.0,14,12.13,270.1976717245327,0.19767172453271087,16,1
3,90.0,0.303,0.8009,270.0,15,12.13,270.4013653087065,0.4013653087064881,16,1
3,90.0,0.303,0.8009,270.0,16,12.13,270.7263495603697,0.7263495603697265,16,1
3,90.0,0.303,0.8009,270.0,17,12.13,270.17660754710374,0.1766075471037425,16,1
3,90.0,0.303,0.8009,270.0,18,12.13,269.88414244144394,0.1158575585560584,16,1
3,90.0,0.303,0.8009,270.0,19,12.13,269.33066903939766,0.6693309606023377,16,1
3,90.0,0.303,0.8009,270.0,20,12.13,270.4964861163032,0.4964861163031742,16,1
3,90.0,0.303,0.8009,270.0,21,12.13,270.5135129497841,0.5135129497841149,16,1
3,90.0,0.303,0.8009,270.0,22,12.13,270.1471807477625,0.14718074776249068,16,1
3,90.0,0.303,0.8009,270.0,23,12.13,269.33663105022913,0.6633689497708701,16,1
3,90.0,0.303,0.8009,270.0,24,12.13,269.38786684061427,0.6121331593857349,16,1
3,90.0,0.303,0.8009,270.0,25,12.13,270.3234210799392,0.32342107993918034,16,1
3,90.0,0.303,0.8009,270.0,26,12.13,270.2912129281044,0.29121292810441446,16,1
3,90.0,0.303,0.8009,270.0,27,12.13,271.5310564673255,1.5310564673255271,16,1
3,90.0,0.303,0.8009,270.0,28,12.13,270.00277572559537,0.0027757255953702042,16,1
3,90.0,0.303,0.8009,270.0,29,12.13,269.7057627004341,0.29423729956590705,16,1
3,90.0,0.303,0.8009,270.0,30,12.13,270.14738085844743,0.1473808584474341,16,1
3,90.0,0.303,0.8009,270.0,31,12.13,269.46101826921426,0.5389817307857356,16,1
3,90.0,0.303,0.8009,270.0,32,12.13,268.9363647768114,1.0636352231886121,16,1
3,90.0,0.303,0.8009,270.0,33,12.13,269.69072291897453,0.3092770810254706,16,1
3,90.0,0.303,0.8009,270.0,34,12.13,270.66377931644126,0.6637793164412642,16,1
3,90.0,0.303,0.8009,270.0,35,12.13,270.7111042974075,0.7111042974074735,16,1
3,90.0,0.303,0.8009,270.0,36,12.13,270.6103751968393,0.6103751968392999,16,1
3,90.0,0.303,0.8009,270.0,37,12.13,270.17480328504433,0.17480328504433373,16,1
3,90.0,0.303,0.8009,270.0,38,12.13,271.2201243924143,1.2201243924142773,16,1
3,90.0,0.303,0.8009,270.0,39,12.13,270.089488317887,0.08948831788700318,16,1
3,90.0,0.303,0.8009,270.0,40,12.13,269.73731014668743,0.26268985331256545,16,1
3,90.0,0.303,0.8009,270.0,41,12.13,270.2962498436411,0.2962498436410783,16,1
3,90.0,0.303,0.8009,270.0,42,12.13,269.0065836499565,0.9934163500435034,16,1
3,90.0,0.303,0.8009,270.0,43,12.13,270.61053861562164,0.6105386156216355,16,1
3,90.0,0.303,0.8009,270.0,44,12.13,269.5256354284623,0.4743645715377056,16,1
3,90.0,0.303,0.8009,270.0,45,12.13,269.63955776616945,0.36044223383055396,16,1
3,90.0,0.303,0.8009,270.0,46,12.13,269.2393478035601,0.760652196439878,16,1
3,90.0,0.303,0.8009,270.0,47,12.13,269.4009514895716,0.5990485104284176,16,1
3,90.0,0.303,0.8009,270.0,48,12.13,269.0081633142304,0.9918366857696128,16,1
3,90.0,0.303,0.8009,270.0,49,12.13,269.9894193588827,0.010580641117314826,16,1
3,90.0,0.303,0.8009,270.0,50,12.13,270.3815724910971,0.38157249109707436,16,1
3,90.0,0.303,0.8009,270.0,51,12.13,269.59894788027486,0.40105211972513644,16,1
3,90.0,0.303,0.8009,270.0,52,12.13,270.0323045395746,0.03230453957462487,16,1
3,90.0,0.303,0.8009,270.0,53,12.13,269.9301469221714,0.06985307782861128,16,1
3,90.0,0.303,0.8009,270.0,54,12.13,270.32750690299326,0.3275069029932638,16,1
3,90.0,0.303,0.8009,270.0,55,12.13,270.29138446952896,0.291384469528964,16,1
3,90.0,0.303,0.8009,270.0,56,12.13,270.2309590655376,0.23095906553760415,16,1
3,90.0,0.303,0.8009,270.0,57,12.13,269.8588715022146,0.14112849778541658,16,1
3,90.0,0.303,0.8009,270.0,58,12.13,270.57302339721394,0.5730233972139445,16,1
3,90.0,0.303,0.8009,270.0,59,12.13,270.2156018618189,0.21560186181892504,16,1
3,90.0,0.303,0.8009,270.0,60,12.13,269.0744382489189,0.9255617510810907,16,1
3,90.0,0.303,0.8009,270.0,61,12.13,269.61217266291624,0.38782733708376327,16,1
3,90.0,0.303,0.8009,270.0,62,12.13,269.32149583536017,0.6785041646398327,16,1
3,90.0,0.303,0.8009,270.0,63,12.13,270.3201673589888,0.32016735898878323,16,1
3,90.0,0.303,0.8009,270.0,64,12.13,269.77508685048565,0.22491314951435015,16,1
3,90.0,0.303,0.8009,270.0,65,12.13,268.8126538505884,1.18734614941161,16,1
3,90.0,0.303,0.8009,270.0,66,12.13,269.9313810859327,0.06861891406731502,16,1
3,90.0,0.303,0.8009,270.0,67,12.13,270.2936638674428,0.29366386744277406,16,1
3,90.0,0.303,0.8009,270.0,68,12.13,270.1142331287558,0.1142331287558136,16,1
3,90.0,0.303,0.8009,270.0,69,12.13,269.7783463411721,0.2216536588279041,16,1
3,90.0,0.303,0.8009,270.0,70,12.13,269.9613326356591,0.03866736434088125,16,1
3,90.0,0.303,0.8009,270.0,71,12.13,270.2453557798252,0.24535577982521772,16,1
3,90.0,0.303,0.8009,270.0,72,12.13,269.67433432319825,0.32566567680174785,16,1
3,90.0,0.303,0.8009,270.0,73,12.13,269.59874374855065,0.40125625144935384,16,1
3,90.0,0.303,0.8009,270.0,74,12.13,269.5365953034366,0.4634046965633729,16,1
3,90.0,0.303,0.8009,270.0,75,12.13,269.5044662376698,0.495533762330183,16,1
3,90.0,0.303,0.8009,270.0,76,12.13,270.3206065465347,0.320606546534691,16,1
3,90.0,0.303,0.8009,270.0,77,12.13,270.0807643808003,0.08076438080030357,16,1
3,90.0,0.303,0.8009,270.0,78,12.13,269.90110112178394,0.0988988782160618,16,1
3,90.0,0.303,0.8009,270.0,79,12.13,268.4306970667209,1.5693029332791184,16,1
3,90.0,0.303,0.8009,270.0,80,12.13,269.5700512110383,0.42994878896172395,16,1
3,90.0,0.303,0.8009,270.0,81,12.13,270.71838383536743,0.7183838353674332,16,1
3,90.0,0.303,0.8009,270.0,82,12.13,269.63401424804357,0.3659857519564298,16,1
3,90.0,0.303,0.8009,270.0,83,12.13,270.11906530597,0.11906530597002529,16,1
3,90.0,0.303,0.8009,270.0,84,12.13,269.8250041706115,0.1749958293884788,16,1
3,90.0,0.303,0.8009,270.0,85,12.13,269.771201208119,0.2287987918809904,16,1
3,90.0,0.303,0.8009,270.0,86,12.13,268.7649880186362,1.2350119813638116,16,1
3,90.0,0.303,0.8009,270.0,87,12.13,269.486245709528,0.5137542904719794,16,1
3,90.0,0.303,0.8009,270.0,88,12.13,270.0159766832604,0.015976683260419122,16,1
3,90.0,0.303,0.8009,270.0,89,12.13,270.5296327926528,0.5296327926528193,16,1
3,90.0,0.303,0.8009,270.0,90,12.13,270.5099902595053,0.5099902595052868,16,1
3,90.0,0.303,0.8009,270.0,91,12.13,270.34178274592796,0.3417827459279579,16,1
3,90.0,0.303,0.8009,270.0,92,12.13,270.04311290064044,0.0431129006404376,16,1
3,90.0,0.303,0.8009,270.0,93,12.13,270.564904918054,0.564904918054026,16,1
3,90.0,0.303,0.8009,270.0,94,12.13,269.56366595682965,0.43633404317034774,16,1
3,90.0,0.303,0.8009,270.0,95,12.13,270.32522970871,0.325229708710026,16,1
3,90.0,0.303,0.8009,270.0,96,12.13,269.40347236021574,0.5965276397842558,16,1
3,90.0,0.303,0.8009,270.0,97,12.13,270.6945073734422,0.6945073734422067,16,1
3,90.0,0.303,0.8009,270.0,98,12.13,269.89075042492726,0.10924957507273803,16,1
3,90.0,0.303,0.8009,270.0,99,12.13,269.9667161921908,0.03328380780919815,16,1
3,90.0,0.303,0.8009,270.0,100,12.13,269.8167176525293,0.18328234747070837,16,1
3,90.0,0.303,0.8009,270.0,101,12.13,269.2693581806346,0.7306418193654167,16,1
3,90.0,0.303,0.8009,270.0,102,12.13,269.01115057025675,0.9888494297432544,16,1
3,90.0,0.303,0.8009,270.0,103,12.13,270.0725779005736,0.0725779005736058,16,1
3,90.0,0.303,0.8009,270.0,104,12.13,270.05126755074724,0.051267550747240875,16,1
3,90.0,0.303,0.8009,270.0,105,12.13,270.1376951454006,0.1376951454005848,16,1
3,90.0,0.303,0.8009,270.0,106,12.13,270.5293753951718,0.5293753951718259,16,1
3,90.0,0.303,0.8009,270.0,107,12.13,269.2206643776376,0.779335622362396,16,1
3,90.0,0.303,0.8009,270.0,108,12.13,270.38564048437814,0.38564048437814336,16,1
3,90.0,0.303,0.8009,270.0,109,12.13,270.3995118471017,0.3995118471016781,16,1
3,90.0,0.303,0.8009,270.0,110,12.13,270.4367925617648,0.43679256176477566,16,1
3,90.0,0.303,0.8009,270.0,111,12.13,270.0016245555251,0.0016245555250975485,16,1
3,90.0,0.303,0.8009,270.0,112,12.13,270.2009902358209,0.20099023582088194,16,1
3,90.0,0.303,0.8009,270.0,113,12.13,270.034966300434,0.03496630043400728,16,1
3,90.0,0.303,0.8009,270.0,114,12.13,270.209987736996,0.2099877369960268,16,1
3,90.0,0.303,0.8009,270.0,115,12.13,270.64491256809106,0.6449125680910583,16,1
3,90.0,0.303,0.8009,270.0,116,12.13,269.2915494371981,0.708450562801886,16,1
3,90.0,0.303,0.8009,270.0,117,12.13,269.22529954118,0.774700458820007,16,1
3,90.0,0.303,0.8009,270.0,118,12.13,269.0494834852866,0.9505165147133994,16,1
3,90.0,0.303,0.8009,270.0,119,12.13,270.5761072092333,0.5761072092333279,16,1
3,90.0,0.303,0.8009,270.0,120,12.13,270.26163910467903,0.26163910467903406,16,1
3,90.0,0.303,0.8009,270.0,121,12.13,270.0486743160615,0.04867431606152195,16,1
3,90.0,0.303,0.8009,270.0,122,12.13,269.1275223224223,0.8724776775777059,16,1
3,90.0,0.303,0.8009,270.0,123,12.13,270.1251285858824,0.1251285858824076,16,1
3,90.0,0.303,0.8009,270.0,124,12.13,269.5123525510611,0.4876474489389011,16,1
3,90.0,0.303,0.8009,270.0,125,12.13,270.75580752985303,0.7558075298530298,16,1
3,90.0,0.303,0.8009,270.0,126,12.13,269.88401150685655,0.11598849314344761,16,1
3,90.0,0.303,0.8009,270.0,127,12.13,270.3365617519139,0.336561751913905,16,1
3,90.0,0.303,0.8009,270.0,128,12.13,269.13823486553036,0.8617651344696355,16,1
3,90.0,0.303,0.8009,270.0,129,12.13,270.00035867122364,0.0003586712236369749,16,1
3,90.0,0.303,0.8009,270.0,130,12.13,269.7149586655531,0.2850413344468734,16,1
3,90.0,0.303,0.8009,270.0,131,12.13,270.6600799461703,0.6600799461702991,16,1
3,90.0,0.303,0.8009,270.0,132,12.13,269.34605695334363,0.6539430466563658,16,1
3,90.0,0.303,0.8009,270.0,133,12.13,269.5130007503528,0.4869992496472264,16,1
3,90.0,0.303,0.8009,270.0,134,12.13,271.15729611239067,1.157296112390668,16,1
3,90.0,0.303,0.8009,270.0,135,12.13,270.4296237918658,0.4296237918658221,16,1
3,90.0,0.303,0.8009,270.0,136,12.13,269.96206382663763,0.03793617336236821,16,1
3,90.0,0.303,0.8009,270.0,137,12.13,269.79034995524097,0.20965004475903015,16,1
3,90.0,0.303,0.8009,270.0,138,12.13,270.8122187652549,0.8122187652548973,16,1
3,90.0,0.303,0.8009,270.0,139,12.13,269.2863052726253,0.7136947273746728,16,1
3,90.0,0.303,0.8009,270.0,140,12.13,269.67469803910905,0.325301960890954,16,1
3,90.0,0.303,0.8009,270.0,141,12.13,271.3571488805984,1.3571488805984018,16,1
3,90.0,0.303,0.8009,270.0,142,12.13,270.5923109754123,0.5923109754123175,16,1
3,90.0,0.303,0.8009,270.0,143,12.13,270.40050647546735,0.40050647546735263,16,1
3,90.0,0.303,0.8009,270.0,144,12.13,270.95111605482606,0.9511160548260591,16,1
3,90.0,0.303,0.8009,270.0,145,12.13,270.24404649762835,0.24404649762834651,16,1
3,90.0,0.303,0.8009,270.0,146,12.13,270.8742963397735,0.8742963397734798,16,1
3,90.0,0.303,0.8009,270.0,147,12.13,269.0371224990591,0.9628775009409196,16,1
3,90.0,0.303,0.8009,270.0,148,12.13,270.66326470306717,0.6632647030671706,16,1
3,90.0,0.303,0.8009,270.0,149,12.13,270.55499018668974,0.5549901866897358,16,1
3,90.0,0.303,0.8009,270.0,150,12.13,270.2678193141161,0.26781931411608184,16,1
3,90.0,0.303,0.8009,270.0,151,12.13,269.83364656180424,0.1663534381957561,16,1
3,90.0,0.303,0.8009,270.0,152,12.13,270.28658471989144,0.28658471989143663,16,1
3,90.0,0.303,0.8009,270.0,153,12.13,269.663355954018,0.33664404598198416,16,1
3,90.0,0.303,0.8009,270.0,154,12.13,270.27722024333946,0.27722024333945683,16,1
3,90.0,0.303,0.8009,270.0,155,12.13,270.0348336445526,0.034833644552577425,16,1
3,90.0,0.303,0.8009,270.0,156,12.13,270.4779280103466,0.47792801034660215,16,1
3,90.0,0.303,0.8009,270.0,157,12.13,270.9392423530189,0.9392423530189262,16,1
3,90.0,0.303,0.8009,270.0,158,12.13,270.665535764232,0.6655357642320041,16,1
3,90.0,0.303,0.8009,270.0,159,12.13,269.728497844156,0.2715021558440185,16,1
3,90.0,0.303,0.8009,270.0,160,12.13,270.8268390703839,0.8268390703839259,16,1
3,90.0,0.303,0.8009,270.0,161,12.13,270.82480503898006,0.8248050389800596,16,1
3,90.0,0.303,0.8009,270.0,162,12.13,270.7604629905826,0.7604629905825959,16,1
3,90.0,0.303,0.8009,270.0,163,12.13,270.13164868562967,0.13164868562967058,16,1
3,90.0,0.303,0.8009,270.0,164,12.13,269.23078819228664,0.7692118077133614,16,1
3,90.0,0.303,0.8009,270.0,165,12.13,270.37497152375846,0.374971523758461,16,1
3,90.0,0.303,0.8009,270.0,166,12.13,269.7885608399548,0.21143916004518815,16,1
3,90.0,0.303,0.8009,270.0,167,12.13,269.63629308649456,0.36370691350543893,16,1
3,90.0,0.303,0.8009,270.0,168,12.13,269.7601505502089,0.23984944979110878,16,1
3,90.0,0.303,0.8009,270.0,169,12.13,269.77156678119525,0.22843321880475287,16,1
3,90.0,0.303,0.8009,270.0,170,12.13,269.06967237555745,0.9303276244425547,16,1
3,90.0,0.303,0.8009,270.0,171,12.13,270.4453931071119,0.4453931071118973,16,1
3,90.0,0.303,0.8009,270.0,172,12.13,270.3168543940392,0.3168543940391828,16,1
3,90.0,0.303,0.8009,270.0,173,12.13,269.8264899441317,0.1735100558682916,16,1
3,90.0,0.303,0.8009,270.0,174,12.13,269.62829178847505,0.3717082115249468,16,1
3,90.0,0.303,0.8009,270.0,175,12.13,269.38108404322,0.618915956779972,16,1
3,90.0,0.303,0.8009,270.0,176,12.13,270.05540345672307,0.05540345672307012,16,1
3,90.0,0.303,0.8009,270.0,177,12.13,270.0692143794487,0.06921437944868103,16,1
3,90.0,0.303,0.8009,270.0,178,12.13,269.48601204325723,0.513987956742767,16,1
3,90.0,0.303,0.8009,270.0,179,12.13,270.0857415148179,0.08574151481792569,16,1
3,90.0,0.303,0.8009,270.0,180,12.13,269.8315363878571,0.16846361214288663,16,1
3,90.0,0.303,0.8009,270.0,181,12.13,269.9882042549458,0.011795745054200779,16,1
3,90.0,0.303,0.8009,270.0,182,12.13,269.78322377369943,0.21677622630056703,16,1
3,90.0,0.303,0.8009,270.0,183,12.13,270.77538793976015,0.7753879397601509,16,1
3,90.0,0.303,0.8009,270.0,184,12.13,268.68246626060983,1.3175337393901714,16,1
3,90.0,0.303,0.8009,270.0,185,12.13,270.34045560567137,0.3404556056713659,16,1
3,90.0,0.303,0.8009,270.0,186,12.13,269.44938302076713,0.5506169792328706,16,1
3,90.0,0.303,0.8009,270.0,187,12.13,269.31798914784315,0.68201085215685,16,1
3,90.0,0.303,0.8009,270.0,188,12.13,269.90608969933095,0.0939103006690516,16,1
3,90.0,0.303,0.8009,270.0,189,12.13,269.80376839991123,0.1962316000887654,16,1
3,90.0,0.303,0.8009,270.0,190,12.13,269.32475872437243,0.6752412756275703,16,1
3,90.0,0.303,0.8009,270.0,191,12.13,270.70934492676975,0.7093449267697451,16,1
3,90.0,0.303,0.8009,270.0,192,12.13,270.4011025712467,0.40110257124672444,16,1
3,90.0,0.303,0.8009,270.0,193,12.13,270.0448743950737,0.044874395073691176,16,1
3,90.0,0.303,0.8009,270.0,194,12.13,270.1750171551297,0.1750171551296944,16,1
3,90.0,0.303,0.8009,270.0,195,12.13,269.53228539821316,0.4677146017868381,16,1
3,90.0,0.303,0.8009,270.0,196,12.13,270.0928661595762,0.0928661595762037,16,1
3,90.0,0.303,0.8009,270.0,197,12.13,269.9692734124938,0.03072658750619439,16,1
3,90.0,0.303,0.8009,270.0,198,12.13,270.27631150340056,0.27631150340056365,16,1
3,90.0,0.303,0.8009,270.0,199,12.13,269.71298775072853,0.28701224927146995,16,1
4,120.0,0.0533,0.734,300.0,0,12.13,300.6511964814403,0.6511964814403086,16,1
4,120.0,0.0533,0.734,300.0,1,12.13,299.2720791197677,0.7279208802323183,16,1
4,120.0,0.0533,0.734,300.0,2,12.13,299.4969506397748,0.5030493602251909,16,1
4,120.0,0.0533,0.734,300.0,3,12.13,299.9640799905021,0.035920009497885985,16,1
4,120.0,0.0533,0.734,300.0,4,12.13,299.860189628389,0.13981037161101995,16,1
4,120.0,0.0533,0.734,300.0,5,12.13,299.3573362030056,0.642663796994384,16,1
4,120.0,0.0533,0.734,300.0,6,12.13,299.9244291096107,0.07557089038931508,16,1
4,120.0,0.0533,0.734,300.0,7,12.13,300.2313513164106,0.2313513164106098,16,1
4,120.0,0.0533,0.734,300.0,8,12.13,299.43061642382,0.5693835761799733,16,1
4,120.0,0.0533,0.734,300.0,9,12.13,299.11980298516534,0.8801970148346641,16,1
4,120.0,0.0533,0.734,300.0,10,12.13,299.4755039227247,0.5244960772752734,16,1
4,120.0,0.0533,0.734,300.0,11,12.13,299.21723320238937,0.7827667976106341,16,1
4,120.0,0.0533,0.734,300.0,12,12.13,299.2667007899498,0.733299210050177,16,1
4,120.0,0.0533,0.734,300.0,13,12.13,299.563441265635,0.4365587343650077,16,1
4,120.0,0.0533,0.734,300.0,14,12.13,300.33771756375165,0.33771756375165296,16,1
4,120.0,0.0533,0.734,300.0,15,12.13,298.5469156116118,1.4530843883882198,16,1
4,120.0,0.0533,0.734,300.0,16,12.13,299.4543087211783,0.545691278821721,16,1
4,120.0,0.0533,0.734,300.0,17,12.13,299.32645145925267,0.6735485407473334,16,1
4,120.0,0.0533,0.734,300.0,18,12.13,299.55913014662457,0.44086985337543183,16,1
4,120.0,0.0533,0.734,300.0,19,12.13,298.83164723433634,1.1683527656636556,16,1
4,120.0,0.0533,0.734,300.0,20,12.13,299.7746806787837,0.22531932121631826,16,1
4,120.0,0.0533,0.734,300.0,21,12.13,299.65159271647764,0.34840728352236283,16,1
4,120.0,0.0533,0.734,300.0,22,12.13,299.2977088194905,0.7022911805095191,16,1
4,120.0,0.0533,0.734,300.0,23,12.13,299.54895482108185,0.4510451789181502,16,1
4,120.0,0.0533,0.734,300.0,24,12.13,300.15798327484407,0.15798327484407082,16,1
4,120.0,0.0533,0.734,300.0,25,12.13,298.231762731709,1.7682372682909886,16,1
4,120.0,0.0533,0.734,300.0,26,12.13,298.6764627707502,1.32353722924978,16,1
4,120.0,0.0533,0.734,300.0,27,12.13,299.2688837795693,0.7311162204306925,16,1
4,120.0,0.0533,0.734,300.0,28,12.13,299.66822544100575,0.3317745589942547,16,1
4,120.0,0.0533,0.734,300.0,29,12.13,299.3291600162909,0.6708399837090724,16,1
4,120.0,0.0533,0.734,300.0,30,12.13,300.44658066878463,0.44658066878463387,16,1
4,120.0,0.0533,0.734,300.0,31,12.13,298.9613142880164,1.0386857119835895,16,1
4,120.0,0.0533,0.734,300.0,32,12.13,299.101159038086,0.8988409619140043,16,1
4,120.0,0.0533,0.734,300.0,33,12.13,298.5985453730574,1.4014546269426091,16,1
4,120.0,0.0533,0.734,300.0,34,12.13,298.446459377727,1.5535406222729762,16,1
4,120.0,0.0533,0.734,300.0,35,12.13,299.5536550082382,0.446344991761805,16,1
4,120.0,0.0533,0.734,300.0,36,12.13,298.480143255218,1.5198567447819755,16,1
4,120.0,0.0533,0.734,300.0,37,12.13,299.9853889335154,0.01461106648457644,16,1
4,120.0,0.0533,0.734,300.0,38,12.13,298.576535306625,1.4234646933750241,16,1
4,120.0,0.0533,0.734,300.0,39,12.13,299.275852576994,0.7241474230060021,16,1
4,120.0,0.0533,0.734,300.0,40,12.13,299.7265078537079,0.2734921462920852,16,1
4,120.0,0.0533,0.734,300.0,41,12.13,298.51080426553665,1.489195734463351,16,1
4,120.0,0.0533,0.734,300.0,42,12.13,299.0162591189034,0.983740881096594,16,1
4,120.0,0.0533,0.734,300.0,43,12.13,299.4873030777415,0.5126969222584989,16,1
4,120.0,0.0533,0.734,300.0,44,12.13,298.9362292383375,1.0637707616625107,16,1
4,120.0,0.0533,0.734,300.0,45,12.13,299.4976760848565,0.5023239151435064,16,1
4,120.0,0.0533,0.734,300.0,46,12.13,301.12089534484466,1.120895344844655,16,1
4,120.0,0.0533,0.734,300.0,47,12.13,298.76597063557216,1.2340293644278404,16,1
4,120.0,0.0533,0.734,300.0,48,12.13,300.0015878978662,0.001587897866215826,16,1
4,120.0,0.0533,0.734,300.0,49,12.13,299.2908609758667,0.7091390241333215,16,1
4,120.0,0.0533,0.734,300.0,50,12.13,298.69456401798953,1.305435982010465,16,1
4,120.0,0.0533,0.734,300.0,51,12.13,298.79192238929784,1.208077610702162,16,1
4,120.0,0.0533,0.734,300.0,52,12.13,299.1275014638996,0.8724985361004087,16,1
4,120.0,0.0533,0.734,300.0,53,12.13,299.41990878845905,0.580091211540946,16,1
4,120.0,0.0533,0.734,300.0,54,12.13,299.94601650176867,0.053983498231332305,16,1
4,120.0,0.0533,0.734,300.0,55,12.13,300.1313452660364,0.13134526603641916,16,1
4,120.0,0.0533,0.734,300.0,56,12.13,298.27347002023714,1.7265299797628586,16,1
4,120.0,0.0533,0.734,300.0,57,12.13,299.44101255942485,0.5589874405751516,16,1
4,120.0,0.0533,0.734,300.0,58,12.13,300.2180660063375,0.2180660063374944,16,1
4,120.0,0.0533,0.734,300.0,59,12.13,298.2525970250038,1.7474029749961915,16,1
4,120.0,0.0533,0.734,300.0,60,12.13,300.20783588310167,0.20783588310166579,16,1
4,120.0,0.0533,0.734,300.0,61,12.13,299.05127679600855,0.9487232039914488,16,1
4,120.0,0.0533,0.734,300.0,62,12.13,299.876786146477,0.12321385352299785,16,1
4,120.0,0.0533,0.734,300.0,63,12.13,297.90045183664347,2.0995481633565305,16,1
4,120.0,0.0533,0.734,300.0,64,12.13,299.69413059941354,0.3058694005864595,16,1
4,120.0,0.0533,0.734,300.0,65,12.13,299.4266410247665,0.5733589752334751,16,1
4,120.0,0.0533,0.734,300.0,66,12.13,299.64764481359526,0.3523551864047363,16,1
4,120.0,0.0533,0.734,300.0,67,12.13,298.739768123928,1.2602318760719982,16,1
4,120.0,0.0533,0.734,300.0,68,12.13,299.58522429520445,0.41477570479554515,16,1
4,120.0,0.0533,0.734,300.0,69,12.13,300.09702160135083,0.09702160135083204,16,1
4,120.0,0.0533,0.734,300.0,70,12.13,299.8859288917199,0.11407110828008626,16,1
4,120.0,0.0533,0.734,300.0,71,12.13,300.7749340914301,0.7749340914301115,16,1
4,120.0,0.0533,0.734,300.0,72,12.13,300.3404848790558,0.3404848790557935,16,1
4,120.0,0.0533,0.734,300.0,73,12.13,298.3946121755394,1.6053878244605926,16,1
4,120.0,0.0533,0.734,300.0,74,12.13,298.44542355298563,1.5545764470143695,16,1
4,120.0,0.0533,0.734,300.0,75,12.13,299.84566297911846,0.15433702088154178,16,1
4,120.0,0.0533,0.734,300.0,76,12.13,298.9943597633119,1.005640236688123,16,1
4,120.0,0.0533,0.734,300.0,77,12.13,299.2154985163529,0.7845014836470909,16,1
4,120.0,0.0533,0.734,300.0,78,12.13,300.1295136657202,0.1295136657201965,16,1
4,120.0,0.0533,0.734,300.0,79,12.13,299.37308023431933,0.6269197656806682,16,1
4,120.0,0.0533,0.734,300.0,80,12.13,299.0200502427142,0.9799497572857945,16,1
4,120.0,0.0533,0.734,300.0,81,12.13,299.3166669240259,0.6833330759740761,16,1
4,120.0,0.0533,0.734,300.0,82,12.13,299.3023313014724,0.6976686985275933,16,1
4,120.0,0.0533,0.734,300.0,83,12.13,297.77509283199885,2.2249071680011525,16,1
4,120.0,0.0533,0.734,300.0,84,12.13,300.6147024573933,0.6147024573933209,16,1
4,120.0,0.0533,0.734,300.0,85,12.13,299.30945668737934,0.6905433126206617,16,1
4,120.0,0.0533,0.734,300.0,86,12.13,300.0988802975644,0.0988802975643921,16,1
4,120.0,0.0533,0.734,300.0,87,12.13,299.2811629944012,0.7188370055988003,16,1
4,120.0,0.0533,0.734,300.0,88,12.13,298.8658046568851,1.134195343114925,16,1
4,120.0,0.0533,0.734,300.0,89,12.13,299.23506884805056,0.7649311519494404,16,1
4,120.0,0.0533,0.734,300.0,90,12.13,300.4571939879413,0.4571939879413094,16,1
4,120.0,0.0533,0.734,300.0,91,12.13,300.40868466949445,0.40868466949444837,16,1
4,120.0,0.0533,0.734,300.0,92,12.13,298.63489685375055,1.365103146249453,16,1
4,120.0,0.0533,0.734,300.0,93,12.13,298.5093581285149,1.4906418714850815,16,1
4,120.0,0.0533,0.734,300.0,94,12.13,299.626062631831,0.37393736816898127,16,1
4,120.0,0.0533,0.734,300.0,95,12.13,299.5450194210986,0.4549805789014272,16,1
4,120.0,0.0533,0.734,300.0,96,12.13,299.1394889367198,0.860511063280228,16,1
4,120.0,0.0533,0.734,300.0,97,12.13,300.31361468600124,0.31361468600124454,16,1
4,120.0,0.0533,0.734,300.0,98,12.13,299.6380339692038,0.3619660307962249,16,1
4,120.0,0.0533,0.734,300.0,99,12.13,300.17630101684364,0.17630101684363808,16,1
4,120.0,0.0533,0.734,300.0,100,12.13,299.73336367484416,0.2666363251558437,16,1
4,120.0,0.0533,0.734,300.0,101,12.13,299.87410142431236,0.12589857568764273,16,1
4,120.0,0.0533,0.734,300.0,102,12.13,299.56087816428584,0.4391218357141611,16,1
4,120.0,0.0533,0.734,300.0,103,12.13,298.3054490086684,1.694550991331596,16,1
4,120.0,0.0533,0.734,300.0,104,12.13,299.29606549174946,0.7039345082505406,16,1
4,120.0,0.0533,0.734,300.0,105,12.13,298.65948713296507,1.3405128670349313,16,1
4,120.0,0.0533,0.734,300.0,106,12.13,298.67656555225363,1.323434447746365,16,1
4,120.0,0.0533,0.734,300.0,107,12.13,298.8962309922303,1.1037690077696993,16,1
4,120.0,0.0533,0.734,300.0,108,12.13,299.73713992806637,0.2628600719336305,16,1
4,120.0,0.0533,0.734,300.0,109,12.13,299.1765311789536,0.8234688210463901,16,1
4,120.0,0.0533,0.734,300.0,110,12.13,299.2078519950069,0.7921480049931233,16,1
4,120.0,0.0533,0.734,300.0,111,12.13,299.6508239819999,0.3491760180000938,16,1
4,120.0,0.0533,0.734,300.0,112,12.13,300.0785980478564,0.078598047856417,16,1
4,120.0,0.0533,0.734,300.0,113,12.13,299.33239571292614,0.667604287073857,16,1
4,120.0,0.0533,0.734,300.0,114,12.13,299.53629598522696,0.4637040147730431,16,1
4,120.0,0.0533,0.734,300.0,115,12.13,299.5739357782795,0.4260642217204804,16,1
4,120.0,0.0533,0.734,300.0,116,12.13,300.0359767041342,0.03597670413421383,16,1
4,120.0,0.0533,0.734,300.0,117,12.13,299.9415078250626,0.05849217493738479,16,1
4,120.0,0.0533,0.734,300.0,118,12.13,299.16500389047803,0.8349961095219669,16,1
4,120.0,0.0533,0.734,300.0,119,12.13,298.0810075153078,1.9189924846921826,16,1
4,120.0,0.0533,0.734,300.0,120,12.13,300.0987803448665,0.09878034486649767,16,1
4,120.0,0.0533,0.734,300.0,121,12.13,298.8043381914503,1.195661808549687,16,1
4,120.0,0.0533,0.734,300.0,122,12.13,299.92396365227023,0.07603634772976875,16,1
4,120.0,0.0533,0.734,300.0,123,12.13,300.0980983364803,0.09809833648029098,16,1
4,120.0,0.0533,0.734,300.0,124,12.13,300.5652610550415,0.5652610550415034,16,1
4,120.0,0.0533,0.734,300.0,125,12.13,297.90015398198864,2.0998460180113625,16,1
4,120.0,0.0533,0.734,300.0,126,12.13,299.5588249891145,0.4411750108855017,16,1
4,120.0,0.0533,0.734,300.0,127,12.13,299.1062126040028,0.893787395997208,16,1
4,120.0,0.0533,0.734,300.0,128,12.13,298.9559681362846,1.0440318637154178,16,1
4,120.0,0.0533,0.734,300.0,129,12.13,299.19294536839084,0.8070546316091622,16,1
4,120.0,0.0533,0.734,300.0,130,12.13,299.6563287179231,0.34367128207691167,16,1
4,120.0,0.0533,0.734,300.0,131,12.13,299.65856908395904,0.341430916040963,16,1
4,120.0,0.0533,0.734,300.0,132,12.13,298.84500907950974,1.1549909204902633,16,1
4,120.0,0.0533,0.734,300.0,133,12.13,299.8793126981403,0.12068730185967524,16,1
4,120.0,0.0533,0.734,300.0,134,12.13,300.12529323740597,0.12529323740596965,16,1
4,120.0,0.0533,0.734,300.0,135,12.13,298.9099638826789,1.0900361173211195,16,1
4,120.0,0.0533,0.734,300.0,136,12.13,299.3914669026646,0.6085330973353962,16,1
4,120.0,0.0533,0.734,300.0,137,12.13,299.40528359144804,0.5947164085519603,16,1
4,120.0,0.0533,0.734,300.0,138,12.13,299.27396854155023,0.7260314584497678,16,1
4,120.0,0.0533,0.734,300.0,139,12.13,299.68495274551066,0.31504725448934323,16,1
4,120.0,0.0533,0.734,300.0,140,12.13,301.7305784038387,1.730578403838706,16,1
4,120.0,0.0533,0.734,300.0,141,12.13,299.6010543984107,0.3989456015892756,16,1
4,120.0,0.0533,0.734,300.0,142,12.13,300.3535820035881,0.35358200358808745,16,1
4,120.0,0.0533,0.734,300.0,143,12.13,299.5703831839832,0.42961681601678947,16,1
4,120.0,0.0533,0.734,300.0,144,12.13,298.9471295115281,1.0528704884719104,16,1
4,120.0,0.0533,0.734,300.0,145,12.13,299.2360647504365,0.7639352495634739,16,1
4,120.0,0.0533,0.734,300.0,146,12.13,299.2612187168877,0.7387812831123028,16,1
4,120.0,0.0533,0.734,300.0,147,12.13,299.36694337347126,0.6330566265287416,16,1
4,120.0,0.0533,0.734,300.0,148,12.13,299.3236555495041,0.6763444504958898,16,1
4,120.0,0.0533,0.734,300.0,149,12.13,299.62398686305716,0.376013136942845,16,1
4,120.0,0.0533,0.734,300.0,150,12.13,299.68639804460685,0.3136019553931533,16,1
4,120.0,0.0533,0.734,300.0,151,12.13,298.61103298141495,1.3889670185850491,16,1
4,120.0,0.0533,0.734,300.0,152,12.13,299.32561183688097,0.6743881631190334,16,1
4,120.0,0.0533,0.734,300.0,153,12.13,299.30852317391617,0.6914768260838287,16,1
4,120.0,0.0533,0.734,300.0,154,12.13,299.72111571309074,0.2788842869092605,16,1
4,120.0,0.0533,0.734,300.0,155,12.13,299.5611054064718,0.4388945935281754,16,1
4,120.0,0.0533,0.734,300.0,156,12.13,300.192542512909,0.19254251290897173,16,1
4,120.0,0.0533,0.734,300.0,157,12.13,300.63294650620355,0.6329465062035524,16,1
4,120.0,0.0533,0.734,300.0,158,12.13,298.9958486869185,1.0041513130814792,16,1
4,120.0,0.0533,0.734,300.0,159,12.13,299.6720713442254,0.32792865577459906,16,1
4,120.0,0.0533,0.734,300.0,160,12.13,299.23737797519664,0.7626220248033633,16,1
4,120.0,0.0533,0.734,300.0,161,12.13,299.36917798117514,0.6308220188248583,16,1
4,120.0,0.0533,0.734,300.0,162,12.13,299.9982598375511,0.0017401624489252754,16,1
4,120.0,0.0533,0.734,300.0,163,12.13,299.3787199453925,0.6212800546074959,16,1
4,120.0,0.0533,0.734,300.0,164,12.13,299.2643758723251,0.735624127674896,16,1
4,120.0,0.0533,0.734,300.0,165,12.13,299.61361382200147,0.38638617799853137,16,1
4,120.0,0.0533,0.734,300.0,166,12.13,299.7215216975799,0.27847830242012606,16,1
4,120.0,0.0533,0.734,300.0,167,12.13,299.2493490393708,0.7506509606291729,16,1
4,120.0,0.0533,0.734,300.0,168,12.13,298.2605098440843,1.7394901559156892,16,1
4,120.0,0.0533,0.734,300.0,169,12.13,299.61984074482143,0.38015925517856886,16,1
4,120.0,0.0533,0.734,300.0,170,12.13,299.8269367148285,0.1730632851715086,16,1
4,120.0,0.0533,0.734,300.0,171,12.13,297.5518779625561,2.448122037443909,16,1
4,120.0,0.0533,0.734,300.0,172,12.13,298.4983760292527,1.5016239707472891,16,1
4,120.0,0.0533,0.734,300.0,173,12.13,299.39545312097584,0.6045468790241557,16,1
4,120.0,0.0533,0.734,300.0,174,12.13,300.0380855732409,0.03808557324089179,16,1
4,120.0,0.0533,0.734,300.0,175,12.13,300.0371250910809,0.037125091080895345,16,1
4,120.0,0.0533,0.734,300.0,176,12.13,298.6852447888068,1.3147552111931873,16,1
4,120.0,0.0533,0.734,300.0,177,12.13,299.67764690526263,0.32235309473736606,16,1
4,120.0,0.0533,0.734,300.0,178,12.13,299.7877109359321,0.21228906406787473,16,1
4,120.0,0.0533,0.734,300.0,179,12.13,299.560938682888,0.4390613171120208,16,1
4,120.0,0.0533,0.734,300.0,180,12.13,298.7244902779007,1.2755097220992866,16,1
4,120.0,0.0533,0.734,300.0,181,12.13,299.35625712261407,0.6437428773859324,16,1
4,120.0,0.0533,0.734,300.0,182,12.13,299.62587792872984,0.3741220712701647,16,1
4,120.0,0.0533,0.734,300.0,183,12.13,299.707265793583,0.29273420641698067,16,1
4,120.0,0.0533,0.734,300.0,184,12.13,299.1302079497276,0.8697920502723946,16,1
4,120.0,0.0533,0.734,300.0,185,12.13,299.4816794031073,0.5183205968926927,16,1
4,120.0,0.0533,0.734,300.0,186,12.13,299.6795899564759,0.32041004352407754,16,1
4,120.0,0.0533,0.734,300.0,187,12.13,300.137874482242,0.1378744822420117,16,1
4,120.0,0.0533,0.734,300.0,188,12.13,299.69320590164716,0.3067940983528388,16,1
4,120.0,0.0533,0.734,300.0,189,12.13,298.5398205194772,1.460179480522811,16,1
4,120.0,0.0533,0.734,300.0,190,12.13,298.8020916616758,1.1979083383242255,16,1
4,120.0,0.0533,0.734,300.0,191,12.13,298.45710938458575,1.542890615414251,16,1
4,120.0,0.0533,0.734,300.0,192,12.13,300.1258920176092,0.12589201760920332,16,1
4,120.0,0.0533,0.734,300.0,193,12.13,300.1141610147999,0.11416101479989038,16,1
4,120.0,0.0533,0.734,300.0,194,12.13,299.998682229204,0.001317770795992601,16,1
4,120.0,0.0533,0.734,300.0,195,12.13,300.5854002479271,0.5854002479271116,16,1
4,120.0,0.0533,0.734,300.0,196,12.13,299.23763452808714,0.7623654719128581,16,1
4,120.0,0.0533,0.734,300.0,197,12.13,299.33589521632604,0.6641047836739631,16,1
4,120.0,0.0533,0.734,300.0,198,12.13,299.2754580367085,0.7245419632914718,16,1
4,120.0,0.0533,0.734,300.0,199,12.13,298.75555356813544,1.24444643186456,16,1
5,150.0,-0.1295,0.5512,330.0,0,12.13,330.1992484195466,0.19924841954662043,16,1
5,150.0,-0.1295,0.5512,330.0,1,12.13,329.6949035349774,0.30509646502258647,16,1
5,150.0,-0.1295,0.5512,330.0,2,12.13,331.38962859924925,1.3896285992492494,16,1
5,150.0,-0.1295,0.5512,330.0,3,12.13,330.8018123642078,0.8018123642078194,16,1
5,150.0,-0.1295,0.5512,330.0,4,12.13,330.57463613665027,0.5746361366502697,16,1
5,150.0,-0.1295,0.5512,330.0,5,12.13,330.95067375220447,0.9506737522044659,16,1
5,150.0,-0.1295,0.5512,330.0,6,12.13,330.9030288494209,0.9030288494208776,16,1
5,150.0,-0.1295,0.5512,330.0,7,12.13,331.29653106382153,1.2965310638215328,16,1
5,150.0,-0.1295,0.5512,330.0,8,12.13,330.74463144730305,0.7446314473030498,16,1
5,150.0,-0.1295,0.5512,330.0,9,12.13,329.77862612679854,0.22137387320145763,16,1
5,150.0,-0.1295,0.5512,330.0,10,12.13,329.98052721524954,0.019472784750462324,16,1
5,150.0,-0.1295,0.5512,330.0,11,12.13,330.39300281212974,0.39300281212973687,16,1
5,150.0,-0.1295,0.5512,330.0,12,12.13,330.44836446431185,0.44836446431185095,16,1
5,150.0,-0.1295,0.5512,330.0,13,12.13,330.9517995856572,0.951799585657227,16,1
5,150.0,-0.1295,0.5512,330.0,14,12.13,331.148812074176,1.1488120741760213,16,1
5,150.0,-0.1295,0.5512,330.0,15,12.13,330.26990458620185,0.26990458620184654,16,1
5,150.0,-0.1295,0.5512,330.0,16,12.13,331.12813232538707,1.128132325387071,16,1
5,150.0,-0.1295,0.5512,330.0,17,12.13,329.09955537011496,0.9004446298850439,16,1
5,150.0,-0.1295,0.5512,330.0,18,12.13,330.64613864287253,0.6461386428725291,16,1
5,150.0,-0.1295,0.5512,330.0,19,12.13,329.9759710543955,0.024028945604527507,16,1
5,150.0,-0.1295,0.5512,330.0,20,12.13,328.31507576848264,1.684924231517357,16,1
5,150.0,-0.1295,0.5512,330.0,21,12.13,331.4689238010474,1.4689238010474241,16,1
5,150.0,-0.1295,0.5512,330.0,22,12.13,330.6228434257512,0.6228434257512276,16,1
5,150.0,-0.1295,0.5512,330.0,23,12.13,330.91109623864475,0.9110962386447454,16,1
5,150.0,-0.1295,0.5512,330.0,24,12.13,328.65080257336746,1.3491974266325428,16,1
5,150.0,-0.1295,0.5512,330.0,25,12.13,330.4023524493402,0.4023524493401851,16,1
5,150.0,-0.1295,0.5512,330.0,26,12.13,330.98224901879166,0.9822490187916628,16,1
5,150.0,-0.1295,0.5512,330.0,27,12.13,329.56587021528674,0.4341297847132637,16,1
5,150.0,-0.1295,0.5512,330.0,28,12.13,330.8367407182508,0.8367407182507804,16,1
5,150.0,-0.1295,0.5512,330.0,29,12.13,330.6870196122122,0.6870196122122252,16,1
5,150.0,-0.1295,0.5512,330.0,30,12.13,330.7924266631903,0.7924266631903265,16,1
5,150.0,-0.1295,0.5512,330.0,31,12.13,330.97408307706206,0.9740830770620619,16,1
5,150.0,-0.1295,0.5512,330.0,32,12.13,330.1513727088037,0.1513727088037058,16,1
5,150.0,-0.1295,0.5512,330.0,33,12.13,330.15782131789405,0.1578213178940473,16,1
5,150.0,-0.1295,0.5512,330.0,34,12.13,330.47901254679493,0.47901254679493377,16,1
5,150.0,-0.1295,0.5512,330.0,35,12.13,329.53501157973994,0.46498842026005605,16,1
5,150.0,-0.1295,0.5512,330.0,36,12.13,331.30095579721007,1.3009557972100652,16,1
5,150.0,-0.1295,0.5512,330.0,37,12.13,330.2686399004049,0.26863990040487806,16,1
5,150.0,-0.1295,0.5512,330.0,38,12.13,331.4632488608898,1.4632488608897916,16,1
5,150.0,-0.1295,0.5512,330.0,39,12.13,329.63068730754566,0.3693126924543435,16,1
5,150.0,-0.1295,0.5512,330.0,40,12.13,330.7645458092089,0.7645458092089257,16,1
5,150.0,-0.1295,0.5512,330.0,41,12.13,330.81580660194754,0.8158066019475427,16,1
5,150.0,-0.1295,0.5512,330.0,42,12.13,331.19306616057065,1.1930661605706518,16,1
5,150.0,-0.1295,0.5512,330.0,43,12.13,331.39082616759123,1.3908261675912286,16,1
5,150.0,-0.1295,0.5512,330.0,44,12.13,330.54325143980486,0.5432514398048625,16,1
5,150.0,-0.1295,0.5512,330.0,45,12.13,330.79911258377984,0.799112583779845,16,1
5,150.0,-0.1295,0.5512,330.0,46,12.13,329.29160697071336,0.7083930292866398,16,1
5,150.0,-0.1295,0.5512,330.0,47,12.13,329.405003320227,0.5949966797729758,16,1
5,150.0,-0.1295,0.5512,330.0,48,12.13,330.8705093304178,0.8705093304178035,16,1
5,150.0,-0.1295,0.5512,330.0,49,12.13,329.7659938954699,0.23400610453012405,16,1
5,150.0,-0.1295,0.5512,330.0,50,12.13,330.9220655284854,0.9220655284854047,16,1
5,150.0,-0.1295,0.5512,330.0,51,12.13,329.741470015323,0.25852998467701127,16,1
5,150.0,-0.1295,0.5512,330.0,52,12.13,331.06220209053816,1.0622020905381646,16,1
5,150.0,-0.1295,0.5512,330.0,53,12.13,330.6772248591217,0.6772248591216794,16,1
5,150.0,-0.1295,0.5512,330.0,54,12.13,329.589256116201,0.4107438837990003,16,1
5,150.0,-0.1295,0.5512,330.0,55,12.13,330.3784139170125,0.3784139170124945,16,1
5,150.0,-0.1295,0.5512,330.0,56,12.13,330.8414705528501,0.8414705528501258,16,1
5,150.0,-0.1295,0.5512,330.0,57,12.13,330.88792537686044,0.8879253768604372,16,1
5,150.0,-0.1295,0.5512,330.0,58,12.13,329.8409734640704,0.1590265359296268,16,1
5,150.0,-0.1295,0.5512,330.0,59,12.13,330.0022244932951,0.0022244932951025476,16,1
5,150.0,-0.1295,0.5512,330.0,60,12.13,328.9779861042598,1.0220138957402014,16,1
5,150.0,-0.1295,0.5512,330.0,61,12.13,329.0265669947533,0.9734330052467044,16,1
5,150.0,-0.1295,0.5512,330.0,62,12.13,330.5962668857987,0.5962668857986841,16,1
5,150.0,-0.1295,0.5512,330.0,63,12.13,330.8544171856933,0.8544171856933076,16,1
5,150.0,-0.1295,0.5512,330.0,64,12.13,329.73563728081194,0.26436271918805687,16,1
5,150.0,-0.1295,0.5512,330.0,65,12.13,330.21280829421863,0.21280829421863245,16,1
5,150.0,-0.1295,0.5512,330.0,66,12.13,329.9918134654361,0.008186534563890291,16,1
5,150.0,-0.1295,0.5512,330.0,67,12.13,330.3559824859753,0.35598248597528936,16,1
5,150.0,-0.1295,0.5512,330.0,68,12.13,331.14614983943517,1.146149839435168,16,1
5,150.0,-0.1295,0.5512,330.0,69,12.13,330.2835535109827,0.2835535109826992,16,1
5,150.0,-0.1295,0.5512,330.0,70,12.13,329.4460421369584,0.5539578630416031,16,1
5,150.0,-0.1295,0.5512,330.0,71,12.13,330.2691071631413,0.2691071631413138,16,1
5,150.0,-0.1295,0.5512,330.0,72,12.13,330.01891515716017,0.018915157160165563,16,1
5,150.0,-0.1295,0.5512,330.0,73,12.13,330.4894747819433,0.4894747819432723,16,1
5,150.0,-0.1295,0.5512,330.0,74,12.13,330.35739200232695,0.35739200232694657,16,1
5,150.0,-0.1295,0.5512,330.0,75,12.13,330.85932506908284,0.8593250690828427,16,1
5,150.0,-0.1295,0.5512,330.0,76,12.13,329.7071358494172,0.2928641505827727,16,1
5,150.0,-0.1295,0.5512,330.0,77,12.13,330.4565856686529,0.45658566865290595,16,1
5,150.0,-0.1295,0.5512,330.0,78,12.13,330.58018100775695,0.5801810077569485,16,1
5,150.0,-0.1295,0.5512,330.0,79,12.13,330.3390742046443,0.33907420464430515,16,1
5,150.0,-0.1295,0.5512,330.0,80,12.13,329.37877143367297,0.6212285663270336,16,1
5,150.0,-0.1295,0.5512,330.0,81,12.13,331.52898268639785,1.5289826863978533,16,1
5,150.0,-0.1295,0.5512,330.0,82,12.13,331.52991018789385,1.5299101878938473,16,1
5,150.0,-0.1295,0.5512,330.0,83,12.13,329.49225523638245,0.507744763617552,16,1
5,150.0,-0.1295,0.5512,330.0,84,12.13,330.8700151229235,0.8700151229235189,16,1
5,150.0,-0.1295,0.5512,330.0,85,12.13,330.7547857397925,0.75478573979251,16,1
5,150.0,-0.1295,0.5512,330.0,86,12.13,328.908478403483,1.0915215965169978,16,1
5,150.0,-0.1295,0.5512,330.0,87,12.13,329.37292876372976,0.6270712362702398,16,1
5,150.0,-0.1295,0.5512,330.0,88,12.13,330.999050700043,0.9990507000429716,16,1
5,150.0,-0.1295,0.5512,330.0,89,12.13,329.8746138231363,0.12538617686368525,16,1
5,150.0,-0.1295,0.5512,330.0,90,12.13,330.10540508951357,0.10540508951356742,16,1
5,150.0,-0.1295,0.5512,330.0,91,12.13,329.4472672560583,0.5527327439417036,16,1
5,150.0,-0.1295,0.5512,330.0,92,12.13,329.4947906671777,0.5052093328222895,16,1
5,150.0,-0.1295,0.5512,330.0,93,12.13,329.79399348897476,0.2060065110252367,16,1
5,150.0,-0.1295,0.5512,330.0,94,12.13,331.06203846488535,1.0620384648853474,16,1
5,150.0,-0.1295,0.5512,330.0,95,12.13,330.99204192834156,0.992041928341564,16,1
5,150.0,-0.1295,0.5512,330.0,96,12.13,329.617033508461,0.3829664915389799,16,1
5,150.0,-0.1295,0.5512,330.0,97,12.13,332.0299923695059,2.029992369505919,16,1
5,150.0,-0.1295,0.5512,330.0,98,12.13,330.5069085268291,0.5069085268290792,16,1
5,150.0,-0.1295,0.5512,330.0,99,12.13,330.6234390355892,0.6234390355891719,16,1
5,150.0,-0.1295,0.5512,330.0,100,12.13,329.7166524616612,0.2833475383387736,16,1
5,150.0,-0.1295,0.5512,330.0,101,12.13,330.84207173247484,0.8420717324748352,16,1
5,150.0,-0.1295,0.5512,330.0,102,12.13,329.964819335801,0.035180664199003786,16,1
5,150.0,-0.1295,0.5512,330.0,103,12.13,331.3183867504364,1.3183867504363889,16,1
5,150.0,-0.1295,0.5512,330.0,104,12.13,331.8748897770146,1.8748897770145732,16,1
5,150.0,-0.1295,0.5512,330.0,105,12.13,329.81602762217824,0.18397237782176035,16,1
5,150.0,-0.1295,0.5512,330.0,106,12.13,330.25185872587804,0.25185872587803715,16,1
5,150.0,-0.1295,0.5512,330.0,107,12.13,330.5805370414048,0.5805370414047957,16,1
5,150.0,-0.1295,0.5512,330.0,108,12.13,329.71176892136305,0.2882310786369544,16,1
5,150.0,-0.1295,0.5512,330.0,109,12.13,329.98911518678625,0.010884813213749567,16,1
5,150.0,-0.1295,0.5512,330.0,110,12.13,330.8885563302853,0.8885563302853257,16,1
5,150.0,-0.1295,0.5512,330.0,111,12.13,329.9747447323582,0.02525526764179631,16,1
5,150.0,-0.1295,0.5512,330.0,112,12.13,330.9425659437591,0.9425659437591207,16,1
5,150.0,-0.1295,0.5512,330.0,113,12.13,329.949554963056,0.05044503694398372,16,1
5,150.0,-0.1295,0.5512,330.0,114,12.13,331.69574048021735,1.6957404802173528,16,1
5,150.0,-0.1295,0.5512,330.0,115,12.13,330.2349112225856,0.23491122258559471,16,1
5,150.0,-0.1295,0.5512,330.0,116,12.13,330.9953436793547,0.9953436793546757,16,1
5,150.0,-0.1295,0.5512,330.0,117,12.13,330.5332984942786,0.533298494278597,16,1
5,150.0,-0.1295,0.5512,330.0,118,12.13,330.2031093222121,0.20310932221207167,16,1
5,150.0,-0.1295,0.5512,330.0,119,12.13,330.24480992023274,0.24480992023273984,16,1
5,150.0,-0.1295,0.5512,330.0,120,12.13,330.91807734835504,0.9180773483550411,16,1
5,150.0,-0.1295,0.5512,330.0,121,12.13,330.5091697046728,0.5091697046727859,16,1
5,150.0,-0.1295,0.5512,330.0,122,12.13,330.27868708856147,0.27868708856146895,16,1
5,150.0,-0.1295,0.5512,330.0,123,12.13,330.2952993551743,0.2952993551742793,16,1
5,150.0,-0.1295,0.5512,330.0,124,12.13,328.45073228943494,1.5492677105650614,16,1
5,150.0,-0.1295,0.5512,330.0,125,12.13,329.62475893171904,0.3752410682809568,16,1
5,150.0,-0.1295,0.5512,330.0,126,12.13,331.71631236115513,1.7163123611551327,16,1
5,150.0,-0.1295,0.5512,330.0,127,12.13,330.7411628807999,0.7411628807998909,16,1
5,150.0,-0.1295,0.5512,330.0,128,12.13,330.01820748478667,0.018207484786671557,16,1
5,150.0,-0.1295,0.5512,330.0,129,12.13,330.04934003607696,0.049340036076955585,16,1
5,150.0,-0.1295,0.5512,330.0,130,12.13,330.52902078474045,0.5290207847404531,16,1
5,150.0,-0.1295,0.5512,330.0,131,12.13,330.1533688777458,0.1533688777457769,16,1
5,150.0,-0.1295,0.5512,330.0,132,12.13,330.58627739877295,0.5862773987729497,16,1
5,150.0,-0.1295,0.5512,330.0,133,12.13,330.0177319115384,0.017731911538419354,16,1
5,150.0,-0.1295,0.5512,330.0,134,12.13,330.53273766727716,0.5327376672771607,16,1
5,150.0,-0.1295,0.5512,330.0,135,12.13,328.9829688650403,1.0170311349597227,16,1
5,150.0,-0.1295,0.5512,330.0,136,12.13,329.68250938967157,0.3174906103284343,16,1
5,150.0,-0.1295,0.5512,330.0,137,12.13,329.64586503809954,0.35413496190045635,16,1
5,150.0,-0.1295,0.5512,330.0,138,12.13,330.14021306748907,0.14021306748907136,16,1
5,150.0,-0.1295,0.5512,330.0,139,12.13,330.2784235479146,0.2784235479145991,16,1
5,150.0,-0.1295,0.5512,330.0,140,12.13,331.3453786573817,1.3453786573816728,16,1
5,150.0,-0.1295,0.5512,330.0,141,12.13,331.1096364870239,1.10963648702392,16,1
5,150.0,-0.1295,0.5512,330.0,142,12.13,330.47628037995156,0.4762803799515609,16,1
5,150.0,-0.1295,0.5512,330.0,143,12.13,329.744806120979,0.25519387902102153,16,1
5,150.0,-0.1295,0.5512,330.0,144,12.13,329.42413938938785,0.5758606106121533,16,1
5,150.0,-0.1295,0.5512,330.0,145,12.13,330.4030261647748,0.4030261647748148,16,1
5,150.0,-0.1295,0.5512,330.0,146,12.13,330.28393558878673,0.28393558878673275,16,1
5,150.0,-0.1295,0.5512,330.0,147,12.13,328.68455854584806,1.3154414541519373,16,1
5,150.0,-0.1295,0.5512,330.0,148,12.13,329.9993757437718,0.000624256228206832,16,1
5,150.0,-0.1295,0.5512,330.0,149,12.13,330.50033657225276,0.5003365722527633,16,1
5,150.0,-0.1295,0.5512,330.0,150,12.13,330.34632174104036,0.34632174104035585,16,1
5,150.0,-0.1295,0.5512,330.0,151,12.13,330.50986201576626,0.5098620157662594,16,1
5,150.0,-0.1295,0.5512,330.0,152,12.13,330.62808212435294,0.6280821243529431,16,1
5,150.0,-0.1295,0.5512,330.0,153,12.13,329.05039544766515,0.9496045523348471,16,1
5,150.0,-0.1295,0.5512,330.0,154,12.13,330.7534369476732,0.7534369476732081,16,1
5,150.0,-0.1295,0.5512,330.0,155,12.13,330.77584077791664,0.7758407779166419,16,1
5,150.0,-0.1295,0.5512,330.0,156,12.13,329.7376962494016,0.2623037505983916,16,1
5,150.0,-0.1295,0.5512,330.0,157,12.13,330.89641430105314,0.8964143010531416,16,1
5,150.0,-0.1295,0.5512,330.0,158,12.13,329.5023958069358,0.49760419306420545,16,1
5,150.0,-0.1295,0.5512,330.0,159,12.13,331.3170714962192,1.3170714962192278,16,1
5,150.0,-0.1295,0.5512,330.0,160,12.13,330.7749381359126,0.7749381359125778,16,1
5,150.0,-0.1295,0.5512,330.0,161,12.13,330.38710788647444,0.38710788647443906,16,1
5,150.0,-0.1295,0.5512,330.0,162,12.13,329.71913346114854,0.2808665388514555,16,1
5,150.0,-0.1295,0.5512,330.0,163,12.13,330.5645255248056,0.5645255248056174,16,1
5,150.0,-0.1295,0.5512,330.0,164,12.13,331.6051170585684,1.6051170585683963,16,1
5,150.0,-0.1295,0.5512,330.0,165,12.13,330.57841614731956,0.5784161473195581,16,1
5,150.0,-0.1295,0.5512,330.0,166,12.13,330.7339507532217,0.7339507532216771,16,1
5,150.0,-0.1295,0.5512,330.0,167,12.13,330.91594442063456,0.9159444206345597,16,1
5,150.0,-0.1295,0.5512,330.0,168,12.13,330.1548875202389,0.1548875202389013,16,1
5,150.0,-0.1295,0.5512,330.0,169,12.13,330.5499738846703,0.549973884670294,16,1
5,150.0,-0.1295,0.5512,330.0,170,12.13,330.91529019437786,0.9152901943778602,16,1
5,150.0,-0.1295,0.5512,330.0,171,12.13,329.69165309574134,0.30834690425865574,16,1
5,150.0,-0.1295,0.5512,330.0,172,12.13,330.02465464812593,0.024654648125931544,16,1
5,150.0,-0.1295,0.5512,330.0,173,12.13,331.20680368410575,1.2068036841057506,16,1
5,150.0,-0.1295,0.5512,330.0,174,12.13,329.4894570990321,0.5105429009678915,16,1
5,150.0,-0.1295,0.5512,330.0,175,12.13,331.47045933864825,1.4704593386482543,16,1
5,150.0,-0.1295,0.5512,330.0,176,12.13,329.80016652103575,0.1998334789642513,16,1
5,150.0,-0.1295,0.5512,330.0,177,12.13,330.3327652416456,0.33276524164557486,16,1
5,150.0,-0.1295,0.5512,330.0,178,12.13,330.47974369610125,0.4797436961012522,16,1
5,150.0,-0.1295,0.5512,330.0,179,12.13,329.62310945658476,0.376890543415243,16,1
5,150.0,-0.1295,0.5512,330.0,180,12.13,330.48264540462765,0.4826454046276467,16,1
5,150.0,-0.1295,0.5512,330.0,181,12.13,330.5749062139297,0.5749062139296939,16,1
5,150.0,-0.1295,0.5512,330.0,182,12.13,330.3059950938519,0.30599509385189094,16,1
5,150.0,-0.1295,0.5512,330.0,183,12.13,330.7992765112572,0.799276511257176,16,1
5,150.0,-0.1295,0.5512,330.0,184,12.13,329.7777038923956,0.222296107604393,16,1
5,150.0,-0.1295,0.5512,330.0,185,12.13,330.6355923885474,0.6355923885474226,16,1
5,150.0,-0.1295,0.5512,330.0,186,12.13,330.18268056504564,0.18268056504564356,16,1
5,150.0,-0.1295,0.5512,330.0,187,12.13,329.3294642587127,0.6705357412873241,16,1
5,150.0,-0.1295,0.5512,330.0,188,12.13,329.9343031783026,0.06569682169737234,16,1
5,150.0,-0.1295,0.5512,330.0,189,12.13,329.7345601285638,0.26543987143617187,16,1
5,150.0,-0.1295,0.5512,330.0,190,12.13,330.7090015031803,0.709001503180275,16,1
5,150.0,-0.1295,0.5512,330.0,191,12.13,330.21726552870706,0.21726552870705973,16,1
5,150.0,-0.1295,0.5512,330.0,192,12.13,331.2038948293917,1.203894829391686,16,1
5,150.0,-0.1295,0.5512,330.0,193,12.13,331.17053296595464,1.170532965954635,16,1
5,150.0,-0.1295,0.5512,330.0,194,12.13,329.6880229206134,0.31197707938662234,16,1
5,150.0,-0.1295,0.5512,330.0,195,12.13,330.8286068912906,0.8286068912905762,16,1
5,150.0,-0.1295,0.5512,330.0,196,12.13,330.6209360275495,0.620936027549476,16,1
5,150.0,-0.1295,0.5512,330.0,197,12.13,330.53250432806806,0.5325043280680575,16,1
5,150.0,-0.1295,0.5512,330.0,198,12.13,329.4068038526642,0.5931961473357887,16,1
5,150.0,-0.1295,0.5512,330.0,199,12.13,330.1867111839561,0.1867111839561062,16,1
6,180.0,-0.1964,0.3015,360.0,0,12.13,0.2700676604001465,0.2700676604001728,16,1
6,180.0,-0.1964,0.3015,360.0,1,12.13,0.9255289057890018,0.9255289057890081,16,1
6,180.0,-0.1964,0.3015,360.0,2,12.13,359.5227197644053,0.4772802355947192,16,1
6,180.0,-0.1964,0.3015,360.0,3,12.13,0.17097889176833272,0.1709788917683568,16,1
6,180.0,-0.1964,0.3015,360.0,4,12.13,0.11331335211910566,0.11331335211912119,16,1
6,180.0,-0.1964,0.3015,360.0,5,12.13,359.604563912553,0.39543608744702397,16,1
6,180.0,-0.1964,0.3015,360.0,6,12.13,0.7168857705421378,0.7168857705421487,16,1
6,180.0,-0.1964,0.3015,360.0,7,12.13,0.7356363999321855,0.7356363999321616,16,1
6,180.0,-0.1964,0.3015,360.0,8,12.13,0.05776425068423203,0.05776425068421531,16,1
6,180.0,-0.1964,0.3015,360.0,9,12.13,0.8489902511775526,0.848990251177554,16,1
6,180.0,-0.1964,0.3015,360.0,10,12.13,359.9493600772161,0.05063992278388696,16,1
6,180.0,-0.1964,0.3015,360.0,11,12.13,359.57387896877077,0.4261210312292292,16,1
6,180.0,-0.1964,0.3015,360.0,12,12.13,1.0485155956254186,1.0485155956254175,16,1
6,180.0,-0.1964,0.3015,360.0,13,12.13,359.61003948716615,0.38996051283385214,16,1
6,180.0,-0.1964,0.3015,360.0,14,12.13,0.07193004624096193,0.07193004624093646,16,1
6,180.0,-0.1964,0.3015,360.0,15,12.13,0.42024329194779175,0.4202432919477701,16,1
6,180.0,-0.1964,0.3015,360.0,16,12.13,0.49363491108645413,0.49363491108647395,16,1
6,180.0,-0.1964,0.3015,360.0,17,12.13,0.1324184997935998,0.13241849979357312,16,1
6,180.0,-0.1964,0.3015,360.0,18,12.13,359.1225917072995,0.8774082927005225,16,1
6,180.0,-0.1964,0.3015,360.0,19,12.13,359.6593781112952,0.3406218887047885,16,1
6,180.0,-0.1964,0.3015,360.0,20,12.13,359.9345862096132,0.06541379038679906,16,1
6,180.0,-0.1964,0.3015,360.0,21,12.13,0.4321700808182563,0.4321700808182527,16,1
6,180.0,-0.1964,0.3015,360.0,22,12.13,0.48424804109914693,0.48424804109913566,16,1
6,180.0,-0.1964,0.3015,360.0,23,12.13,0.6703257086770475,0.6703257086770691,16,1
6,180.0,-0.1964,0.3015,360.0,24,12.13,0.1402911624770429,0.14029116247706952,16,1
6,180.0,-0.1964,0.3015,360.0,25,12.13,0.7113906155940507,0.7113906155940413,16,1
6,180.0,-0.1964,0.3015,360.0,26,12.13,0.21070567924044925,0.2107056792404478,16,1
6,180.0,-0.1964,0.3015,360.0,27,12.13,0.6006467794228046,0.6006467794227888,16,1
6,180.0,-0.1964,0.3015,360.0,28,12.13,0.3610280224124406,0.3610280224124267,16,1
6,180.0,-0.1964,0.3015,360.0,29,12.13,359.48060904679147,0.5193909532085286,16,1
6,180.0,-0.1964,0.3015,360.0,30,12.13,359.99735815055345,0.0026418494465474396,16,1
6,180.0,-0.1964,0.3015,360.0,31,12.13,359.43860132680703,0.5613986731929685,16,1
6,180.0,-0.1964,0.3015,360.0,32,12.13,0.15006200563257494,0.1500620056325488,16,1
6,180.0,-0.1964,0.3015,360.0,33,12.13,0.5030954745090769,0.5030954745090526,16,1
6,180.0,-0.1964,0.3015,360.0,34,12.13,0.4785981421261602,0.4785981421261454,16,1
6,180.0,-0.1964,0.3015,360.0,35,12.13,359.8754518399744,0.1245481600255971,16,1
6,180.0,-0.1964,0.3015,360.0,36,12.13,0.35509898257921213,0.35509898257919303,16,1
6,180.0,-0.1964,0.3015,360.0,37,12.13,0.051866758211472214,0.05186675821147446,16,1
6,180.0,-0.1964,0.3015,360.0,38,12.13,359.50547966628204,0.4945203337179578,16,1
6,180.0,-0.1964,0.3015,360.0,39,12.13,0.8976301309962812,0.8976301309962764,16,1
6,180.0,-0.1964,0.3015,360.0,40,12.13,0.38311505011732216,0.3831150501173397,16,1
6,180.0,-0.1964,0.3015,360.0,41,12.13,0.5233479041810329,0.5233479041810369,16,1
6,180.0,-0.1964,0.3015,360.0,42,12.13,359.24778805200225,0.7522119479977505,16,1
6,180.0,-0.1964,0.3015,360.0,43,12.13,359.7860626319806,0.21393736801940122,16,1
6,180.0,-0.1964,0.3015,360.0,44,12.13,359.7209498785865,0.2790501214134906,16,1
6,180.0,-0.1964,0.3015,360.0,45,12.13,0.8865950553223889,0.8865950553224025,16,1
6,180.0,-0.1964,0.3015,360.0,46,12.13,359.90666606406427,0.09333393593573192,16,1
6,180.0,-0.1964,0.3015,360.0,47,12.13,359.97596837242844,0.024031627571559966,16,1
6,180.0,-0.1964,0.3015,360.0,48,12.13,359.4151305032633,0.584869496736701,16,1
6,180.0,-0.1964,0.3015,360.0,49,12.13,359.7977040724999,0.2022959275000744,16,1
6,180.0,-0.1964,0.3015,360.0,50,12.13,359.3403302394689,0.6596697605310737,16,1
6,180.0,-0.1964,0.3015,360.0,51,12.13,359.8187704335364,0.1812295664636281,16,1
6,180.0,-0.1964,0.3015,360.0,52,12.13,0.21772335861836922,0.21772335861834335,16,1
6,180.0,-0.1964,0.3015,360.0,53,12.13,0.7093750098059897,0.7093750098059672,16,1
6,180.0,-0.1964,0.3015,360.0,54,12.13,0.35428169216846256,0.3542816921684562,16,1
6,180.0,-0.1964,0.3015,360.0,55,12.13,359.65506468597505,0.34493531402495137,16,1
6,180.0,-0.1964,0.3015,360.0,56,12.13,359.4926878771061,0.507312122893893,16,1
6,180.0,-0.1964,0.3015,360.0,57,12.13,359.64127384922875,0.3587261507712469,16,1
6,180.0,-0.1964,0.3015,360.0,58,12.13,0.6188249742367249,0.618824974236702,16,1
6,180.0,-0.1964,0.3015,360.0,59,12.13,359.1263408849546,0.8736591150454274,16,1
6,180.0,-0.1964,0.3015,360.0,60,12.13,0.9314896218221556,0.931489621822152,16,1
6,180.0,-0.1964,0.3015,360.0,61,12.13,0.7730439335803028,0.7730439335803112,16,1
6,180.0,-0.1964,0.3015,360.0,62,12.13,0.4527837478326803,0.4527837478326546,16,1
6,180.0,-0.1964,0.3015,360.0,63,12.13,0.888182811157919,0.8881828111579466,16,1
6,180.0,-0.1964,0.3015,360.0,64,12.13,359.7153756776672,0.2846243223327747,16,1
6,180.0,-0.1964,0.3015,360.0,65,12.13,0.3816882369263804,0.38168823692637943,16,1
6,180.0,-0.1964,0.3015,360.0,66,12.13,359.4338966370601,0.5661033629398844,16,1
6,180.0,-0.1964,0.3015,360.0,67,12.13,0.5805428637583516,0.5805428637583532,16,1
6,180.0,-0.1964,0.3015,360.0,68,12.13,0.1069671695807154,0.10696716958074148,16,1
6,180.0,-0.1964,0.3015,360.0,69,12.13,0.21698044833400681,0.2169804483340272,16,1
6,180.0,-0.1964,0.3015,360.0,70,12.13,359.74772414541195,0.25227585458804924,16,1
6,180.0,-0.1964,0.3015,360.0,71,12.13,359.65941773796493,0.34058226203507047,16,1
6,180.0,-0.1964,0.3015,360.0,72,12.13,359.7070193141376,0.29298068586240333,16,1
6,180.0,-0.1964,0.3015,360.0,73,12.13,0.20579657811544316,0.2057965781154394,16,1
6,180.0,-0.1964,0.3015,360.0,74,12.13,359.3829328230046,0.6170671769954197,16,1
6,180.0,-0.1964,0.3015,360.0,75,12.13,0.8474148841100086,0.8474148841099804,16,1
6,180.0,-0.1964,0.3015,360.0,76,12.13,0.25995825507846987,0.25995825507845893,16,1
6,180.0,-0.1964,0.3015,360.0,77,12.13,0.4257994134399501,0.42579941343996097,16,1
6,180.0,-0.1964,0.3015,360.0,78,12.13,0.2725298433528515,0.27252984335285646,16,1
6,180.0,-0.1964,0.3015,360.0,79,12.13,0.5346442994135847,0.5346442994135714,16,1
6,180.0,-0.1964,0.3015,360.0,80,12.13,0.3653049822142368,0.3653049822142407,16,1
6,180.0,-0.1964,0.3015,360.0,81,12.13,359.399973666662,0.6000263333380076,16,1
6,180.0,-0.1964,0.3015,360.0,82,12.13,359.6328263676384,0.3671736323615846,16,1
6,180.0,-0.1964,0.3015,360.0,83,12.13,0.002228592594408682,0.002228592594406109,16,1
6,180.0,-0.1964,0.3015,360.0,84,12.13,359.3349169465726,0.665083053427395,16,1
6,180.0,-0.1964,0.3015,360.0,85,12.13,0.5953501733168306,0.5953501733168309,16,1
6,180.0,-0.1964,0.3015,360.0,86,12.13,0.38301813305643767,0.3830181330564528,16,1
6,180.0,-0.1964,0.3015,360.0,87,12.13,0.4244242044889745,0.42442420448895746,16,1
6,180.0,-0.1964,0.3015,360.0,88,12.13,1.1250774656302303,1.125077465630227,16,1
6,180.0,-0.1964,0.3015,360.0,89,12.13,1.1016928437032358,1.1016928437032334,16,1
6,180.0,-0.1964,0.3015,360.0,90,12.13,0.8625349844392388,0.8625349844392645,16,1
6,180.0,-0.1964,0.3015,360.0,91,12.13,359.31827252422886,0.6817274757711402,16,1
6,180.0,-0.1964,0.3015,360.0,92,12.13,359.3342242879885,0.6657757120115093,16,1
6,180.0,-0.1964,0.3015,360.0,93,12.13,0.13579708468699392,0.13579708468699891,16,1
6,180.0,-0.1964,0.3015,360.0,94,12.13,0.4327652826298136,0.4327652826298163,16,1
6,180.0,-0.1964,0.3015,360.0,95,12.13,359.7088339629102,0.2911660370897948,16,1
6,180.0,-0.1964,0.3015,360.0,96,12.13,359.9411926321298,0.05880736787020169,16,1
6,180.0,-0.1964,0.3015,360.0,97,12.13,0.024021031544704093,0.024021031544691596,16,1
6,180.0,-0.1964,0.3015,360.0,98,12.13,359.3256161494175,0.674383850582501,16,1
6,180.0,-0.1964,0.3015,360.0,99,12.13,359.7727481242155,0.22725187578447503,16,1
6,180.0,-0.1964,0.3015,360.0,100,12.13,0.5838876158194106,0.5838876158194353,16,1
6,180.0,-0.1964,0.3015,360.0,101,12.13,0.2531492895744728,0.25314928957448046,16,1
6,180.0,-0.1964,0.3015,360.0,102,12.13,359.41239602520085,0.5876039747991513,16,1
6,180.0,-0.1964,0.3015,360.0,103,12.13,0.9842486488798272,0.9842486488798272,16,1
6,180.0,-0.1964,0.3015,360.0,104,12.13,0.675319515739548,0.6753195157395453,16,1
6,180.0,-0.1964,0.3015,360.0,105,12.13,0.06656107935730482,0.0665610793573137,16,1
6,180.0,-0.1964,0.3015,360.0,106,12.13,1.4761830766763366,1.4761830766763637,16,1
6,180.0,-0.1964,0.3015,360.0,107,12.13,359.9886038374473,0.011396162552728129,16,1
6,180.0,-0.1964,0.3015,360.0,108,12.13,359.74138190662586,0.2586180933741389,16,1
6,180.0,-0.1964,0.3015,360.0,109,12.13,359.43734112518143,0.5626588748185668,16,1
6,180.0,-0.1964,0.3015,360.0,110,12.13,359.18300777985326,0.8169922201467443,16,1
6,180.0,-0.1964,0.3015,360.0,111,12.13,1.1003072234429867,1.1003072234429965,16,1
6,180.0,-0.1964,0.3015,360.0,112,12.13,359.8827446958206,0.11725530417942309,16,1
6,180.0,-0.1964,0.3015,360.0,113,12.13,0.6542529090946654,0.65425290909468,16,1
6,180.0,-0.1964,0.3015,360.0,114,12.13,359.5733622756389,0.4266377243611146,16,1
6,180.0,-0.1964,0.3015,360.0,115,12.13,359.39631371818245,0.603686281817545,16,1
6,180.0,-0.1964,0.3015,360.0,116,12.13,359.24828842032906,0.751711579670939,16,1
6,180.0,-0.1964,0.3015,360.0,117,12.13,0.2495198861145076,0.2495198861145127,16,1
6,180.0,-0.1964,0.3015,360.0,118,12.13,0.057491609975047146,0.05749160997504532,16,1
6,180.0,-0.1964,0.3015,360.0,119,12.13,359.25017591823797,0.7498240817620285,16,1
6,180.0,-0.1964,0.3015,360.0,120,12.13,359.7649315444697,0.23506845553032463,16,1
6,180.0,-0.1964,0.3015,360.0,121,12.13,0.5588372277270359,0.5588372277270537,16,1
6,180.0,-0.1964,0.3015,360.0,122,12.13,0.11394856938765846,0.11394856938767361,16,1
6,180.0,-0.1964,0.3015,360.0,123,12.13,359.7905869424734,0.20941305752660355,16,1
6,180.0,-0.1964,0.3015,360.0,124,12.13,0.5075585161287836,0.5075585161287677,16,1
6,180.0,-0.1964,0.3015,360.0,125,12.13,358.74861733919363,1.251382660806371,16,1
6,180.0,-0.1964,0.3015,360.0,126,12.13,359.79704964351697,0.20295035648302928,16,1
6,180.0,-0.1964,0.3015,360.0,127,12.13,359.3039929323239,0.6960070676760779,16,1
6,180.0,-0.1964,0.3015,360.0,128,12.13,359.9965456044918,0.0034543955081858257,16,1
6,180.0,-0.1964,0.3015,360.0,129,12.13,0.8207555845170252,0.8207555845170305,16,1
6,180.0,-0.1964,0.3015,360.0,130,12.13,359.04535343101884,0.9546465689811612,16,1
6,180.0,-0.1964,0.3015,360.0,131,12.13,0.007412294905378672,0.007412294905350336,16,1
6,180.0,-0.1964,0.3015,360.0,132,12.13,359.2762368105108,0.7237631894892047,16,1
6,180.0,-0.1964,0.3015,360.0,133,12.13,359.72614293883777,0.2738570611622322,16,1
6,180.0,-0.1964,0.3015,360.0,134,12.13,0.2722368539500035,0.2722368539500053,16,1
6,180.0,-0.1964,0.3015,360.0,135,12.13,0.4147665896235251,0.4147665896235253,16,1
6,180.0,-0.1964,0.3015,360.0,136,12.13,0.594454328342474,0.594454328342465,16,1
6,180.0,-0.1964,0.3015,360.0,137,12.13,0.2178155036346878,0.2178155036347107,16,1
6,180.0,-0.1964,0.3015,360.0,138,12.13,359.5984311776627,0.4015688223373104,16,1
6,180.0,-0.1964,0.3015,360.0,139,12.13,358.8394989689438,1.1605010310561852,16,1
6,180.0,-0.1964,0.3015,360.0,140,12.13,359.97892014732076,0.021079852679235955,16,1
6,180.0,-0.1964,0.3015,360.0,141,12.13,0.33791303487984403,0.3379130348798185,16,1
6,180.0,-0.1964,0.3015,360.0,142,12.13,358.74688687028845,1.2531131297115508,16,1
6,180.0,-0.1964,0.3015,360.0,143,12.13,0.19671840509695812,0.19671840509693084,16,1
6,180.0,-0.1964,0.3015,360.0,144,12.13,359.988405027474,0.011594972525983849,16,1
6,180.0,-0.1964,0.3015,360.0,145,12.13,0.2566806824104084,0.2566806824104333,16,1
6,180.0,-0.1964,0.3015,360.0,146,12.13,359.45277815844474,0.5472218415552561,16,1
6,180.0,-0.1964,0.3015,360.0,147,12.13,0.017817529076034063,0.017817529076012306,16,1
6,180.0,-0.1964,0.3015,360.0,148,12.13,359.18610199077176,0.8138980092282395,16,1
6,180.0,-0.1964,0.3015,360.0,149,12.13,0.3558109974497732,0.35581099744979383,16,1
6,180.0,-0.1964,0.3015,360.0,150,12.13,359.3259356948657,0.6740643051343227,16,1
6,180.0,-0.1964,0.3015,360.0,151,12.13,359.8152235934201,0.1847764065798856,16,1
6,180.0,-0.1964,0.3015,360.0,152,12.13,0.18617094159464576,0.18617094159463932,16,1
6,180.0,-0.1964,0.3015,360.0,153,12.13,359.6701470719495,0.3298529280505136,16,1
6,180.0,-0.1964,0.3015,360.0,154,12.13,0.49622491956747256,0.49622491956745307,16,1
6,180.0,-0.1964,0.3015,360.0,155,12.13,359.699697899699,0.30030210030099624,16,1
6,180.0,-0.1964,0.3015,360.0,156,12.13,358.89538889077454,1.1046111092254591,16,1
6,180.0,-0.1964,0.3015,360.0,157,12.13,358.84442512221807,1.1555748777819304,16,1
6,180.0,-0.1964,0.3015,360.0,158,12.13,359.34749970716507,0.6525002928349295,16,1
6,180.0,-0.1964,0.3015,360.0,159,12.13,359.9834773815728,0.016522618427188718,16,1
6,180.0,-0.1964,0.3015,360.0,160,12.13,359.65292673519866,0.34707326480133815,16,1
6,180.0,-0.1964,0.3015,360.0,161,12.13,0.3131289332379546,0.3131289332379765,16,1
6,180.0,-0.1964,0.3015,360.0,162,12.13,359.9950196614404,0.004980338559619213,16,1
6,180.0,-0.1964,0.3015,360.0,163,12.13,0.14001303759119774,0.14001303759118855,16,1
6,180.0,-0.1964,0.3015,360.0,164,12.13,359.9289219412217,0.07107805877831197,16,1
6,180.0,-0.1964,0.3015,360.0,165,12.13,359.90777891431304,0.0922210856869583,16,1
6,180.0,-0.1964,0.3015,360.0,166,12.13,0.5239582732137791,0.5239582732137933,16,1
6,180.0,-0.1964,0.3015,360.0,167,12.13,359.5113621926108,0.48863780738918194,16,1
6,180.0,-0.1964,0.3015,360.0,168,12.13,358.9951102374473,1.0048897625526934,16,1
6,180.0,-0.1964,0.3015,360.0,169,12.13,0.7948105498274342,0.7948105498274458,16,1
6,180.0,-0.1964,0.3015,360.0,170,12.13,0.13194605579125357,0.13194605579127483,16,1
6,180.0,-0.1964,0.3015,360.0,171,12.13,0.042057807941100166,0.042057807941091596,16,1
6,180.0,-0.1964,0.3015,360.0,172,12.13,0.22116668269620116,0.22116668269620732,16,1
6,180.0,-0.1964,0.3015,360.0,173,12.13,359.16999958026804,0.8300004197319595,16,1
6,180.0,-0.1964,0.3015,360.0,174,12.13,0.5643945242277895,0.5643945242277937,16,1
6,180.0,-0.1964,0.3015,360.0,175,12.13,0.26608925252148036,0.26608925252145355,16,1
6,180.0,-0.1964,0.3015,360.0,176,12.13,0.27928168726830827,0.2792816872682806,16,1
6,180.0,-0.1964,0.3015,360.0,177,12.13,359.90732738744094,0.09267261255905623,16,1
6,180.0,-0.1964,0.3015,360.0,178,12.13,0.8458091755505748,0.8458091755505848,16,1
6,180.0,-0.1964,0.3015,360.0,179,12.13,0.37431474939731124,0.3743147493972856,16,1
6,180.0,-0.1964,0.3015,360.0,180,12.13,359.78630138773696,0.21369861226304465,16,1
6,180.0,-0.1964,0.3015,360.0,181,12.13,0.2906984367311642,0.29069843673119067,16,1
6,180.0,-0.1964,0.3015,360.0,182,12.13,359.5851143949259,0.41488560507411876,16,1
6,180.0,-0.1964,0.3015,360.0,183,12.13,0.28750664717433394,0.2875066471743253,16,1
6,180.0,-0.1964,0.3015,360.0,184,12.13,359.4259910276833,0.5740089723166761,16,1
6,180.0,-0.1964,0.3015,360.0,185,12.13,0.8921280199647612,0.8921280199647867,16,1
6,180.0,-0.1964,0.3015,360.0,186,12.13,0.02490863245873214,0.024908632458732427,16,1
6,180.0,-0.1964,0.3015,360.0,187,12.13,0.07811457401311762,0.07811457401311372,16,1
6,180.0,-0.1964,0.3015,360.0,188,12.13,0.11574477179619021,0.11574477179618725,16,1
6,180.0,-0.1964,0.3015,360.0,189,12.13,359.7310307507814,0.2689692492186282,16,1
6,180.0,-0.1964,0.3015,360.0,190,12.13,359.45043732122986,0.549562678770144,16,1
6,180.0,-0.1964,0.3015,360.0,191,12.13,0.21199776713319687,0.21199776713319807,16,1
6,180.0,-0.1964,0.3015,360.0,192,12.13,0.4003618150433856,0.4003618150433681,16,1
6,180.0,-0.1964,0.3015,360.0,193,12.13,359.9169790245175,0.08302097548249776,16,1
6,180.0,-0.1964,0.3015,360.0,194,12.13,359.7231863487726,0.2768136512274282,16,1
6,180.0,-0.1964,0.3015,360.0,195,12.13,359.5963002780655,0.4036997219345153,16,1
6,180.0,-0.1964,0.3015,360.0,196,12.13,359.35603949637107,0.6439605036289322,16,1
6,180.0,-0.1964,0.3015,360.0,197,12.13,359.8907027617204,0.10929723827962334,16,1
6,180.0,-0.1964,0.3015,360.0,198,12.13,359.982655787,0.01734421300000122,16,1
6,180.0,-0.1964,0.3015,360.0,199,12.13,359.94274045978864,0.05725954021136204,16,1
7,210.0,-0.1295,0.0518,30.0,0,12.13,28.677750453023393,1.3222495469765931,16,1
7,210.0,-0.1295,0.0518,30.0,1,12.13,30.602248308046303,0.6022483080463168,16,1
7,210.0,-0.1295,0.0518,30.0,2,12.13,28.331432795943392,1.6685672040566146,16,1
7,210.0,-0.1295,0.0518,30.0,3,12.13,28.52356818354699,1.4764318164529868,16,1
7,210.0,-0.1295,0.0518,30.0,4,12.13,31.265482033270352,1.2654820332703665,16,1
7,210.0,-0.1295,0.0518,30.0,5,12.13,29.49102664529226,0.5089733547077344,16,1
7,210.0,-0.1295,0.0518,30.0,6,12.13,29.194267267679272,0.8057327323207346,16,1
7,210.0,-0.1295,0.0518,30.0,7,12.13,29.24820925304349,0.7517907469564875,16,1
7,210.0,-0.1295,0.0518,30.0,8,12.13,29.73277938886283,0.2672206111371338,16,1
7,210.0,-0.1295,0.0518,30.0,9,12.13,30.2479620888975,0.2479620888975127,16,1
7,210.0,-0.1295,0.0518,30.0,10,12.13,30.072997732127906,0.07299773212792005,16,1
7,210.0,-0.1295,0.0518,30.0,11,12.13,29.61076277718332,0.38923722281668915,16,1
7,210.0,-0.1295,0.0518,30.0,12,12.13,29.7663714450762,0.23362855492376866,16,1
7,210.0,-0.1295,0.0518,30.0,13,12.13,30.556874554727706,0.5568745547277203,16,1
7,210.0,-0.1295,0.0518,30.0,14,12.13,28.492592289890617,1.5074077101093621,16,1
7,210.0,-0.1295,0.0518,30.0,15,12.13,29.474375678326734,0.5256243216732628,16,1
7,210.0,-0.1295,0.0518,30.0,16,12.13,29.085029497568613,0.9149705024314017,16,1
7,210.0,-0.1295,0.0518,30.0,17,12.13,29.16447849847215,0.8355215015278645,16,1
7,210.0,-0.1295,0.0518,30.0,18,12.13,30.322917849452224,0.32291784945223867,16,1
7,210.0,-0.1295,0.0518,30.0,19,12.13,30.060976594575678,0.060976594575691934,16,1
7,210.0,-0.1295,0.0518,30.0,20,12.13,29.032853518104027,0.9671464818959521,16,1
7,210.0,-0.1295,0.0518,30.0,21,12.13,29.65540294135614,0.34459705864384205,16,1
7,210.0,-0.1295,0.0518,30.0,22,12.13,29.61310457288557,0.3868954271144389,16,1
7,210.0,-0.1295,0.0518,30.0,23,12.13,30.149502492342336,0.14950249234235002,16,1
7,210.0,-0.1295,0.0518,30.0,24,12.13,31.016366270627298,1.0163662706273122,16,1
7,210.0,-0.1295,0.0518,30.0,25,12.13,30.423386236580818,0.4233862365808321,16,1
7,210.0,-0.1295,0.0518,30.0,26,12.13,28.42897291947736,1.57102708052264,16,1
7,210.0,-0.1295,0.0518,30.0,27,12.13,29.40461406856441,0.5953859314356009,16,1
7,210.0,-0.1295,0.0518,30.0,28,12.13,29.21189290314422,0.7881070968557538,16,1
7,210.0,-0.1295,0.0518,30.0,29,12.13,30.49502622818912,0.49502622818913267,16,1
7,210.0,-0.1295,0.0518,30.0,30,12.13,29.460610171711107,0.539389828288904,16,1
7,210.0,-0.1295,0.0518,30.0,31,12.13,29.043614378783126,0.9563856212168389,16,1
7,210.0,-0.1295,0.0518,30.0,32,12.13,29.04396065449714,0.9560393455028589,16,1
7,210.0,-0.1295,0.0518,30.0,33,12.13,28.459540048459804,1.5404599515401856,16,1
7,210.0,-0.1295,0.0518,30.0,34,12.13,29.840794017894506,0.15920598210550452,16,1
7,210.0,-0.1295,0.0518,30.0,35,12.13,30.16164504708883,0.16164504708884309,16,1
7,210.0,-0.1295,0.0518,30.0,36,12.13,29.46507174266668,0.5349282573333198,16,1
7,210.0,-0.1295,0.0518,30.0,37,12.13,30.45289998732497,0.45289998732498304,16,1
7,210.0,-0.1295,0.0518,30.0,38,12.13,28.855314858425213,1.1446851415747687,16,1
7,210.0,-0.1295,0.0518,30.0,39,12.13,29.20365660039596,0.7963433996040408,16,1
7,210.0,-0.1295,0.0518,30.0,40,12.13,29.305932739394994,0.6940672606049816,16,1
7,210.0,-0.1295,0.0518,30.0,41,12.13,29.331966504913293,0.6680334950867177,16,1
7,210.0,-0.1295,0.0518,30.0,42,12.13,29.288979373411458,0.7110206265885495,16,1
7,210.0,-0.1295,0.0518,30.0,43,12.13,29.834707950667752,0.16529204933220853,16,1
7,210.0,-0.1295,0.0518,30.0,44,12.13,30.53180786519786,0.531807865197873,16,1
7,210.0,-0.1295,0.0518,30.0,45,12.13,30.32560031642613,0.3256003164261436,16,1
7,210.0,-0.1295,0.0518,30.0,46,12.13,29.125847994252226,0.8741520057477601,16,1
7,210.0,-0.1295,0.0518,30.0,47,12.13,30.442434855959306,0.44243485595931986,16,1
7,210.0,-0.1295,0.0518,30.0,48,12.13,28.685299180960783,1.314700819039217,16,1
7,210.0,-0.1295,0.0518,30.0,49,12.13,30.118436663924022,0.11843666392403662,16,1
7,210.0,-0.1295,0.0518,30.0,50,12.13,29.82057621875589,0.17942378124411107,16,1
7,210.0,-0.1295,0.0518,30.0,51,12.13,29.46132727679161,0.5386727232083786,16,1
7,210.0,-0.1295,0.0518,30.0,52,12.13,28.887662120037334,1.112337879962638,16,1
7,210.0,-0.1295,0.0518,30.0,53,12.13,29.468394982446213,0.5316050175537725,16,1
7,210.0,-0.1295,0.0518,30.0,54,12.13,28.58969685799767,1.4103031420023058,16,1
7,210.0,-0.1295,0.0518,30.0,55,12.13,29.994802246932075,0.005197753067932354,16,1
7,210.0,-0.1295,0.0518,30.0,56,12.13,29.178402976109798,0.821597023890206,16,1
7,210.0,-0.1295,0.0518,30.0,57,12.13,28.738582541110436,1.2614174588895253,16,1
7,210.0,-0.1295,0.0518,30.0,58,12.13,29.34340418010849,0.6565958198914927,16,1
7,210.0,-0.1295,0.0518,30.0,59,12.13,28.002598880600516,1.9974011193994556,16,1
7,210.0,-0.1295,0.0518,30.0,60,12.13,30.127436898384957,0.1274368983849712,16,1
7,210.0,-0.1295,0.0518,30.0,61,12.13,28.827467608539894,1.172532391460095,16,1
7,210.0,-0.1295,0.0518,30.0,62,12.13,29.52227258526932,0.4777274147306798,16,1
7,210.0,-0.1295,0.0518,30.0,63,12.13,28.624521489092672,1.3754785109073282,16,1
7,210.0,-0.1295,0.0518,30.0,64,12.13,29.352526688968073,0.647473311031888,16,1
7,210.0,-0.1295,0.0518,30.0,65,12.13,29.554980371847886,0.44501962815212437,16,1
7,210.0,-0.1295,0.0518,30.0,66,12.13,29.861272861619664,0.13872713838031814,16,1
7,210.0,-0.1295,0.0518,30.0,67,12.13,29.578941529540398,0.42105847045957034,16,1
7,210.0,-0.1295,0.0518,30.0,68,12.13,30.47537022314977,0.4753702231497847,16,1
7,210.0,-0.1295,0.0518,30.0,69,12.13,30.17643614548154,0.17643614548155284,16,1
7,210.0,-0.1295,0.0518,30.0,70,12.13,29.823532471766114,0.17646752823384304,16,1
7,210.0,-0.1295,0.0518,30.0,71,12.13,27.862008966318704,2.13799103368126,16,1
7,210.0,-0.1295,0.0518,30.0,72,12.13,29.57866601972183,0.4213339802781775,16,1
7,210.0,-0.1295,0.0518,30.0,73,12.13,28.990313527566908,1.0096864724330885,16,1
7,210.0,-0.1295,0.0518,30.0,74,12.13,28.34118695381155,1.6588130461884134,16,1
7,210.0,-0.1295,0.0518,30.0,75,12.13,29.054116757750826,0.945883242249181,16,1
7,210.0,-0.1295,0.0518,30.0,76,12.13,30.056912152834776,0.056912152834790675,16,1
7,210.0,-0.1295,0.0518,30.0,77,12.13,28.724688391130716,1.2753116088692877,16,1
7,210.0,-0.1295,0.0518,30.0,78,12.13,28.51269975374381,1.4873002462561544,16,1
7,210.0,-0.1295,0.0518,30.0,79,12.13,29.723875151842766,0.2761248481572238,16,1
7,210.0,-0.1295,0.0518,30.0,80,12.13,29.315451846958684,0.6845481530413053,16,1
7,210.0,-0.1295,0.0518,30.0,81,12.13,28.570779855131782,1.429220144868225,16,1
7,210.0,-0.1295,0.0518,30.0,82,12.13,31.281585824362754,1.281585824362768,16,1
7,210.0,-0.1295,0.0518,30.0,83,12.13,29.111013759445672,0.8889862405542885,16,1
7,210.0,-0.1295,0.0518,30.0,84,12.13,30.06262031454283,0.06262031454284411,16,1
7,210.0,-0.1295,0.0518,30.0,85,12.13,30.183980411570147,0.1839804115701611,16,1
7,210.0,-0.1295,0.0518,30.0,86,12.13,29.542940727887537,0.457059272112474,16,1
7,210.0,-0.1295,0.0518,30.0,87,12.13,29.824182675706464,0.1758173242935186,16,1
7,210.0,-0.1295,0.0518,30.0,88,12.13,29.57641847733919,0.42358152266081106,16,1
7,210.0,-0.1295,0.0518,30.0,89,12.13,28.726258229897407,1.2737417701025606,16,1
7,210.0,-0.1295,0.0518,30.0,90,12.13,30.509828042996233,0.5098280429962472,16,1
7,210.0,-0.1295,0.0518,30.0,91,12.13,29.213203381950283,0.7867966180497206,16,1
7,210.0,-0.1295,0.0518,30.0,92,12.13,28.375806365075555,1.6241936349244384,16,1
7,210.0,-0.1295,0.0518,30.0,93,12.13,29.275391843482254,0.7246081565177178,16,1
7,210.0,-0.1295,0.0518,30.0,94,12.13,29.822276961480632,0.17772303851933202,16,1
7,210.0,-0.1295,0.0518,30.0,95,12.13,29.280690933818587,0.7193090661813812,16,1
7,210.0,-0.1295,0.0518,30.0,96,12.13,31.129829498134722,1.129829498134736,16,1
7,210.0,-0.1295,0.0518,30.0,97,12.13,29.962615129942048,0.03738487005796287,16,1
7,210.0,-0.1295,0.0518,30.0,98,12.13,28.939549851846653,1.0604501481533362,16,1
7,210.0,-0.1295,0.0518,30.0,99,12.13,29.479054728184302,0.5209452718156626,16,1
7,210.0,-0.1295,0.0518,30.0,100,12.13,29.62375069052088,0.37624930947913526,16,1
7,210.0,-0.1295,0.0518,30.0,101,12.13,28.700077624545298,1.2999223754546847,16,1
7,210.0,-0.1295,0.0518,30.0,102,12.13,29.683082933239383,0.3169170667605954,16,1
7,210.0,-0.1295,0.0518,30.0,103,12.13,30.96959348978858,0.9695934897885934,16,1
7,210.0,-0.1295,0.0518,30.0,104,12.13,31.014177800583667,1.0141778005836812,16,1
7,210.0,-0.1295,0.0518,30.0,105,12.13,29.50534592427,0.4946540757300113,16,1
7,210.0,-0.1295,0.0518,30.0,106,12.13,30.702686277294717,0.7026862772947311,16,1
7,210.0,-0.1295,0.0518,30.0,107,12.13,29.3802094856136,0.6197905143864091,16,1
7,210.0,-0.1295,0.0518,30.0,108,12.13,29.174335710268,0.8256642897320035,16,1
7,210.0,-0.1295,0.0518,30.0,109,12.13,30.647201845328844,0.6472018453288584,16,1
7,210.0,-0.1295,0.0518,30.0,110,12.13,29.71031291026763,0.2896870897323538,16,1
7,210.0,-0.1295,0.0518,30.0,111,12.13,29.401321290850362,0.598678709149624,16,1
7,210.0,-0.1295,0.0518,30.0,112,12.13,29.948196827671207,0.05180317232878906,16,1
7,210.0,-0.1295,0.0518,30.0,113,12.13,30.094511406446415,0.09451140644642919,16,1
7,210.0,-0.1295,0.0518,30.0,114,12.13,29.33544518533812,0.6645548146618694,16,1
7,210.0,-0.1295,0.0518,30.0,115,12.13,30.738133182315252,0.7381331823152664,16,1
7,210.0,-0.1295,0.0518,30.0,116,12.13,30.154305736076857,0.15430573607687137,16,1
7,210.0,-0.1295,0.0518,30.0,117,12.13,30.86168259690371,0.861682596903723,16,1
7,210.0,-0.1295,0.0518,30.0,118,12.13,30.093971287139283,0.09397128713929703,16,1
7,210.0,-0.1295,0.0518,30.0,119,12.13,29.044977889753287,0.9550221102467162,16,1
7,210.0,-0.1295,0.0518,30.0,120,12.13,30.261069542997415,0.26106954299742924,16,1
7,210.0,-0.1295,0.0518,30.0,121,12.13,29.129301591813352,0.8706984081866267,16,1
7,210.0,-0.1295,0.0518,30.0,122,12.13,29.60362181548204,0.396378184517971,16,1
7,210.0,-0.1295,0.0518,30.0,123,12.13,30.019629820090795,0.019629820090809602,16,1
7,210.0,-0.1295,0.0518,30.0,124,12.13,29.70206822829968,0.2979317717002914,16,1
7,210.0,-0.1295,0.0518,30.0,125,12.13,28.993108201195525,1.0068917988044745,16,1
7,210.0,-0.1295,0.0518,30.0,126,12.13,30.3383761054974,0.3383761054974137,16,1
7,210.0,-0.1295,0.0518,30.0,127,12.13,29.506488323246277,0.49351167675371244,16,1
7,210.0,-0.1295,0.0518,30.0,128,12.13,29.659324026186027,0.34067597381397263,16,1
7,210.0,-0.1295,0.0518,30.0,129,12.13,29.699698537642345,0.30030146235765187,16,1
7,210.0,-0.1295,0.0518,30.0,130,12.13,28.859700759461035,1.1402992405389796,16,1
7,210.0,-0.1295,0.0518,30.0,131,12.13,29.766986583773303,0.23301341622669725,16,1
7,210.0,-0.1295,0.0518,30.0,132,12.13,29.580996051829516,0.41900394817048436,16,1
7,210.0,-0.1295,0.0518,30.0,133,12.13,29.544223487089507,0.45577651291046095,16,1
7,210.0,-0.1295,0.0518,30.0,134,12.13,28.405031926710876,1.5949680732891238,16,1
7,210.0,-0.1295,0.0518,30.0,135,12.13,29.470783665927296,0.5292163340727143,16,1
7,210.0,-0.1295,0.0518,30.0,136,12.13,28.85271783729912,1.1472821627008898,16,1
7,210.0,-0.1295,0.0518,30.0,137,12.13,30.20533110399822,0.2053311039982333,16,1
7,210.0,-0.1295,0.0518,30.0,138,12.13,29.95677603656557,0.04322396343440005,16,1
7,210.0,-0.1295,0.0518,30.0,139,12.13,29.829587030684852,0.17041296931512306,16,1
7,210.0,-0.1295,0.0518,30.0,140,12.13,29.782616084365173,0.21738391563479809,16,1
7,210.0,-0.1295,0.0518,30.0,141,12.13,29.422542006823686,0.5774579931763242,16,1
7,210.0,-0.1295,0.0518,30.0,142,12.13,28.802300664936723,1.1976993350632483,16,1
7,210.0,-0.1295,0.0518,30.0,143,12.13,29.8012242424476,0.19877575755236876,16,1
7,210.0,-0.1295,0.0518,30.0,144,12.13,29.571619563571645,0.42838043642836965,16,1
7,210.0,-0.1295,0.0518,30.0,145,12.13,28.989754562927427,1.0102454370725695,16,1
7,210.0,-0.1295,0.0518,30.0,146,12.13,29.2539796759465,0.7460203240534611,16,1
7,210.0,-0.1295,0.0518,30.0,147,12.13,28.975791901713265,1.0242080982867492,16,1
7,210.0,-0.1295,0.0518,30.0,148,12.13,28.791223494205997,1.2087765057939919,16,1
7,210.0,-0.1295,0.0518,30.0,149,12.13,31.003511098444758,1.003511098444772,16,1
7,210.0,-0.1295,0.0518,30.0,150,12.13,29.001531484234437,0.9984685157655235,16,1
7,210.0,-0.1295,0.0518,30.0,151,12.13,30.274440198648463,0.27444019864847746,16,1
7,210.0,-0.1295,0.0518,30.0,152,12.13,29.51626161395517,0.4837383860448199,16,1
7,210.0,-0.1295,0.0518,30.0,153,12.13,30.03714697700224,0.037146977002255,16,1
7,210.0,-0.1295,0.0518,30.0,154,12.13,29.390363343950465,0.6096366560495312,16,1
7,210.0,-0.1295,0.0518,30.0,155,12.13,29.29979709268111,0.7002029073188965,16,1
7,210.0,-0.1295,0.0518,30.0,156,12.13,29.976743196172905,0.023256803827052863,16,1
7,210.0,-0.1295,0.0518,30.0,157,12.13,29.49073206960986,0.5092679303901377,16,1
7,210.0,-0.1295,0.0518,30.0,158,12.13,29.726214530879993,0.2737854691200141,16,1
7,210.0,-0.1295,0.0518,30.0,159,12.13,30.214393974829598,0.21439397482961198,16,1
7,210.0,-0.1295,0.0518,30.0,160,12.13,29.43343173252407,0.5665682674759296,16,1
7,210.0,-0.1295,0.0518,30.0,161,12.13,29.694630157095737,0.3053698429042697,16,1
7,210.0,-0.1295,0.0518,30.0,162,12.13,29.20891451990858,0.7910854800913967,16,1
7,210.0,-0.1295,0.0518,30.0,163,12.13,28.872817333407063,1.1271826665929439,16,1
7,210.0,-0.1295,0.0518,30.0,164,12.13,30.210753360953966,0.21075336095398,16,1
7,210.0,-0.1295,0.0518,30.0,165,12.13,30.20954192669878,0.2095419266987939,16,1
7,210.0,-0.1295,0.0518,30.0,166,12.13,28.724481744074666,1.2755182559253058,16,1
7,210.0,-0.1295,0.0518,30.0,167,12.13,30.23173999329511,0.2317399932951254,16,1
7,210.0,-0.1295,0.0518,30.0,168,12.13,29.75084428713169,0.24915571286828708,16,1
7,210.0,-0.1295,0.0518,30.0,169,12.13,30.354435115735626,0.35443511573564024,16,1
7,210.0,-0.1295,0.0518,30.0,170,12.13,28.894580521108722,1.1054194788912355,16,1
7,210.0,-0.1295,0.0518,30.0,171,12.13,29.059681255066305,0.940318744933677,16,1
7,210.0,-0.1295,0.0518,30.0,172,12.13,28.175548237190196,1.8244517628098151,16,1
7,210.0,-0.1295,0.0518,30.0,173,12.13,29.064261910903205,0.9357380890967875,16,1
7,210.0,-0.1295,0.0518,30.0,174,12.13,30.085372442569376,0.08537244256939047,16,1
7,210.0,-0.1295,0.0518,30.0,175,12.13,30.98027991071036,0.9802799107103759,16,1
7,210.0,-0.1295,0.0518,30.0,176,12.13,30.316367789698894,0.31636778969890855,16,1
7,210.0,-0.1295,0.0518,30.0,177,12.13,29.981953361290177,0.01804663870979084,16,1
7,210.0,-0.1295,0.0518,30.0,178,12.13,29.50060002790712,0.4993999720928741,16,1
7,210.0,-0.1295,0.0518,30.0,179,12.13,28.919396957318096,1.0806030426819007,16,1
7,210.0,-0.1295,0.0518,30.0,180,12.13,28.95090860813851,1.0490913918614524,16,1
7,210.0,-0.1295,0.0518,30.0,181,12.13,28.122132118565496,1.8778678814344971,16,1
7,210.0,-0.1295,0.0518,30.0,182,12.13,30.008985884724417,0.008985884724431514,16,1
7,210.0,-0.1295,0.0518,30.0,183,12.13,28.9081491150435,1.0918508849565,16,1
7,210.0,-0.1295,0.0518,30.0,184,12.13,30.009118228650642,0.00911822865065659,16,1
7,210.0,-0.1295,0.0518,30.0,185,12.13,28.978772863971066,1.0212271360289265,16,1
7,210.0,-0.1295,0.0518,30.0,186,12.13,28.527003596963606,1.4729964030364044,16,1
7,210.0,-0.1295,0.0518,30.0,187,12.13,30.03411684217551,0.03411684217552491,16,1
7,210.0,-0.1295,0.0518,30.0,188,12.13,29.814499924020463,0.1855000759795189,16,1
7,210.0,-0.1295,0.0518,30.0,189,12.13,29.23573052543482,0.7642694745651397,16,1
7,210.0,-0.1295,0.0518,30.0,190,12.13,30.435434214052425,0.43543421405243876,16,1
7,210.0,-0.1295,0.0518,30.0,191,12.13,29.541257620612694,0.45874237938727447,16,1
7,210.0,-0.1295,0.0518,30.0,192,12.13,29.471746253523317,0.5282537464766506,16,1
7,210.0,-0.1295,0.0518,30.0,193,12.13,29.75760797023864,0.24239202976133356,16,1
7,210.0,-0.1295,0.0518,30.0,194,12.13,29.183157210052013,0.816842789947998,16,1
7,210.0,-0.1295,0.0518,30.0,195,12.13,29.904231553865735,0.09576844613422963,16,1
7,210.0,-0.1295,0.0518,30.0,196,12.13,30.09474974229101,0.09474974229102529,16,1
7,210.0,-0.1295,0.0518,30.0,197,12.13,28.69411127578951,1.3058887242104902,16,1
7,210.0,-0.1295,0.0518,30.0,198,12.13,29.657585069665984,0.34241493033403003,16,1
7,210.0,-0.1295,0.0518,30.0,199,12.13,30.04699294679666,0.04699294679667432,16,1
8,240.0,0.0533,-0.131,60.0,0,12.13,60.46560343993661,0.4656034399366362,16,1
8,240.0,0.0533,-0.131,60.0,1,12.13,58.878738159125284,1.1212618408746948,16,1
8,240.0,0.0533,-0.131,60.0,2,12.13,60.28213009574729,0.28213009574731984,16,1
8,240.0,0.0533,-0.131,60.0,3,12.13,61.022146893356016,1.0221468933560445,16,1
8,240.0,0.0533,-0.131,60.0,4,12.13,60.71715540245941,0.71715540245944,16,1
8,240.0,0.0533,-0.131,60.0,5,12.13,60.04104485058913,0.04104485058915941,16,1
8,240.0,0.0533,-0.131,60.0,6,12.13,61.17413317843893,1.1741331784389573,16,1
8,240.0,0.0533,-0.131,60.0,7,12.13,60.724505212414186,0.7245052124142148,16,1
8,240.0,0.0533,-0.131,60.0,8,12.13,59.515751405694616,0.48424859430537026,16,1
8,240.0,0.0533,-0.131,60.0,9,12.13,60.45322124542385,0.453221245423876,16,1
8,240.0,0.0533,-0.131,60.0,10,12.13,60.30553210732934,0.30553210732936975,16,1
8,240.0,0.0533,-0.131,60.0,11,12.13,61.76673669733433,1.766736697334359,16,1
8,240.0,0.0533,-0.131,60.0,12,12.13,58.54090009742642,1.4590999025735414,16,1
8,240.0,0.0533,-0.131,60.0,13,12.13,60.449447289281814,0.4494472892818422,16,1
8,240.0,0.0533,-0.131,60.0,14,12.13,60.33999532924058,0.33999532924060816,16,1
8,240.0,0.0533,-0.131,60.0,15,12.13,60.582129271185195,0.5821292711852237,16,1
8,240.0,0.0533,-0.131,60.0,16,12.13,60.567309054141695,0.5673090541417238,16,1
8,240.0,0.0533,-0.131,60.0,17,12.13,59.14469130167456,0.8553086983254161,16,1
8,240.0,0.0533,-0.131,60.0,18,12.13,61.14774612725555,1.14774612725558,16,1
8,240.0,0.0533,-0.131,60.0,19,12.13,61.13579422613199,1.1357942261320204,16,1
8,240.0,0.0533,-0.131,60.0,20,12.13,59.56508210639975,0.43491789360024313,16,1
8,240.0,0.0533,-0.131,60.0,21,12.13,60.816310696355615,0.816310696355643,16,1
8,240.0,0.0533,-0.131,60.0,22,12.13,60.69489784106774,0.6948978410677711,16,1
8,240.0,0.0533,-0.131,60.0,23,12.13,60.247777300603126,0.24777730060315406,16,1
8,240.0,0.0533,-0.131,60.0,24,12.13,59.88496851487688,0.11503148512309735,16,1
8,240.0,0.0533,-0.131,60.0,25,12.13,60.54235718773432,0.5423571877343463,16,1
8,240.0,0.0533,-0.131,60.0,26,12.13,60.804886093111456,0.8048860931114845,16,1
8,240.0,0.0533,-0.131,60.0,27,12.13,61.988708821609386,1.9887088216094142,16,1
8,240.0,0.0533,-0.131,60.0,28,12.13,59.45394028856745,0.5460597114325196,16,1
8,240.0,0.0533,-0.131,60.0,29,12.13,61.25662701013803,1.256627010138061,16,1
8,240.0,0.0533,-0.131,60.0,30,12.13,60.501580793382395,0.5015807933824235,16,1
8,240.0,0.0533,-0.131,60.0,31,12.13,60.3943241289607,0.3943241289607258,16,1
8,240.0,0.0533,-0.131,60.0,32,12.13,62.31441721237766,2.314417212377691,16,1
8,240.0,0.0533,-0.131,60.0,33,12.13,59.994159871136034,0.005840128863951577,16,1
8,240.0,0.0533,-0.131,60.0,34,12.13,60.800153859503205,0.8001538595032329,16,1
8,240.0,0.0533,-0.131,60.0,35,12.13,60.62231195165394,0.6223119516539697,16,1
8,240.0,0.0533,-0.131,60.0,36,12.13,60.92890618119677,0.9289061811968011,16,1
8,240.0,0.0533,-0.131,60.0,37,12.13,60.291691835757725,0.2916918357577529,16,1
8,240.0,0.0533,-0.131,60.0,38,12.13,60.67854996538589,0.678549965385919,16,1
8,240.0,0.0533,-0.131,60.0,39,12.13,60.04152699116265,0.04152699116267655,16,1
8,240.0,0.0533,-0.131,60.0,40,12.13,60.81440810748455,0.8144081074845815,16,1
8,240.0,0.0533,-0.131,60.0,41,12.13,60.168116088472516,0.16811608847254433,16,1
8,240.0,0.0533,-0.131,60.0,42,12.13,59.960034538996354,0.03996546100358955,16,1
8,240.0,0.0533,-0.131,60.0,43,12.13,60.838533242597464,0.8385332425974923,16,1
8,240.0,0.0533,-0.131,60.0,44,12.13,60.85636218299052,0.8563621829905514,16,1
8,240.0,0.0533,-0.131,60.0,45,12.13,59.541402124897296,0.4585978751026687,16,1
8,240.0,0.0533,-0.131,60.0,46,12.13,61.27616991771619,1.2761699177162171,16,1
8,240.0,0.0533,-0.131,60.0,47,12.13,60.40032716588087,0.40032716588089556,16,1
8,240.0,0.0533,-0.131,60.0,48,12.13,61.488662779293165,1.4886627792931932,16,1
8,240.0,0.0533,-0.131,60.0,49,12.13,60.65139618508761,0.6513961850876413,16,1
8,240.0,0.0533,-0.131,60.0,50,12.13,60.76349831362253,0.7634983136225557,16,1
8,240.0,0.0533,-0.131,60.0,51,12.13,61.02990049694213,1.0299004969421617,16,1
8,240.0,0.0533,-0.131,60.0,52,12.13,60.234759097519145,0.23475909751917357,16,1
8,240.0,0.0533,-0.131,60.0,53,12.13,61.521671143063976,1.5216711430640046,16,1
8,240.0,0.0533,-0.131,60.0,54,12.13,60.88976528791823,0.8897652879182587,16,1
8,240.0,0.0533,-0.131,60.0,55,12.13,61.39735549376296,1.397355493762987,16,1
8,240.0,0.0533,-0.131,60.0,56,12.13,61.26523306872231,1.2652330687223383,16,1
8,240.0,0.0533,-0.131,60.0,57,12.13,60.8175839906488,0.8175839906488278,16,1
8,240.0,0.0533,-0.131,60.0,58,12.13,61.25961050315603,1.2596105031560612,16,1
8,240.0,0.0533,-0.131,60.0,59,12.13,60.97811534545088,0.9781153454509095,16,1
8,240.0,0.0533,-0.131,60.0,60,12.13,58.34288261937436,1.657117380625607,16,1
8,240.0,0.0533,-0.131,60.0,61,12.13,59.20151562898798,0.7984843710120231,16,1
8,240.0,0.0533,-0.131,60.0,62,12.13,60.85014293373846,0.8501429337384891,16,1
8,240.0,0.0533,-0.131,60.0,63,12.13,60.453011207602046,0.45301120760207425,16,1
8,240.0,0.0533,-0.131,60.0,64,12.13,60.59675542095952,0.5967554209595463,16,1
8,240.0,0.0533,-0.131,60.0,65,12.13,61.584922252123555,1.584922252123583,16,1
8,240.0,0.0533,-0.131,60.0,66,12.13,61.13136499611052,1.1313649961105483,16,1
8,240.0,0.0533,-0.131,60.0,67,12.13,60.2845578925706,0.2845578925706249,16,1
8,240.0,0.0533,-0.131,60.0,68,12.13,60.66588344028525,0.6658834402852776,16,1
8,240.0,0.0533,-0.131,60.0,69,12.13,60.90492878723494,0.9049287872349652,16,1
8,240.0,0.0533,-0.131,60.0,70,12.13,60.62013462713852,0.6201346271385475,16,1
8,240.0,0.0533,-0.131,60.0,71,12.13,61.12806153927618,1.1280615392762101,16,1
8,240.0,0.0533,-0.131,60.0,72,12.13,60.64432691508151,0.6443269150815354,16,1
8,240.0,0.0533,-0.131,60.0,73,12.13,60.2764231577829,0.27642315778292925,16,1
8,240.0,0.0533,-0.131,60.0,74,12.13,60.38153103388895,0.3815310338889759,16,1
8,240.0,0.0533,-0.131,60.0,75,12.13,60.54029100472305,0.5402910047230804,16,1
8,240.0,0.0533,-0.131,60.0,76,12.13,59.835378822723165,0.1646211772767856,16,1
8,240.0,0.0533,-0.131,60.0,77,12.13,60.73726918612904,0.737269186129069,16,1
8,240.0,0.0533,-0.131,60.0,78,12.13,60.20211782583636,0.20211782583638893,16,1
8,240.0,0.0533,-0.131,60.0,79,12.13,60.409490617706126,0.4094906177061546,16,1
8,240.0,0.0533,-0.131,60.0,80,12.13,60.077419155064774,0.07741915506480268,16,1
8,240.0,0.0533,-0.131,60.0,81,12.13,60.0275844210428,0.027584421042831764,16,1
8,240.0,0.0533,-0.131,60.0,82,12.13,60.56515055744674,0.5651505574467706,16,1
8,240.0,0.0533,-0.131,60.0,83,12.13,60.59118935410329,0.5911893541033209,16,1
8,240.0,0.0533,-0.131,60.0,84,12.13,60.36918072292748,0.3691807229275099,16,1
8,240.0,0.0533,-0.131,60.0,85,12.13,61.06148472800562,1.0614847280056452,16,1
8,240.0,0.0533,-0.131,60.0,86,12.13,61.42832010494537,1.4283201049453993,16,1
8,240.0,0.0533,-0.131,60.0,87,12.13,60.26790420141769,0.2679042014177213,16,1
8,240.0,0.0533,-0.131,60.0,88,12.13,60.12703966514825,0.12703966514828124,16,1
8,240.0,0.0533,-0.131,60.0,89,12.13,59.71703726306911,0.2829627369308696,16,1
8,240.0,0.0533,-0.131,60.0,90,12.13,62.099675399028385,2.0996753990284134,16,1
8,240.0,0.0533,-0.131,60.0,91,12.13,60.1396700849686,0.13967008496862832,16,1
8,240.0,0.0533,-0.131,60.0,92,12.13,59.84504113351672,0.1549588664832413,16,1
8,240.0,0.0533,-0.131,60.0,93,12.13,60.240201451608854,0.24020145160888262,16,1
8,240.0,0.0533,-0.131,60.0,94,12.13,60.909927201271756,0.9099272012717847,16,1
8,240.0,0.0533,-0.131,60.0,95,12.13,60.69832844807293,0.6983284480729566,16,1
8,240.0,0.0533,-0.131,60.0,96,12.13,61.56030597661687,1.5603059766168954,16,1
8,240.0,0.0533,-0.131,60.0,97,12.13,60.33323360319525,0.33323360319527495,16,1
8,240.0,0.0533,-0.131,60.0,98,12.13,60.90283194612535,0.9028319461253815,16,1
8,240.0,0.0533,-0.131,60.0,99,12.13,61.190970615494614,1.190970615494642,16,1
8,240.0,0.0533,-0.131,60.0,100,12.13,61.5986523924798,1.5986523924798277,16,1
8,240.0,0.0533,-0.131,60.0,101,12.13,60.11638692929791,0.11638692929793848,16,1
8,240.0,0.0533,-0.131,60.0,102,12.13,60.54374773327681,0.5437477332768381,16,1
8,240.0,0.0533,-0.131,60.0,103,12.13,61.988980492292235,1.9889804922922636,16,1
8,240.0,0.0533,-0.131,60.0,104,12.13,61.31413556857073,1.3141355685707552,16,1
8,240.0,0.0533,-0.131,60.0,105,12.13,62.11286664169167,2.1128666416916957,16,1
8,240.0,0.0533,-0.131,60.0,106,12.13,60.70253090914655,0.7025309091465815,16,1
8,240.0,0.0533,-0.131,60.0,107,12.13,59.462138233441834,0.5378617665581373,16,1
8,240.0,0.0533,-0.131,60.0,108,12.13,60.742390582059976,0.7423905820600041,16,1
8,240.0,0.0533,-0.131,60.0,109,12.13,60.599790050067575,0.5997900500676039,16,1
8,240.0,0.0533,-0.131,60.0,110,12.13,60.77057787265313,0.7705778726531562,16,1
8,240.0,0.0533,-0.131,60.0,111,12.13,61.46676720173062,1.4667672017306472,16,1
8,240.0,0.0533,-0.131,60.0,112,12.13,60.88458682565736,0.8845868256573866,16,1
8,240.0,0.0533,-0.131,60.0,113,12.13,59.71519739829972,0.2848026017002212,16,1
8,240.0,0.0533,-0.131,60.0,114,12.13,61.648904554468245,1.6489045544682739,16,1
8,240.0,0.0533,-0.131,60.0,115,12.13,60.51931052214321,0.5193105221432361,16,1
8,240.0,0.0533,-0.131,60.0,116,12.13,61.485221813179315,1.4852218131793435,16,1
8,240.0,0.0533,-0.131,60.0,117,12.13,60.36573945797609,0.36573945797611884,16,1
8,240.0,0.0533,-0.131,60.0,118,12.13,60.24066276312255,0.24066276312257884,16,1
8,240.0,0.0533,-0.131,60.0,119,12.13,60.76711961460833,0.7671196146083616,16,1
8,240.0,0.0533,-0.131,60.0,120,12.13,60.20716616397073,0.20716616397076137,16,1
8,240.0,0.0533,-0.131,60.0,121,12.13,60.46602992533013,0.46602992533016163,16,1
8,240.0,0.0533,-0.131,60.0,122,12.13,60.88177412816533,0.881774128165361,16,1
8,240.0,0.0533,-0.131,60.0,123,12.13,60.88886237224204,0.8888623722420661,16,1
8,240.0,0.0533,-0.131,60.0,124,12.13,61.527320675738906,1.5273206757389346,16,1
8,240.0,0.0533,-0.131,60.0,125,12.13,59.73453109187433,0.2654689081256265,16,1
8,240.0,0.0533,-0.131,60.0,126,12.13,60.77204606946092,0.7720460694609486,16,1
8,240.0,0.0533,-0.131,60.0,127,12.13,60.58595381755213,0.5859538175521593,16,1
8,240.0,0.0533,-0.131,60.0,128,12.13,61.1110880492316,1.1110880492316255,16,1
8,240.0,0.0533,-0.131,60.0,129,12.13,61.70160960250528,1.7016096025053074,16,1
8,240.0,0.0533,-0.131,60.0,130,12.13,61.64305493659702,1.6430549365970464,16,1
8,240.0,0.0533,-0.131,60.0,131,12.13,60.580718327691784,0.5807183276918124,16,1
8,240.0,0.0533,-0.131,60.0,132,12.13,61.47946513577981,1.47946513577984,16,1
8,240.0,0.0533,-0.131,60.0,133,12.13,59.843851232191525,0.1561487678084177,16,1
8,240.0,0.0533,-0.131,60.0,134,12.13,60.58355351818681,0.5835535181868394,16,1
8,240.0,0.0533,-0.131,60.0,135,12.13,60.71826370644278,0.718263706442805,16,1
8,240.0,0.0533,-0.131,60.0,136,12.13,59.94083107766046,0.05916892233949511,16,1
8,240.0,0.0533,-0.131,60.0,137,12.13,60.972327646536684,0.9723276465367121,16,1
8,240.0,0.0533,-0.131,60.0,138,12.13,59.650882749633894,0.34911725036607777,16,1
8,240.0,0.0533,-0.131,60.0,139,12.13,61.36772575975675,1.3677257597567802,16,1
8,240.0,0.0533,-0.131,60.0,140,12.13,59.925944589623434,0.07405541037655894,16,1
8,240.0,0.0533,-0.131,60.0,141,12.13,60.81223384715276,0.8122338471527897,16,1
8,240.0,0.0533,-0.131,60.0,142,12.13,61.21534213020288,1.215342130202906,16,1
8,240.0,0.0533,-0.131,60.0,143,12.13,61.057455173461555,1.0574551734615838,16,1
8,240.0,0.0533,-0.131,60.0,144,12.13,60.37405033833165,0.3740503383316778,16,1
8,240.0,0.0533,-0.131,60.0,145,12.13,60.16619553361905,0.16619553361908146,16,1
8,240.0,0.0533,-0.131,60.0,146,12.13,61.24105300309385,1.2410530030938816,16,1
8,240.0,0.0533,-0.131,60.0,147,12.13,59.93645337697406,0.06354662302589986,16,1
8,240.0,0.0533,-0.131,60.0,148,12.13,59.59994271504357,0.4000572849564037,16,1
8,240.0,0.0533,-0.131,60.0,149,12.13,60.426499014134464,0.4264990141344924,16,1
8,240.0,0.0533,-0.131,60.0,150,12.13,59.96623388558912,0.03376611441086652,16,1
8,240.0,0.0533,-0.131,60.0,151,12.13,61.145681962449466,1.145681962449494,16,1
8,240.0,0.0533,-0.131,60.0,152,12.13,61.27155905088577,1.2715590508857986,16,1
8,240.0,0.0533,-0.131,60.0,153,12.13,60.1212874672397,0.12128746723973194,16,1
8,240.0,0.0533,-0.131,60.0,154,12.13,60.0285362471602,0.028536247160225514,16,1
8,240.0,0.0533,-0.131,60.0,155,12.13,61.85442147193221,1.8544214719322412,16,1
8,240.0,0.0533,-0.131,60.0,156,12.13,60.34677570580453,0.34677570580456063,16,1
8,240.0,0.0533,-0.131,60.0,157,12.13,60.8561633795154,0.8561633795154293,16,1
8,240.0,0.0533,-0.131,60.0,158,12.13,60.31459021931292,0.3145902193129473,16,1
8,240.0,0.0533,-0.131,60.0,159,12.13,61.797112361653966,1.7971123616539941,16,1
8,240.0,0.0533,-0.131,60.0,160,12.13,59.18834508363049,0.8116549163694913,16,1
8,240.0,0.0533,-0.131,60.0,161,12.13,60.86542171736775,0.8654217173677807,16,1
8,240.0,0.0533,-0.131,60.0,162,12.13,60.78817436427143,0.7881743642714554,16,1
8,240.0,0.0533,-0.131,60.0,163,12.13,60.67323771966647,0.6732377196664956,16,1
8,240.0,0.0533,-0.131,60.0,164,12.13,61.8317468663246,1.8317468663246288,16,1
8,240.0,0.0533,-0.131,60.0,165,12.13,59.787475011812745,0.21252498818722643,16,1
8,240.0,0.0533,-0.131,60.0,166,12.13,60.2549899239878,0.2549899239878286,16,1
8,240.0,0.0533,-0.131,60.0,167,12.13,60.88045684311117,0.8804568431111974,16,1
8,240.0,0.0533,-0.131,60.0,168,12.13,59.29681610533069,0.7031838946692801,16,1
8,240.0,0.0533,-0.131,60.0,169,12.13,61.98395049072194,1.9839504907219663,16,1
8,240.0,0.0533,-0.131,60.0,170,12.13,61.318433468003384,1.3184334680034127,16,1
8,240.0,0.0533,-0.131,60.0,171,12.13,60.055764973124916,0.055764973124944106,16,1
8,240.0,0.0533,-0.131,60.0,172,12.13,60.458344167797904,0.4583441677979323,16,1
8,240.0,0.0533,-0.131,60.0,173,12.13,61.47275537740212,1.4727553774021516,16,1
8,240.0,0.0533,-0.131,60.0,174,12.13,61.19843046031427,1.1984304603142988,16,1
8,240.0,0.0533,-0.131,60.0,175,12.13,60.62439763307119,0.6243976330712186,16,1
8,240.0,0.0533,-0.131,60.0,176,12.13,59.95558397073489,0.04441602926510768,16,1
8,240.0,0.0533,-0.131,60.0,177,12.13,60.401021067247626,0.40102106724765463,16,1
8,240.0,0.0533,-0.131,60.0,178,12.13,59.33133767885522,0.6686623211447795,16,1
8,240.0,0.0533,-0.131,60.0,179,12.13,60.260796215082856,0.260796215082884,16,1
8,240.0,0.0533,-0.131,60.0,180,12.13,59.7787941257738,0.22120587422614335,16,1
8,240.0,0.0533,-0.131,60.0,181,12.13,60.75554230980875,0.7555423098087815,16,1
8,240.0,0.0533,-0.131,60.0,182,12.13,60.60624849341552,0.6062484934155492,16,1
8,240.0,0.0533,-0.131,60.0,183,12.13,60.7350788509337,0.7350788509337249,16,1
8,240.0,0.0533,-0.131,60.0,184,12.13,60.86899531242417,0.8689953124241967,16,1
8,240.0,0.0533,-0.131,60.0,185,12.13,59.67312552634731,0.32687447365265143,16,1
8,240.0,0.0533,-0.131,60.0,186,12.13,59.89607845492152,0.10392154507843543,16,1
8,240.0,0.0533,-0.131,60.0,187,12.13,62.1864292435373,2.186429243537326,16,1
8,240.0,0.0533,-0.131,60.0,188,12.13,59.02796249169075,0.9720375083091994,16,1
8,240.0,0.0533,-0.131,60.0,189,12.13,59.955854849314726,0.044145150685267254,16,1
8,240.0,0.0533,-0.131,60.0,190,12.13,60.138802360603194,0.13880236060322204,16,1
8,240.0,0.0533,-0.131,60.0,191,12.13,60.15981496730375,0.15981496730378097,16,1
8,240.0,0.0533,-0.131,60.0,192,12.13,60.052129824697566,0.05212982469759453,16,1
8,240.0,0.0533,-0.131,60.0,193,12.13,60.329776756987734,0.3297767569877621,16,1
8,240.0,0.0533,-0.131,60.0,194,12.13,60.739606427324105,0.7396064273241336,16,1
8,240.0,0.0533,-0.131,60.0,195,12.13,59.989457502045795,0.010542497954190821,16,1
8,240.0,0.0533,-0.131,60.0,196,12.13,60.79515876146061,0.795158761460641,16,1
8,240.0,0.0533,-0.131,60.0,197,12.13,62.03760626286443,2.0376062628644576,16,1
8,240.0,0.0533,-0.131,60.0,198,12.13,61.46811308635235,1.468113086352382,16,1
8,240.0,0.0533,-0.131,60.0,199,12.13,60.86854314097999,0.868543140980016,16,1
9,270.0,0.303,-0.1979,90.0,0,12.13,89.17541243009101,0.8245875699089993,16,1
9,270.0,0.303,-0.1979,90.0,1,12.13,90.69080220136615,0.6908022013661679,16,1
9,270.0,0.303,-0.1979,90.0,2,12.13,90.0172678136873,0.017267813687311673,16,1
9,270.0,0.303,-0.1979,90.0,3,12.13,90.23022266054433,0.23022266054434226,16,1
9,270.0,0.303,-0.1979,90.0,4,12.13,89.44251118799836,0.5574888120016226,16,1
9,270.0,0.303,-0.1979,90.0,5,12.13,89.98500350871824,0.014996491281749513,16,1
9,270.0,0.303,-0.1979,90.0,6,12.13,89.49080429615962,0.5091957038403621,16,1
9,270.0,0.303,-0.1979,90.0,7,12.13,90.00666177626006,0.006661776260074248,16,1
9,270.0,0.303,-0.1979,90.0,8,12.13,89.85591053843817,0.1440894615618049,16,1
9,270.0,0.303,-0.1979,90.0,9,12.13,89.96785326132432,0.03214673867569218,16,1
9,270.0,0.303,-0.1979,90.0,10,12.13,90.31308451025406,0.3130845102540718,16,1
9,270.0,0.303,-0.1979,90.0,11,12.13,90.60876412203515,0.6087641220351685,16,1
9,270.0,0.303,-0.1979,90.0,12,12.13,89.76756364636796,0.23243635363201065,16,1
9,270.0,0.303,-0.1979,90.0,13,12.13,89.71253899312993,0.2874610068700463,16,1
9,270.0,0.303,-0.1979,90.0,14,12.13,90.73169219690882,0.7316921969088384,16,1
9,270.0,0.303,-0.1979,90.0,15,12.13,89.07967880822154,0.9203211917784415,16,1
9,270.0,0.303,-0.1979,90.0,16,12.13,90.86323399799987,0.8632339979998847,16,1
9,270.0,0.303,-0.1979,90.0,17,12.13,90.22886754375241,0.22886754375242901,16,1
9,270.0,0.303,-0.1979,90.0,18,12.13,89.71165005863338,0.2883499413666186,16,1
9,270.0,0.303,-0.1979,90.0,19,12.13,89.5627366870409,0.4372633129590895,16,1
9,270.0,0.303,-0.1979,90.0,20,12.13,89.46052147210628,0.5394785278937206,16,1
9,270.0,0.303,-0.1979,90.0,21,12.13,90.13042748398537,0.13042748398538606,16,1
9,270.0,0.303,-0.1979,90.0,22,12.13,89.81540946182605,0.18459053817394988,16,1
9,270.0,0.303,-0.1979,90.0,23,12.13,89.79467070526397,0.2053292947360319,16,1
9,270.0,0.303,-0.1979,90.0,24,12.13,90.63675567678433,0.6367556767843467,16,1
9,270.0,0.303,-0.1979,90.0,25,12.13,90.19508952798228,0.19508952798229018,16,1
9,270.0,0.303,-0.1979,90.0,26,12.13,89.83378328423262,0.16621671576734798,16,1
9,270.0,0.303,-0.1979,90.0,27,12.13,90.82893585443165,0.8289358544316627,16,1
9,270.0,0.303,-0.1979,90.0,28,12.13,89.64619477885437,0.35380522114564883,16,1
9,270.0,0.303,-0.1979,90.0,29,12.13,90.00891972223859,0.008919722238601935,16,1
9,270.0,0.303,-0.1979,90.0,30,12.13,89.40146563623838,0.598534363761587,16,1
9,270.0,0.303,-0.1979,90.0,31,12.13,90.16235156383124,0.16235156383125116,16,1
9,270.0,0.303,-0.1979,90.0,32,12.13,89.94221807932479,0.05778192067521104,16,1
9,270.0,0.303,-0.1979,90.0,33,12.13,89.37021894151374,0.6297810584862304,16,1
9,270.0,0.303,-0.1979,90.0,34,12.13,89.56049143532563,0.4395085646743837,16,1
9,270.0,0.303,-0.1979,90.0,35,12.13,90.52482386795229,0.524823867952307,16,1
9,270.0,0.303,-0.1979,90.0,36,12.13,89.98760791724487,0.012392082755127376,16,1
9,270.0,0.303,-0.1979,90.0,37,12.13,90.17328010092976,0.17328010092977308,16,1
9,270.0,0.303,-0.1979,90.0,38,12.13,89.62569502718591,0.37430497281405906,16,1
9,270.0,0.303,-0.1979,90.0,39,12.13,89.53555122170634,0.46444877829367215,16,1
9,270.0,0.303,-0.1979,90.0,40,12.13,89.95231842146188,0.04768157853811772,16,1
9,270.0,0.303,-0.1979,90.0,41,12.13,89.54716527208707,0.4528347279128866,16,1
9,270.0,0.303,-0.1979,90.0,42,12.13,89.54217463125264,0.4578253687473648,16,1
9,270.0,0.303,-0.1979,90.0,43,12.13,89.80949247008594,0.19050752991404352,16,1
9,270.0,0.303,-0.1979,90.0,44,12.13,89.6064382176698,0.3935617823301527,16,1
9,270.0,0.303,-0.1979,90.0,45,12.13,90.03922862334493,0.039228623344939706,16,1
9,270.0,0.303,-0.1979,90.0,46,12.13,89.68736363683415,0.31263636316583643,16,1
9,270.0,0.303,-0.1979,90.0,47,12.13,89.4040436702639,0.5959563297360546,16,1
9,270.0,0.303,-0.1979,90.0,48,12.13,90.36565148223679,0.36565148223679955,16,1
9,270.0,0.303,-0.1979,90.0,49,12.13,90.10234051363544,0.10234051363545404,16,1
9,270.0,0.303,-0.1979,90.0,50,12.13,89.5925191331243,0.4074808668756873,16,1
9,270.0,0.303,-0.1979,90.0,51,12.13,90.13524835277887,0.1352483527788877,16,1
9,270.0,0.303,-0.1979,90.0,52,12.13,90.5834538668531,0.5834538668531195,16,1
9,270.0,0.303,-0.1979,90.0,53,12.13,90.1426936112993,0.14269361129930758,16,1
9,270.0,0.303,-0.1979,90.0,54,12.13,90.36593115555198,0.36593115555199063,16,1
9,270.0,0.303,-0.1979,90.0,55,12.13,90.58365396665823,0.5836539666582468,16,1
9,270.0,0.303,-0.1979,90.0,56,12.13,90.39071042603541,0.39071042603542594,16,1
9,270.0,0.303,-0.1979,90.0,57,12.13,89.21670378016991,0.7832962198300493,16,1
9,270.0,0.303,-0.1979,90.0,58,12.13,91.2560588335481,1.25605883354811,16,1
9,270.0,0.303,-0.1979,90.0,59,12.13,89.49006263512044,0.5099373648795336,16,1
9,270.0,0.303,-0.1979,90.0,60,12.13,88.88656381818438,1.1134361818155867,16,1
9,270.0,0.303,-0.1979,90.0,61,12.13,90.65909426633961,0.659094266339622,16,1
9,270.0,0.303,-0.1979,90.0,62,12.13,90.50198605589235,0.5019860558923597,16,1
9,270.0,0.303,-0.1979,90.0,63,12.13,89.90058105718704,0.09941894281291752,16,1
9,270.0,0.303,-0.1979,90.0,64,12.13,90.8833866565408,0.8833866565408073,16,1
9,270.0,0.303,-0.1979,90.0,65,12.13,89.91318139025442,0.08681860974559186,16,1
9,270.0,0.303,-0.1979,90.0,66,12.13,89.95821103642484,0.0417889635751294,16,1
9,270.0,0.303,-0.1979,90.0,67,12.13,89.79444507266687,0.20555492733308256,16,1
9,270.0,0.303,-0.1979,90.0,68,12.13,90.41429914893588,0.41429914893589626,16,1
9,270.0,0.303,-0.1979,90.0,69,12.13,90.02887222404212,0.02887222404213219,16,1
9,270.0,0.303,-0.1979,90.0,70,12.13,90.24170730079429,0.24170730079430314,16,1
9,270.0,0.303,-0.1979,90.0,71,12.13,89.94708629876146,0.05291370123853767,16,1
9,270.0,0.303,-0.1979,90.0,72,12.13,90.2438806523543,0.24388065235432066,16,1
9,270.0,0.303,-0.1979,90.0,73,12.13,90.70405264383804,0.7040526438380539,16,1
9,270.0,0.303,-0.1979,90.0,74,12.13,88.59950616525391,1.4004938347460438,16,1
9,270.0,0.303,-0.1979,90.0,75,12.13,90.22250143818069,0.2225014381807,16,1
9,270.0,0.303,-0.1979,90.0,76,12.13,89.45981191164347,0.5401880883565013,16,1
9,270.0,0.303,-0.1979,90.0,77,12.13,90.37346171772631,0.37346171772632886,16,1
9,270.0,0.303,-0.1979,90.0,78,12.13,91.02220525788465,1.0222052578846643,16,1
9,270.0,0.303,-0.1979,90.0,79,12.13,89.53326682874322,0.46673317125674885,16,1
9,270.0,0.303,-0.1979,90.0,80,12.13,90.69117714180406,0.6911771418040757,16,1
9,270.0,0.303,-0.1979,90.0,81,12.13,89.92140787932257,0.07859212067739918,16,1
9,270.0,0.303,-0.1979,90.0,82,12.13,90.62618953645593,0.6261895364559393,16,1
9,270.0,0.303,-0.1979,90.0,83,12.13,90.24376886104221,0.24376886104222706,16,1
9,270.0,0.303,-0.1979,90.0,84,12.13,90.53334261544207,0.5333426154420806,16,1
9,270.0,0.303,-0.1979,90.0,85,12.13,89.92376804766192,0.07623195233804836,16,1
9,270.0,0.303,-0.1979,90.0,86,12.13,90.3179996807194,0.3179996807194101,16,1
9,270.0,0.303,-0.1979,90.0,87,12.13,88.72638688670682,1.2736131132931519,16,1
9,270.0,0.303,-0.1979,90.0,88,12.13,90.0680339193289,0.06803391932891145,16,1
9,270.0,0.303,-0.1979,90.0,89,12.13,90.02820927798422,0.028209277984231562,16,1
9,270.0,0.303,-0.1979,90.0,90,12.13,89.06564758302628,0.9343524169736952,16,1
9,270.0,0.303,-0.1979,90.0,91,12.13,90.35393288145524,0.3539328814552505,16,1
9,270.0,0.303,-0.1979,90.0,92,12.13,89.16958324202035,0.8304167579796058,16,1
9,270.0,0.303,-0.1979,90.0,93,12.13,89.75269027154475,0.24730972845520682,16,1
9,270.0,0.303,-0.1979,90.0,94,12.13,89.70581491067087,0.2941850893291189,16,1
9,270.0,0.303,-0.1979,90.0,95,12.13,90.00386077219781,0.003860772197825213,16,1
9,270.0,0.303,-0.1979,90.0,96,12.13,90.60873509404749,0.6087350940475034,16,1
9,270.0,0.303,-0.1979,90.0,97,12.13,91.28465452121056,1.2846545212105696,16,1
9,270.0,0.303,-0.1979,90.0,98,12.13,91.14536174392705,1.1453617439270687,16,1
9,270.0,0.303,-0.1979,90.0,99,12.13,89.82112628868758,0.1788737113124057,16,1
9,270.0,0.303,-0.1979,90.0,100,12.13,89.11181956040754,0.8881804395924746,16,1
9,270.0,0.303,-0.1979,90.0,101,12.13,89.60104354034937,0.39895645965060567,16,1
9,270.0,0.303,-0.1979,90.0,102,12.13,89.42453097349474,0.5754690265052318,16,1
9,270.0,0.303,-0.1979,90.0,103,12.13,90.14697827589987,0.14697827589988322,16,1
9,270.0,0.303,-0.1979,90.0,104,12.13,89.59249023372143,0.40750976627856517,16,1
9,270.0,0.303,-0.1979,90.0,105,12.13,90.33522936553717,0.3352293655371881,16,1
9,270.0,0.303,-0.1979,90.0,106,12.13,89.28373523512052,0.7162647648794973,16,1
9,270.0,0.303,-0.1979,90.0,107,12.13,90.47304614275089,0.47304614275090273,16,1
9,270.0,0.303,-0.1979,90.0,108,12.13,89.90419166354587,0.09580833645412667,16,1
9,270.0,0.303,-0.1979,90.0,109,12.13,90.73977818042012,0.7397781804201315,16,1
9,270.0,0.303,-0.1979,90.0,110,12.13,89.76719706203956,0.2328029379604004,16,1
9,270.0,0.303,-0.1979,90.0,111,12.13,90.4718126006354,0.47181260063541686,16,1
9,270.0,0.303,-0.1979,90.0,112,12.13,89.97602334224977,0.02397665775021096,16,1
9,270.0,0.303,-0.1979,90.0,113,12.13,89.81943698162434,0.1805630183756648,16,1
9,270.0,0.303,-0.1979,90.0,114,12.13,89.54011231814921,0.45988768185077333,16,1
9,270.0,0.303,-0.1979,90.0,115,12.13,90.59393040533783,0.5939304053378436,16,1
9,270.0,0.303,-0.1979,90.0,116,12.13,89.39267738271792,0.6073226172820796,16,1
9,270.0,0.303,-0.1979,90.0,117,12.13,89.73234905569882,0.26765094430118097,16,1
9,270.0,0.303,-0.1979,90.0,118,12.13,90.02162301068728,0.021623010687292776,16,1
9,270.0,0.303,-0.1979,90.0,119,12.13,89.1867676706492,0.8132323293507966,16,1
9,270.0,0.303,-0.1979,90.0,120,12.13,90.1256368144498,0.12563681444981967,16,1
9,270.0,0.303,-0.1979,90.0,121,12.13,89.71239213758246,0.28760786241753067,16,1
9,270.0,0.303,-0.1979,90.0,122,12.13,89.62182918639111,0.3781708136089037,16,1
9,270.0,0.303,-0.1979,90.0,123,12.13,90.0843898669019,0.08438986690191541,16,1
9,270.0,0.303,-0.1979,90.0,124,12.13,89.90478541411295,0.09521458588704945,16,1
9,270.0,0.303,-0.1979,90.0,125,12.13,90.31928769449085,0.3192876944908676,16,1
9,270.0,0.303,-0.1979,90.0,126,12.13,89.68479229672177,0.3152077032782472,16,1
9,270.0,0.303,-0.1979,90.0,127,12.13,89.65669199535901,0.34330800464096,16,1
9,270.0,0.303,-0.1979,90.0,128,12.13,90.10977623004588,0.10977623004589532,16,1
9,270.0,0.303,-0.1979,90.0,129,12.13,89.81714565902152,0.18285434097845155,16,1
9,270.0,0.303,-0.1979,90.0,130,12.13,89.59696299809681,0.40303700190315794,16,1
9,270.0,0.303,-0.1979,90.0,131,12.13,89.64410080703536,0.35589919296461403,16,1
9,270.0,0.303,-0.1979,90.0,132,12.13,90.01013608074244,0.010136080742455533,16,1
9,270.0,0.303,-0.1979,90.0,133,12.13,89.43725380918492,0.5627461908150622,16,1
9,270.0,0.303,-0.1979,90.0,134,12.13,89.95514307017307,0.044856929826892156,16,1
9,270.0,0.303,-0.1979,90.0,135,12.13,89.38144893562382,0.6185510643761631,16,1
9,270.0,0.303,-0.1979,90.0,136,12.13,91.15503554600787,1.1550355460078805,16,1
9,270.0,0.303,-0.1979,90.0,137,12.13,90.09932253546472,0.09932253546473646,16,1
9,270.0,0.303,-0.1979,90.0,138,12.13,89.95928454070147,0.040715459298496626,16,1
9,270.0,0.303,-0.1979,90.0,139,12.13,89.43247412831929,0.5675258716806866,16,1
9,270.0,0.303,-0.1979,90.0,140,12.13,90.43337369003112,0.43337369003113224,16,1
9,270.0,0.303,-0.1979,90.0,141,12.13,89.5618833595582,0.4381166404417627,16,1
9,270.0,0.303,-0.1979,90.0,142,12.13,89.82705522080887,0.1729447791910843,16,1
9,270.0,0.303,-0.1979,90.0,143,12.13,90.19770813440218,0.19770813440219115,16,1
9,270.0,0.303,-0.1979,90.0,144,12.13,89.99459091938054,0.005409080619415363,16,1
9,270.0,0.303,-0.1979,90.0,145,12.13,90.88400902120758,0.8840090212075893,16,1
9,270.0,0.303,-0.1979,90.0,146,12.13,89.2710688951547,0.7289311048452873,16,1
9,270.0,0.303,-0.1979,90.0,147,12.13,90.18574891910536,0.18574891910537872,16,1
9,270.0,0.303,-0.1979,90.0,148,12.13,89.74087157312002,0.2591284268799541,16,1
9,270.0,0.303,-0.1979,90.0,149,12.13,90.14475598697771,0.14475598697772796,16,1
9,270.0,0.303,-0.1979,90.0,150,12.13,90.22263716986726,0.22263716986726934,16,1
9,270.0,0.303,-0.1979,90.0,151,12.13,90.155232103895,0.15523210389501685,16,1
9,270.0,0.303,-0.1979,90.0,152,12.13,89.37558878729789,0.624411212702114,16,1
9,270.0,0.303,-0.1979,90.0,153,12.13,90.52436473856609,0.5243647385661063,16,1
9,270.0,0.303,-0.1979,90.0,154,12.13,90.75658323570539,0.7565832357054063,16,1
9,270.0,0.303,-0.1979,90.0,155,12.13,88.96660423282444,1.0333957671755343,16,1
9,270.0,0.303,-0.1979,90.0,156,12.13,89.89538973294131,0.10461026705866061,16,1
9,270.0,0.303,-0.1979,90.0,157,12.13,88.96567214793102,1.034327852068941,16,1
9,270.0,0.303,-0.1979,90.0,158,12.13,90.85479526586509,0.854795265865107,16,1
9,270.0,0.303,-0.1979,90.0,159,12.13,89.61497519419851,0.3850248058014927,16,1
9,270.0,0.303,-0.1979,90.0,160,12.13,89.36745575349806,0.6325442465019364,16,1
9,270.0,0.303,-0.1979,90.0,161,12.13,89.91164572903236,0.0883542709676135,16,1
9,270.0,0.303,-0.1979,90.0,162,12.13,90.43348150110452,0.43348150110453787,16,1
9,270.0,0.303,-0.1979,90.0,163,12.13,88.98804378268359,1.011956217316424,16,1
9,270.0,0.303,-0.1979,90.0,164,12.13,89.73652738267853,0.26347261732144034,16,1
9,270.0,0.303,-0.1979,90.0,165,12.13,90.62491130807135,0.6249113080713613,16,1
9,270.0,0.303,-0.1979,90.0,166,12.13,90.64131058019389,0.6413105801939025,16,1
9,270.0,0.303,-0.1979,90.0,167,12.13,90.74222739024545,0.7422273902454606,16,1
9,270.0,0.303,-0.1979,90.0,168,12.13,90.50194626650368,0.501946266503694,16,1
9,270.0,0.303,-0.1979,90.0,169,12.13,89.81926208260465,0.18073791739533362,16,1
9,270.0,0.303,-0.1979,90.0,170,12.13,90.7695032822608,0.7695032822608141,16,1
9,270.0,0.303,-0.1979,90.0,171,12.13,90.34008532509672,0.3400853250967373,16,1
9,270.0,0.303,-0.1979,90.0,172,12.13,90.30537148422165,0.3053714842216664,16,1
9,270.0,0.303,-0.1979,90.0,173,12.13,90.53549601263315,0.5354960126331605,16,1
9,270.0,0.303,-0.1979,90.0,174,12.13,90.34292224141416,0.34292224141417194,16,1
9,270.0,0.303,-0.1979,90.0,175,12.13,89.77954568775361,0.22045431224637468,16,1
9,270.0,0.303,-0.1979,90.0,176,12.13,90.19846209258266,0.19846209258267322,16,1
9,270.0,0.303,-0.1979,90.0,177,12.13,90.64736851449088,0.6473685144908927,16,1
9,270.0,0.303,-0.1979,90.0,178,12.13,90.03564755864662,0.03564755864663027,16,1
9,270.0,0.303,-0.1979,90.0,179,12.13,90.27766184063775,0.2776618406377622,16,1
9,270.0,0.303,-0.1979,90.0,180,12.13,91.10260061405421,1.102600614054225,16,1
9,270.0,0.303,-0.1979,90.0,181,12.13,89.93518424544814,0.0648157545518302,16,1
9,270.0,0.303,-0.1979,90.0,182,12.13,89.88035311672611,0.11964688327384465,16,1
9,270.0,0.303,-0.1979,90.0,183,12.13,89.30094092992749,0.6990590700725079,16,1
9,270.0,0.303,-0.1979,90.0,184,12.13,90.27213588458923,0.27213588458924676,16,1
9,270.0,0.303,-0.1979,90.0,185,12.13,90.94605577539005,0.9460557753900645,16,1
9,270.0,0.303,-0.1979,90.0,186,12.13,90.7710834965943,0.771083496594315,16,1
9,270.0,0.303,-0.1979,90.0,187,12.13,90.47322358932394,0.4732235893239505,16,1
9,270.0,0.303,-0.1979,90.0,188,12.13,90.51523807454518,0.515238074545195,16,1
9,270.0,0.303,-0.1979,90.0,189,12.13,90.08092035946531,0.08092035946532405,16,1
9,270.0,0.303,-0.1979,90.0,190,12.13,89.83354144805246,0.16645855194752812,16,1
9,270.0,0.303,-0.1979,90.0,191,12.13,89.87192890022581,0.12807109977416076,16,1
9,270.0,0.303,-0.1979,90.0,192,12.13,90.20675723389742,0.2067572338974344,16,1
9,270.0,0.303,-0.1979,90.0,193,12.13,89.806652963051,0.19334703694897826,16,1
9,270.0,0.303,-0.1979,90.0,194,12.13,89.42314730937922,0.5768526906207398,16,1
9,270.0,0.303,-0.1979,90.0,195,12.13,90.06254501961315,0.06254501961316805,16,1
9,270.0,0.303,-0.1979,90.0,196,12.13,90.12038201202347,0.12038201202348375,16,1
9,270.0,0.303,-0.1979,90.0,197,12.13,90.34505380897066,0.3450538089706754,16,1
9,270.0,0.303,-0.1979,90.0,198,12.13,90.0921228766,0.0921228766000155,16,1
9,270.0,0.303,-0.1979,90.0,199,12.13,90.766989392931,0.7669893929310092,16,1
10,300.0,0.5527,-0.131,120.0,0,12.13,119.88246585740853,0.11753414259146666,16,1
10,300.0,0.5527,-0.131,120.0,1,12.13,119.28938477596584,0.7106152240341999,16,1
10,300.0,0.5527,-0.131,120.0,2,12.13,119.4213742664516,0.5786257335483924,16,1
10,300.0,0.5527,-0.131,120.0,3,12.13,118.12945361285603,1.8705463871439747,16,1
10,300.0,0.5527,-0.131,120.0,4,12.13,118.85254505016445,1.1474549498355486,16,1
10,300.0,0.5527,-0.131,120.0,5,12.13,119.42085254889297,0.5791474511070192,16,1
10,300.0,0.5527,-0.131,120.0,6,12.13,119.81755949143839,0.1824405085616263,16,1
10,300.0,0.5527,-0.131,120.0,7,12.13,120.03425669068524,0.03425669068522552,16,1
10,300.0,0.5527,-0.131,120.0,8,12.13,119.54271971351595,0.45728028648409236,16,1
10,300.0,0.5527,-0.131,120.0,9,12.13,119.32433999095367,0.6756600090463394,16,1
10,300.0,0.5527,-0.131,120.0,10,12.13,120.39398925849342,0.3939892584934057,16,1
10,300.0,0.5527,-0.131,120.0,11,12.13,119.5539257879802,0.44607421201982334,16,1
10,300.0,0.5527,-0.131,120.0,12,12.13,119.67969046436012,0.3203095356399217,16,1
10,300.0,0.5527,-0.131,120.0,13,12.13,119.22339556435035,0.7766044356496877,16,1
10,300.0,0.5527,-0.131,120.0,14,12.13,119.79520370793024,0.2047962920697728,16,1
10,300.0,0.5527,-0.131,120.0,15,12.13,119.6264159710347,0.37358402896529697,16,1
10,300.0,0.5527,-0.131,120.0,16,12.13,119.25649237145971,0.7435076285403284,16,1
10,300.0,0.5527,-0.131,120.0,17,12.13,120.04650406405024,0.046504064050225224,16,1
10,300.0,0.5527,-0.131,120.0,18,12.13,119.63040247446256,0.36959752553747194,16,1
10,300.0,0.5527,-0.131,120.0,19,12.13,118.83549063062613,1.1645093693738886,16,1
10,300.0,0.5527,-0.131,120.0,20,12.13,120.0707567056998,0.07075670569977888,16,1
10,300.0,0.5527,-0.131,120.0,21,12.13,118.75128997477584,1.2487100252241703,16,1
10,300.0,0.5527,-0.131,120.0,22,12.13,119.67884747778062,0.3211525222193927,16,1
10,300.0,0.5527,-0.131,120.0,23,12.13,118.93140299189552,1.0685970081044616,16,1
10,300.0,0.5527,-0.131,120.0,24,12.13,120.32444369011668,0.3244436901166665,16,1
10,300.0,0.5527,-0.131,120.0,25,12.13,119.98215617659763,0.017843823402358794,16,1
10,300.0,0.5527,-0.131,120.0,26,12.13,119.1163759332518,0.8836240667482116,16,1
10,300.0,0.5527,-0.131,120.0,27,12.13,119.46470271807463,0.5352972819254092,16,1
10,300.0,0.5527,-0.131,120.0,28,12.13,119.13883183118169,0.8611681688183239,16,1
10,300.0,0.5527,-0.131,120.0,29,12.13,119.77511930977704,0.2248806902229603,16,1
10,300.0,0.5527,-0.131,120.0,30,12.13,120.46470590529104,0.4647059052910265,16,1
10,300.0,0.5527,-0.131,120.0,31,12.13,119.2048022744143,0.7951977255856946,16,1
10,300.0,0.5527,-0.131,120.0,32,12.13,118.79151474949954,1.2084852505004733,16,1
10,300.0,0.5527,-0.131,120.0,33,12.13,119.98822951310284,0.011770486897148658,16,1
10,300.0,0.5527,-0.131,120.0,34,12.13,119.55193327028718,0.4480667297128207,16,1
10,300.0,0.5527,-0.131,120.0,35,12.13,119.50116776545674,0.4988322345432721,16,1
10,300.0,0.5527,-0.131,120.0,36,12.13,119.35346076909465,0.6465392309053755,16,1
10,300.0,0.5527,-0.131,120.0,37,12.13,120.98407763071529,0.9840776307152765,16,1
10,300.0,0.5527,-0.131,120.0,38,12.13,118.80351463141889,1.1964853685811363,16,1
10,300.0,0.5527,-0.131,120.0,39,12.13,118.37011894206128,1.6298810579387464,16,1
10,300.0,0.5527,-0.131,120.0,40,12.13,119.37435713261502,0.625642867385011,16,1
10,300.0,0.5527,-0.131,120.0,41,12.13,118.73833517547006,1.2616648245299302,16,1
10,300.0,0.5527,-0.131,120.0,42,12.13,120.31511651752825,0.31511651752823866,16,1
10,300.0,0.5527,-0.131,120.0,43,12.13,118.6241729808513,1.3758270191486872,16,1
10,300.0,0.5527,-0.131,120.0,44,12.13,119.5914407409881,0.40855925901189494,16,1
10,300.0,0.5527,-0.131,120.0,45,12.13,118.71327982805187,1.2867201719481614,16,1
10,300.0,0.5527,-0.131,120.0,46,12.13,119.71288232876596,0.28711767123405707,16,1
10,300.0,0.5527,-0.131,120.0,47,12.13,120.13525688371743,0.1352568837174175,16,1
10,300.0,0.5527,-0.131,120.0,48,12.13,118.86851192710355,1.1314880728964454,16,1
10,300.0,0.5527,-0.131,120.0,49,12.13,118.76653158978719,1.2334684102128222,16,1
10,300.0,0.5527,-0.131,120.0,50,12.13,119.96360418223591,0.0363958177641166,16,1
10,300.0,0.5527,-0.131,120.0,51,12.13,120.10751952976726,0.1075195297672451,16,1
10,300.0,0.5527,-0.131,120.0,52,12.13,119.70605669360727,0.2939433063927481,16,1
10,300.0,0.5527,-0.131,120.0,53,12.13,119.5645460204495,0.4354539795505161,16,1
10,300.0,0.5527,-0.131,120.0,54,12.13,120.22084256413257,0.22084256413255332,16,1
10,300.0,0.5527,-0.131,120.0,55,12.13,119.36901564286195,0.6309843571380611,16,1
10,300.0,0.5527,-0.131,120.0,56,12.13,120.46679280589615,0.4667928058961337,16,1
10,300.0,0.5527,-0.131,120.0,57,12.13,119.60534841761056,0.39465158238942877,16,1
10,300.0,0.5527,-0.131,120.0,58,12.13,120.22162859371379,0.22162859371377408,16,1
10,300.0,0.5527,-0.131,120.0,59,12.13,119.51966593486641,0.4803340651336043,16,1
10,300.0,0.5527,-0.131,120.0,60,12.13,119.51778896178658,0.4822110382134497,16,1
10,300.0,0.5527,-0.131,120.0,61,12.13,119.72396270105759,0.2760372989424127,16,1
10,300.0,0.5527,-0.131,120.0,62,12.13,118.77273560457262,1.227264395427369,16,1
10,300.0,0.5527,-0.131,120.0,63,12.13,118.60300487724426,1.3969951227557544,16,1
10,300.0,0.5527,-0.131,120.0,64,12.13,119.15864460854667,0.8413553914533622,16,1
10,300.0,0.5527,-0.131,120.0,65,12.13,120.02972844317827,0.02972844317825718,16,1
10,300.0,0.5527,-0.131,120.0,66,12.13,119.1587527339652,0.8412472660348271,16,1
10,300.0,0.5527,-0.131,120.0,67,12.13,119.21172351400187,0.7882764859981535,16,1
10,300.0,0.5527,-0.131,120.0,68,12.13,119.07134085443704,0.9286591455629605,16,1
10,300.0,0.5527,-0.131,120.0,69,12.13,120.1366685939176,0.1366685939175909,16,1
10,300.0,0.5527,-0.131,120.0,70,12.13,120.15643772275209,0.15643772275207368,16,1
10,300.0,0.5527,-0.131,120.0,71,12.13,119.09088560644494,0.9091143935550576,16,1
10,300.0,0.5527,-0.131,120.0,72,12.13,120.15751526113446,0.15751526113444925,16,1
10,300.0,0.5527,-0.131,120.0,73,12.13,117.9388727787547,2.0611272212453287,16,1
10,300.0,0.5527,-0.131,120.0,74,12.13,120.22224704719656,0.22224704719654653,16,1
10,300.0,0.5527,-0.131,120.0,75,12.13,119.60592417975765,0.3940758202423922,16,1
10,300.0,0.5527,-0.131,120.0,76,12.13,119.62153404737425,0.3784659526257883,16,1
10,300.0,0.5527,-0.131,120.0,77,12.13,119.53215435977131,0.46784564022868835,16,1
10,300.0,0.5527,-0.131,120.0,78,12.13,120.75445744972866,0.7544574497286476,16,1
10,300.0,0.5527,-0.131,120.0,79,12.13,119.495969088514,0.5040309114859838,16,1
10,300.0,0.5527,-0.131,120.0,80,12.13,119.7034878923378,0.2965121076622381,16,1
10,300.0,0.5527,-0.131,120.0,81,12.13,120.08221971027186,0.08221971027184338,16,1
10,300.0,0.5527,-0.131,120.0,82,12.13,120.29567378759943,0.2956737875994122,16,1
10,300.0,0.5527,-0.131,120.0,83,12.13,119.71311076248404,0.28688923751599305,16,1
10,300.0,0.5527,-0.131,120.0,84,12.13,118.99324201950189,1.0067579804981506,16,1
10,300.0,0.5527,-0.131,120.0,85,12.13,120.1988282694883,0.19882826948828836,16,1
10,300.0,0.5527,-0.131,120.0,86,12.13,118.89950040865791,1.1004995913420998,16,1
10,300.0,0.5527,-0.131,120.0,87,12.13,119.66120316355456,0.33879683644545366,16,1
10,300.0,0.5527,-0.131,120.0,88,12.13,120.12324983525669,0.12324983525667221,16,1
10,300.0,0.5527,-0.131,120.0,89,12.13,118.57054651350585,1.4294534864941397,16,1
10,300.0,0.5527,-0.131,120.0,90,12.13,119.46179494125411,0.5382050587459162,16,1
10,300.0,0.5527,-0.131,120.0,91,12.13,119.7310787655508,0.2689212344491807,16,1
10,300.0,0.5527,-0.131,120.0,92,12.13,119.13613896403868,0.8638610359613494,16,1
10,300.0,0.5527,-0.131,120.0,93,12.13,119.8993305899363,0.10066941006368779,16,1
10,300.0,0.5527,-0.131,120.0,94,12.13,119.35487838292876,0.6451216170712541,16,1
10,300.0,0.5527,-0.131,120.0,95,12.13,118.89219342504379,1.1078065749562143,16,1
10,300.0,0.5527,-0.131,120.0,96,12.13,118.99026429332731,1.0097357066727,16,1
10,300.0,0.5527,-0.131,120.0,97,12.13,117.53113997885492,2.468860021145076,16,1
10,300.0,0.5527,-0.131,120.0,98,12.13,119.55453006503022,0.44546993496976484,16,1
10,300.0,0.5527,-0.131,120.0,99,12.13,119.66127963857964,0.3387203614203713,16,1
10,300.0,0.5527,-0.131,120.0,100,12.13,119.78634064424439,0.2136593557556239,16,1
10,300.0,0.5527,-0.131,120.0,101,12.13,119.19987486949054,0.800125130509457,16,1
10,300.0,0.5527,-0.131,120.0,102,12.13,119.2485267273782,0.7514732726218085,16,1
10,300.0,0.5527,-0.131,120.0,103,12.13,120.43463910733618,0.4346391073361673,16,1
10,300.0,0.5527,-0.131,120.0,104,12.13,119.43731867911245,0.5626813208875774,16,1
10,300.0,0.5527,-0.131,120.0,105,12.13,119.25469370350937,0.7453062964906394,16,1
10,300.0,0.5527,-0.131,120.0,106,12.13,118.70601212753165,1.2939878724683922,16,1
10,300.0,0.5527,-0.131,120.0,107,12.13,120.1151363296445,0.11513632964448561,16,1
10,300.0,0.5527,-0.131,120.0,108,12.13,119.74617934774214,0.2538206522579003,16,1
10,300.0,0.5527,-0.131,120.0,109,12.13,119.36275757259327,0.6372424274067612,16,1
10,300.0,0.5527,-0.131,120.0,110,12.13,118.990536264363,1.0094637356370413,16,1
10,300.0,0.5527,-0.131,120.0,111,12.13,119.23091084086344,0.7690891591365698,16,1
10,300.0,0.5527,-0.131,120.0,112,12.13,119.57035377250125,0.4296462274987789,16,1
10,300.0,0.5527,-0.131,120.0,113,12.13,119.23711509033491,0.7628849096651038,16,1
10,300.0,0.5527,-0.131,120.0,114,12.13,119.03684051021843,0.9631594897815603,16,1
10,300.0,0.5527,-0.131,120.0,115,12.13,119.15172501937103,0.8482749806289576,16,1
10,300.0,0.5527,-0.131,120.0,116,12.13,119.34787340367174,0.6521265963282872,16,1
10,300.0,0.5527,-0.131,120.0,117,12.13,119.00647897419265,0.9935210258073539,16,1
10,300.0,0.5527,-0.131,120.0,118,12.13,120.20396130563071,0.20396130563069903,16,1
10,300.0,0.5527,-0.131,120.0,119,12.13,120.19686486564859,0.1968648656485783,16,1
10,300.0,0.5527,-0.131,120.0,120,12.13,119.59325962351421,0.40674037648579997,16,1
10,300.0,0.5527,-0.131,120.0,121,12.13,119.63515832654411,0.36484167345588503,16,1
10,300.0,0.5527,-0.131,120.0,122,12.13,119.3060651987896,0.6939348012103892,16,1
10,300.0,0.5527,-0.131,120.0,123,12.13,120.12761652924567,0.1276165292456568,16,1
10,300.0,0.5527,-0.131,120.0,124,12.13,119.03021399176455,0.9697860082354737,16,1
10,300.0,0.5527,-0.131,120.0,125,12.13,118.2383463144681,1.7616536855318827,16,1
10,300.0,0.5527,-0.131,120.0,126,12.13,119.84888140467788,0.15111859532214567,16,1
10,300.0,0.5527,-0.131,120.0,127,12.13,120.23411543011812,0.2341154301181092,16,1
10,300.0,0.5527,-0.131,120.0,128,12.13,119.11100412726819,0.8889958727318117,16,1
10,300.0,0.5527,-0.131,120.0,129,12.13,118.83063664544292,1.169363354557106,16,1
10,300.0,0.5527,-0.131,120.0,130,12.13,120.48938343568581,0.4893834356857951,16,1
10,300.0,0.5527,-0.131,120.0,131,12.13,120.31604131468112,0.31604131468110097,16,1
10,300.0,0.5527,-0.131,120.0,132,12.13,120.04686351974681,0.04686351974679326,16,1
10,300.0,0.5527,-0.131,120.0,133,12.13,118.77778536016686,1.2222146398331688,16,1
10,300.0,0.5527,-0.131,120.0,134,12.13,120.37205184019025,0.3720518401902382,16,1
10,300.0,0.5527,-0.131,120.0,135,12.13,118.97998409968216,1.0200159003178442,16,1
10,300.0,0.5527,-0.131,120.0,136,12.13,120.74088459317058,0.7408845931705628,16,1
10,300.0,0.5527,-0.131,120.0,137,12.13,119.3169076429197,0.6830923570803407,16,1
10,300.0,0.5527,-0.131,120.0,138,12.13,118.96610067696415,1.0338993230358824,16,1
10,300.0,0.5527,-0.131,120.0,139,12.13,120.99683670233293,0.9968367023329137,16,1
10,300.0,0.5527,-0.131,120.0,140,12.13,118.63510760794964,1.3648923920503648,16,1
10,300.0,0.5527,-0.131,120.0,141,12.13,119.21424842971295,0.7857515702870614,16,1
10,300.0,0.5527,-0.131,120.0,142,12.13,119.43673768940856,0.5632623105914263,16,1
10,300.0,0.5527,-0.131,120.0,143,12.13,119.4962340448048,0.5037659551952061,16,1
10,300.0,0.5527,-0.131,120.0,144,12.13,120.16553010834448,0.1655301083444698,16,1
10,300.0,0.5527,-0.131,120.0,145,12.13,119.50164039295844,0.498359607041607,16,1
10,300.0,0.5527,-0.131,120.0,146,12.13,121.11349172772734,1.1134917277273217,16,1
10,300.0,0.5527,-0.131,120.0,147,12.13,118.84803812930369,1.1519618706963115,16,1
10,300.0,0.5527,-0.131,120.0,148,12.13,120.43641882464024,0.43641882464022785,16,1
10,300.0,0.5527,-0.131,120.0,149,12.13,119.54919644733195,0.4508035526680487,16,1
10,300.0,0.5527,-0.131,120.0,150,12.13,119.79714444208037,0.2028555579196336,16,1
10,300.0,0.5527,-0.131,120.0,151,12.13,118.92528662876065,1.0747133712393406,16,1
10,300.0,0.5527,-0.131,120.0,152,12.13,118.91239315904387,1.0876068409561412,16,1
10,300.0,0.5527,-0.131,120.0,153,12.13,119.46615785314368,0.5338421468563297,16,1
10,300.0,0.5527,-0.131,120.0,154,12.13,119.12743706911286,0.8725629308871703,16,1
10,300.0,0.5527,-0.131,120.0,155,12.13,120.88119741732088,0.8811974173208625,16,1
10,300.0,0.5527,-0.131,120.0,156,12.13,120.36293153913232,0.3629315391323047,16,1
10,300.0,0.5527,-0.131,120.0,157,12.13,121.08187317836597,1.081873178365953,16,1
10,300.0,0.5527,-0.131,120.0,158,12.13,119.2878603817538,0.7121396182462263,16,1
10,300.0,0.5527,-0.131,120.0,159,12.13,119.33640131079493,0.6635986892050596,16,1
10,300.0,0.5527,-0.131,120.0,160,12.13,119.04969001839027,0.9503099816097347,16,1
10,300.0,0.5527,-0.131,120.0,161,12.13,120.61683630388487,0.6168363038848526,16,1
10,300.0,0.5527,-0.131,120.0,162,12.13,119.32101805200841,0.6789819479915877,16,1
10,300.0,0.5527,-0.131,120.0,163,12.13,118.59227070416757,1.4077292958324392,16,1
10,300.0,0.5527,-0.131,120.0,164,12.13,120.08052973305276,0.08052973305274236,16,1
10,300.0,0.5527,-0.131,120.0,165,12.13,119.34809955913268,0.6519004408673368,16,1
10,300.0,0.5527,-0.131,120.0,166,12.13,119.49162404223874,0.5083759577612454,16,1
10,300.0,0.5527,-0.131,120.0,167,12.13,120.69246684811445,0.6924668481144352,16,1
10,300.0,0.5527,-0.131,120.0,168,12.13,119.04880453630383,0.9511954636961946,16,1
10,300.0,0.5527,-0.131,120.0,169,12.13,120.25626322772607,0.2562632277260519,16,1
10,300.0,0.5527,-0.131,120.0,170,12.13,119.13436270743034,0.8656372925696587,16,1
10,300.0,0.5527,-0.131,120.0,171,12.13,118.57145718532439,1.428542814675609,16,1
10,300.0,0.5527,-0.131,120.0,172,12.13,119.21668747871757,0.7833125212824257,16,1
10,300.0,0.5527,-0.131,120.0,173,12.13,119.8291472786908,0.17085272130918838,16,1
10,300.0,0.5527,-0.131,120.0,174,12.13,120.98391093672743,0.9839109367274119,16,1
10,300.0,0.5527,-0.131,120.0,175,12.13,118.67404421563032,1.3259557843696825,16,1
10,300.0,0.5527,-0.131,120.0,176,12.13,119.12257254077089,0.8774274592291249,16,1
10,300.0,0.5527,-0.131,120.0,177,12.13,120.54278312098998,0.5427831209899665,16,1
10,300.0,0.5527,-0.131,120.0,178,12.13,119.62269099745652,0.377309002543484,16,1
10,300.0,0.5527,-0.131,120.0,179,12.13,119.65783325262288,0.34216674737712083,16,1
10,300.0,0.5527,-0.131,120.0,180,12.13,120.79159462872462,0.7915946287246101,16,1
10,300.0,0.5527,-0.131,120.0,181,12.13,121.18797317769119,1.1879731776911768,16,1
10,300.0,0.5527,-0.131,120.0,182,12.13,119.29218294838928,0.707817051610732,16,1
10,300.0,0.5527,-0.131,120.0,183,12.13,118.37053814658945,1.6294618534105894,16,1
10,300.0,0.5527,-0.131,120.0,184,12.13,119.37962823199756,0.6203717680024283,16,1
10,300.0,0.5527,-0.131,120.0,185,12.13,119.86646608602598,0.13353391397401992,16,1
10,300.0,0.5527,-0.131,120.0,186,12.13,120.10611154427033,0.10611154427031977,16,1
10,300.0,0.5527,-0.131,120.0,187,12.13,119.73216047128729,0.2678395287127273,16,1
10,300.0,0.5527,-0.131,120.0,188,12.13,119.98960756807682,0.010392431923207823,16,1
10,300.0,0.5527,-0.131,120.0,189,12.13,119.8477345456154,0.1522654543846329,16,1
10,300.0,0.5527,-0.131,120.0,190,12.13,119.7626146240388,0.23738537596119613,16,1
10,300.0,0.5527,-0.131,120.0,191,12.13,119.01580480665741,0.9841951933426003,16,1
10,300.0,0.5527,-0.131,120.0,192,12.13,118.8039125864519,1.1960874135481276,16,1
10,300.0,0.5527,-0.131,120.0,193,12.13,120.6827103579927,0.6827103579926899,16,1
10,300.0,0.5527,-0.131,120.0,194,12.13,118.95409459405836,1.045905405941653,16,1
10,300.0,0.5527,-0.131,120.0,195,12.13,120.5593219817859,0.5593219817858852,16,1
10,300.0,0.5527,-0.131,120.0,196,12.13,118.47800932798485,1.5219906720151357,16,1
10,300.0,0.5527,-0.131,120.0,197,12.13,118.86267781022899,1.1373221897709982,16,1
10,300.0,0.5527,-0.131,120.0,198,12.13,119.10468849936694,0.8953115006330563,16,1
10,300.0,0.5527,-0.131,120.0,199,12.13,119.69230417480482,0.30769582519519645,16,1
11,330.0,0.7355,0.0518,150.0,0,12.13,150.38859016049554,0.3885901604955677,16,1
11,330.0,0.7355,0.0518,150.0,1,12.13,151.2670200396567,1.2670200396567282,16,1
11,330.0,0.7355,0.0518,150.0,2,12.13,151.52916095648172,1.5291609564817463,16,1
11,330.0,0.7355,0.0518,150.0,3,12.13,150.1393450282645,0.139345028264529,16,1
11,330.0,0.7355,0.0518,150.0,4,12.13,150.03046534477053,0.030465344770561842,16,1
11,330.0,0.7355,0.0518,150.0,5,12.13,149.87389095301538,0.12610904698459535,16,1
11,330.0,0.7355,0.0518,150.0,6,12.13,150.52913500135134,0.5291350013513636,16,1
11,330.0,0.7355,0.0518,150.0,7,12.13,150.97501546134808,0.9750154613481072,16,1
11,330.0,0.7355,0.0518,150.0,8,12.13,150.4416604277672,0.441660427767232,16,1
11,330.0,0.7355,0.0518,150.0,9,12.13,150.41594691898092,0.41594691898094993,16,1
11,330.0,0.7355,0.0518,150.0,10,12.13,151.20534467271355,1.2053446727135793,16,1
11,330.0,0.7355,0.0518,150.0,11,12.13,150.13910171831816,0.1391017183181873,16,1
11,330.0,0.7355,0.0518,150.0,12,12.13,150.40488406969834,0.4048840696983689,16,1
11,330.0,0.7355,0.0518,150.0,13,12.13,150.8419939487746,0.8419939487746149,16,1
11,330.0,0.7355,0.0518,150.0,14,12.13,150.78796292352212,0.7879629235221444,16,1
11,330.0,0.7355,0.0518,150.0,15,12.13,151.23115648589837,1.2311564858983957,16,1
11,330.0,0.7355,0.0518,150.0,16,12.13,150.5833381342579,0.5833381342579287,16,1
11,330.0,0.7355,0.0518,150.0,17,12.13,149.773612746507,0.22638725349293054,16,1
11,330.0,0.7355,0.0518,150.0,18,12.13,150.6369383670432,0.6369383670432285,16,1
11,330.0,0.7355,0.0518,150.0,19,12.13,150.3912245820904,0.3912245820904161,16,1
11,330.0,0.7355,0.0518,150.0,20,12.13,150.21598579500267,0.21598579500269466,16,1
11,330.0,0.7355,0.0518,150.0,21,12.13,151.10673642669695,1.1067364266969832,16,1
11,330.0,0.7355,0.0518,150.0,22,12.13,151.12809651782086,1.128096517820893,16,1
11,330.0,0.7355,0.0518,150.0,23,12.13,150.76438120597547,0.7643812059754964,16,1
11,330.0,0.7355,0.0518,150.0,24,12.13,149.84933093875378,0.15066906124616253,16,1
11,330.0,0.7355,0.0518,150.0,25,12.13,150.66509638349527,0.6650963834952961,16,1
11,330.0,0.7355,0.0518,150.0,26,12.13,149.46908218804037,0.5309178119596254,16,1
11,330.0,0.7355,0.0518,150.0,27,12.13,151.1911386985181,1.191138698518131,16,1
11,330.0,0.7355,0.0518,150.0,28,12.13,150.7987798378593,0.7987798378593425,16,1
11,330.0,0.7355,0.0518,150.0,29,12.13,150.94439059575384,0.9443905957538732,16,1
11,330.0,0.7355,0.0518,150.0,30,12.13,149.52701558738582,0.4729844126141529,16,1
11,330.0,0.7355,0.0518,150.0,31,12.13,150.31173464515706,0.31173464515708815,16,1
11,330.0,0.7355,0.0518,150.0,32,12.13,149.7891166554565,0.21088334454350388,16,1
11,330.0,0.7355,0.0518,150.0,33,12.13,150.3065596030876,0.30655960308763497,16,1
11,330.0,0.7355,0.0518,150.0,34,12.13,149.78836361867428,0.2116363813256612,16,1
11,330.0,0.7355,0.0518,150.0,35,12.13,151.24783880250286,1.2478388025028835,16,1
11,330.0,0.7355,0.0518,150.0,36,12.13,150.258158633236,0.25815863323603594,16,1
11,330.0,0.7355,0.0518,150.0,37,12.13,150.68407778844488,0.6840777884449096,16,1
11,330.0,0.7355,0.0518,150.0,38,12.13,150.12773278223412,0.12773278223414763,16,1
11,330.0,0.7355,0.0518,150.0,39,12.13,149.39750839137346,0.602491608626508,16,1
11,330.0,0.7355,0.0518,150.0,40,12.13,151.0680107178101,1.0680107178101252,16,1
11,330.0,0.7355,0.0518,150.0,41,12.13,150.51756854544942,0.5175685454494499,16,1
11,330.0,0.7355,0.0518,150.0,42,12.13,151.58545714548268,1.5854571454827067,16,1
11,330.0,0.7355,0.0518,150.0,43,12.13,150.0738128902736,0.07381289027361504,16,1
11,330.0,0.7355,0.0518,150.0,44,12.13,150.63129616412536,0.6312961641253878,16,1
11,330.0,0.7355,0.0518,150.0,45,12.13,149.340418444441,0.6595815555589297,16,1
11,330.0,0.7355,0.0518,150.0,46,12.13,150.81396051495153,0.8139605149515603,16,1
11,330.0,0.7355,0.0518,150.0,47,12.13,150.67782027700764,0.6778202770076689,16,1
11,330.0,0.7355,0.0518,150.0,48,12.13,150.25603081980577,0.256030819805801,16,1
11,330.0,0.7355,0.0518,150.0,49,12.13,151.4722451259015,1.4722451259015372,16,1
11,330.0,0.7355,0.0518,150.0,50,12.13,150.019972812527,0.01997281252701555,16,1
11,330.0,0.7355,0.0518,150.0,51,12.13,151.05170774601208,1.051707746012113,16,1
11,330.0,0.7355,0.0518,150.0,52,12.13,149.423515354825,0.5764846451749577,16,1
11,330.0,0.7355,0.0518,150.0,53,12.13,150.28778035132433,0.28778035132435775,16,1
11,330.0,0.7355,0.0518,150.0,54,12.13,150.9251917291932,0.9251917291932159,16,1
11,330.0,0.7355,0.0518,150.0,55,12.13,149.90299523527815,0.09700476472181663,16,1
11,330.0,0.7355,0.0518,150.0,56,12.13,150.28770098672274,0.28770098672276845,16,1
11,330.0,0.7355,0.0518,150.0,57,12.13,150.81921807106042,0.8192180710604475,16,1
11,330.0,0.7355,0.0518,150.0,58,12.13,150.15443767076496,0.1544376707649917,16,1
11,330.0,0.7355,0.0518,150.0,59,12.13,151.0085662028493,1.0085662028493232,16,1
11,330.0,0.7355,0.0518,150.0,60,12.13,151.1725820370058,1.1725820370058386,16,1
11,330.0,0.7355,0.0518,150.0,61,12.13,149.46109611110333,0.5389038888966411,16,1
11,330.0,0.7355,0.0518,150.0,62,12.13,151.72927679004474,1.7292767900447643,16,1
11,330.0,0.7355,0.0518,150.0,63,12.13,150.15674287383843,0.15674287383845353,16,1
11,330.0,0.7355,0.0518,150.0,64,12.13,150.15488244673236,0.15488244673238682,16,1
11,330.0,0.7355,0.0518,150.0,65,12.13,150.28740884490404,0.28740884490406415,16,1
11,330.0,0.7355,0.0518,150.0,66,12.13,150.4606318409689,0.4606318409689152,16,1
11,330.0,0.7355,0.0518,150.0,67,12.13,149.56934430800302,0.43065569199694664,16,1
11,330.0,0.7355,0.0518,150.0,68,12.13,150.30913831087352,0.3091383108735499,16,1
11,330.0,0.7355,0.0518,150.0,69,12.13,150.08034157672574,0.0803415767257718,16,1
11,330.0,0.7355,0.0518,150.0,70,12.13,149.988097245354,0.011902754645973346,16,1
11,330.0,0.7355,0.0518,150.0,71,12.13,149.70694293444018,0.29305706555976485,16,1
11,330.0,0.7355,0.0518,150.0,72,12.13,151.14232511939505,1.1423251193950819,16,1
11,330.0,0.7355,0.0518,150.0,73,12.13,150.2943634036815,0.2943634036815297,16,1
11,330.0,0.7355,0.0518,150.0,74,12.13,149.5425673392802,0.4574326607197463,16,1
11,330.0,0.7355,0.0518,150.0,75,12.13,150.17730413992533,0.17730413992535432,16,1
11,330.0,0.7355,0.0518,150.0,76,12.13,149.49539207594168,0.5046079240582912,16,1
11,330.0,0.7355,0.0518,150.0,77,12.13,151.60647407727674,1.606474077276772,16,1
11,330.0,0.7355,0.0518,150.0,78,12.13,150.84692302066125,0.8469230206612792,16,1
11,330.0,0.7355,0.0518,150.0,79,12.13,149.88737157753567,0.11262842246429727,16,1
11,330.0,0.7355,0.0518,150.0,80,12.13,150.8492300617676,0.8492300617676278,16,1
11,330.0,0.7355,0.0518,150.0,81,12.13,150.4030488811385,0.4030488811385169,16,1
11,330.0,0.7355,0.0518,150.0,82,12.13,150.1370551530748,0.13705515307484006,16,1
11,330.0,0.7355,0.0518,150.0,83,12.13,150.29986601658214,0.2998660165821718,16,1
11,330.0,0.7355,0.0518,150.0,84,12.13,150.80631413092547,0.8063141309255002,16,1
11,330.0,0.7355,0.0518,150.0,85,12.13,150.06405359851996,0.06405359851999037,16,1
11,330.0,0.7355,0.0518,150.0,86,12.13,149.8981946743301,0.10180532566982947,16,1
11,330.0,0.7355,0.0518,150.0,87,12.13,149.40261868637637,0.5973813136236004,16,1
11,330.0,0.7355,0.0518,150.0,88,12.13,150.85296251895966,0.8529625189596857,16,1
11,330.0,0.7355,0.0518,150.0,89,12.13,149.6256808161404,0.3743191838595976,16,1
11,330.0,0.7355,0.0518,150.0,90,12.13,151.1053368609798,1.1053368609798326,16,1
11,330.0,0.7355,0.0518,150.0,91,12.13,151.0331549469687,1.0331549469687218,16,1
11,330.0,0.7355,0.0518,150.0,92,12.13,150.0576232612099,0.05762326120992611,16,1
11,330.0,0.7355,0.0518,150.0,93,12.13,150.9641478462771,0.9641478462771147,16,1
11,330.0,0.7355,0.0518,150.0,94,12.13,150.30769456920078,0.3076945692008053,16,1
11,330.0,0.7355,0.0518,150.0,95,12.13,151.25212527521953,1.252125275219555,16,1
11,330.0,0.7355,0.0518,150.0,96,12.13,150.56857520544955,0.5685752054495765,16,1
11,330.0,0.7355,0.0518,150.0,97,12.13,150.16306212381966,0.1630621238196852,16,1
11,330.0,0.7355,0.0518,150.0,98,12.13,151.2100539414346,1.2100539414346372,16,1
11,330.0,0.7355,0.0518,150.0,99,12.13,151.5065319486412,1.506531948641225,16,1
11,330.0,0.7355,0.0518,150.0,100,12.13,150.35002879456712,0.35002879456715164,16,1
11,330.0,0.7355,0.0518,150.0,101,12.13,150.41603826510985,0.41603826510987574,16,1
11,330.0,0.7355,0.0518,150.0,102,12.13,150.10009043123637,0.10009043123639572,16,1
11,330.0,0.7355,0.0518,150.0,103,12.13,149.2869916475233,0.7130083524766633,16,1
11,330.0,0.7355,0.0518,150.0,104,12.13,149.83180140310043,0.168198596899515,16,1
11,330.0,0.7355,0.0518,150.0,105,12.13,150.420579926229,0.4205799262290384,16,1
11,330.0,0.7355,0.0518,150.0,106,12.13,150.5849662379078,0.5849662379078211,16,1
11,330.0,0.7355,0.0518,150.0,107,12.13,151.47413773078517,1.474137730785202,16,1
11,330.0,0.7355,0.0518,150.0,108,12.13,151.26701212782152,1.2670121278215447,16,1
11,330.0,0.7355,0.0518,150.0,109,12.13,150.4370226788414,0.43702267884143,16,1
11,330.0,0.7355,0.0518,150.0,110,12.13,150.9809126587754,0.9809126587754236,16,1
11,330.0,0.7355,0.0518,150.0,111,12.13,151.30396335827606,1.3039633582760928,16,1
11,330.0,0.7355,0.0518,150.0,112,12.13,150.67321587499123,0.6732158749912571,16,1
11,330.0,0.7355,0.0518,150.0,113,12.13,150.16365955821533,0.1636595582153575,16,1
11,330.0,0.7355,0.0518,150.0,114,12.13,150.26638064087936,0.2663806408793903,16,1
11,330.0,0.7355,0.0518,150.0,115,12.13,150.9962077639005,0.9962077639005145,16,1
11,330.0,0.7355,0.0518,150.0,116,12.13,150.265406454674,0.2654064546740358,16,1
11,330.0,0.7355,0.0518,150.0,117,12.13,151.04636709279467,1.0463670927946964,16,1
11,330.0,0.7355,0.0518,150.0,118,12.13,149.7828037833539,0.21719621664607303,16,1
11,330.0,0.7355,0.0518,150.0,119,12.13,150.74331018184552,0.7433101818455441,16,1
11,330.0,0.7355,0.0518,150.0,120,12.13,150.9671956952397,0.9671956952397238,16,1
11,330.0,0.7355,0.0518,150.0,121,12.13,149.70651778739918,0.293482212600793,16,1
11,330.0,0.7355,0.0518,150.0,122,12.13,149.3694161566241,0.6305838433758595,16,1
11,330.0,0.7355,0.0518,150.0,123,12.13,151.33091230810243,1.3309123081024552,16,1
11,330.0,0.7355,0.0518,150.0,124,12.13,150.3045143099805,0.30451430998053297,16,1
11,330.0,0.7355,0.0518,150.0,125,12.13,150.92542435506687,0.9254243550668946,16,1
11,330.0,0.7355,0.0518,150.0,126,12.13,149.59056393665733,0.40943606334263905,16,1
11,330.0,0.7355,0.0518,150.0,127,12.13,151.24306444495548,1.2430644449555075,16,1
11,330.0,0.7355,0.0518,150.0,128,12.13,151.13783997559065,1.1378399755906798,16,1
11,330.0,0.7355,0.0518,150.0,129,12.13,151.3918824859938,1.3918824859938184,16,1
11,330.0,0.7355,0.0518,150.0,130,12.13,149.95301041748868,0.04698958251128715,16,1
11,330.0,0.7355,0.0518,150.0,131,12.13,151.69842515757043,1.6984251575704548,16,1
11,330.0,0.7355,0.0518,150.0,132,12.13,150.71968991991642,0.7196899199164477,16,1
11,330.0,0.7355,0.0518,150.0,133,12.13,149.12545444707814,0.8745455529218589,16,1
11,330.0,0.7355,0.0518,150.0,134,12.13,150.08839207213563,0.08839207213566169,16,1
11,330.0,0.7355,0.0518,150.0,135,12.13,151.23752859130573,1.237528591305761,16,1
11,330.0,0.7355,0.0518,150.0,136,12.13,150.02576258750497,0.0257625875049996,16,1
11,330.0,0.7355,0.0518,150.0,137,12.13,151.05933150091917,1.0593315009191997,16,1
11,330.0,0.7355,0.0518,150.0,138,12.13,150.240541388069,0.24054138806903325,16,1
11,330.0,0.7355,0.0518,150.0,139,12.13,150.18628409306405,0.18628409306407434,16,1
11,330.0,0.7355,0.0518,150.0,140,12.13,150.97671610066777,0.9767161006678009,16,1
11,330.0,0.7355,0.0518,150.0,141,12.13,149.62835452757517,0.3716454724248024,16,1
11,330.0,0.7355,0.0518,150.0,142,12.13,151.63634833237919,1.6363483323792138,16,1
11,330.0,0.7355,0.0518,150.0,143,12.13,150.0053928725165,0.005392872516523539,16,1
11,330.0,0.7355,0.0518,150.0,144,12.13,150.75669709265344,0.756697092653468,16,1
11,330.0,0.7355,0.0518,150.0,145,12.13,150.22262199721553,0.22262199721555476,16,1
11,330.0,0.7355,0.0518,150.0,146,12.13,150.93250290945736,0.9325029094573836,16,1
11,330.0,0.7355,0.0518,150.0,147,12.13,149.8684391166901,0.1315608833098736,16,1
11,330.0,0.7355,0.0518,150.0,148,12.13,150.2905359084984,0.29053590849844113,16,1
11,330.0,0.7355,0.0518,150.0,149,12.13,149.71134312652362,0.28865687347638413,16,1
11,330.0,0.7355,0.0518,150.0,150,12.13,150.02169488752384,0.02169488752386428,16,1
11,330.0,0.7355,0.0518,150.0,151,12.13,150.87104260600796,0.8710426060079897,16,1
11,330.0,0.7355,0.0518,150.0,152,12.13,150.97561439155527,0.9756143915552968,16,1
11,330.0,0.7355,0.0518,150.0,153,12.13,148.98459983987632,1.0154001601236473,16,1
11,330.0,0.7355,0.0518,150.0,154,12.13,149.95176798514018,0.048232014859763694,16,1
11,330.0,0.7355,0.0518,150.0,155,12.13,150.8702526680829,0.8702526680829408,16,1
11,330.0,0.7355,0.0518,150.0,156,12.13,150.58643743866065,0.5864374386606812,16,1
11,330.0,0.7355,0.0518,150.0,157,12.13,148.9639594107464,1.0360405892535596,16,1
11,330.0,0.7355,0.0518,150.0,158,12.13,150.71667615035693,0.7166761503569603,16,1
11,330.0,0.7355,0.0518,150.0,159,12.13,151.0314230560615,1.0314230560615272,16,1
11,330.0,0.7355,0.0518,150.0,160,12.13,150.66628011946761,0.6662801194676433,16,1
11,330.0,0.7355,0.0518,150.0,161,12.13,151.02188263256417,1.0218826325641999,16,1
11,330.0,0.7355,0.0518,150.0,162,12.13,150.6107623814444,0.610762381444431,16,1
11,330.0,0.7355,0.0518,150.0,163,12.13,150.70587368829175,0.7058736882917742,16,1
11,330.0,0.7355,0.0518,150.0,164,12.13,151.63032727273836,1.6303272727383842,16,1
11,330.0,0.7355,0.0518,150.0,165,12.13,151.1939337792808,1.193933779280826,16,1
11,330.0,0.7355,0.0518,150.0,166,12.13,150.87749719076842,0.8774971907684517,16,1
11,330.0,0.7355,0.0518,150.0,167,12.13,151.0889271430676,1.0889271430676217,16,1
11,330.0,0.7355,0.0518,150.0,168,12.13,150.6775186442647,0.6775186442647225,16,1
11,330.0,0.7355,0.0518,150.0,169,12.13,150.22598887309488,0.22598887309490578,16,1
11,330.0,0.7355,0.0518,150.0,170,12.13,151.01331130336345,1.01331130336348,16,1
11,330.0,0.7355,0.0518,150.0,171,12.13,150.58360543870418,0.5836054387042111,16,1
11,330.0,0.7355,0.0518,150.0,172,12.13,151.29832049473106,1.2983204947310867,16,1
11,330.0,0.7355,0.0518,150.0,173,12.13,150.62152765821853,0.6215276582185538,16,1
11,330.0,0.7355,0.0518,150.0,174,12.13,150.4254502289648,0.4254502289648201,16,1
11,330.0,0.7355,0.0518,150.0,175,12.13,150.07846471846446,0.07846471846448821,16,1
11,330.0,0.7355,0.0518,150.0,176,12.13,149.7581873218877,0.24181267811229645,16,1
11,330.0,0.7355,0.0518,150.0,177,12.13,150.45014951451358,0.45014951451361185,16,1
11,330.0,0.7355,0.0518,150.0,178,12.13,150.02138326468807,0.02138326468809737,16,1
11,330.0,0.7355,0.0518,150.0,179,12.13,149.89410270715555,0.10589729284441773,16,1
11,330.0,0.7355,0.0518,150.0,180,12.13,150.34529842270544,0.3452984227054685,16,1
11,330.0,0.7355,0.0518,150.0,181,12.13,149.72629739089678,0.27370260910322486,16,1
11,330.0,0.7355,0.0518,150.0,182,12.13,149.69227776758143,0.30772223241854135,16,1
11,330.0,0.7355,0.0518,150.0,183,12.13,149.66344732124472,0.33655267875525396,16,1
11,330.0,0.7355,0.0518,150.0,184,12.13,151.98829566955865,1.9882956695586813,16,1
11,330.0,0.7355,0.0518,150.0,185,12.13,150.48722280059505,0.4872228005950774,16,1
11,330.0,0.7355,0.0518,150.0,186,12.13,151.23245625916428,1.2324562591643087,16,1
11,330.0,0.7355,0.0518,150.0,187,12.13,150.77634688174368,0.7763468817437058,16,1
11,330.0,0.7355,0.0518,150.0,188,12.13,150.70018792368128,0.7001879236813124,16,1
11,330.0,0.7355,0.0518,150.0,189,12.13,150.39623918371288,0.39623918371290756,16,1
11,330.0,0.7355,0.0518,150.0,190,12.13,150.15996596564287,0.1599659656428969,16,1
11,330.0,0.7355,0.0518,150.0,191,12.13,150.69589906539866,0.6958990653986916,16,1
11,330.0,0.7355,0.0518,150.0,192,12.13,151.22395360813258,1.2239536081326037,16,1
11,330.0,0.7355,0.0518,150.0,193,12.13,151.08558688794693,1.0855868879469597,16,1
11,330.0,0.7355,0.0518,150.0,194,12.13,149.9618706926547,0.03812930734522979,16,1
11,330.0,0.7355,0.0518,150.0,195,12.13,150.2526596183378,0.252659618337816,16,1
11,330.0,0.7355,0.0518,150.0,196,12.13,151.4741499916699,1.4741499916699183,16,1
11,330.0,0.7355,0.0518,150.0,197,12.13,150.47202232702844,0.47202232702846914,16,1
11,330.0,0.7355,0.0518,150.0,198,12.13,151.16961468429744,1.1696146842974713,16,1
11,330.0,0.7355,0.0518,150.0,199,12.13,151.41536092797867,1.4153609279786963,16,1
