0.1s | {"type":"HB","id":3,"x":30,"y":30,"temp":26,"t":61,"ms":61000,"st":"ALIVE","fake":0,"nt":63.248513}
0.5s | {"type":"HB","id":1,"x":30,"y":30,"temp":31,"t":36,"ms":36000,"st":"ALIVE","fake":0,"nt":63.70456}
0.5s | {"type":"HB","id":2,"x":30,"y":30,"temp":27.5,"t":726,"ms":726000,"st":"ALIVE","fake":0,"nt":63.733936}
0.6s | {"type":"HB","id":99,"x":30,"y":30,"temp":27,"t":58,"ms":58000,"st":"ALIVE","fake":0,"nt":63.893537}
1.1s | {"type":"HB","id":3,"x":30,"y":30,"temp":26,"t":62,"ms":62000,"st":"ALIVE","fake":0,"nt":64.24854}
1.5s | {"type":"HB","id":1,"x":30,"y":30,"temp":30.5,"t":37,"ms":37000,"st":"ALIVE","fake":0,"nt":64.704595}
1.5s | {"type":"HB","id":2,"x":30,"y":30,"temp":27.5,"t":727,"ms":727000,"st":"ALIVE","fake":0,"nt":64.733893}
1.6s | {"type":"HB","id":99,"x":30,"y":30,"temp":27,"t":59,"ms":59000,"st":"ALIVE","fake":0,"nt":64.893549}
2.0s | {"type":"HB","id":3,"x":30,"y":30,"temp":26,"t":63,"ms":63000,"st":"ALIVE","fake":0,"nt":65.248533}
2.5s | {"type":"HB","id":1,"x":30,"y":30,"temp":31,"t":38,"ms":38000,"st":"ALIVE","fake":0,"nt":65.704581}
2.5s | {"type":"HB","id":2,"x":30,"y":30,"temp":27.5,"t":728,"ms":728000,"st":"ALIVE","fake":0,"nt":65.733933}
2.6s | {"type":"HB","id":99,"x":30,"y":30,"temp":27,"t":60,"ms":60000,"st":"ALIVE","fake":0,"nt":65.893541}
3.0s | {"type":"HB","id":3,"x":30,"y":30,"temp":26,"t":64,"ms":64000,"st":"ALIVE","fake":0,"nt":66.248484}
3.4s | {"type":"TOPO","ms":60735,"mid":3179103441,"n_peers":3,"sub":{"nodeId":3179103441,"subs":[{"nodeId":3179104773},{"nodeId":219922329,"subs":[{"nodeId":3179098605}]}]}}
3.5s | {"type":"HB","id":1,"x":30,"y":30,"temp":30.5,"t":39,"ms":39000,"st":"ALIVE","fake":0,"nt":66.704587}
3.5s | {"type":"HB","id":2,"x":30,"y":30,"temp":28,"t":729,"ms":729000,"st":"ALIVE","fake":0,"nt":66.733896}
3.6s | {"type":"HB","id":99,"x":30,"y":30,"temp":27,"t":61,"ms":61000,"st":"ALIVE","fake":0,"nt":66.893528}
4.1s | {"type":"HB","id":3,"x":30,"y":30,"temp":26,"t":65,"ms":65000,"st":"ALIVE","fake":0,"nt":67.248483}
4.5s | {"type":"HB","id":1,"x":30,"y":30,"temp":30.5,"t":40,"ms":40000,"st":"ALIVE","fake":0,"nt":67.704543}
4.5s | {"type":"HB","id":2,"x":30,"y":30,"temp":28,"t":730,"ms":730000,"st":"ALIVE","fake":0,"nt":67.73391}
4.6s | {"type":"HB","id":99,"x":30,"y":30,"temp":27,"t":62,"ms":62000,"st":"ALIVE","fake":0,"nt":67.893495}
5.1s | {"type":"HB","id":3,"x":30,"y":30,"temp":26,"t":66,"ms":66000,"st":"ALIVE","fake":0,"nt":68.24855}
5.5s | {"type":"HB","id":1,"x":30,"y":30,"temp":30.5,"t":41,"ms":41000,"st":"ALIVE","fake":0,"nt":68.704543}
5.5s | {"type":"HB","id":2,"x":30,"y":30,"temp":28,"t":731,"ms":731000,"st":"ALIVE","fake":0,"nt":68.73389}
5.6s | {"type":"HB","id":99,"x":30,"y":30,"temp":27,"t":63,"ms":63000,"st":"ALIVE","fake":0,"nt":68.893494}
6.0s | {"type":"HB","id":3,"x":30,"y":30,"temp":26,"t":67,"ms":67000,"st":"ALIVE","fake":0,"nt":69.248526}
6.5s | {"type":"HB","id":1,"x":30,"y":30,"temp":31,"t":42,"ms":42000,"st":"ALIVE","fake":0,"nt":69.704558}
6.5s | {"type":"HB","id":2,"x":30,"y":30,"temp":27.5,"t":732,"ms":732000,"st":"ALIVE","fake":0,"nt":69.733903}
6.6s | {"type":"HB","id":99,"x":30,"y":30,"temp":27,"t":64,"ms":64000,"st":"ALIVE","fake":0,"nt":69.893554}
7.0s | {"type":"HB","id":3,"x":30,"y":30,"temp":26,"t":68,"ms":68000,"st":"ALIVE","fake":0,"nt":70.248544}
7.5s | {"type":"HB","id":1,"x":30,"y":30,"temp":31,"t":43,"ms":43000,"st":"ALIVE","fake":0,"nt":70.704545}
7.5s | {"type":"HB","id":2,"x":30,"y":30,"temp":28,"t":733,"ms":733000,"st":"ALIVE","fake":0,"nt":70.733914}
7.6s | {"type":"HB","id":99,"x":30,"y":30,"temp":27,"t":65,"ms":65000,"st":"ALIVE","fake":0,"nt":70.893538}
8.0s | {"type":"HB","id":3,"x":30,"y":30,"temp":26,"t":69,"ms":69000,"st":"ALIVE","fake":0,"nt":71.248513}
8.4s | {"type":"TOPO","ms":65735,"mid":3179103441,"n_peers":3,"sub":{"nodeId":3179103441,"subs":[{"nodeId":3179104773},{"nodeId":219922329,"subs":[{"nodeId":3179098605}]}]}}
8.5s | {"type":"HB","id":1,"x":30,"y":30,"temp":31,"t":44,"ms":44000,"st":"ALIVE","fake":0,"nt":71.704541}
8.5s | {"type":"HB","id":2,"x":30,"y":30,"temp":28,"t":734,"ms":734000,"st":"ALIVE","fake":0,"nt":71.733922}
8.6s | {"type":"HB","id":99,"x":30,"y":30,"temp":27,"t":66,"ms":66000,"st":"ALIVE","fake":0,"nt":71.893536}
9.1s | {"type":"HB","id":3,"x":30,"y":30,"temp":26,"t":70,"ms":70000,"st":"ALIVE","fake":0,"nt":72.248507}
9.5s | {"type":"HB","id":1,"x":30,"y":30,"temp":31,"t":45,"ms":45000,"st":"ALIVE","fake":0,"nt":72.70456}
9.5s | {"type":"HB","id":2,"x":30,"y":30,"temp":28,"t":735,"ms":735000,"st":"ALIVE","fake":0,"nt":72.733907}
9.6s | {"type":"HB","id":99,"x":30,"y":30,"temp":27,"t":67,"ms":67000,"st":"ALIVE","fake":0,"nt":72.893497}
10.1s | {"type":"HB","id":3,"x":30,"y":30,"temp":26,"t":71,"ms":71000,"st":"ALIVE","fake":0,"nt":73.248514}
10.5s | {"type":"HB","id":1,"x":30,"y":30,"temp":30.5,"t":46,"ms":46000,"st":"ALIVE","fake":0,"nt":73.704579}
10.5s | {"type":"HB","id":2,"x":30,"y":30,"temp":28,"t":736,"ms":736000,"st":"ALIVE","fake":0,"nt":73.733908}
10.6s | {"type":"HB","id":99,"x":30,"y":30,"temp":27,"t":68,"ms":68000,"st":"ALIVE","fake":0,"nt":73.893537}
11.0s | {"type":"HB","id":3,"x":30,"y":30,"temp":26,"t":72,"ms":72000,"st":"ALIVE","fake":0,"nt":74.248509}
11.6s | {"type":"HB","id":2,"x":30,"y":30,"temp":28,"t":737,"ms":737000,"st":"ALIVE","fake":0,"nt":74.733936}
11.6s | {"type":"HB","id":99,"x":30,"y":30,"temp":27,"t":69,"ms":69000,"st":"ALIVE","fake":0,"nt":74.893509}
12.0s | {"type":"HB","id":3,"x":30,"y":30,"temp":26,"t":73,"ms":73000,"st":"ALIVE","fake":0,"nt":75.248492}
12.6s | {"type":"HB","id":99,"x":30,"y":30,"temp":27,"t":70,"ms":70000,"st":"ALIVE","fake":0,"nt":75.893511}
12.7s | {"type":"HB","id":2,"x":30,"y":30,"temp":27.5,"t":738,"ms":738000,"st":"ALIVE","fake":0,"nt":75.733942}
13.1s | {"type":"HB","id":3,"x":30,"y":30,"temp":26,"t":74,"ms":74000,"st":"ALIVE","fake":0,"nt":76.248532}
13.4s | {"type":"TOPO","ms":70735,"mid":3179103441,"n_peers":3,"sub":{"nodeId":3179103441,"subs":[{"nodeId":3179104773},{"nodeId":219922329,"subs":[{"nodeId":3179098605}]}]}}
13.5s | {"type":"DV","suspect":1,"observer":99,"last_temp":30.5,"t":70.862,"fake":0,"nt":76.755481}
13.6s | {"type":"DV","suspect":1,"observer":3,"last_temp":30.5,"t":74.512,"fake":0,"nt":76.760575}
13.6s | {"type":"HB","id":2,"x":30,"y":30,"temp":28,"t":739,"ms":739000,"st":"ALIVE","fake":0,"nt":76.733893}
13.6s | {"type":"HB","id":99,"x":30,"y":30,"temp":27,"t":71,"ms":71000,"st":"ALIVE","fake":0,"nt":76.893552}
14.1s | {"type":"HB","id":3,"x":30,"y":30,"temp":26,"t":75,"ms":75000,"st":"ALIVE","fake":0,"nt":77.248484}
14.6s | {"type":"HB","id":2,"x":30,"y":30,"temp":28,"t":740,"ms":740000,"st":"ALIVE","fake":0,"nt":77.733895}
14.6s | {"type":"HB","id":99,"x":30,"y":30,"temp":27,"t":72,"ms":72000,"st":"ALIVE","fake":0,"nt":77.893512}
15.0s | {"type":"HB","id":3,"x":30,"y":30,"temp":26,"t":76,"ms":76000,"st":"ALIVE","fake":0,"nt":78.248527}
15.6s | {"type":"HB","id":2,"x":30,"y":30,"temp":28,"t":741,"ms":741000,"st":"ALIVE","fake":0,"nt":78.733939}
15.6s | {"type":"HB","id":99,"x":30,"y":30,"temp":27,"t":73,"ms":73000,"st":"ALIVE","fake":0,"nt":78.893526}
16.0s | {"type":"HB","id":3,"x":30,"y":30,"temp":26,"t":77,"ms":77000,"st":"ALIVE","fake":0,"nt":79.248544}
16.6s | {"type":"HB","id":99,"x":30,"y":30,"temp":27,"t":74,"ms":74000,"st":"ALIVE","fake":0,"nt":79.893561}
16.6s | {"type":"HB","id":2,"x":30,"y":30,"temp":28,"t":742,"ms":742000,"st":"ALIVE","fake":0,"nt":79.733902}
17.0s | {"type":"HB","id":1,"x":30,"y":30,"temp":30.5,"t":6,"ms":6000,"st":"ALIVE","fake":0,"nt":80.260162}
17.0s | {"type":"HB","id":3,"x":30,"y":30,"temp":26,"t":78,"ms":78000,"st":"ALIVE","fake":0,"nt":80.248541}
17.6s | {"type":"HB","id":2,"x":30,"y":30,"temp":28,"t":743,"ms":743000,"st":"ALIVE","fake":0,"nt":80.733926}
17.6s | {"type":"HB","id":99,"x":30,"y":30,"temp":27,"t":75,"ms":75000,"st":"ALIVE","fake":0,"nt":80.893508}
18.0s | {"type":"HB","id":1,"x":30,"y":30,"temp":30.5,"t":7,"ms":7000,"st":"ALIVE","fake":0,"nt":81.260146}
18.0s | {"type":"HB","id":3,"x":30,"y":30,"temp":26,"t":79,"ms":79000,"st":"ALIVE","fake":0,"nt":81.248503}
18.4s | {"type":"TOPO","ms":75735,"mid":3179103441,"n_peers":3,"sub":{"nodeId":3179103441,"subs":[{"nodeId":219922329,"subs":[{"nodeId":3179098605}]},{"nodeId":3179104773}]}}
18.6s | {"type":"HB","id":2,"x":30,"y":30,"temp":28,"t":744,"ms":744000,"st":"ALIVE","fake":0,"nt":81.733902}
18.6s | {"type":"HB","id":99,"x":30,"y":30,"temp":27,"t":76,"ms":76000,"st":"ALIVE","fake":0,"nt":81.893503}
19.0s | {"type":"HB","id":3,"x":30,"y":30,"temp":26,"t":80,"ms":80000,"st":"ALIVE","fake":0,"nt":82.248529}
19.0s | {"type":"HB","id":1,"x":30,"y":30,"temp":30.5,"t":8,"ms":8000,"st":"ALIVE","fake":0,"nt":82.260161}
19.6s | {"type":"HB","id":2,"x":30,"y":30,"temp":28,"t":745,"ms":745000,"st":"ALIVE","fake":0,"nt":82.733929}
19.6s | {"type":"HB","id":99,"x":30,"y":30,"temp":27,"t":77,"ms":77000,"st":"ALIVE","fake":0,"nt":82.893529}
20.0s | {"type":"HB","id":1,"x":30,"y":30,"temp":30.5,"t":9,"ms":9000,"st":"ALIVE","fake":0,"nt":83.260155}
20.0s | {"type":"HB","id":3,"x":30,"y":30,"temp":26,"t":81,"ms":81000,"st":"ALIVE","fake":0,"nt":83.248508}
20.5s | {"type":"HB","id":2,"x":30,"y":30,"temp":28,"t":746,"ms":746000,"st":"ALIVE","fake":0,"nt":83.733937}
20.6s | {"type":"HB","id":99,"x":30,"y":30,"temp":27,"t":78,"ms":78000,"st":"ALIVE","fake":0,"nt":83.893496}
21.0s | {"type":"HB","id":3,"x":30,"y":30,"temp":26,"t":82,"ms":82000,"st":"ALIVE","fake":0,"nt":84.248529}
21.0s | {"type":"HB","id":1,"x":30,"y":30,"temp":30.5,"t":10,"ms":10000,"st":"ALIVE","fake":0,"nt":84.260146}
21.6s | {"type":"HB","id":2,"x":30,"y":30,"temp":28,"t":747,"ms":747000,"st":"ALIVE","fake":0,"nt":84.733929}
21.6s | {"type":"HB","id":99,"x":30,"y":30,"temp":27,"t":79,"ms":79000,"st":"ALIVE","fake":0,"nt":84.893487}
22.0s | {"type":"HB","id":1,"x":30,"y":30,"temp":30.5,"t":11,"ms":11000,"st":"ALIVE","fake":0,"nt":85.260141}
22.0s | {"type":"HB","id":3,"x":30,"y":30,"temp":26,"t":83,"ms":83000,"st":"ALIVE","fake":0,"nt":85.248534}
22.6s | {"type":"HB","id":2,"x":30,"y":30,"temp":28,"t":748,"ms":748000,"st":"ALIVE","fake":0,"nt":85.733936}
22.6s | {"type":"HB","id":99,"x":30,"y":30,"temp":27,"t":80,"ms":80000,"st":"ALIVE","fake":0,"nt":85.893548}
23.0s | {"type":"HB","id":1,"x":30,"y":30,"temp":30.5,"t":12,"ms":12000,"st":"ALIVE","fake":0,"nt":86.260148}
23.0s | {"type":"HB","id":3,"x":30,"y":30,"temp":26,"t":84,"ms":84000,"st":"ALIVE","fake":0,"nt":86.248514}
23.4s | {"type":"TOPO","ms":80735,"mid":3179103441,"n_peers":3,"sub":{"nodeId":3179103441,"subs":[{"nodeId":219922329,"subs":[{"nodeId":3179098605}]},{"nodeId":3179104773}]}}
23.6s | {"type":"HB","id":2,"x":30,"y":30,"temp":28,"t":749,"ms":749000,"st":"ALIVE","fake":0,"nt":86.733895}
23.6s | {"type":"HB","id":99,"x":30,"y":30,"temp":27,"t":81,"ms":81000,"st":"ALIVE","fake":0,"nt":86.893506}
24.0s | {"type":"HB","id":1,"x":30,"y":30,"temp":30.5,"t":13,"ms":13000,"st":"ALIVE","fake":0,"nt":87.260145}
24.0s | {"type":"HB","id":3,"x":30,"y":30,"temp":26,"t":85,"ms":85000,"st":"ALIVE","fake":0,"nt":87.248485}
24.5s | {"type":"HB","id":2,"x":30,"y":30,"temp":28,"t":750,"ms":750000,"st":"ALIVE","fake":0,"nt":87.733917}
24.6s | {"type":"HB","id":99,"x":30,"y":30,"temp":27,"t":82,"ms":82000,"st":"ALIVE","fake":0,"nt":87.893564}
25.0s | {"type":"HB","id":3,"x":30,"y":30,"temp":26,"t":86,"ms":86000,"st":"ALIVE","fake":0,"nt":88.248499}
25.6s | {"type":"HB","id":99,"x":30,"y":30,"temp":27,"t":83,"ms":83000,"st":"ALIVE","fake":0,"nt":88.893509}
25.6s | {"type":"HB","id":2,"x":30,"y":30,"temp":27.5,"t":751,"ms":751000,"st":"ALIVE","fake":0,"nt":88.7339}
26.1s | {"type":"HB","id":3,"x":30,"y":30,"temp":26,"t":87,"ms":87000,"st":"ALIVE","fake":0,"nt":89.248525}
26.6s | {"type":"HB","id":2,"x":30,"y":30,"temp":28,"t":752,"ms":752000,"st":"ALIVE","fake":0,"nt":89.733912}
26.6s | {"type":"HB","id":99,"x":30,"y":30,"temp":27,"t":84,"ms":84000,"st":"ALIVE","fake":0,"nt":89.893505}
27.0s | {"type":"DV","suspect":1,"observer":99,"last_temp":30.5,"t":84.377,"fake":0,"nt":90.270506}
27.0s | {"type":"HB","id":3,"x":30,"y":30,"temp":26,"t":88,"ms":88000,"st":"ALIVE","fake":0,"nt":90.248509}
27.0s | {"type":"DV","suspect":1,"observer":3,"last_temp":30.5,"t":88.028,"fake":0,"nt":90.276492}
27.6s | {"type":"HB","id":2,"x":30,"y":30,"temp":28,"t":753,"ms":753000,"st":"ALIVE","fake":0,"nt":90.733936}
27.6s | {"type":"HB","id":99,"x":30,"y":30,"temp":27,"t":85,"ms":85000,"st":"ALIVE","fake":0,"nt":90.893576}
28.0s | {"type":"HB","id":3,"x":30,"y":30,"temp":26,"t":89,"ms":89000,"st":"ALIVE","fake":0,"nt":91.248498}
28.4s | {"type":"TOPO","ms":85735,"mid":3179103441,"n_peers":3,"sub":{"nodeId":3179103441,"subs":[{"nodeId":219922329,"subs":[{"nodeId":3179098605}]},{"nodeId":3179104773}]}}
28.6s | {"type":"HB","id":2,"x":30,"y":30,"temp":28,"t":754,"ms":754000,"st":"ALIVE","fake":0,"nt":91.73392}
28.6s | {"type":"HB","id":99,"x":30,"y":30,"temp":27,"t":86,"ms":86000,"st":"ALIVE","fake":0,"nt":91.89353}
29.0s | {"type":"HB","id":3,"x":30,"y":30,"temp":26,"t":90,"ms":90000,"st":"ALIVE","fake":0,"nt":92.248507}
29.6s | {"type":"HB","id":99,"x":30,"y":30,"temp":27,"t":87,"ms":87000,"st":"ALIVE","fake":0,"nt":92.893515}
29.6s | {"type":"HB","id":2,"x":30,"y":30,"temp":28,"t":755,"ms":755000,"st":"ALIVE","fake":0,"nt":92.733929}
30.1s | {"type":"HB","id":3,"x":30,"y":30,"temp":26,"t":91,"ms":91000,"st":"ALIVE","fake":0,"nt":93.248546}
30.6s | {"type":"HB","id":2,"x":30,"y":30,"temp":28,"t":756,"ms":756000,"st":"ALIVE","fake":0,"nt":93.733887}
30.6s | {"type":"HB","id":99,"x":30,"y":30,"temp":27,"t":88,"ms":88000,"st":"ALIVE","fake":0,"nt":93.893514}
31.1s | {"type":"HB","id":3,"x":30,"y":30,"temp":26,"t":92,"ms":92000,"st":"ALIVE","fake":0,"nt":94.248495}
31.6s | {"type":"HB","id":2,"x":30,"y":30,"temp":28,"t":757,"ms":757000,"st":"ALIVE","fake":0,"nt":94.733912}
31.6s | {"type":"HB","id":99,"x":30,"y":30,"temp":27,"t":89,"ms":89000,"st":"ALIVE","fake":0,"nt":94.893556}
32.0s | {"type":"HB","id":3,"x":30,"y":30,"temp":26,"t":93,"ms":93000,"st":"ALIVE","fake":0,"nt":95.248475}
32.5s | {"type":"HB","id":2,"x":30,"y":30,"temp":28,"t":758,"ms":758000,"st":"ALIVE","fake":0,"nt":95.733856}
32.6s | {"type":"HB","id":99,"x":30,"y":30,"temp":27,"t":90,"ms":90000,"st":"ALIVE","fake":0,"nt":95.893548}
33.0s | {"type":"HB","id":3,"x":30,"y":30,"temp":26,"t":94,"ms":94000,"st":"ALIVE","fake":0,"nt":96.248491}
33.4s | {"type":"TOPO","ms":90735,"mid":3179103441,"n_peers":3,"sub":{"nodeId":3179103441,"subs":[{"nodeId":219922329,"subs":[{"nodeId":3179098605}]},{"nodeId":3179104773}]}}
33.5s | {"type":"HB","id":2,"x":30,"y":30,"temp":28,"t":759,"ms":759000,"st":"ALIVE","fake":0,"nt":96.733856}
33.6s | {"type":"HB","id":99,"x":30,"y":30,"temp":27,"t":91,"ms":91000,"st":"ALIVE","fake":0,"nt":96.89355}
34.0s | {"type":"HB","id":3,"x":30,"y":30,"temp":26,"t":95,"ms":95000,"st":"ALIVE","fake":0,"nt":97.248528}
34.6s | {"type":"HB","id":99,"x":30,"y":30,"temp":27,"t":92,"ms":92000,"st":"ALIVE","fake":0,"nt":97.893543}
34.6s | {"type":"HB","id":2,"x":30,"y":30,"temp":28,"t":760,"ms":760000,"st":"ALIVE","fake":0,"nt":97.731879}
35.1s | {"type":"HB","id":3,"x":30,"y":30,"temp":26,"t":96,"ms":96000,"st":"ALIVE","fake":0,"nt":98.248525}
35.6s | {"type":"HB","id":2,"x":30,"y":30,"temp":28,"t":761,"ms":761000,"st":"ALIVE","fake":0,"nt":98.731835}
35.6s | {"type":"HB","id":99,"x":30,"y":30,"temp":27,"t":93,"ms":93000,"st":"ALIVE","fake":0,"nt":98.89351}
36.0s | {"type":"HB","id":3,"x":30,"y":30,"temp":26,"t":97,"ms":97000,"st":"ALIVE","fake":0,"nt":99.248485}
36.6s | {"type":"HB","id":2,"x":30,"y":30,"temp":28,"t":762,"ms":762000,"st":"ALIVE","fake":0,"nt":99.731873}
36.6s | {"type":"HB","id":99,"x":30,"y":30,"temp":27,"t":94,"ms":94000,"st":"ALIVE","fake":0,"nt":99.893533}
36.8s | {"type":"HB","id":1,"x":30,"y":30,"temp":30.5,"t":6,"ms":6000,"st":"ALIVE","fake":0,"nt":100.056678}
37.0s | {"type":"HB","id":3,"x":30,"y":30,"temp":26,"t":98,"ms":98000,"st":"ALIVE","fake":0,"nt":100.248503}
37.5s | {"type":"HB","id":2,"x":30,"y":30,"temp":28,"t":763,"ms":763000,"st":"ALIVE","fake":0,"nt":100.731847}
37.6s | {"type":"HB","id":99,"x":30,"y":30,"temp":27,"t":95,"ms":95000,"st":"ALIVE","fake":0,"nt":100.893515}
37.8s | {"type":"HB","id":1,"x":30,"y":30,"temp":30.5,"t":7,"ms":7000,"st":"ALIVE","fake":0,"nt":101.062646}
38.0s | {"type":"HB","id":3,"x":30,"y":30,"temp":26,"t":99,"ms":99000,"st":"ALIVE","fake":0,"nt":101.248508}
38.4s | {"type":"TOPO","ms":95735,"mid":3179103441,"n_peers":3,"sub":{"nodeId":3179103441,"subs":[{"nodeId":219922329,"subs":[{"nodeId":3179098605}]},{"nodeId":3179104773}]}}
38.5s | {"type":"HB","id":2,"x":30,"y":30,"temp":28,"t":764,"ms":764000,"st":"ALIVE","fake":0,"nt":101.731879}
38.6s | {"type":"HB","id":99,"x":30,"y":30,"temp":27,"t":96,"ms":96000,"st":"ALIVE","fake":0,"nt":101.893562}
38.8s | {"type":"HB","id":1,"x":30,"y":30,"temp":30.5,"t":8,"ms":8000,"st":"ALIVE","fake":0,"nt":102.062606}
39.1s | {"type":"HB","id":3,"x":30,"y":30,"temp":26,"t":100,"ms":100000,"st":"ALIVE","fake":0,"nt":102.248511}
39.6s | {"type":"HB","id":2,"x":30,"y":30,"temp":28,"t":765,"ms":765000,"st":"ALIVE","fake":0,"nt":102.731882}
39.6s | {"type":"HB","id":99,"x":30,"y":30,"temp":27,"t":97,"ms":97000,"st":"ALIVE","fake":0,"nt":102.893512}
39.8s | {"type":"HB","id":1,"x":30,"y":30,"temp":30.5,"t":9,"ms":9000,"st":"ALIVE","fake":0,"nt":103.062592}
40.1s | {"type":"HB","id":3,"x":30,"y":30,"temp":26,"t":101,"ms":101000,"st":"ALIVE","fake":0,"nt":103.248493}
40.6s | {"type":"HB","id":2,"x":30,"y":30,"temp":28,"t":766,"ms":766000,"st":"ALIVE","fake":0,"nt":103.731851}
40.6s | {"type":"HB","id":99,"x":30,"y":30,"temp":27,"t":98,"ms":98000,"st":"ALIVE","fake":0,"nt":103.893562}
40.8s | {"type":"HB","id":1,"x":30,"y":30,"temp":30.5,"t":10,"ms":10000,"st":"ALIVE","fake":0,"nt":104.062589}
41.0s | {"type":"HB","id":3,"x":30,"y":30,"temp":26,"t":102,"ms":102000,"st":"ALIVE","fake":0,"nt":104.248536}
41.5s | {"type":"HB","id":2,"x":30,"y":30,"temp":28,"t":767,"ms":767000,"st":"ALIVE","fake":0,"nt":104.731876}
41.6s | {"type":"HB","id":99,"x":30,"y":30,"temp":27,"t":99,"ms":99000,"st":"ALIVE","fake":0,"nt":104.893552}
41.8s | {"type":"HB","id":1,"x":30,"y":30,"temp":30.5,"t":11,"ms":11000,"st":"ALIVE","fake":0,"nt":105.062564}
42.0s | {"type":"HB","id":3,"x":30,"y":30,"temp":26,"t":103,"ms":103000,"st":"ALIVE","fake":0,"nt":105.24855}
42.6s | {"type":"HB","id":99,"x":30,"y":30,"temp":27,"t":100,"ms":100000,"st":"ALIVE","fake":0,"nt":105.893539}
42.7s | {"type":"HB","id":2,"x":30,"y":30,"temp":28,"t":768,"ms":768000,"st":"ALIVE","fake":0,"nt":105.731879}
42.8s | {"type":"HB","id":1,"x":30,"y":30,"temp":30.5,"t":12,"ms":12000,"st":"ALIVE","fake":0,"nt":106.062583}
43.1s | {"type":"HB","id":3,"x":30,"y":30,"temp":26,"t":104,"ms":104000,"st":"ALIVE","fake":0,"nt":106.249961}
43.4s | {"type":"TOPO","ms":100735,"mid":3179103441,"n_peers":3,"sub":{"nodeId":3179103441,"subs":[{"nodeId":219922329,"subs":[{"nodeId":3179098605}]},{"nodeId":3179104773}]}}
43.6s | {"type":"HB","id":2,"x":30,"y":30,"temp":28,"t":769,"ms":769000,"st":"ALIVE","fake":0,"nt":106.731838}
43.6s | {"type":"HB","id":99,"x":30,"y":30,"temp":27,"t":101,"ms":101000,"st":"ALIVE","fake":0,"nt":106.893574}
43.8s | {"type":"HB","id":1,"x":30,"y":30,"temp":30.5,"t":13,"ms":13000,"st":"ALIVE","fake":0,"nt":107.062592}
44.1s | {"type":"HB","id":3,"x":30,"y":30,"temp":26,"t":105,"ms":105000,"st":"ALIVE","fake":0,"nt":107.248923}
44.6s | {"type":"HB","id":2,"x":30,"y":30,"temp":28,"t":770,"ms":770000,"st":"ALIVE","fake":0,"nt":107.731871}
44.6s | {"type":"HB","id":99,"x":30,"y":30,"temp":27,"t":102,"ms":102000,"st":"ALIVE","fake":0,"nt":107.893542}
44.8s | {"type":"HB","id":1,"x":30,"y":30,"temp":30.5,"t":14,"ms":14000,"st":"ALIVE","fake":0,"nt":108.062597}
45.0s | {"type":"HB","id":3,"x":30,"y":30,"temp":26,"t":106,"ms":106000,"st":"ALIVE","fake":0,"nt":108.248997}
45.5s | {"type":"HB","id":2,"x":30,"y":30,"temp":28,"t":771,"ms":771000,"st":"ALIVE","fake":0,"nt":108.731864}
45.6s | {"type":"HB","id":99,"x":30,"y":30,"temp":27,"t":103,"ms":103000,"st":"ALIVE","fake":0,"nt":108.893495}
45.8s | {"type":"HB","id":1,"x":30,"y":30,"temp":30.5,"t":15,"ms":15000,"st":"ALIVE","fake":0,"nt":109.062582}
46.0s | {"type":"HB","id":3,"x":30,"y":30,"temp":26,"t":107,"ms":107000,"st":"ALIVE","fake":0,"nt":109.248955}
46.5s | {"type":"HB","id":2,"x":30,"y":30,"temp":28,"t":772,"ms":772000,"st":"ALIVE","fake":0,"nt":109.731881}
46.6s | {"type":"HB","id":99,"x":30,"y":30,"temp":27,"t":104,"ms":104000,"st":"ALIVE","fake":0,"nt":109.893527}
46.8s | {"type":"HB","id":1,"x":30,"y":30,"temp":30.5,"t":16,"ms":16000,"st":"ALIVE","fake":0,"nt":110.062557}
47.0s | {"type":"HB","id":3,"x":30,"y":30,"temp":26,"t":108,"ms":108000,"st":"ALIVE","fake":0,"nt":110.248938}
47.6s | {"type":"HB","id":2,"x":30,"y":30,"temp":28,"t":773,"ms":773000,"st":"ALIVE","fake":0,"nt":110.732761}
47.6s | {"type":"HB","id":99,"x":30,"y":30,"temp":27,"t":105,"ms":105000,"st":"ALIVE","fake":0,"nt":110.893561}
47.8s | {"type":"HB","id":1,"x":30,"y":30,"temp":30.5,"t":17,"ms":17000,"st":"ALIVE","fake":0,"nt":111.062595}
48.1s | {"type":"HB","id":3,"x":30,"y":30,"temp":26,"t":109,"ms":109000,"st":"ALIVE","fake":0,"nt":111.249}
48.4s | {"type":"TOPO","ms":105735,"mid":3179103441,"n_peers":3,"sub":{"nodeId":3179103441,"subs":[{"nodeId":219922329,"subs":[{"nodeId":3179098605}]},{"nodeId":3179104773}]}}
48.6s | {"type":"HB","id":2,"x":30,"y":30,"temp":28,"t":774,"ms":774000,"st":"ALIVE","fake":0,"nt":111.732771}
48.6s | {"type":"HB","id":99,"x":30,"y":30,"temp":27,"t":106,"ms":106000,"st":"ALIVE","fake":0,"nt":111.893495}
48.8s | {"type":"HB","id":1,"x":30,"y":30,"temp":30.5,"t":18,"ms":18000,"st":"ALIVE","fake":0,"nt":112.062566}
49.0s | {"type":"HB","id":3,"x":30,"y":30,"temp":26,"t":110,"ms":110000,"st":"ALIVE","fake":0,"nt":112.248969}
49.5s | {"type":"HB","id":2,"x":30,"y":30,"temp":28,"t":775,"ms":775000,"st":"ALIVE","fake":0,"nt":112.732779}
49.6s | {"type":"HB","id":99,"x":30,"y":30,"temp":27,"t":107,"ms":107000,"st":"ALIVE","fake":0,"nt":112.893565}
49.8s | {"type":"HB","id":1,"x":30,"y":30,"temp":30.5,"t":19,"ms":19000,"st":"ALIVE","fake":0,"nt":113.062574}
50.0s | {"type":"HB","id":3,"x":30,"y":30,"temp":26,"t":111,"ms":111000,"st":"ALIVE","fake":0,"nt":113.249002}
50.5s | {"type":"HB","id":2,"x":30,"y":30,"temp":28,"t":776,"ms":776000,"st":"ALIVE","fake":0,"nt":113.73277}
50.6s | {"type":"HB","id":99,"x":30,"y":30,"temp":27,"t":108,"ms":108000,"st":"ALIVE","fake":0,"nt":113.893517}
50.8s | {"type":"HB","id":1,"x":30,"y":30,"temp":30.5,"t":20,"ms":20000,"st":"ALIVE","fake":0,"nt":114.06257}
51.0s | {"type":"HB","id":3,"x":30,"y":30,"temp":26,"t":112,"ms":112000,"st":"ALIVE","fake":0,"nt":114.248939}
51.5s | {"type":"HB","id":2,"x":30,"y":30,"temp":28,"t":777,"ms":777000,"st":"ALIVE","fake":0,"nt":114.732818}
51.6s | {"type":"HB","id":99,"x":30,"y":30,"temp":27,"t":109,"ms":109000,"st":"ALIVE","fake":0,"nt":114.893537}
51.8s | {"type":"HB","id":1,"x":30,"y":30,"temp":30.5,"t":21,"ms":21000,"st":"ALIVE","fake":0,"nt":115.062585}
52.1s | {"type":"HB","id":3,"x":30,"y":30,"temp":26,"t":113,"ms":113000,"st":"ALIVE","fake":0,"nt":115.248974}
52.6s | {"type":"HB","id":2,"x":30,"y":30,"temp":28,"t":778,"ms":778000,"st":"ALIVE","fake":0,"nt":115.732807}
52.6s | {"type":"HB","id":99,"x":30,"y":30,"temp":27,"t":110,"ms":110000,"st":"ALIVE","fake":0,"nt":115.893523}
52.8s | {"type":"HB","id":1,"x":30,"y":30,"temp":30.5,"t":22,"ms":22000,"st":"ALIVE","fake":0,"nt":116.06257}
53.0s | {"type":"HB","id":3,"x":30,"y":30,"temp":26,"t":114,"ms":114000,"st":"ALIVE","fake":0,"nt":116.249003}
53.4s | {"type":"TOPO","ms":110735,"mid":3179103441,"n_peers":3,"sub":{"nodeId":3179103441,"subs":[{"nodeId":219922329,"subs":[{"nodeId":3179098605}]},{"nodeId":3179104773}]}}
53.6s | {"type":"HB","id":2,"x":30,"y":30,"temp":28,"t":779,"ms":779000,"st":"ALIVE","fake":0,"nt":116.732797}
53.6s | {"type":"HB","id":99,"x":30,"y":30,"temp":27,"t":111,"ms":111000,"st":"ALIVE","fake":0,"nt":116.893492}
53.8s | {"type":"HB","id":1,"x":30,"y":30,"temp":30.5,"t":23,"ms":23000,"st":"ALIVE","fake":0,"nt":117.062575}
54.0s | {"type":"HB","id":3,"x":30,"y":30,"temp":26,"t":115,"ms":115000,"st":"ALIVE","fake":0,"nt":117.248937}
54.5s | {"type":"HB","id":2,"x":30,"y":30,"temp":28,"t":780,"ms":780000,"st":"ALIVE","fake":0,"nt":117.732794}
54.6s | {"type":"HB","id":99,"x":30,"y":30,"temp":27,"t":112,"ms":112000,"st":"ALIVE","fake":0,"nt":117.89352}
55.0s | {"type":"HB","id":3,"x":30,"y":30,"temp":26,"t":116,"ms":116000,"st":"ALIVE","fake":0,"nt":118.249002}
55.6s | {"type":"HB","id":99,"x":30,"y":30,"temp":27,"t":113,"ms":113000,"st":"ALIVE","fake":0,"nt":118.893503}
55.6s | {"type":"HB","id":2,"x":30,"y":30,"temp":28,"t":781,"ms":781000,"st":"ALIVE","fake":0,"nt":118.732763}
56.1s | {"type":"HB","id":3,"x":30,"y":30,"temp":26,"t":117,"ms":117000,"st":"ALIVE","fake":0,"nt":119.248954}
56.6s | {"type":"HB","id":2,"x":30,"y":30,"temp":28,"t":782,"ms":782000,"st":"ALIVE","fake":0,"nt":119.732761}
56.6s | {"type":"HB","id":99,"x":30,"y":30,"temp":27,"t":114,"ms":114000,"st":"ALIVE","fake":0,"nt":119.89357}
56.8s | {"type":"DV","suspect":1,"observer":99,"last_temp":30.5,"t":114.177,"fake":0,"nt":120.070529}
57.0s | {"type":"DV","suspect":1,"observer":3,"last_temp":30.5,"t":117.936,"fake":0,"nt":120.184965}
57.0s | {"type":"HB","id":3,"x":30,"y":30,"temp":26,"t":118,"ms":118000,"st":"ALIVE","fake":0,"nt":120.248936}
57.6s | {"type":"HB","id":2,"x":30,"y":30,"temp":28,"t":783,"ms":783000,"st":"ALIVE","fake":0,"nt":120.732809}
57.6s | {"type":"HB","id":99,"x":30,"y":30,"temp":27,"t":115,"ms":115000,"st":"ALIVE","fake":0,"nt":120.893519}
58.0s | {"type":"HB","id":3,"x":30,"y":30,"temp":26,"t":119,"ms":119000,"st":"ALIVE","fake":0,"nt":121.248943}
58.4s | {"type":"TOPO","ms":115735,"mid":3179103441,"n_peers":3,"sub":{"nodeId":3179103441,"subs":[{"nodeId":219922329,"subs":[{"nodeId":3179098605}]},{"nodeId":3179104773}]}}
58.6s | {"type":"HB","id":2,"x":30,"y":30,"temp":28,"t":784,"ms":784000,"st":"ALIVE","fake":0,"nt":121.732777}
58.6s | {"type":"HB","id":99,"x":30,"y":30,"temp":27,"t":116,"ms":116000,"st":"ALIVE","fake":0,"nt":121.893493}
59.1s | {"type":"HB","id":3,"x":30,"y":30,"temp":26,"t":120,"ms":120000,"st":"ALIVE","fake":0,"nt":122.24898}
59.6s | {"type":"HB","id":99,"x":30,"y":30,"temp":27,"t":117,"ms":117000,"st":"ALIVE","fake":0,"nt":122.894114}
59.6s | {"type":"HB","id":2,"x":30,"y":30,"temp":28,"t":785,"ms":785000,"st":"ALIVE","fake":0,"nt":122.732775}
60.0s | {"type":"HB","id":3,"x":30,"y":30,"temp":26,"t":121,"ms":121000,"st":"ALIVE","fake":0,"nt":123.248991}
60.6s | {"type":"HB","id":2,"x":30,"y":30,"temp":28,"t":786,"ms":786000,"st":"ALIVE","fake":0,"nt":123.732764}
60.6s | {"type":"HB","id":1,"x":30,"y":30,"temp":30.5,"t":6,"ms":6000,"st":"ALIVE","fake":0,"nt":6.000112}
60.6s | {"type":"HB","id":99,"x":30,"y":30,"temp":27,"t":118,"ms":118000,"st":"ALIVE","fake":0,"nt":123.893555}
61.1s | {"type":"HB","id":3,"x":30,"y":30,"temp":26,"t":122,"ms":122000,"st":"ALIVE","fake":0,"nt":124.24899}
61.6s | {"type":"HB","id":1,"x":30,"y":30,"temp":30.5,"t":7,"ms":7000,"st":"ALIVE","fake":0,"nt":124.810392}
61.6s | {"type":"HB","id":2,"x":30,"y":30,"temp":28,"t":787,"ms":787000,"st":"ALIVE","fake":0,"nt":124.732759}
61.6s | {"type":"HB","id":99,"x":30,"y":30,"temp":27,"t":119,"ms":119000,"st":"ALIVE","fake":0,"nt":124.893572}
62.0s | {"type":"HB","id":3,"x":30,"y":30,"temp":26,"t":123,"ms":123000,"st":"ALIVE","fake":0,"nt":125.248945}
62.6s | {"type":"HB","id":1,"x":30,"y":30,"temp":30.5,"t":8,"ms":8000,"st":"ALIVE","fake":0,"nt":125.810422}
62.6s | {"type":"HB","id":2,"x":30,"y":30,"temp":28,"t":788,"ms":788000,"st":"ALIVE","fake":0,"nt":125.732793}
62.6s | {"type":"HB","id":99,"x":30,"y":30,"temp":27,"t":120,"ms":120000,"st":"ALIVE","fake":0,"nt":125.893537}
63.0s | {"type":"HB","id":3,"x":30,"y":30,"temp":26,"t":124,"ms":124000,"st":"ALIVE","fake":0,"nt":126.248994}
63.4s | {"type":"TOPO","ms":120735,"mid":3179103441,"n_peers":3,"sub":{"nodeId":3179103441,"subs":[{"nodeId":219922329,"subs":[{"nodeId":3179098605}]},{"nodeId":3179104773}]}}
63.6s | {"type":"HB","id":1,"x":30,"y":30,"temp":30.5,"t":9,"ms":9000,"st":"ALIVE","fake":0,"nt":126.810379}
63.6s | {"type":"HB","id":2,"x":30,"y":30,"temp":28,"t":789,"ms":789000,"st":"ALIVE","fake":0,"nt":126.732784}
63.6s | {"type":"HB","id":99,"x":30,"y":30,"temp":27,"t":121,"ms":121000,"st":"ALIVE","fake":0,"nt":126.893495}
64.0s | {"type":"HB","id":3,"x":30,"y":30,"temp":26,"t":125,"ms":125000,"st":"ALIVE","fake":0,"nt":127.248983}
64.6s | {"type":"HB","id":1,"x":30,"y":30,"temp":31,"t":10,"ms":10000,"st":"ALIVE","fake":0,"nt":127.81039}
64.6s | {"type":"HB","id":2,"x":30,"y":30,"temp":28,"t":790,"ms":790000,"st":"ALIVE","fake":0,"nt":127.732764}
64.6s | {"type":"HB","id":99,"x":30,"y":30,"temp":27,"t":122,"ms":122000,"st":"ALIVE","fake":0,"nt":127.893495}
65.1s | {"type":"HB","id":3,"x":30,"y":30,"temp":26,"t":126,"ms":126000,"st":"ALIVE","fake":0,"nt":128.24894}
65.5s | {"type":"HB","id":1,"x":30,"y":30,"temp":30.5,"t":11,"ms":11000,"st":"ALIVE","fake":0,"nt":128.810412}
65.6s | {"type":"HB","id":2,"x":30,"y":30,"temp":28,"t":791,"ms":791000,"st":"ALIVE","fake":0,"nt":128.732778}
65.6s | {"type":"HB","id":99,"x":30,"y":30,"temp":27,"t":123,"ms":123000,"st":"ALIVE","fake":0,"nt":128.893564}
66.0s | {"type":"HB","id":3,"x":30,"y":30,"temp":26,"t":127,"ms":127000,"st":"ALIVE","fake":0,"nt":129.248995}
66.6s | {"type":"HB","id":1,"x":30,"y":30,"temp":30.5,"t":12,"ms":12000,"st":"ALIVE","fake":0,"nt":129.810379}
66.6s | {"type":"HB","id":2,"x":30,"y":30,"temp":28,"t":792,"ms":792000,"st":"ALIVE","fake":0,"nt":129.732778}
66.6s | {"type":"HB","id":99,"x":30,"y":30,"temp":27,"t":124,"ms":124000,"st":"ALIVE","fake":0,"nt":129.89351}
67.0s | {"type":"HB","id":3,"x":30,"y":30,"temp":26,"t":128,"ms":128000,"st":"ALIVE","fake":0,"nt":130.249}
67.5s | {"type":"HB","id":1,"x":30,"y":30,"temp":30.5,"t":13,"ms":13000,"st":"ALIVE","fake":0,"nt":130.810401}
67.5s | {"type":"HB","id":2,"x":30,"y":30,"temp":28,"t":793,"ms":793000,"st":"ALIVE","fake":0,"nt":130.732784}
67.6s | {"type":"HB","id":99,"x":30,"y":30,"temp":27,"t":125,"ms":125000,"st":"ALIVE","fake":0,"nt":130.893534}
68.0s | {"type":"HB","id":3,"x":30,"y":30,"temp":26,"t":129,"ms":129000,"st":"ALIVE","fake":0,"nt":131.248973}
68.4s | {"type":"TOPO","ms":125735,"mid":3179103441,"n_peers":3,"sub":{"nodeId":3179103441,"subs":[{"nodeId":219922329,"subs":[{"nodeId":3179098605}]},{"nodeId":3179104773}]}}
68.5s | {"type":"HB","id":1,"x":30,"y":30,"temp":30.5,"t":14,"ms":14000,"st":"ALIVE","fake":0,"nt":131.810407}
68.6s | {"type":"HB","id":2,"x":30,"y":30,"temp":28,"t":794,"ms":794000,"st":"ALIVE","fake":0,"nt":131.732775}
68.6s | {"type":"HB","id":99,"x":30,"y":30,"temp":27,"t":126,"ms":126000,"st":"ALIVE","fake":0,"nt":131.893504}
69.1s | {"type":"HB","id":3,"x":30,"y":30,"temp":26,"t":130,"ms":130000,"st":"ALIVE","fake":0,"nt":132.248972}
69.6s | {"type":"HB","id":1,"x":30,"y":30,"temp":30.5,"t":15,"ms":15000,"st":"ALIVE","fake":0,"nt":132.810379}
69.6s | {"type":"HB","id":2,"x":30,"y":30,"temp":28,"t":795,"ms":795000,"st":"ALIVE","fake":0,"nt":132.732757}
69.6s | {"type":"HB","id":99,"x":30,"y":30,"temp":27,"t":127,"ms":127000,"st":"ALIVE","fake":0,"nt":132.893558}
70.0s | {"type":"HB","id":3,"x":30,"y":30,"temp":26,"t":131,"ms":131000,"st":"ALIVE","fake":0,"nt":133.248966}
70.6s | {"type":"HB","id":1,"x":30,"y":30,"temp":30.5,"t":16,"ms":16000,"st":"ALIVE","fake":0,"nt":133.810384}
70.6s | {"type":"HB","id":2,"x":30,"y":30,"temp":28,"t":796,"ms":796000,"st":"ALIVE","fake":0,"nt":133.732787}
70.6s | {"type":"HB","id":99,"x":30,"y":30,"temp":27,"t":128,"ms":128000,"st":"ALIVE","fake":0,"nt":133.893527}
71.0s | {"type":"HB","id":3,"x":30,"y":30,"temp":26,"t":132,"ms":132000,"st":"ALIVE","fake":0,"nt":134.248969}
71.6s | {"type":"HB","id":1,"x":30,"y":30,"temp":30.5,"t":17,"ms":17000,"st":"ALIVE","fake":0,"nt":134.810412}
71.6s | {"type":"HB","id":2,"x":30,"y":30,"temp":28,"t":797,"ms":797000,"st":"ALIVE","fake":0,"nt":134.732797}
71.6s | {"type":"HB","id":99,"x":30,"y":30,"temp":27,"t":129,"ms":129000,"st":"ALIVE","fake":0,"nt":134.89349}
72.0s | {"type":"HB","id":3,"x":30,"y":30,"temp":26,"t":133,"ms":133000,"st":"ALIVE","fake":0,"nt":135.248935}
72.6s | {"type":"HB","id":1,"x":30,"y":30,"temp":30.5,"t":18,"ms":18000,"st":"ALIVE","fake":0,"nt":135.810419}
72.6s | {"type":"HB","id":2,"x":30,"y":30,"temp":28,"t":798,"ms":798000,"st":"ALIVE","fake":0,"nt":135.732797}
72.6s | {"type":"HB","id":99,"x":30,"y":30,"temp":27,"t":130,"ms":130000,"st":"ALIVE","fake":0,"nt":135.893505}
73.0s | {"type":"HB","id":3,"x":30,"y":30,"temp":26,"t":134,"ms":134000,"st":"ALIVE","fake":0,"nt":136.248955}
73.4s | {"type":"TOPO","ms":130735,"mid":3179103441,"n_peers":3,"sub":{"nodeId":3179103441,"subs":[{"nodeId":219922329,"subs":[{"nodeId":3179098605}]},{"nodeId":3179104773}]}}
73.5s | {"type":"HB","id":1,"x":30,"y":30,"temp":30.5,"t":19,"ms":19000,"st":"ALIVE","fake":0,"nt":136.810424}
73.6s | {"type":"HB","id":2,"x":30,"y":30,"temp":28,"t":799,"ms":799000,"st":"ALIVE","fake":0,"nt":136.732797}
73.6s | {"type":"HB","id":99,"x":30,"y":30,"temp":27,"t":131,"ms":131000,"st":"ALIVE","fake":0,"nt":136.893524}
74.1s | {"type":"HB","id":3,"x":30,"y":30,"temp":26,"t":135,"ms":135000,"st":"ALIVE","fake":0,"nt":137.249003}
74.6s | {"type":"HB","id":1,"x":30,"y":30,"temp":30.5,"t":20,"ms":20000,"st":"ALIVE","fake":0,"nt":137.810402}
74.6s | {"type":"HB","id":2,"x":30,"y":30,"temp":28,"t":800,"ms":800000,"st":"ALIVE","fake":0,"nt":137.732773}
74.6s | {"type":"HB","id":99,"x":30,"y":30,"temp":27,"t":132,"ms":132000,"st":"ALIVE","fake":0,"nt":137.893545}
75.0s | {"type":"HB","id":3,"x":30,"y":30,"temp":26,"t":136,"ms":136000,"st":"ALIVE","fake":0,"nt":138.248952}
75.6s | {"type":"HB","id":2,"x":30,"y":30,"temp":28,"t":801,"ms":801000,"st":"ALIVE","fake":0,"nt":138.732764}
75.6s | {"type":"HB","id":99,"x":30,"y":30,"temp":27,"t":133,"ms":133000,"st":"ALIVE","fake":0,"nt":138.893526}
76.0s | {"type":"HB","id":3,"x":30,"y":30,"temp":26,"t":137,"ms":137000,"st":"ALIVE","fake":0,"nt":139.248997}
76.6s | {"type":"HB","id":99,"x":30,"y":30,"temp":27,"t":134,"ms":134000,"st":"ALIVE","fake":0,"nt":139.893526}
76.6s | {"type":"HB","id":2,"x":30,"y":30,"temp":28,"t":802,"ms":802000,"st":"ALIVE","fake":0,"nt":139.732797}
77.0s | {"type":"HB","id":3,"x":30,"y":30,"temp":26,"t":138,"ms":138000,"st":"ALIVE","fake":0,"nt":140.248962}
77.6s | {"type":"DV","suspect":1,"observer":99,"last_temp":30.5,"t":134.929,"fake":0,"nt":140.822534}
77.6s | {"type":"HB","id":2,"x":30,"y":30,"temp":28,"t":803,"ms":803000,"st":"ALIVE","fake":0,"nt":140.732785}
77.6s | {"type":"DV","suspect":1,"observer":3,"last_temp":30.5,"t":138.578,"fake":0,"nt":140.827335}
77.6s | {"type":"HB","id":99,"x":30,"y":30,"temp":27,"t":135,"ms":135000,"st":"ALIVE","fake":0,"nt":140.893555}
78.1s | {"type":"HB","id":3,"x":30,"y":30,"temp":26,"t":139,"ms":139000,"st":"ALIVE","fake":0,"nt":141.248986}
78.4s | {"type":"TOPO","ms":135735,"mid":3179103441,"n_peers":3,"sub":{"nodeId":3179103441,"subs":[{"nodeId":219922329,"subs":[{"nodeId":3179098605}]},{"nodeId":3179104773}]}}
78.6s | {"type":"HB","id":2,"x":30,"y":30,"temp":28,"t":804,"ms":804000,"st":"ALIVE","fake":0,"nt":141.732779}
78.6s | {"type":"HB","id":99,"x":30,"y":30,"temp":27,"t":136,"ms":136000,"st":"ALIVE","fake":0,"nt":141.893497}
79.0s | {"type":"HB","id":3,"x":30,"y":30,"temp":26,"t":140,"ms":140000,"st":"ALIVE","fake":0,"nt":142.248968}
79.6s | {"type":"HB","id":2,"x":30,"y":30,"temp":28,"t":805,"ms":805000,"st":"ALIVE","fake":0,"nt":142.732794}
79.6s | {"type":"HB","id":99,"x":30,"y":30,"temp":27,"t":137,"ms":137000,"st":"ALIVE","fake":0,"nt":142.89351}
80.0s | {"type":"HB","id":3,"x":30,"y":30,"temp":26,"t":141,"ms":141000,"st":"ALIVE","fake":0,"nt":143.248973}
80.6s | {"type":"HB","id":99,"x":30,"y":30,"temp":27,"t":138,"ms":138000,"st":"ALIVE","fake":0,"nt":143.89352}
80.6s | {"type":"HB","id":2,"x":30,"y":30,"temp":28,"t":806,"ms":806000,"st":"ALIVE","fake":0,"nt":143.732804}
81.0s | {"type":"HB","id":3,"x":30,"y":30,"temp":26,"t":142,"ms":142000,"st":"ALIVE","fake":0,"nt":144.248991}
81.6s | {"type":"HB","id":99,"x":30,"y":30,"temp":27,"t":139,"ms":139000,"st":"ALIVE","fake":0,"nt":144.893553}
81.6s | {"type":"HB","id":2,"x":30,"y":30,"temp":28,"t":807,"ms":807000,"st":"ALIVE","fake":0,"nt":144.732778}
82.1s | {"type":"HB","id":3,"x":30,"y":30,"temp":26,"t":143,"ms":143000,"st":"ALIVE","fake":0,"nt":145.248995}
82.6s | {"type":"HB","id":2,"x":30,"y":30,"temp":28,"t":808,"ms":808000,"st":"ALIVE","fake":0,"nt":145.73277}
82.6s | {"type":"HB","id":99,"x":30,"y":30,"temp":27,"t":140,"ms":140000,"st":"ALIVE","fake":0,"nt":145.893554}
83.0s | {"type":"HB","id":3,"x":30,"y":30,"temp":26,"t":144,"ms":144000,"st":"ALIVE","fake":0,"nt":146.248932}
83.4s | {"type":"TOPO","ms":140735,"mid":3179103441,"n_peers":3,"sub":{"nodeId":3179103441,"subs":[{"nodeId":219922329,"subs":[{"nodeId":3179098605}]},{"nodeId":3179104773}]}}
83.6s | {"type":"HB","id":2,"x":30,"y":30,"temp":28,"t":809,"ms":809000,"st":"ALIVE","fake":0,"nt":146.732785}
83.6s | {"type":"HB","id":99,"x":30,"y":30,"temp":27,"t":141,"ms":141000,"st":"ALIVE","fake":0,"nt":146.89351}
84.0s | {"type":"HB","id":3,"x":30,"y":30,"temp":26,"t":145,"ms":145000,"st":"ALIVE","fake":0,"nt":147.248996}
84.6s | {"type":"HB","id":99,"x":30,"y":30,"temp":27,"t":142,"ms":142000,"st":"ALIVE","fake":0,"nt":147.893502}
84.6s | {"type":"HB","id":2,"x":30,"y":30,"temp":28,"t":810,"ms":810000,"st":"ALIVE","fake":0,"nt":147.732788}
85.0s | {"type":"HB","id":3,"x":30,"y":30,"temp":26,"t":146,"ms":146000,"st":"ALIVE","fake":0,"nt":148.248974}
85.6s | {"type":"HB","id":99,"x":30,"y":30,"temp":27,"t":143,"ms":143000,"st":"ALIVE","fake":0,"nt":148.893492}
85.6s | {"type":"HB","id":2,"x":30,"y":30,"temp":28,"t":811,"ms":811000,"st":"ALIVE","fake":0,"nt":148.73277}
86.1s | {"type":"HB","id":3,"x":30,"y":30,"temp":26,"t":147,"ms":147000,"st":"ALIVE","fake":0,"nt":149.248988}
86.6s | {"type":"HB","id":2,"x":30,"y":30,"temp":28,"t":812,"ms":812000,"st":"ALIVE","fake":0,"nt":149.732792}
86.6s | {"type":"HB","id":99,"x":30,"y":30,"temp":27,"t":144,"ms":144000,"st":"ALIVE","fake":0,"nt":149.893494}
87.1s | {"type":"HB","id":3,"x":30,"y":30,"temp":26,"t":148,"ms":148000,"st":"ALIVE","fake":0,"nt":150.248994}
87.6s | {"type":"HB","id":2,"x":30,"y":30,"temp":28,"t":813,"ms":813000,"st":"ALIVE","fake":0,"nt":150.732804}
87.6s | {"type":"HB","id":99,"x":30,"y":30,"temp":27,"t":145,"ms":145000,"st":"ALIVE","fake":0,"nt":150.8935}
88.0s | {"type":"HB","id":3,"x":30,"y":30,"temp":26,"t":149,"ms":149000,"st":"ALIVE","fake":0,"nt":151.249004}
88.4s | {"type":"TOPO","ms":145735,"mid":3179103441,"n_peers":3,"sub":{"nodeId":3179103441,"subs":[{"nodeId":219922329,"subs":[{"nodeId":3179098605}]},{"nodeId":3179104773}]}}
88.6s | {"type":"HB","id":99,"x":30,"y":30,"temp":27,"t":146,"ms":146000,"st":"ALIVE","fake":0,"nt":151.893559}
88.6s | {"type":"HB","id":2,"x":30,"y":30,"temp":28,"t":814,"ms":814000,"st":"ALIVE","fake":0,"nt":151.732775}
89.0s | {"type":"HB","id":3,"x":30,"y":30,"temp":26,"t":150,"ms":150000,"st":"ALIVE","fake":0,"nt":152.24893}
89.6s | {"type":"HB","id":99,"x":30,"y":30,"temp":27,"t":147,"ms":147000,"st":"ALIVE","fake":0,"nt":152.893577}
89.6s | {"type":"HB","id":2,"x":30,"y":30,"temp":28,"t":815,"ms":815000,"st":"ALIVE","fake":0,"nt":152.73277}
90.0s | {"type":"HB","id":3,"x":30,"y":30,"temp":26,"t":151,"ms":151000,"st":"ALIVE","fake":0,"nt":153.249002}
90.3s | {"type":"HB","id":1,"x":30,"y":30,"temp":30.5,"t":6,"ms":6000,"st":"ALIVE","fake":0,"nt":153.603423}
90.6s | {"type":"HB","id":2,"x":30,"y":30,"temp":28,"t":816,"ms":816000,"st":"ALIVE","fake":0,"nt":153.73276}
90.6s | {"type":"HB","id":99,"x":30,"y":30,"temp":27,"t":148,"ms":148000,"st":"ALIVE","fake":0,"nt":153.893501}
91.1s | {"type":"HB","id":3,"x":30,"y":30,"temp":26,"t":152,"ms":152000,"st":"ALIVE","fake":0,"nt":154.248956}
91.3s | {"type":"HB","id":1,"x":30,"y":30,"temp":30.5,"t":7,"ms":7000,"st":"ALIVE","fake":0,"nt":154.603435}
91.6s | {"type":"HB","id":2,"x":30,"y":30,"temp":28,"t":817,"ms":817000,"st":"ALIVE","fake":0,"nt":154.732808}
91.6s | {"type":"HB","id":99,"x":30,"y":30,"temp":27,"t":149,"ms":149000,"st":"ALIVE","fake":0,"nt":154.89353}
92.0s | {"type":"HB","id":3,"x":30,"y":30,"temp":26,"t":153,"ms":153000,"st":"ALIVE","fake":0,"nt":155.248987}
92.3s | {"type":"HB","id":1,"x":30,"y":30,"temp":30.5,"t":8,"ms":8000,"st":"ALIVE","fake":0,"nt":155.603437}
92.6s | {"type":"HB","id":2,"x":30,"y":30,"temp":28,"t":818,"ms":818000,"st":"ALIVE","fake":0,"nt":155.732762}
92.6s | {"type":"HB","id":99,"x":30,"y":30,"temp":27,"t":150,"ms":150000,"st":"ALIVE","fake":0,"nt":155.893544}
93.0s | {"type":"HB","id":3,"x":30,"y":30,"temp":26,"t":154,"ms":154000,"st":"ALIVE","fake":0,"nt":156.248931}
93.3s | {"type":"HB","id":1,"x":30,"y":30,"temp":30.5,"t":9,"ms":9000,"st":"ALIVE","fake":0,"nt":156.603433}
93.4s | {"type":"TOPO","ms":150735,"mid":3179103441,"n_peers":3,"sub":{"nodeId":3179103441,"subs":[{"nodeId":219922329,"subs":[{"nodeId":3179098605}]},{"nodeId":3179104773}]}}
93.6s | {"type":"HB","id":99,"x":30,"y":30,"temp":27,"t":151,"ms":151000,"st":"ALIVE","fake":0,"nt":156.893542}
93.6s | {"type":"HB","id":2,"x":30,"y":30,"temp":28,"t":819,"ms":819000,"st":"ALIVE","fake":0,"nt":156.732764}
94.0s | {"type":"HB","id":3,"x":30,"y":30,"temp":26,"t":155,"ms":155000,"st":"ALIVE","fake":0,"nt":157.248938}
94.3s | {"type":"HB","id":1,"x":30,"y":30,"temp":30.5,"t":10,"ms":10000,"st":"ALIVE","fake":0,"nt":157.603417}
94.6s | {"type":"HB","id":2,"x":30,"y":30,"temp":28,"t":820,"ms":820000,"st":"ALIVE","fake":0,"nt":157.732764}
94.6s | {"type":"HB","id":99,"x":30,"y":30,"temp":27,"t":152,"ms":152000,"st":"ALIVE","fake":0,"nt":157.893565}
95.1s | {"type":"HB","id":3,"x":30,"y":30,"temp":26,"t":156,"ms":156000,"st":"ALIVE","fake":0,"nt":158.249004}
95.4s | {"type":"HB","id":1,"x":30,"y":30,"temp":30.5,"t":11,"ms":11000,"st":"ALIVE","fake":0,"nt":158.603411}
95.6s | {"type":"HB","id":2,"x":30,"y":30,"temp":28,"t":821,"ms":821000,"st":"ALIVE","fake":0,"nt":158.732798}
95.6s | {"type":"HB","id":99,"x":30,"y":30,"temp":27,"t":153,"ms":153000,"st":"ALIVE","fake":0,"nt":158.893528}
96.0s | {"type":"HB","id":3,"x":30,"y":30,"temp":26,"t":157,"ms":157000,"st":"ALIVE","fake":0,"nt":159.248929}
96.3s | {"type":"HB","id":1,"x":30,"y":30,"temp":30.5,"t":12,"ms":12000,"st":"ALIVE","fake":0,"nt":159.603446}
96.6s | {"type":"HB","id":2,"x":30,"y":30,"temp":28,"t":822,"ms":822000,"st":"ALIVE","fake":0,"nt":159.732764}
96.6s | {"type":"HB","id":99,"x":30,"y":30,"temp":27,"t":154,"ms":154000,"st":"ALIVE","fake":0,"nt":159.893514}
97.0s | {"type":"HB","id":3,"x":30,"y":30,"temp":26,"t":158,"ms":158000,"st":"ALIVE","fake":0,"nt":160.249002}
97.3s | {"type":"HB","id":1,"x":30,"y":30,"temp":30.5,"t":13,"ms":13000,"st":"ALIVE","fake":0,"nt":160.603413}
97.5s | {"type":"HB","id":2,"x":30,"y":30,"temp":28,"t":823,"ms":823000,"st":"ALIVE","fake":0,"nt":160.732808}
97.6s | {"type":"HB","id":99,"x":30,"y":30,"temp":27,"t":155,"ms":155000,"st":"ALIVE","fake":0,"nt":160.893501}
98.0s | {"type":"HB","id":3,"x":30,"y":30,"temp":26,"t":159,"ms":159000,"st":"ALIVE","fake":0,"nt":161.248952}
98.3s | {"type":"HB","id":1,"x":30,"y":30,"temp":30.5,"t":14,"ms":14000,"st":"ALIVE","fake":0,"nt":161.603421}
98.4s | {"type":"TOPO","ms":155735,"mid":3179103441,"n_peers":3,"sub":{"nodeId":3179103441,"subs":[{"nodeId":219922329,"subs":[{"nodeId":3179098605}]},{"nodeId":3179104773}]}}
98.6s | {"type":"HB","id":99,"x":30,"y":30,"temp":27,"t":156,"ms":156000,"st":"ALIVE","fake":0,"nt":161.8935}
98.6s | {"type":"HB","id":2,"x":30,"y":30,"temp":28,"t":824,"ms":824000,"st":"ALIVE","fake":0,"nt":161.732824}
99.1s | {"type":"HB","id":3,"x":30,"y":30,"temp":26,"t":160,"ms":160000,"st":"ALIVE","fake":0,"nt":162.248927}
99.3s | {"type":"HB","id":1,"x":30,"y":30,"temp":30.5,"t":15,"ms":15000,"st":"ALIVE","fake":0,"nt":162.603422}
99.6s | {"type":"HB","id":2,"x":30,"y":30,"temp":28,"t":825,"ms":825000,"st":"ALIVE","fake":0,"nt":162.732796}
99.6s | {"type":"HB","id":99,"x":30,"y":30,"temp":27,"t":157,"ms":157000,"st":"ALIVE","fake":0,"nt":162.89356}
100.2s | {"type":"HB","id":3,"x":30,"y":30,"temp":26,"t":161,"ms":161000,"st":"ALIVE","fake":0,"nt":163.249007}
100.3s | {"type":"HB","id":1,"x":30,"y":30,"temp":30.5,"t":16,"ms":16000,"st":"ALIVE","fake":0,"nt":163.603435}
100.6s | {"type":"HB","id":2,"x":30,"y":30,"temp":28,"t":826,"ms":826000,"st":"ALIVE","fake":0,"nt":163.732803}
100.6s | {"type":"HB","id":99,"x":30,"y":30,"temp":27,"t":158,"ms":158000,"st":"ALIVE","fake":0,"nt":163.893521}
101.0s | {"type":"HB","id":3,"x":30,"y":30,"temp":26,"t":162,"ms":162000,"st":"ALIVE","fake":0,"nt":164.248946}
101.3s | {"type":"HB","id":1,"x":30,"y":30,"temp":30.5,"t":17,"ms":17000,"st":"ALIVE","fake":0,"nt":164.603414}
101.6s | {"type":"HB","id":99,"x":30,"y":30,"temp":27,"t":159,"ms":159000,"st":"ALIVE","fake":0,"nt":164.893511}
101.6s | {"type":"HB","id":2,"x":30,"y":30,"temp":28,"t":827,"ms":827000,"st":"ALIVE","fake":0,"nt":164.732795}
102.0s | {"type":"HB","id":3,"x":30,"y":30,"temp":26,"t":163,"ms":163000,"st":"ALIVE","fake":0,"nt":165.248974}
102.3s | {"type":"HB","id":1,"x":30,"y":30,"temp":30.5,"t":18,"ms":18000,"st":"ALIVE","fake":0,"nt":165.60345}
102.6s | {"type":"HB","id":99,"x":30,"y":30,"temp":27,"t":160,"ms":160000,"st":"ALIVE","fake":0,"nt":165.893571}
102.6s | {"type":"HB","id":2,"x":30,"y":30,"temp":28,"t":828,"ms":828000,"st":"ALIVE","fake":0,"nt":165.732787}
103.0s | {"type":"HB","id":3,"x":30,"y":30,"temp":26,"t":164,"ms":164000,"st":"ALIVE","fake":0,"nt":166.248951}
103.3s | {"type":"HB","id":1,"x":30,"y":30,"temp":30.5,"t":19,"ms":19000,"st":"ALIVE","fake":0,"nt":166.603426}
103.4s | {"type":"TOPO","ms":160735,"mid":3179103441,"n_peers":3,"sub":{"nodeId":3179103441,"subs":[{"nodeId":219922329,"subs":[{"nodeId":3179098605}]},{"nodeId":3179104773}]}}
103.6s | {"type":"HB","id":2,"x":30,"y":30,"temp":28,"t":829,"ms":829000,"st":"ALIVE","fake":0,"nt":166.732786}
103.6s | {"type":"HB","id":99,"x":30,"y":30,"temp":27,"t":161,"ms":161000,"st":"ALIVE","fake":0,"nt":166.893506}
104.1s | {"type":"HB","id":3,"x":30,"y":30,"temp":26,"t":165,"ms":165000,"st":"ALIVE","fake":0,"nt":167.25008}
104.3s | {"type":"HB","id":1,"x":30,"y":30,"temp":30.5,"t":20,"ms":20000,"st":"ALIVE","fake":0,"nt":167.603451}
104.6s | {"type":"HB","id":2,"x":30,"y":30,"temp":28,"t":830,"ms":830000,"st":"ALIVE","fake":0,"nt":167.732755}
104.6s | {"type":"HB","id":99,"x":30,"y":30,"temp":27,"t":162,"ms":162000,"st":"ALIVE","fake":0,"nt":167.893539}
105.0s | {"type":"HB","id":3,"x":30,"y":30,"temp":26,"t":166,"ms":166000,"st":"ALIVE","fake":0,"nt":168.249118}
105.3s | {"type":"HB","id":1,"x":30,"y":30,"temp":30.5,"t":21,"ms":21000,"st":"ALIVE","fake":0,"nt":168.603423}
105.6s | {"type":"HB","id":2,"x":30,"y":30,"temp":28,"t":831,"ms":831000,"st":"ALIVE","fake":0,"nt":168.732759}
105.6s | {"type":"HB","id":99,"x":30,"y":30,"temp":27,"t":163,"ms":163000,"st":"ALIVE","fake":0,"nt":168.893525}
106.0s | {"type":"HB","id":3,"x":30,"y":30,"temp":26,"t":167,"ms":167000,"st":"ALIVE","fake":0,"nt":169.249144}
106.3s | {"type":"HB","id":1,"x":30,"y":30,"temp":30.5,"t":22,"ms":22000,"st":"ALIVE","fake":0,"nt":169.603424}
106.6s | {"type":"HB","id":99,"x":30,"y":30,"temp":27,"t":164,"ms":164000,"st":"ALIVE","fake":0,"nt":169.893507}
106.6s | {"type":"HB","id":2,"x":30,"y":30,"temp":28,"t":832,"ms":832000,"st":"ALIVE","fake":0,"nt":169.732758}
107.0s | {"type":"HB","id":3,"x":30,"y":30,"temp":26,"t":168,"ms":168000,"st":"ALIVE","fake":0,"nt":170.24912}
107.3s | {"type":"HB","id":1,"x":30,"y":30,"temp":30.5,"t":23,"ms":23000,"st":"ALIVE","fake":0,"nt":170.60345}
107.6s | {"type":"HB","id":2,"x":30,"y":30,"temp":28,"t":833,"ms":833000,"st":"ALIVE","fake":0,"nt":170.732737}
107.6s | {"type":"HB","id":99,"x":30,"y":30,"temp":27,"t":165,"ms":165000,"st":"ALIVE","fake":0,"nt":170.893564}
108.1s | {"type":"HB","id":3,"x":30,"y":30,"temp":26,"t":169,"ms":169000,"st":"ALIVE","fake":0,"nt":171.249127}
108.4s | {"type":"HB","id":1,"x":30,"y":30,"temp":30.5,"t":24,"ms":24000,"st":"ALIVE","fake":0,"nt":171.603451}
108.4s | {"type":"TOPO","ms":165735,"mid":3179103441,"n_peers":3,"sub":{"nodeId":3179103441,"subs":[{"nodeId":219922329,"subs":[{"nodeId":3179098605}]},{"nodeId":3179104773}]}}
108.6s | {"type":"HB","id":2,"x":30,"y":30,"temp":28,"t":834,"ms":834000,"st":"ALIVE","fake":0,"nt":171.732737}
108.6s | {"type":"HB","id":99,"x":30,"y":30,"temp":27,"t":166,"ms":166000,"st":"ALIVE","fake":0,"nt":171.893497}
109.0s | {"type":"HB","id":3,"x":30,"y":30,"temp":26,"t":170,"ms":170000,"st":"ALIVE","fake":0,"nt":172.249105}
109.3s | {"type":"HB","id":1,"x":30,"y":30,"temp":30.5,"t":25,"ms":25000,"st":"ALIVE","fake":0,"nt":172.603434}
109.6s | {"type":"HB","id":2,"x":30,"y":30,"temp":28,"t":835,"ms":835000,"st":"ALIVE","fake":0,"nt":172.732782}
109.6s | {"type":"HB","id":99,"x":30,"y":30,"temp":27,"t":167,"ms":167000,"st":"ALIVE","fake":0,"nt":172.893492}
110.0s | {"type":"HB","id":3,"x":30,"y":30,"temp":26,"t":171,"ms":171000,"st":"ALIVE","fake":0,"nt":173.249126}
110.3s | {"type":"HB","id":1,"x":30,"y":30,"temp":30.5,"t":26,"ms":26000,"st":"ALIVE","fake":0,"nt":173.603414}
110.6s | {"type":"HB","id":99,"x":30,"y":30,"temp":27,"t":168,"ms":168000,"st":"ALIVE","fake":0,"nt":173.893521}
110.6s | {"type":"HB","id":2,"x":30,"y":30,"temp":28,"t":836,"ms":836000,"st":"ALIVE","fake":0,"nt":173.732731}
111.1s | {"type":"HB","id":3,"x":30,"y":30,"temp":26,"t":172,"ms":172000,"st":"ALIVE","fake":0,"nt":174.24917}
111.3s | {"type":"HB","id":1,"x":30,"y":30,"temp":30.5,"t":27,"ms":27000,"st":"ALIVE","fake":0,"nt":174.603408}
111.6s | {"type":"HB","id":2,"x":30,"y":30,"temp":28,"t":837,"ms":837000,"st":"ALIVE","fake":0,"nt":174.732775}
111.6s | {"type":"HB","id":99,"x":30,"y":30,"temp":27,"t":169,"ms":169000,"st":"ALIVE","fake":0,"nt":174.893573}
112.1s | {"type":"HB","id":3,"x":30,"y":30,"temp":26,"t":173,"ms":173000,"st":"ALIVE","fake":0,"nt":175.249159}
112.3s | {"type":"HB","id":1,"x":30,"y":30,"temp":30.5,"t":28,"ms":28000,"st":"ALIVE","fake":0,"nt":175.603403}
112.6s | {"type":"HB","id":2,"x":30,"y":30,"temp":28,"t":838,"ms":838000,"st":"ALIVE","fake":0,"nt":175.732746}
112.6s | {"type":"HB","id":99,"x":30,"y":30,"temp":27,"t":170,"ms":170000,"st":"ALIVE","fake":0,"nt":175.893533}
113.0s | {"type":"HB","id":3,"x":30,"y":30,"temp":26,"t":174,"ms":174000,"st":"ALIVE","fake":0,"nt":176.249118}
113.3s | {"type":"HB","id":1,"x":30,"y":30,"temp":30.5,"t":29,"ms":29000,"st":"ALIVE","fake":0,"nt":176.603419}
113.4s | {"type":"TOPO","ms":170735,"mid":3179103441,"n_peers":3,"sub":{"nodeId":3179103441,"subs":[{"nodeId":219922329,"subs":[{"nodeId":3179098605}]},{"nodeId":3179104773}]}}
113.6s | {"type":"HB","id":2,"x":30,"y":30,"temp":28,"t":839,"ms":839000,"st":"ALIVE","fake":0,"nt":176.732733}
113.6s | {"type":"HB","id":99,"x":30,"y":30,"temp":27,"t":171,"ms":171000,"st":"ALIVE","fake":0,"nt":176.893567}
114.0s | {"type":"HB","id":3,"x":30,"y":30,"temp":26,"t":175,"ms":175000,"st":"ALIVE","fake":0,"nt":177.24911}
114.3s | {"type":"HB","id":1,"x":30,"y":30,"temp":30.5,"t":30,"ms":30000,"st":"ALIVE","fake":0,"nt":177.603402}
114.6s | {"type":"HB","id":99,"x":30,"y":30,"temp":27,"t":172,"ms":172000,"st":"ALIVE","fake":0,"nt":177.893545}
114.6s | {"type":"HB","id":2,"x":30,"y":30,"temp":28,"t":840,"ms":840000,"st":"ALIVE","fake":0,"nt":177.732743}
115.0s | {"type":"HB","id":3,"x":30,"y":30,"temp":26,"t":176,"ms":176000,"st":"ALIVE","fake":0,"nt":178.249118}
115.3s | {"type":"HB","id":1,"x":30,"y":30,"temp":30.5,"t":31,"ms":31000,"st":"ALIVE","fake":0,"nt":178.603446}
115.6s | {"type":"HB","id":99,"x":30,"y":30,"temp":27,"t":173,"ms":173000,"st":"ALIVE","fake":0,"nt":178.893568}
115.6s | {"type":"HB","id":2,"x":30,"y":30,"temp":28,"t":841,"ms":841000,"st":"ALIVE","fake":0,"nt":178.732763}
116.1s | {"type":"HB","id":3,"x":30,"y":30,"temp":26,"t":177,"ms":177000,"st":"ALIVE","fake":0,"nt":179.249156}
116.3s | {"type":"HB","id":1,"x":30,"y":30,"temp":30.5,"t":32,"ms":32000,"st":"ALIVE","fake":0,"nt":179.603414}
116.6s | {"type":"HB","id":2,"x":30,"y":30,"temp":28,"t":842,"ms":842000,"st":"ALIVE","fake":0,"nt":179.73278}
116.6s | {"type":"HB","id":99,"x":30,"y":30,"temp":27,"t":174,"ms":174000,"st":"ALIVE","fake":0,"nt":179.893488}
117.0s | {"type":"HB","id":3,"x":30,"y":30,"temp":26,"t":178,"ms":178000,"st":"ALIVE","fake":0,"nt":180.249168}
117.3s | {"type":"HB","id":1,"x":30,"y":30,"temp":30.5,"t":33,"ms":33000,"st":"ALIVE","fake":0,"nt":180.603427}
117.6s | {"type":"HB","id":2,"x":30,"y":30,"temp":28,"t":843,"ms":843000,"st":"ALIVE","fake":0,"nt":180.732764}
117.6s | {"type":"HB","id":99,"x":30,"y":30,"temp":27,"t":175,"ms":175000,"st":"ALIVE","fake":0,"nt":180.893517}
118.0s | {"type":"HB","id":3,"x":30,"y":30,"temp":26,"t":179,"ms":179000,"st":"ALIVE","fake":0,"nt":181.24917}
118.4s | {"type":"TOPO","ms":175735,"mid":3179103441,"n_peers":3,"sub":{"nodeId":3179103441,"subs":[{"nodeId":219922329,"subs":[{"nodeId":3179098605}]},{"nodeId":3179104773}]}}
118.4s | {"type":"HB","id":1,"x":30,"y":30,"temp":30.5,"t":34,"ms":34000,"st":"ALIVE","fake":0,"nt":181.603417}
118.6s | {"type":"HB","id":99,"x":30,"y":30,"temp":27,"t":176,"ms":176000,"st":"ALIVE","fake":0,"nt":181.893549}
118.6s | {"type":"HB","id":2,"x":30,"y":30,"temp":28,"t":844,"ms":844000,"st":"ALIVE","fake":0,"nt":181.73274}
119.0s | {"type":"HB","id":3,"x":30,"y":30,"temp":26,"t":180,"ms":180000,"st":"ALIVE","fake":0,"nt":182.249133}
119.3s | {"type":"HB","id":1,"x":30,"y":30,"temp":30.5,"t":35,"ms":35000,"st":"ALIVE","fake":0,"nt":182.603438}
119.5s | {"type":"HB","id":2,"x":30,"y":30,"temp":28,"t":845,"ms":845000,"st":"ALIVE","fake":0,"nt":182.732778}
119.6s | {"type":"HB","id":99,"x":30,"y":30,"temp":27,"t":177,"ms":177000,"st":"ALIVE","fake":0,"nt":182.893508}
120.1s | {"type":"HB","id":3,"x":30,"y":30,"temp":26,"t":181,"ms":181000,"st":"ALIVE","fake":0,"nt":183.24912}
120.3s | {"type":"HB","id":1,"x":30,"y":30,"temp":30.5,"t":36,"ms":36000,"st":"ALIVE","fake":0,"nt":183.603417}
120.6s | {"type":"HB","id":2,"x":30,"y":30,"temp":28,"t":846,"ms":846000,"st":"ALIVE","fake":0,"nt":183.732762}
120.6s | {"type":"HB","id":99,"x":30,"y":30,"temp":27,"t":178,"ms":178000,"st":"ALIVE","fake":0,"nt":183.89354}
121.1s | {"type":"HB","id":3,"x":30,"y":30,"temp":26,"t":182,"ms":182000,"st":"ALIVE","fake":0,"nt":184.249171}
121.3s | {"type":"HB","id":1,"x":30,"y":30,"temp":30.5,"t":37,"ms":37000,"st":"ALIVE","fake":0,"nt":184.603425}
121.6s | {"type":"HB","id":2,"x":30,"y":30,"temp":28,"t":847,"ms":847000,"st":"ALIVE","fake":0,"nt":184.732735}
121.6s | {"type":"HB","id":99,"x":30,"y":30,"temp":27,"t":179,"ms":179000,"st":"ALIVE","fake":0,"nt":184.893543}
122.0s | {"type":"HB","id":3,"x":30,"y":30,"temp":26,"t":183,"ms":183000,"st":"ALIVE","fake":0,"nt":185.249104}
122.3s | {"type":"HB","id":1,"x":30,"y":30,"temp":30.5,"t":38,"ms":38000,"st":"ALIVE","fake":0,"nt":185.603441}
122.6s | {"type":"HB","id":2,"x":30,"y":30,"temp":28,"t":848,"ms":848000,"st":"ALIVE","fake":0,"nt":185.732766}
122.6s | {"type":"HB","id":99,"x":30,"y":30,"temp":27,"t":180,"ms":180000,"st":"ALIVE","fake":0,"nt":185.89354}
123.0s | {"type":"HB","id":3,"x":30,"y":30,"temp":26,"t":184,"ms":184000,"st":"ALIVE","fake":0,"nt":186.24911}
123.4s | {"type":"HB","id":1,"x":30,"y":30,"temp":30.5,"t":39,"ms":39000,"st":"ALIVE","fake":0,"nt":186.603441}
123.4s | {"type":"TOPO","ms":180735,"mid":3179103441,"n_peers":3,"sub":{"nodeId":3179103441,"subs":[{"nodeId":219922329,"subs":[{"nodeId":3179098605}]},{"nodeId":3179104773}]}}
123.6s | {"type":"HB","id":99,"x":30,"y":30,"temp":27,"t":181,"ms":181000,"st":"ALIVE","fake":0,"nt":186.893515}
123.6s | {"type":"HB","id":2,"x":30,"y":30,"temp":28,"t":849,"ms":849000,"st":"ALIVE","fake":0,"nt":186.732738}
124.0s | {"type":"HB","id":3,"x":30,"y":30,"temp":26,"t":185,"ms":185000,"st":"ALIVE","fake":0,"nt":187.249168}
124.3s | {"type":"HB","id":1,"x":30,"y":30,"temp":30.5,"t":40,"ms":40000,"st":"ALIVE","fake":0,"nt":187.603411}
124.6s | {"type":"HB","id":2,"x":30,"y":30,"temp":28,"t":850,"ms":850000,"st":"ALIVE","fake":0,"nt":187.732768}
124.6s | {"type":"HB","id":99,"x":30,"y":30,"temp":27,"t":182,"ms":182000,"st":"ALIVE","fake":0,"nt":187.893502}
125.1s | {"type":"HB","id":3,"x":30,"y":30,"temp":26,"t":186,"ms":186000,"st":"ALIVE","fake":0,"nt":188.249105}
125.3s | {"type":"HB","id":1,"x":30,"y":30,"temp":30.5,"t":41,"ms":41000,"st":"ALIVE","fake":0,"nt":188.603404}
125.6s | {"type":"HB","id":2,"x":30,"y":30,"temp":28,"t":851,"ms":851000,"st":"ALIVE","fake":0,"nt":188.732768}
125.6s | {"type":"HB","id":99,"x":30,"y":30,"temp":27,"t":183,"ms":183000,"st":"ALIVE","fake":0,"nt":188.893503}
126.0s | {"type":"HB","id":3,"x":30,"y":30,"temp":26,"t":187,"ms":187000,"st":"ALIVE","fake":0,"nt":189.249118}
126.3s | {"type":"HB","id":1,"x":30,"y":30,"temp":30.5,"t":42,"ms":42000,"st":"ALIVE","fake":0,"nt":189.603406}
126.6s | {"type":"HB","id":2,"x":30,"y":30,"temp":28,"t":852,"ms":852000,"st":"ALIVE","fake":0,"nt":189.732732}
126.6s | {"type":"HB","id":99,"x":30,"y":30,"temp":27,"t":184,"ms":184000,"st":"ALIVE","fake":0,"nt":189.893485}
127.0s | {"type":"HB","id":3,"x":30,"y":30,"temp":26,"t":188,"ms":188000,"st":"ALIVE","fake":0,"nt":190.249136}
127.3s | {"type":"HB","id":1,"x":30,"y":30,"temp":30.5,"t":43,"ms":43000,"st":"ALIVE","fake":0,"nt":190.603419}
127.6s | {"type":"HB","id":99,"x":30,"y":30,"temp":27,"t":185,"ms":185000,"st":"ALIVE","fake":0,"nt":190.893513}
127.6s | {"type":"HB","id":2,"x":30,"y":30,"temp":28,"t":853,"ms":853000,"st":"ALIVE","fake":0,"nt":190.732771}
128.0s | {"type":"HB","id":3,"x":30,"y":30,"temp":26,"t":189,"ms":189000,"st":"ALIVE","fake":0,"nt":191.249118}
128.3s | {"type":"HB","id":1,"x":30,"y":30,"temp":30.5,"t":44,"ms":44000,"st":"ALIVE","fake":0,"nt":191.603428}
128.4s | {"type":"TOPO","ms":185735,"mid":3179103441,"n_peers":3,"sub":{"nodeId":3179103441,"subs":[{"nodeId":219922329,"subs":[{"nodeId":3179098605}]},{"nodeId":3179104773}]}}
128.6s | {"type":"HB","id":2,"x":30,"y":30,"temp":28,"t":854,"ms":854000,"st":"ALIVE","fake":0,"nt":191.732781}
128.6s | {"type":"HB","id":99,"x":30,"y":30,"temp":27,"t":186,"ms":186000,"st":"ALIVE","fake":0,"nt":191.893528}
129.1s | {"type":"HB","id":3,"x":30,"y":30,"temp":26,"t":190,"ms":190000,"st":"ALIVE","fake":0,"nt":192.249107}
129.3s | {"type":"HB","id":1,"x":30,"y":30,"temp":30.5,"t":45,"ms":45000,"st":"ALIVE","fake":0,"nt":192.603446}
129.6s | {"type":"HB","id":2,"x":30,"y":30,"temp":28,"t":855,"ms":855000,"st":"ALIVE","fake":0,"nt":192.732749}
129.6s | {"type":"HB","id":99,"x":30,"y":30,"temp":27,"t":187,"ms":187000,"st":"ALIVE","fake":0,"nt":192.893535}
130.0s | {"type":"HB","id":3,"x":30,"y":30,"temp":26,"t":191,"ms":191000,"st":"ALIVE","fake":0,"nt":193.249133}
130.3s | {"type":"HB","id":1,"x":30,"y":30,"temp":30.5,"t":46,"ms":46000,"st":"ALIVE","fake":0,"nt":193.603442}
130.6s | {"type":"HB","id":2,"x":30,"y":30,"temp":28,"t":856,"ms":856000,"st":"ALIVE","fake":0,"nt":193.732775}
130.6s | {"type":"HB","id":99,"x":30,"y":30,"temp":27,"t":188,"ms":188000,"st":"ALIVE","fake":0,"nt":193.893561}
131.0s | {"type":"HB","id":3,"x":30,"y":30,"temp":26,"t":192,"ms":192000,"st":"ALIVE","fake":0,"nt":194.249102}
131.3s | {"type":"HB","id":1,"x":30,"y":30,"temp":30.5,"t":47,"ms":47000,"st":"ALIVE","fake":0,"nt":194.603428}
131.6s | {"type":"HB","id":99,"x":30,"y":30,"temp":27,"t":189,"ms":189000,"st":"ALIVE","fake":0,"nt":194.893602}
131.6s | {"type":"HB","id":2,"x":30,"y":30,"temp":28,"t":857,"ms":857000,"st":"ALIVE","fake":0,"nt":194.732734}
132.0s | {"type":"HB","id":3,"x":30,"y":30,"temp":26,"t":193,"ms":193000,"st":"ALIVE","fake":0,"nt":195.249102}
132.3s | {"type":"HB","id":1,"x":30,"y":30,"temp":30.5,"t":48,"ms":48000,"st":"ALIVE","fake":0,"nt":195.603432}
132.6s | {"type":"HB","id":2,"x":30,"y":30,"temp":28,"t":858,"ms":858000,"st":"ALIVE","fake":0,"nt":195.732773}
132.6s | {"type":"HB","id":99,"x":30,"y":30,"temp":27,"t":190,"ms":190000,"st":"ALIVE","fake":0,"nt":195.893573}
133.0s | {"type":"HB","id":3,"x":30,"y":30,"temp":26,"t":194,"ms":194000,"st":"ALIVE","fake":0,"nt":196.249157}
133.3s | {"type":"HB","id":1,"x":30,"y":30,"temp":30.5,"t":49,"ms":49000,"st":"ALIVE","fake":0,"nt":196.603433}
133.4s | {"type":"TOPO","ms":190735,"mid":3179103441,"n_peers":3,"sub":{"nodeId":3179103441,"subs":[{"nodeId":219922329,"subs":[{"nodeId":3179098605}]},{"nodeId":3179104773}]}}
133.6s | {"type":"HB","id":2,"x":30,"y":30,"temp":28,"t":859,"ms":859000,"st":"ALIVE","fake":0,"nt":196.732741}
133.6s | {"type":"HB","id":99,"x":30,"y":30,"temp":27,"t":191,"ms":191000,"st":"ALIVE","fake":0,"nt":196.893563}
134.0s | {"type":"HB","id":3,"x":30,"y":30,"temp":26,"t":195,"ms":195000,"st":"ALIVE","fake":0,"nt":197.249097}
134.3s | {"type":"HB","id":1,"x":30,"y":30,"temp":30.5,"t":50,"ms":50000,"st":"ALIVE","fake":0,"nt":197.603407}
134.6s | {"type":"HB","id":2,"x":30,"y":30,"temp":28,"t":860,"ms":860000,"st":"ALIVE","fake":0,"nt":197.732766}
134.6s | {"type":"HB","id":99,"x":30,"y":30,"temp":27,"t":192,"ms":192000,"st":"ALIVE","fake":0,"nt":197.893487}
135.0s | {"type":"HB","id":3,"x":30,"y":30,"temp":26,"t":196,"ms":196000,"st":"ALIVE","fake":0,"nt":198.249168}
135.3s | {"type":"HB","id":1,"x":30,"y":30,"temp":30.5,"t":51,"ms":51000,"st":"ALIVE","fake":0,"nt":198.603431}
135.6s | {"type":"HB","id":99,"x":30,"y":30,"temp":27,"t":193,"ms":193000,"st":"ALIVE","fake":0,"nt":198.893602}
135.6s | {"type":"HB","id":2,"x":30,"y":30,"temp":28,"t":861,"ms":861000,"st":"ALIVE","fake":0,"nt":198.732746}
136.0s | {"type":"HB","id":3,"x":30,"y":30,"temp":26,"t":197,"ms":197000,"st":"ALIVE","fake":0,"nt":199.249153}
136.3s | {"type":"HB","id":1,"x":30,"y":30,"temp":30.5,"t":52,"ms":52000,"st":"ALIVE","fake":0,"nt":199.603453}
136.6s | {"type":"HB","id":99,"x":30,"y":30,"temp":27,"t":194,"ms":194000,"st":"ALIVE","fake":0,"nt":199.893549}
136.6s | {"type":"HB","id":2,"x":30,"y":30,"temp":28,"t":862,"ms":862000,"st":"ALIVE","fake":0,"nt":199.732775}
137.0s | {"type":"HB","id":3,"x":30,"y":30,"temp":26,"t":198,"ms":198000,"st":"ALIVE","fake":0,"nt":200.249163}
137.3s | {"type":"HB","id":1,"x":30,"y":30,"temp":30.5,"t":53,"ms":53000,"st":"ALIVE","fake":0,"nt":200.603433}
137.6s | {"type":"HB","id":2,"x":30,"y":30,"temp":28,"t":863,"ms":863000,"st":"ALIVE","fake":0,"nt":200.732778}
137.6s | {"type":"HB","id":99,"x":30,"y":30,"temp":27,"t":195,"ms":195000,"st":"ALIVE","fake":0,"nt":200.893551}
138.1s | {"type":"HB","id":3,"x":30,"y":30,"temp":26,"t":199,"ms":199000,"st":"ALIVE","fake":0,"nt":201.249095}
138.3s | {"type":"HB","id":1,"x":30,"y":30,"temp":30.5,"t":54,"ms":54000,"st":"ALIVE","fake":0,"nt":201.603432}
138.4s | {"type":"TOPO","ms":195735,"mid":3179103441,"n_peers":3,"sub":{"nodeId":3179103441,"subs":[{"nodeId":219922329,"subs":[{"nodeId":3179098605}]},{"nodeId":3179104773}]}}
138.6s | {"type":"HB","id":2,"x":30,"y":30,"temp":28,"t":864,"ms":864000,"st":"ALIVE","fake":0,"nt":201.732772}
138.6s | {"type":"HB","id":99,"x":30,"y":30,"temp":27,"t":196,"ms":196000,"st":"ALIVE","fake":0,"nt":201.893568}
139.0s | {"type":"HB","id":3,"x":30,"y":30,"temp":26,"t":200,"ms":200000,"st":"ALIVE","fake":0,"nt":202.249148}
139.3s | {"type":"HB","id":1,"x":30,"y":30,"temp":30.5,"t":55,"ms":55000,"st":"ALIVE","fake":0,"nt":202.603452}
139.6s | {"type":"HB","id":2,"x":30,"y":30,"temp":28,"t":865,"ms":865000,"st":"ALIVE","fake":0,"nt":202.732735}
139.6s | {"type":"HB","id":99,"x":30,"y":30,"temp":27,"t":197,"ms":197000,"st":"ALIVE","fake":0,"nt":202.893523}
140.0s | {"type":"HB","id":3,"x":30,"y":30,"temp":26,"t":201,"ms":201000,"st":"ALIVE","fake":0,"nt":203.249169}
140.3s | {"type":"HB","id":1,"x":30,"y":30,"temp":30.5,"t":56,"ms":56000,"st":"ALIVE","fake":0,"nt":203.603417}
140.6s | {"type":"HB","id":99,"x":30,"y":30,"temp":27,"t":198,"ms":198000,"st":"ALIVE","fake":0,"nt":203.893529}
140.6s | {"type":"HB","id":2,"x":30,"y":30,"temp":28,"t":866,"ms":866000,"st":"ALIVE","fake":0,"nt":203.732738}
141.0s | {"type":"HB","id":3,"x":30,"y":30,"temp":26,"t":202,"ms":202000,"st":"ALIVE","fake":0,"nt":204.249118}
141.3s | {"type":"HB","id":1,"x":30,"y":30,"temp":30.5,"t":57,"ms":57000,"st":"ALIVE","fake":0,"nt":204.603444}
141.6s | {"type":"HB","id":2,"x":30,"y":30,"temp":28,"t":867,"ms":867000,"st":"ALIVE","fake":0,"nt":204.732737}
141.6s | {"type":"HB","id":99,"x":30,"y":30,"temp":27,"t":199,"ms":199000,"st":"ALIVE","fake":0,"nt":204.893551}
142.1s | {"type":"HB","id":3,"x":30,"y":30,"temp":26,"t":203,"ms":203000,"st":"ALIVE","fake":0,"nt":205.249151}
142.3s | {"type":"HB","id":1,"x":30,"y":30,"temp":30.5,"t":58,"ms":58000,"st":"ALIVE","fake":0,"nt":205.603418}
142.6s | {"type":"HB","id":2,"x":30,"y":30,"temp":28,"t":868,"ms":868000,"st":"ALIVE","fake":0,"nt":205.732775}
142.6s | {"type":"HB","id":99,"x":30,"y":30,"temp":27,"t":200,"ms":200000,"st":"ALIVE","fake":0,"nt":205.893507}
143.0s | {"type":"HB","id":3,"x":30,"y":30,"temp":26,"t":204,"ms":204000,"st":"ALIVE","fake":0,"nt":206.249148}
143.3s | {"type":"HB","id":1,"x":30,"y":30,"temp":30.5,"t":59,"ms":59000,"st":"ALIVE","fake":0,"nt":206.603448}
143.4s | {"type":"TOPO","ms":200735,"mid":3179103441,"n_peers":3,"sub":{"nodeId":3179103441,"subs":[{"nodeId":219922329,"subs":[{"nodeId":3179098605}]},{"nodeId":3179104773}]}}
143.6s | {"type":"HB","id":2,"x":30,"y":30,"temp":28,"t":869,"ms":869000,"st":"ALIVE","fake":0,"nt":206.732766}
143.6s | {"type":"HB","id":99,"x":30,"y":30,"temp":27,"t":201,"ms":201000,"st":"ALIVE","fake":0,"nt":206.893511}
144.0s | {"type":"HB","id":3,"x":30,"y":30,"temp":26,"t":205,"ms":205000,"st":"ALIVE","fake":0,"nt":207.249093}
144.6s | {"type":"HB","id":99,"x":30,"y":30,"temp":27,"t":202,"ms":202000,"st":"ALIVE","fake":0,"nt":207.893548}
144.6s | {"type":"HB","id":2,"x":30,"y":30,"temp":28,"t":870,"ms":870000,"st":"ALIVE","fake":0,"nt":207.732764}
145.0s | {"type":"HB","id":3,"x":30,"y":30,"temp":26,"t":206,"ms":206000,"st":"ALIVE","fake":0,"nt":208.24915}
145.6s | {"type":"HB","id":99,"x":30,"y":30,"temp":27,"t":203,"ms":203000,"st":"ALIVE","fake":0,"nt":208.89356}
145.6s | {"type":"HB","id":2,"x":30,"y":30,"temp":28,"t":871,"ms":871000,"st":"ALIVE","fake":0,"nt":208.732767}
146.1s | {"type":"HB","id":3,"x":30,"y":30,"temp":26,"t":207,"ms":207000,"st":"ALIVE","fake":0,"nt":209.249168}
146.3s | {"type":"DV","suspect":1,"observer":99,"last_temp":30.5,"t":203.715,"fake":0,"nt":209.608516}
146.4s | {"type":"DV","suspect":1,"observer":3,"last_temp":30.5,"t":207.375,"fake":0,"nt":209.624145}
146.6s | {"type":"HB","id":2,"x":30,"y":30,"temp":28,"t":872,"ms":872000,"st":"ALIVE","fake":0,"nt":209.732769}
146.6s | {"type":"HB","id":99,"x":30,"y":30,"temp":27,"t":204,"ms":204000,"st":"ALIVE","fake":0,"nt":209.893537}
147.0s | {"type":"HB","id":3,"x":30,"y":30,"temp":26,"t":208,"ms":208000,"st":"ALIVE","fake":0,"nt":210.249115}
147.6s | {"type":"HB","id":2,"x":30,"y":30,"temp":28,"t":873,"ms":873000,"st":"ALIVE","fake":0,"nt":210.732771}
147.6s | {"type":"HB","id":99,"x":30,"y":30,"temp":27,"t":205,"ms":205000,"st":"ALIVE","fake":0,"nt":210.893507}
148.0s | {"type":"HB","id":3,"x":30,"y":30,"temp":26,"t":209,"ms":209000,"st":"ALIVE","fake":0,"nt":211.249102}
148.4s | {"type":"TOPO","ms":205735,"mid":3179103441,"n_peers":3,"sub":{"nodeId":3179103441,"subs":[{"nodeId":219922329,"subs":[{"nodeId":3179098605}]},{"nodeId":3179104773}]}}
148.6s | {"type":"HB","id":99,"x":30,"y":30,"temp":27,"t":206,"ms":206000,"st":"ALIVE","fake":0,"nt":211.893538}
148.6s | {"type":"HB","id":2,"x":30,"y":30,"temp":28,"t":874,"ms":874000,"st":"ALIVE","fake":0,"nt":211.732759}
149.0s | {"type":"HB","id":3,"x":30,"y":30,"temp":26,"t":210,"ms":210000,"st":"ALIVE","fake":0,"nt":212.249156}
149.6s | {"type":"HB","id":99,"x":30,"y":30,"temp":27,"t":207,"ms":207000,"st":"ALIVE","fake":0,"nt":212.893523}
149.9s | {"type":"HB","id":2,"x":30,"y":30,"temp":28,"t":875,"ms":875000,"st":"ALIVE","fake":0,"nt":212.73278}
150.0s | {"type":"HB","id":3,"x":30,"y":30,"temp":26,"t":211,"ms":211000,"st":"ALIVE","fake":0,"nt":213.249172}
150.5s | {"type":"HB","id":1,"x":30,"y":30,"temp":30.5,"t":6,"ms":6000,"st":"ALIVE","fake":0,"nt":6.000075}
150.5s | {"type":"HB","id":2,"x":30,"y":30,"temp":28,"t":876,"ms":876000,"st":"ALIVE","fake":0,"nt":213.732745}
150.6s | {"type":"HB","id":99,"x":30,"y":30,"temp":27,"t":208,"ms":208000,"st":"ALIVE","fake":0,"nt":213.893509}
151.1s | {"type":"HB","id":3,"x":30,"y":30,"temp":26,"t":212,"ms":212000,"st":"ALIVE","fake":0,"nt":214.249094}
151.5s | {"type":"HB","id":1,"x":30,"y":30,"temp":30.5,"t":7,"ms":7000,"st":"ALIVE","fake":0,"nt":214.800752}
151.5s | {"type":"HB","id":2,"x":30,"y":30,"temp":28,"t":877,"ms":877000,"st":"ALIVE","fake":0,"nt":214.732753}
151.6s | {"type":"HB","id":99,"x":30,"y":30,"temp":27,"t":209,"ms":209000,"st":"ALIVE","fake":0,"nt":214.893514}
152.0s | {"type":"HB","id":3,"x":30,"y":30,"temp":26,"t":213,"ms":213000,"st":"ALIVE","fake":0,"nt":215.249168}
152.5s | {"type":"HB","id":1,"x":30,"y":30,"temp":30.5,"t":8,"ms":8000,"st":"ALIVE","fake":0,"nt":215.8007}
152.5s | {"type":"HB","id":2,"x":30,"y":30,"temp":28,"t":878,"ms":878000,"st":"ALIVE","fake":0,"nt":215.732761}
152.6s | {"type":"HB","id":99,"x":30,"y":30,"temp":27,"t":210,"ms":210000,"st":"ALIVE","fake":0,"nt":215.893535}
153.0s | {"type":"HB","id":3,"x":30,"y":30,"temp":26,"t":214,"ms":214000,"st":"ALIVE","fake":0,"nt":216.249103}
153.4s | {"type":"TOPO","ms":210735,"mid":3179103441,"n_peers":3,"sub":{"nodeId":3179103441,"subs":[{"nodeId":219922329,"subs":[{"nodeId":3179098605}]},{"nodeId":3179104773}]}}
153.5s | {"type":"HB","id":1,"x":30,"y":30,"temp":30.5,"t":9,"ms":9000,"st":"ALIVE","fake":0,"nt":216.8007}
153.6s | {"type":"HB","id":2,"x":30,"y":30,"temp":28,"t":879,"ms":879000,"st":"ALIVE","fake":0,"nt":216.732765}
153.6s | {"type":"HB","id":99,"x":30,"y":30,"temp":27,"t":211,"ms":211000,"st":"ALIVE","fake":0,"nt":216.893492}
154.0s | {"type":"HB","id":3,"x":30,"y":30,"temp":26,"t":215,"ms":215000,"st":"ALIVE","fake":0,"nt":217.249121}
154.6s | {"type":"HB","id":2,"x":30,"y":30,"temp":28,"t":880,"ms":880000,"st":"ALIVE","fake":0,"nt":217.73278}
154.6s | {"type":"HB","id":99,"x":30,"y":30,"temp":27,"t":212,"ms":212000,"st":"ALIVE","fake":0,"nt":217.893612}
155.1s | {"type":"HB","id":3,"x":30,"y":30,"temp":26,"t":216,"ms":216000,"st":"ALIVE","fake":0,"nt":218.249139}
155.6s | {"type":"HB","id":2,"x":30,"y":30,"temp":28,"t":881,"ms":881000,"st":"ALIVE","fake":0,"nt":218.732775}
155.6s | {"type":"HB","id":99,"x":30,"y":30,"temp":27,"t":213,"ms":213000,"st":"ALIVE","fake":0,"nt":218.893569}
156.0s | {"type":"HB","id":3,"x":30,"y":30,"temp":26,"t":217,"ms":217000,"st":"ALIVE","fake":0,"nt":219.249168}
156.5s | {"type":"DV","suspect":1,"observer":99,"last_temp":30.5,"t":213.915,"fake":0,"nt":219.808483}
156.6s | {"type":"HB","id":2,"x":30,"y":30,"temp":28,"t":882,"ms":882000,"st":"ALIVE","fake":0,"nt":219.732738}
156.6s | {"type":"DV","suspect":1,"observer":3,"last_temp":30.5,"t":217.562,"fake":0,"nt":219.811147}
156.6s | {"type":"HB","id":99,"x":30,"y":30,"temp":27,"t":214,"ms":214000,"st":"ALIVE","fake":0,"nt":219.893516}
157.0s | {"type":"HB","id":3,"x":30,"y":30,"temp":26,"t":218,"ms":218000,"st":"ALIVE","fake":0,"nt":220.249165}
157.6s | {"type":"HB","id":99,"x":30,"y":30,"temp":27,"t":215,"ms":215000,"st":"ALIVE","fake":0,"nt":220.8935}
157.6s | {"type":"HB","id":2,"x":30,"y":30,"temp":28,"t":883,"ms":883000,"st":"ALIVE","fake":0,"nt":220.732768}
158.0s | {"type":"HB","id":3,"x":30,"y":30,"temp":26,"t":219,"ms":219000,"st":"ALIVE","fake":0,"nt":221.249097}
158.4s | {"type":"TOPO","ms":215735,"mid":3179103441,"n_peers":3,"sub":{"nodeId":3179103441,"subs":[{"nodeId":219922329,"subs":[{"nodeId":3179098605}]},{"nodeId":3179104773}]}}
158.6s | {"type":"HB","id":2,"x":30,"y":30,"temp":28,"t":884,"ms":884000,"st":"ALIVE","fake":0,"nt":221.732737}
158.6s | {"type":"HB","id":99,"x":30,"y":30,"temp":27,"t":216,"ms":216000,"st":"ALIVE","fake":0,"nt":221.893542}
159.1s | {"type":"HB","id":3,"x":30,"y":30,"temp":26,"t":220,"ms":220000,"st":"ALIVE","fake":0,"nt":222.249139}
159.6s | {"type":"HB","id":2,"x":30,"y":30,"temp":28,"t":885,"ms":885000,"st":"ALIVE","fake":0,"nt":222.732734}
159.6s | {"type":"HB","id":99,"x":30,"y":30,"temp":27,"t":217,"ms":217000,"st":"ALIVE","fake":0,"nt":222.89352}
160.0s | {"type":"HB","id":3,"x":30,"y":30,"temp":26,"t":221,"ms":221000,"st":"ALIVE","fake":0,"nt":223.249104}
160.6s | {"type":"HB","id":2,"x":30,"y":30,"temp":28,"t":886,"ms":886000,"st":"ALIVE","fake":0,"nt":223.732758}
160.6s | {"type":"HB","id":99,"x":30,"y":30,"temp":27,"t":218,"ms":218000,"st":"ALIVE","fake":0,"nt":223.893538}
161.0s | {"type":"HB","id":3,"x":30,"y":30,"temp":26,"t":222,"ms":222000,"st":"ALIVE","fake":0,"nt":224.249121}
161.6s | {"type":"HB","id":1,"x":30,"y":30,"temp":30.5,"t":6,"ms":6000,"st":"ALIVE","fake":0,"nt":6.000102}
161.6s | {"type":"HB","id":2,"x":30,"y":30,"temp":28,"t":887,"ms":887000,"st":"ALIVE","fake":0,"nt":224.732743}
161.6s | {"type":"HB","id":99,"x":30,"y":30,"temp":27,"t":219.008,"ms":219008,"st":"ALIVE","fake":0,"nt":224.902301}
162.0s | {"type":"HB","id":3,"x":30,"y":30,"temp":26,"t":223,"ms":223000,"st":"ALIVE","fake":0,"nt":225.249119}
162.5s | {"type":"HB","id":2,"x":30,"y":30,"temp":28,"t":888,"ms":888000,"st":"ALIVE","fake":0,"nt":225.73273}
162.6s | {"type":"HB","id":1,"x":30,"y":30,"temp":30.5,"t":7,"ms":7000,"st":"ALIVE","fake":0,"nt":7.000071}
162.6s | {"type":"HB","id":99,"x":30,"y":30,"temp":27,"t":220.008,"ms":220008,"st":"ALIVE","fake":0,"nt":225.901536}
163.0s | {"type":"HB","id":3,"x":30,"y":30,"temp":26,"t":224,"ms":224000,"st":"ALIVE","fake":0,"nt":226.249136}
163.4s | {"type":"TOPO","ms":220735,"mid":3179103441,"n_peers":3,"sub":{"nodeId":3179103441,"subs":[{"nodeId":219922329,"subs":[{"nodeId":3179098605}]},{"nodeId":3179104773}]}}
163.6s | {"type":"HB","id":2,"x":30,"y":30,"temp":28,"t":889,"ms":889000,"st":"ALIVE","fake":0,"nt":226.732752}
163.6s | {"type":"HB","id":1,"x":30,"y":30,"temp":30.5,"t":8,"ms":8000,"st":"ALIVE","fake":0,"nt":226.873522}
163.6s | {"type":"HB","id":99,"x":30,"y":30,"temp":27,"t":221.008,"ms":221008,"st":"ALIVE","fake":0,"nt":226.901528}
164.0s | {"type":"HB","id":3,"x":30,"y":30,"temp":26,"t":225,"ms":225000,"st":"ALIVE","fake":0,"nt":227.249111}
164.6s | {"type":"HB","id":2,"x":30,"y":30,"temp":28,"t":890,"ms":890000,"st":"ALIVE","fake":0,"nt":227.731947}
164.6s | {"type":"HB","id":1,"x":30,"y":30,"temp":30.5,"t":9,"ms":9000,"st":"ALIVE","fake":0,"nt":227.875048}
164.6s | {"type":"HB","id":99,"x":30,"y":30,"temp":27,"t":222.008,"ms":222008,"st":"ALIVE","fake":0,"nt":227.901611}
165.0s | {"type":"HB","id":3,"x":30,"y":30,"temp":26,"t":226,"ms":226000,"st":"ALIVE","fake":0,"nt":228.249954}
165.6s | {"type":"HB","id":1,"x":30,"y":30,"temp":30.5,"t":10,"ms":10000,"st":"ALIVE","fake":0,"nt":228.875058}
165.6s | {"type":"HB","id":2,"x":30,"y":30,"temp":28,"t":891,"ms":891000,"st":"ALIVE","fake":0,"nt":228.731985}
165.6s | {"type":"HB","id":99,"x":30,"y":30,"temp":27,"t":223.008,"ms":223008,"st":"ALIVE","fake":0,"nt":228.901509}
166.0s | {"type":"HB","id":3,"x":30,"y":30,"temp":26,"t":227,"ms":227000,"st":"ALIVE","fake":0,"nt":229.249981}
166.5s | {"type":"HB","id":2,"x":30,"y":30,"temp":28,"t":892,"ms":892000,"st":"ALIVE","fake":0,"nt":229.731986}
166.6s | {"type":"HB","id":1,"x":30,"y":30,"temp":30.5,"t":11,"ms":11000,"st":"ALIVE","fake":0,"nt":229.875081}
166.6s | {"type":"HB","id":99,"x":30,"y":30,"temp":27,"t":224.008,"ms":224008,"st":"ALIVE","fake":0,"nt":229.901528}
167.0s | {"type":"HB","id":3,"x":30,"y":30,"temp":26,"t":228,"ms":228000,"st":"ALIVE","fake":0,"nt":230.249979}
167.6s | {"type":"HB","id":2,"x":30,"y":30,"temp":28,"t":893,"ms":893000,"st":"ALIVE","fake":0,"nt":230.731965}
167.6s | {"type":"HB","id":1,"x":30,"y":30,"temp":30.5,"t":12,"ms":12000,"st":"ALIVE","fake":0,"nt":230.875077}
167.6s | {"type":"HB","id":99,"x":30,"y":30,"temp":27,"t":225.008,"ms":225008,"st":"ALIVE","fake":0,"nt":230.901571}
168.1s | {"type":"HB","id":3,"x":30,"y":30,"temp":26,"t":229,"ms":229000,"st":"ALIVE","fake":0,"nt":231.249944}
168.4s | {"type":"TOPO","ms":225735,"mid":3179103441,"n_peers":3,"sub":{"nodeId":3179103441,"subs":[{"nodeId":219922329,"subs":[{"nodeId":3179098605}]},{"nodeId":3179104773}]}}
168.6s | {"type":"HB","id":2,"x":30,"y":30,"temp":28,"t":894,"ms":894000,"st":"ALIVE","fake":0,"nt":231.731962}
168.6s | {"type":"HB","id":1,"x":30,"y":30,"temp":30.5,"t":13,"ms":13000,"st":"ALIVE","fake":0,"nt":231.87504}
168.6s | {"type":"HB","id":99,"x":30,"y":30,"temp":27,"t":226.008,"ms":226008,"st":"ALIVE","fake":0,"nt":231.901573}
169.0s | {"type":"HB","id":3,"x":30,"y":30,"temp":26,"t":230,"ms":230000,"st":"ALIVE","fake":0,"nt":232.252649}
169.5s | {"type":"HB","id":2,"x":30,"y":30,"temp":28,"t":895,"ms":895000,"st":"ALIVE","fake":0,"nt":232.731978}
169.6s | {"type":"HB","id":1,"x":30,"y":30,"temp":30.5,"t":14,"ms":14000,"st":"ALIVE","fake":0,"nt":232.875085}
169.6s | {"type":"HB","id":99,"x":30,"y":30,"temp":27,"t":227.008,"ms":227008,"st":"ALIVE","fake":0,"nt":232.901567}
170.0s | {"type":"HB","id":3,"x":30,"y":30,"temp":26,"t":231,"ms":231000,"st":"ALIVE","fake":0,"nt":233.252702}
170.6s | {"type":"HB","id":1,"x":30,"y":30,"temp":30.5,"t":15,"ms":15000,"st":"ALIVE","fake":0,"nt":233.875052}
170.6s | {"type":"HB","id":2,"x":30,"y":30,"temp":28,"t":896,"ms":896000,"st":"ALIVE","fake":0,"nt":233.734914}
170.6s | {"type":"HB","id":99,"x":30,"y":30,"temp":27,"t":228.011,"ms":228011,"st":"ALIVE","fake":0,"nt":233.905059}
171.0s | {"type":"HB","id":3,"x":30,"y":30,"temp":26,"t":232,"ms":232000,"st":"ALIVE","fake":0,"nt":234.252681}
171.6s | {"type":"HB","id":2,"x":30,"y":30,"temp":28,"t":897,"ms":897000,"st":"ALIVE","fake":0,"nt":234.734912}
171.6s | {"type":"HB","id":1,"x":30,"y":30,"temp":30.5,"t":16.001,"ms":16001,"st":"ALIVE","fake":0,"nt":234.876447}
171.6s | {"type":"HB","id":99,"x":30,"y":30,"temp":27,"t":229.011,"ms":229011,"st":"ALIVE","fake":0,"nt":234.904571}
172.1s | {"type":"HB","id":3,"x":30,"y":30,"temp":26,"t":233,"ms":233000,"st":"ALIVE","fake":0,"nt":235.252695}
172.6s | {"type":"HB","id":2,"x":30,"y":30,"temp":28,"t":898,"ms":898000,"st":"ALIVE","fake":0,"nt":235.734906}
172.6s | {"type":"HB","id":1,"x":30,"y":30,"temp":30.5,"t":17.001,"ms":17001,"st":"ALIVE","fake":0,"nt":235.876083}
172.6s | {"type":"HB","id":99,"x":30,"y":30,"temp":27,"t":230.011,"ms":230011,"st":"ALIVE","fake":0,"nt":235.904536}
173.0s | {"type":"HB","id":3,"x":30,"y":30,"temp":26,"t":234,"ms":234000,"st":"ALIVE","fake":0,"nt":236.252637}
173.4s | {"type":"TOPO","ms":230735,"mid":3179103441,"n_peers":3,"sub":{"nodeId":3179103441,"subs":[{"nodeId":219922329,"subs":[{"nodeId":3179098605}]},{"nodeId":3179104773}]}}
173.6s | {"type":"HB","id":1,"x":30,"y":30,"temp":30.5,"t":18.001,"ms":18001,"st":"ALIVE","fake":0,"nt":236.876056}
173.6s | {"type":"HB","id":2,"x":30,"y":30,"temp":28,"t":899,"ms":899000,"st":"ALIVE","fake":0,"nt":236.73488}
173.6s | {"type":"HB","id":99,"x":30,"y":30,"temp":27,"t":231.011,"ms":231011,"st":"ALIVE","fake":0,"nt":236.904543}
174.0s | {"type":"HB","id":3,"x":30,"y":30,"temp":26,"t":235,"ms":235000,"st":"ALIVE","fake":0,"nt":237.252703}
174.6s | {"type":"HB","id":99,"x":30,"y":30,"temp":27,"t":232.011,"ms":232011,"st":"ALIVE","fake":0,"nt":237.904559}
174.6s | {"type":"HB","id":2,"x":30,"y":30,"temp":28,"t":900,"ms":900000,"st":"ALIVE","fake":0,"nt":237.734878}
175.0s | {"type":"HB","id":3,"x":30,"y":30,"temp":26,"t":236,"ms":236000,"st":"ALIVE","fake":0,"nt":238.252654}
175.6s | {"type":"HB","id":2,"x":30,"y":30,"temp":28,"t":901,"ms":901000,"st":"ALIVE","fake":0,"nt":238.734899}
175.6s | {"type":"HB","id":99,"x":30,"y":30,"temp":27,"t":233.011,"ms":233011,"st":"ALIVE","fake":0,"nt":238.904565}
176.1s | {"type":"HB","id":3,"x":30,"y":30,"temp":26,"t":237,"ms":237000,"st":"ALIVE","fake":0,"nt":239.252647}
176.6s | {"type":"HB","id":2,"x":30,"y":30,"temp":28,"t":902,"ms":902000,"st":"ALIVE","fake":0,"nt":239.734872}
176.6s | {"type":"DV","suspect":1,"observer":99,"last_temp":30.5,"t":233.99,"fake":0,"nt":239.883493}
176.6s | {"type":"DV","suspect":1,"observer":3,"last_temp":30.5,"t":237.638,"fake":0,"nt":239.890777}
176.6s | {"type":"HB","id":99,"x":30,"y":30,"temp":27,"t":234.011,"ms":234011,"st":"ALIVE","fake":0,"nt":239.904508}
177.0s | {"type":"HB","id":3,"x":30,"y":30,"temp":26,"t":238,"ms":238000,"st":"ALIVE","fake":0,"nt":240.252654}
177.6s | {"type":"HB","id":99,"x":30,"y":30,"temp":27,"t":235.011,"ms":235011,"st":"ALIVE","fake":0,"nt":240.904497}
177.6s | {"type":"HB","id":2,"x":30,"y":30,"temp":28,"t":903,"ms":903000,"st":"ALIVE","fake":0,"nt":240.73491}
178.0s | {"type":"HB","id":3,"x":30,"y":30,"temp":26,"t":239,"ms":239000,"st":"ALIVE","fake":0,"nt":241.252643}
178.4s | {"type":"TOPO","ms":235735,"mid":3179103441,"n_peers":3,"sub":{"nodeId":3179103441,"subs":[{"nodeId":219922329,"subs":[{"nodeId":3179098605}]},{"nodeId":3179104773}]}}
178.6s | {"type":"HB","id":2,"x":30,"y":30,"temp":28,"t":904,"ms":904000,"st":"ALIVE","fake":0,"nt":241.734897}
178.6s | {"type":"HB","id":99,"x":30,"y":30,"temp":27,"t":236.012,"ms":236012,"st":"ALIVE","fake":0,"nt":241.906332}
179.0s | {"type":"HB","id":3,"x":30,"y":30,"temp":26,"t":240,"ms":240000,"st":"ALIVE","fake":0,"nt":242.25269}
179.6s | {"type":"HB","id":2,"x":30,"y":30,"temp":28,"t":905,"ms":905000,"st":"ALIVE","fake":0,"nt":242.734877}
179.6s | {"type":"HB","id":99,"x":30,"y":30,"temp":27,"t":237.012,"ms":237012,"st":"ALIVE","fake":0,"nt":242.905496}
180.0s | {"type":"HB","id":3,"x":30,"y":30,"temp":26,"t":241,"ms":241000,"st":"ALIVE","fake":0,"nt":243.252705}
180.5s | {"type":"HB","id":1,"x":30,"y":30,"temp":30.5,"t":6,"ms":6000,"st":"ALIVE","fake":0,"nt":243.722616}
180.5s | {"type":"HB","id":2,"x":30,"y":30,"temp":28,"t":906,"ms":906000,"st":"ALIVE","fake":0,"nt":243.734916}
180.6s | {"type":"HB","id":99,"x":30,"y":30,"temp":27,"t":238.012,"ms":238012,"st":"ALIVE","fake":0,"nt":243.90564}
181.0s | {"type":"HB","id":3,"x":30,"y":30,"temp":26,"t":242,"ms":242000,"st":"ALIVE","fake":0,"nt":244.252683}
181.5s | {"type":"HB","id":1,"x":30,"y":30,"temp":30.5,"t":7,"ms":7000,"st":"ALIVE","fake":0,"nt":244.713949}
181.5s | {"type":"HB","id":2,"x":30,"y":30,"temp":28,"t":907,"ms":907000,"st":"ALIVE","fake":0,"nt":244.734923}
181.6s | {"type":"HB","id":99,"x":30,"y":30,"temp":27,"t":239.012,"ms":239012,"st":"ALIVE","fake":0,"nt":244.905499}
182.0s | {"type":"HB","id":3,"x":30,"y":30,"temp":26,"t":243,"ms":243000,"st":"ALIVE","fake":0,"nt":245.252635}
182.5s | {"type":"HB","id":1,"x":30,"y":30,"temp":30.5,"t":8,"ms":8000,"st":"ALIVE","fake":0,"nt":245.713913}
182.5s | {"type":"HB","id":2,"x":30,"y":30,"temp":28,"t":908,"ms":908000,"st":"ALIVE","fake":0,"nt":245.734879}
182.6s | {"type":"HB","id":99,"x":30,"y":30,"temp":27,"t":240.012,"ms":240012,"st":"ALIVE","fake":0,"nt":245.905527}
183.0s | {"type":"HB","id":3,"x":30,"y":30,"temp":26,"t":244,"ms":244000,"st":"ALIVE","fake":0,"nt":246.252662}
183.4s | {"type":"TOPO","ms":240735,"mid":3179103441,"n_peers":3,"sub":{"nodeId":3179103441,"subs":[{"nodeId":219922329,"subs":[{"nodeId":3179098605}]},{"nodeId":3179104773}]}}
183.5s | {"type":"HB","id":1,"x":30,"y":30,"temp":30.5,"t":9,"ms":9000,"st":"ALIVE","fake":0,"nt":246.71394}
183.5s | {"type":"HB","id":2,"x":30,"y":30,"temp":28,"t":909,"ms":909000,"st":"ALIVE","fake":0,"nt":246.734903}
183.6s | {"type":"HB","id":99,"x":30,"y":30,"temp":27,"t":241.012,"ms":241012,"st":"ALIVE","fake":0,"nt":246.905525}
184.1s | {"type":"HB","id":3,"x":30,"y":30,"temp":26,"t":245,"ms":245000,"st":"ALIVE","fake":0,"nt":247.252675}
184.5s | {"type":"HB","id":1,"x":30,"y":30,"temp":30.5,"t":10,"ms":10000,"st":"ALIVE","fake":0,"nt":247.713916}
184.5s | {"type":"HB","id":2,"x":30,"y":30,"temp":28,"t":910,"ms":910000,"st":"ALIVE","fake":0,"nt":247.734894}
184.6s | {"type":"HB","id":99,"x":30,"y":30,"temp":27,"t":242.012,"ms":242012,"st":"ALIVE","fake":0,"nt":247.905517}
185.1s | {"type":"HB","id":3,"x":30,"y":30,"temp":26,"t":246,"ms":246000,"st":"ALIVE","fake":0,"nt":248.252635}
185.5s | {"type":"HB","id":1,"x":30,"y":30,"temp":30.5,"t":11,"ms":11000,"st":"ALIVE","fake":0,"nt":248.713914}
185.5s | {"type":"HB","id":2,"x":30,"y":30,"temp":28,"t":911,"ms":911000,"st":"ALIVE","fake":0,"nt":248.734894}
185.6s | {"type":"HB","id":99,"x":30,"y":30,"temp":27,"t":243.012,"ms":243012,"st":"ALIVE","fake":0,"nt":248.905538}
186.0s | {"type":"HB","id":3,"x":30,"y":30,"temp":26,"t":247,"ms":247000,"st":"ALIVE","fake":0,"nt":249.252636}
186.5s | {"type":"HB","id":1,"x":30,"y":30,"temp":30.5,"t":12,"ms":12000,"st":"ALIVE","fake":0,"nt":249.713959}
186.5s | {"type":"HB","id":2,"x":30,"y":30,"temp":28,"t":912,"ms":912000,"st":"ALIVE","fake":0,"nt":249.734897}
186.6s | {"type":"HB","id":99,"x":30,"y":30,"temp":27,"t":244.012,"ms":244012,"st":"ALIVE","fake":0,"nt":249.905489}
187.0s | {"type":"HB","id":3,"x":30,"y":30,"temp":26,"t":248,"ms":248000,"st":"ALIVE","fake":0,"nt":250.252637}
187.5s | {"type":"HB","id":1,"x":30,"y":30,"temp":30.5,"t":13,"ms":13000,"st":"ALIVE","fake":0,"nt":250.713933}
187.5s | {"type":"HB","id":2,"x":30,"y":30,"temp":28,"t":913,"ms":913000,"st":"ALIVE","fake":0,"nt":250.734913}
187.6s | {"type":"HB","id":99,"x":30,"y":30,"temp":27,"t":245.012,"ms":245012,"st":"ALIVE","fake":0,"nt":250.905511}
188.0s | {"type":"HB","id":3,"x":30,"y":30,"temp":26,"t":249,"ms":249000,"st":"ALIVE","fake":0,"nt":251.252651}
188.4s | {"type":"TOPO","ms":245735,"mid":3179103441,"n_peers":3,"sub":{"nodeId":3179103441,"subs":[{"nodeId":219922329,"subs":[{"nodeId":3179098605}]},{"nodeId":3179104773}]}}
188.5s | {"type":"HB","id":1,"x":30,"y":30,"temp":30.5,"t":14,"ms":14000,"st":"ALIVE","fake":0,"nt":251.713926}
188.5s | {"type":"HB","id":2,"x":30,"y":30,"temp":28,"t":914,"ms":914000,"st":"ALIVE","fake":0,"nt":251.734907}
188.6s | {"type":"HB","id":99,"x":30,"y":30,"temp":27,"t":246.012,"ms":246012,"st":"ALIVE","fake":0,"nt":251.905555}
189.1s | {"type":"HB","id":3,"x":30,"y":30,"temp":26,"t":250,"ms":250000,"st":"ALIVE","fake":0,"nt":252.252691}
189.5s | {"type":"HB","id":1,"x":30,"y":30,"temp":30.5,"t":15,"ms":15000,"st":"ALIVE","fake":0,"nt":252.71392}
189.5s | {"type":"HB","id":2,"x":30,"y":30,"temp":28,"t":915,"ms":915000,"st":"ALIVE","fake":0,"nt":252.734925}
189.6s | {"type":"HB","id":99,"x":30,"y":30,"temp":27,"t":247.012,"ms":247012,"st":"ALIVE","fake":0,"nt":252.905589}
190.0s | {"type":"HB","id":3,"x":30,"y":30,"temp":26,"t":251,"ms":251000,"st":"ALIVE","fake":0,"nt":253.252684}
190.5s | {"type":"HB","id":1,"x":30,"y":30,"temp":30.5,"t":16,"ms":16000,"st":"ALIVE","fake":0,"nt":253.713924}
190.5s | {"type":"HB","id":2,"x":30,"y":30,"temp":28,"t":916,"ms":916000,"st":"ALIVE","fake":0,"nt":253.734879}
190.6s | {"type":"HB","id":99,"x":30,"y":30,"temp":27,"t":248.012,"ms":248012,"st":"ALIVE","fake":0,"nt":253.905533}
191.0s | {"type":"HB","id":3,"x":30,"y":30,"temp":26,"t":252,"ms":252000,"st":"ALIVE","fake":0,"nt":254.252655}
191.5s | {"type":"HB","id":1,"x":30,"y":30,"temp":30.5,"t":17,"ms":17000,"st":"ALIVE","fake":0,"nt":254.713933}
191.5s | {"type":"HB","id":2,"x":30,"y":30,"temp":28,"t":917,"ms":917000,"st":"ALIVE","fake":0,"nt":254.734898}
191.6s | {"type":"HB","id":99,"x":30,"y":30,"temp":27,"t":249.012,"ms":249012,"st":"ALIVE","fake":0,"nt":254.905538}
192.0s | {"type":"HB","id":3,"x":30,"y":30,"temp":26,"t":253,"ms":253000,"st":"ALIVE","fake":0,"nt":255.252704}
192.5s | {"type":"HB","id":1,"x":30,"y":30,"temp":30.5,"t":18,"ms":18000,"st":"ALIVE","fake":0,"nt":255.71392}
192.5s | {"type":"HB","id":2,"x":30,"y":30,"temp":28,"t":918,"ms":918000,"st":"ALIVE","fake":0,"nt":255.734903}
192.6s | {"type":"HB","id":99,"x":30,"y":30,"temp":27,"t":250.012,"ms":250012,"st":"ALIVE","fake":0,"nt":255.905491}
193.1s | {"type":"HB","id":3,"x":30,"y":30,"temp":26,"t":254,"ms":254000,"st":"ALIVE","fake":0,"nt":256.252706}
193.4s | {"type":"TOPO","ms":250735,"mid":3179103441,"n_peers":3,"sub":{"nodeId":3179103441,"subs":[{"nodeId":219922329,"subs":[{"nodeId":3179098605}]},{"nodeId":3179104773}]}}
193.5s | {"type":"HB","id":1,"x":30,"y":30,"temp":30.5,"t":19,"ms":19000,"st":"ALIVE","fake":0,"nt":256.713947}
193.5s | {"type":"HB","id":2,"x":30,"y":30,"temp":28,"t":919,"ms":919000,"st":"ALIVE","fake":0,"nt":256.734873}
193.6s | {"type":"HB","id":99,"x":30,"y":30,"temp":27,"t":251.012,"ms":251012,"st":"ALIVE","fake":0,"nt":256.905517}
194.0s | {"type":"HB","id":3,"x":30,"y":30,"temp":26,"t":255,"ms":255000,"st":"ALIVE","fake":0,"nt":257.252637}
194.5s | {"type":"HB","id":1,"x":30,"y":30,"temp":30.5,"t":20,"ms":20000,"st":"ALIVE","fake":0,"nt":257.713943}
194.5s | {"type":"HB","id":2,"x":30,"y":30,"temp":28,"t":920,"ms":920000,"st":"ALIVE","fake":0,"nt":257.734894}
194.6s | {"type":"HB","id":99,"x":30,"y":30,"temp":27,"t":252.012,"ms":252012,"st":"ALIVE","fake":0,"nt":257.905494}
195.0s | {"type":"HB","id":3,"x":30,"y":30,"temp":26,"t":256,"ms":256000,"st":"ALIVE","fake":0,"nt":258.252693}
195.5s | {"type":"HB","id":1,"x":30,"y":30,"temp":30.5,"t":21,"ms":21000,"st":"ALIVE","fake":0,"nt":258.713935}
195.5s | {"type":"HB","id":2,"x":30,"y":30,"temp":28,"t":921,"ms":921000,"st":"ALIVE","fake":0,"nt":258.734881}
195.6s | {"type":"HB","id":99,"x":30,"y":30,"temp":27,"t":253.012,"ms":253012,"st":"ALIVE","fake":0,"nt":258.905521}
196.0s | {"type":"HB","id":3,"x":30,"y":30,"temp":26,"t":257,"ms":257000,"st":"ALIVE","fake":0,"nt":259.252666}
196.5s | {"type":"HB","id":1,"x":30,"y":30,"temp":30.5,"t":22,"ms":22000,"st":"ALIVE","fake":0,"nt":259.713924}
196.5s | {"type":"HB","id":2,"x":30,"y":30,"temp":28,"t":922,"ms":922000,"st":"ALIVE","fake":0,"nt":259.734886}
196.6s | {"type":"HB","id":99,"x":30,"y":30,"temp":27,"t":254.012,"ms":254012,"st":"ALIVE","fake":0,"nt":259.905494}
197.0s | {"type":"HB","id":3,"x":30,"y":30,"temp":26,"t":258,"ms":258000,"st":"ALIVE","fake":0,"nt":260.252683}
197.5s | {"type":"HB","id":1,"x":30,"y":30,"temp":30.5,"t":23,"ms":23000,"st":"ALIVE","fake":0,"nt":260.713939}
197.5s | {"type":"HB","id":2,"x":30,"y":30,"temp":28,"t":923,"ms":923000,"st":"ALIVE","fake":0,"nt":260.73489}
197.6s | {"type":"HB","id":99,"x":30,"y":30,"temp":27,"t":255.012,"ms":255012,"st":"ALIVE","fake":0,"nt":260.90555}
198.0s | {"type":"HB","id":3,"x":30,"y":30,"temp":26,"t":259,"ms":259000,"st":"ALIVE","fake":0,"nt":261.25268}
198.4s | {"type":"TOPO","ms":255735,"mid":3179103441,"n_peers":3,"sub":{"nodeId":3179103441,"subs":[{"nodeId":219922329,"subs":[{"nodeId":3179098605}]},{"nodeId":3179104773}]}}
198.5s | {"type":"HB","id":1,"x":30,"y":30,"temp":30.5,"t":24,"ms":24000,"st":"ALIVE","fake":0,"nt":261.713943}
198.5s | {"type":"HB","id":2,"x":30,"y":30,"temp":28,"t":924,"ms":924000,"st":"ALIVE","fake":0,"nt":261.734876}
198.6s | {"type":"HB","id":99,"x":30,"y":30,"temp":27,"t":256.012,"ms":256012,"st":"ALIVE","fake":0,"nt":261.90556}
199.0s | {"type":"HB","id":3,"x":30,"y":30,"temp":26,"t":260,"ms":260000,"st":"ALIVE","fake":0,"nt":262.252637}
199.5s | {"type":"HB","id":1,"x":30,"y":30,"temp":30.5,"t":25,"ms":25000,"st":"ALIVE","fake":0,"nt":262.713921}
199.5s | {"type":"HB","id":2,"x":30,"y":30,"temp":28,"t":925,"ms":925000,"st":"ALIVE","fake":0,"nt":262.734894}
199.6s | {"type":"HB","id":99,"x":30,"y":30,"temp":27,"t":257.012,"ms":257012,"st":"ALIVE","fake":0,"nt":262.905497}
200.0s | {"type":"HB","id":3,"x":30,"y":30,"temp":26,"t":261,"ms":261000,"st":"ALIVE","fake":0,"nt":263.252702}
200.5s | {"type":"HB","id":1,"x":30,"y":30,"temp":30.5,"t":26,"ms":26000,"st":"ALIVE","fake":0,"nt":263.713962}
200.5s | {"type":"HB","id":2,"x":30,"y":30,"temp":28,"t":926,"ms":926000,"st":"ALIVE","fake":0,"nt":263.734907}
200.6s | {"type":"HB","id":99,"x":30,"y":30,"temp":27,"t":258.012,"ms":258012,"st":"ALIVE","fake":0,"nt":263.905502}
201.0s | {"type":"HB","id":3,"x":30,"y":30,"temp":26,"t":262,"ms":262000,"st":"ALIVE","fake":0,"nt":264.252631}
201.5s | {"type":"HB","id":1,"x":30,"y":30,"temp":30.5,"t":27,"ms":27000,"st":"ALIVE","fake":0,"nt":264.713913}
201.5s | {"type":"HB","id":2,"x":30,"y":30,"temp":28,"t":927,"ms":927000,"st":"ALIVE","fake":0,"nt":264.734912}
201.6s | {"type":"HB","id":99,"x":30,"y":30,"temp":27,"t":259.012,"ms":259012,"st":"ALIVE","fake":0,"nt":264.905514}
202.1s | {"type":"HB","id":3,"x":30,"y":30,"temp":26,"t":263,"ms":263000,"st":"ALIVE","fake":0,"nt":265.252629}
202.5s | {"type":"HB","id":1,"x":30,"y":30,"temp":30.5,"t":28,"ms":28000,"st":"ALIVE","fake":0,"nt":265.713924}
202.5s | {"type":"HB","id":2,"x":30,"y":30,"temp":28,"t":928,"ms":928000,"st":"ALIVE","fake":0,"nt":265.734877}
202.6s | {"type":"HB","id":99,"x":30,"y":30,"temp":27,"t":260.012,"ms":260012,"st":"ALIVE","fake":0,"nt":265.905559}
203.0s | {"type":"HB","id":3,"x":30,"y":30,"temp":26,"t":264,"ms":264000,"st":"ALIVE","fake":0,"nt":266.252666}
203.4s | {"type":"TOPO","ms":260735,"mid":3179103441,"n_peers":3,"sub":{"nodeId":3179103441,"subs":[{"nodeId":219922329,"subs":[{"nodeId":3179098605}]},{"nodeId":3179104773}]}}
203.5s | {"type":"HB","id":1,"x":30,"y":30,"temp":30.5,"t":29,"ms":29000,"st":"ALIVE","fake":0,"nt":266.713938}
203.5s | {"type":"HB","id":2,"x":30,"y":30,"temp":28,"t":929,"ms":929000,"st":"ALIVE","fake":0,"nt":266.734879}
203.6s | {"type":"HB","id":99,"x":30,"y":30,"temp":27,"t":261.012,"ms":261012,"st":"ALIVE","fake":0,"nt":266.905539}
204.0s | {"type":"HB","id":3,"x":30,"y":30,"temp":26,"t":265,"ms":265000,"st":"ALIVE","fake":0,"nt":267.252705}
204.5s | {"type":"HB","id":1,"x":30,"y":30,"temp":30.5,"t":30,"ms":30000,"st":"ALIVE","fake":0,"nt":267.713941}
204.5s | {"type":"HB","id":2,"x":30,"y":30,"temp":28,"t":930,"ms":930000,"st":"ALIVE","fake":0,"nt":267.734924}
204.6s | {"type":"HB","id":99,"x":30,"y":30,"temp":27,"t":262.012,"ms":262012,"st":"ALIVE","fake":0,"nt":267.905575}
205.0s | {"type":"HB","id":3,"x":30,"y":30,"temp":26,"t":266,"ms":266000,"st":"ALIVE","fake":0,"nt":268.252635}
205.5s | {"type":"HB","id":1,"x":30,"y":30,"temp":30.5,"t":31,"ms":31000,"st":"ALIVE","fake":0,"nt":268.713963}
205.5s | {"type":"HB","id":2,"x":30,"y":30,"temp":28,"t":931,"ms":931000,"st":"ALIVE","fake":0,"nt":268.734895}
205.6s | {"type":"HB","id":99,"x":30,"y":30,"temp":27,"t":263.012,"ms":263012,"st":"ALIVE","fake":0,"nt":268.905567}
206.1s | {"type":"HB","id":3,"x":30,"y":30,"temp":26,"t":267,"ms":267000,"st":"ALIVE","fake":0,"nt":269.252672}
206.5s | {"type":"HB","id":1,"x":30,"y":30,"temp":30.5,"t":32,"ms":32000,"st":"ALIVE","fake":0,"nt":269.713929}
206.5s | {"type":"HB","id":2,"x":30,"y":30,"temp":28,"t":932,"ms":932000,"st":"ALIVE","fake":0,"nt":269.734879}
206.6s | {"type":"HB","id":99,"x":30,"y":30,"temp":27,"t":264.012,"ms":264012,"st":"ALIVE","fake":0,"nt":269.905499}
207.0s | {"type":"HB","id":3,"x":30,"y":30,"temp":26,"t":268,"ms":268000,"st":"ALIVE","fake":0,"nt":270.252654}
207.5s | {"type":"HB","id":1,"x":30,"y":30,"temp":30.5,"t":33,"ms":33000,"st":"ALIVE","fake":0,"nt":270.713928}
207.5s | {"type":"HB","id":2,"x":30,"y":30,"temp":28,"t":933,"ms":933000,"st":"ALIVE","fake":0,"nt":270.734876}
207.6s | {"type":"HB","id":99,"x":30,"y":30,"temp":27,"t":265.012,"ms":265012,"st":"ALIVE","fake":0,"nt":270.905518}
208.0s | {"type":"HB","id":3,"x":30,"y":30,"temp":26,"t":269,"ms":269000,"st":"ALIVE","fake":0,"nt":271.252732}
208.4s | {"type":"TOPO","ms":265735,"mid":3179103441,"n_peers":3,"sub":{"nodeId":3179103441,"subs":[{"nodeId":219922329,"subs":[{"nodeId":3179098605}]},{"nodeId":3179104773}]}}
208.5s | {"type":"HB","id":1,"x":30,"y":30,"temp":31,"t":34,"ms":34000,"st":"ALIVE","fake":0,"nt":271.713933}
208.5s | {"type":"HB","id":2,"x":30,"y":30,"temp":28,"t":934,"ms":934000,"st":"ALIVE","fake":0,"nt":271.734922}
208.6s | {"type":"HB","id":99,"x":30,"y":30,"temp":27,"t":266.012,"ms":266012,"st":"ALIVE","fake":0,"nt":271.905533}
209.0s | {"type":"HB","id":3,"x":30,"y":30,"temp":26,"t":270,"ms":270000,"st":"ALIVE","fake":0,"nt":272.252706}
209.5s | {"type":"HB","id":1,"x":30,"y":30,"temp":30.5,"t":35,"ms":35000,"st":"ALIVE","fake":0,"nt":272.713955}
209.5s | {"type":"HB","id":2,"x":30,"y":30,"temp":28,"t":935,"ms":935000,"st":"ALIVE","fake":0,"nt":272.734909}
209.6s | {"type":"HB","id":99,"x":30,"y":30,"temp":27,"t":267.012,"ms":267012,"st":"ALIVE","fake":0,"nt":272.905511}
210.0s | {"type":"HB","id":3,"x":30,"y":30,"temp":26,"t":271,"ms":271000,"st":"ALIVE","fake":0,"nt":273.252648}
210.5s | {"type":"HB","id":1,"x":30,"y":30,"temp":31,"t":36,"ms":36000,"st":"ALIVE","fake":0,"nt":273.713927}
210.5s | {"type":"HB","id":2,"x":30,"y":30,"temp":28,"t":936,"ms":936000,"st":"ALIVE","fake":0,"nt":273.73488}
210.6s | {"type":"HB","id":99,"x":30,"y":30,"temp":27,"t":268.012,"ms":268012,"st":"ALIVE","fake":0,"nt":273.905514}
211.0s | {"type":"HB","id":3,"x":30,"y":30,"temp":26,"t":272,"ms":272000,"st":"ALIVE","fake":0,"nt":274.252692}
211.5s | {"type":"HB","id":1,"x":30,"y":30,"temp":30.5,"t":37,"ms":37000,"st":"ALIVE","fake":0,"nt":274.713961}
211.5s | {"type":"HB","id":2,"x":30,"y":30,"temp":28,"t":937,"ms":937000,"st":"ALIVE","fake":0,"nt":274.734885}
211.6s | {"type":"HB","id":99,"x":30,"y":30,"temp":27,"t":269.012,"ms":269012,"st":"ALIVE","fake":0,"nt":274.905513}
212.0s | {"type":"HB","id":3,"x":30,"y":30,"temp":26,"t":273,"ms":273000,"st":"ALIVE","fake":0,"nt":275.252662}
212.5s | {"type":"HB","id":1,"x":30,"y":30,"temp":30.5,"t":38,"ms":38000,"st":"ALIVE","fake":0,"nt":275.713926}
212.5s | {"type":"HB","id":2,"x":30,"y":30,"temp":28,"t":938,"ms":938000,"st":"ALIVE","fake":0,"nt":275.734924}
212.6s | {"type":"HB","id":99,"x":30,"y":30,"temp":27,"t":270.012,"ms":270012,"st":"ALIVE","fake":0,"nt":275.905542}
213.0s | {"type":"HB","id":3,"x":30,"y":30,"temp":26,"t":274,"ms":274000,"st":"ALIVE","fake":0,"nt":276.252673}
213.4s | {"type":"TOPO","ms":270735,"mid":3179103441,"n_peers":3,"sub":{"nodeId":3179103441,"subs":[{"nodeId":219922329,"subs":[{"nodeId":3179098605}]},{"nodeId":3179104773}]}}
213.5s | {"type":"HB","id":1,"x":30,"y":30,"temp":30.5,"t":39,"ms":39000,"st":"ALIVE","fake":0,"nt":276.713945}
213.5s | {"type":"HB","id":2,"x":30,"y":30,"temp":28,"t":939,"ms":939000,"st":"ALIVE","fake":0,"nt":276.734876}
213.6s | {"type":"HB","id":99,"x":30,"y":30,"temp":27,"t":271.012,"ms":271012,"st":"ALIVE","fake":0,"nt":276.905487}
214.0s | {"type":"HB","id":3,"x":30,"y":30,"temp":26,"t":275,"ms":275000,"st":"ALIVE","fake":0,"nt":277.252689}
214.5s | {"type":"HB","id":1,"x":30,"y":30,"temp":30.5,"t":40,"ms":40000,"st":"ALIVE","fake":0,"nt":277.713964}
214.5s | {"type":"HB","id":2,"x":30,"y":30,"temp":28,"t":940,"ms":940000,"st":"ALIVE","fake":0,"nt":277.734873}
214.6s | {"type":"HB","id":99,"x":30,"y":30,"temp":27,"t":272.012,"ms":272012,"st":"ALIVE","fake":0,"nt":277.905516}
215.1s | {"type":"HB","id":3,"x":30,"y":30,"temp":26,"t":276,"ms":276000,"st":"ALIVE","fake":0,"nt":278.252632}
215.5s | {"type":"HB","id":1,"x":30,"y":30,"temp":30.5,"t":41,"ms":41000,"st":"ALIVE","fake":0,"nt":278.713931}
215.5s | {"type":"HB","id":2,"x":30,"y":30,"temp":28,"t":941,"ms":941000,"st":"ALIVE","fake":0,"nt":278.734877}
215.6s | {"type":"HB","id":99,"x":30,"y":30,"temp":27,"t":273.012,"ms":273012,"st":"ALIVE","fake":0,"nt":278.905548}
216.0s | {"type":"HB","id":3,"x":30,"y":30,"temp":26,"t":277,"ms":277000,"st":"ALIVE","fake":0,"nt":279.252689}
216.5s | {"type":"HB","id":1,"x":30,"y":30,"temp":30.5,"t":42,"ms":42000,"st":"ALIVE","fake":0,"nt":279.713925}
216.5s | {"type":"HB","id":2,"x":30,"y":30,"temp":28,"t":942,"ms":942000,"st":"ALIVE","fake":0,"nt":279.734876}
216.6s | {"type":"HB","id":99,"x":30,"y":30,"temp":27,"t":274.012,"ms":274012,"st":"ALIVE","fake":0,"nt":279.905513}
217.0s | {"type":"HB","id":3,"x":30,"y":30,"temp":26,"t":278,"ms":278000,"st":"ALIVE","fake":0,"nt":280.252637}
217.5s | {"type":"HB","id":1,"x":30,"y":30,"temp":30.5,"t":43,"ms":43000,"st":"ALIVE","fake":0,"nt":280.713923}
217.5s | {"type":"HB","id":2,"x":30,"y":30,"temp":28,"t":943,"ms":943000,"st":"ALIVE","fake":0,"nt":280.734877}
217.6s | {"type":"HB","id":99,"x":30,"y":30,"temp":27,"t":275.012,"ms":275012,"st":"ALIVE","fake":0,"nt":280.905502}
218.0s | {"type":"HB","id":3,"x":30,"y":30,"temp":26,"t":279,"ms":279000,"st":"ALIVE","fake":0,"nt":281.252687}
218.4s | {"type":"TOPO","ms":275735,"mid":3179103441,"n_peers":3,"sub":{"nodeId":3179103441,"subs":[{"nodeId":219922329,"subs":[{"nodeId":3179098605}]},{"nodeId":3179104773}]}}
218.5s | {"type":"HB","id":1,"x":30,"y":30,"temp":31,"t":44,"ms":44000,"st":"ALIVE","fake":0,"nt":281.713915}
218.5s | {"type":"HB","id":2,"x":30,"y":30,"temp":28,"t":944,"ms":944000,"st":"ALIVE","fake":0,"nt":281.734913}
218.6s | {"type":"HB","id":99,"x":30,"y":30,"temp":27,"t":276.012,"ms":276012,"st":"ALIVE","fake":0,"nt":281.905488}
219.1s | {"type":"HB","id":3,"x":30,"y":30,"temp":26,"t":280,"ms":280000,"st":"ALIVE","fake":0,"nt":282.252641}
219.5s | {"type":"HB","id":1,"x":30,"y":30,"temp":30.5,"t":45,"ms":45000,"st":"ALIVE","fake":0,"nt":282.713959}
219.5s | {"type":"HB","id":2,"x":30,"y":30,"temp":28,"t":945,"ms":945000,"st":"ALIVE","fake":0,"nt":282.734887}
219.6s | {"type":"HB","id":99,"x":30,"y":30,"temp":27,"t":277.012,"ms":277012,"st":"ALIVE","fake":0,"nt":282.905516}
220.0s | {"type":"HB","id":3,"x":30,"y":30,"temp":26,"t":281,"ms":281000,"st":"ALIVE","fake":0,"nt":283.252704}
220.5s | {"type":"HB","id":1,"x":30,"y":30,"temp":30.5,"t":46,"ms":46000,"st":"ALIVE","fake":0,"nt":283.713951}
220.5s | {"type":"HB","id":2,"x":30,"y":30,"temp":28,"t":946,"ms":946000,"st":"ALIVE","fake":0,"nt":283.734919}
220.6s | {"type":"HB","id":99,"x":30,"y":30,"temp":27,"t":278.012,"ms":278012,"st":"ALIVE","fake":0,"nt":283.905561}
221.0s | {"type":"HB","id":3,"x":30,"y":30,"temp":26,"t":282,"ms":282000,"st":"ALIVE","fake":0,"nt":284.252628}
221.5s | {"type":"HB","id":1,"x":30,"y":30,"temp":30.5,"t":47,"ms":47000,"st":"ALIVE","fake":0,"nt":284.713919}
221.5s | {"type":"HB","id":2,"x":30,"y":30,"temp":28,"t":947,"ms":947000,"st":"ALIVE","fake":0,"nt":284.734873}
221.6s | {"type":"HB","id":99,"x":30,"y":30,"temp":27,"t":279.012,"ms":279012,"st":"ALIVE","fake":0,"nt":284.905493}
222.0s | {"type":"HB","id":3,"x":30,"y":30,"temp":26,"t":283,"ms":283000,"st":"ALIVE","fake":0,"nt":285.252645}
222.5s | {"type":"HB","id":1,"x":30,"y":30,"temp":31,"t":48,"ms":48000,"st":"ALIVE","fake":0,"nt":285.713961}
222.5s | {"type":"HB","id":2,"x":30,"y":30,"temp":28,"t":948,"ms":948000,"st":"ALIVE","fake":0,"nt":285.734897}
222.6s | {"type":"HB","id":99,"x":30,"y":30,"temp":27,"t":280.012,"ms":280012,"st":"ALIVE","fake":0,"nt":285.905537}
223.0s | {"type":"HB","id":3,"x":30,"y":30,"temp":26,"t":284,"ms":284000,"st":"ALIVE","fake":0,"nt":286.252683}
223.4s | {"type":"TOPO","ms":280735,"mid":3179103441,"n_peers":3,"sub":{"nodeId":3179103441,"subs":[{"nodeId":219922329,"subs":[{"nodeId":3179098605}]},{"nodeId":3179104773}]}}
223.5s | {"type":"HB","id":1,"x":30,"y":30,"temp":30.5,"t":49,"ms":49000,"st":"ALIVE","fake":0,"nt":286.713944}
223.5s | {"type":"HB","id":2,"x":30,"y":30,"temp":28,"t":949,"ms":949000,"st":"ALIVE","fake":0,"nt":286.734899}
223.6s | {"type":"HB","id":99,"x":30,"y":30,"temp":27,"t":281.012,"ms":281012,"st":"ALIVE","fake":0,"nt":286.905547}
224.0s | {"type":"HB","id":3,"x":30,"y":30,"temp":26,"t":285,"ms":285000,"st":"ALIVE","fake":0,"nt":287.252697}
224.5s | {"type":"HB","id":1,"x":30,"y":30,"temp":30.5,"t":50,"ms":50000,"st":"ALIVE","fake":0,"nt":287.713915}
224.5s | {"type":"HB","id":2,"x":30,"y":30,"temp":28,"t":950,"ms":950000,"st":"ALIVE","fake":0,"nt":287.734875}
224.6s | {"type":"HB","id":99,"x":30,"y":30,"temp":27,"t":282.012,"ms":282012,"st":"ALIVE","fake":0,"nt":287.905572}
225.0s | {"type":"HB","id":3,"x":30,"y":30,"temp":26,"t":286,"ms":286000,"st":"ALIVE","fake":0,"nt":288.252632}
225.5s | {"type":"HB","id":1,"x":30,"y":30,"temp":30.5,"t":51,"ms":51000,"st":"ALIVE","fake":0,"nt":288.71392}
225.5s | {"type":"HB","id":2,"x":30,"y":30,"temp":28,"t":951,"ms":951000,"st":"ALIVE","fake":0,"nt":288.734912}
225.6s | {"type":"HB","id":99,"x":30,"y":30,"temp":27,"t":283.012,"ms":283012,"st":"ALIVE","fake":0,"nt":288.905559}
226.0s | {"type":"HB","id":3,"x":30,"y":30,"temp":26,"t":287,"ms":287000,"st":"ALIVE","fake":0,"nt":289.252659}
226.5s | {"type":"HB","id":1,"x":30,"y":30,"temp":30.5,"t":52,"ms":52000,"st":"ALIVE","fake":0,"nt":289.713948}
226.5s | {"type":"HB","id":2,"x":30,"y":30,"temp":28,"t":952,"ms":952000,"st":"ALIVE","fake":0,"nt":289.734912}
226.6s | {"type":"HB","id":99,"x":30,"y":30,"temp":27,"t":284.012,"ms":284012,"st":"ALIVE","fake":0,"nt":289.905557}
227.0s | {"type":"HB","id":3,"x":30,"y":30,"temp":26,"t":288,"ms":288000,"st":"ALIVE","fake":0,"nt":290.252675}
227.5s | {"type":"HB","id":1,"x":30,"y":30,"temp":30.5,"t":53,"ms":53000,"st":"ALIVE","fake":0,"nt":290.713927}
227.5s | {"type":"HB","id":2,"x":30,"y":30,"temp":28,"t":953,"ms":953000,"st":"ALIVE","fake":0,"nt":290.734899}
227.6s | {"type":"HB","id":99,"x":30,"y":30,"temp":27,"t":285.012,"ms":285012,"st":"ALIVE","fake":0,"nt":290.905541}
228.0s | {"type":"HB","id":3,"x":30,"y":30,"temp":26,"t":289,"ms":289000,"st":"ALIVE","fake":0,"nt":291.252644}
228.4s | {"type":"TOPO","ms":285735,"mid":3179103441,"n_peers":3,"sub":{"nodeId":3179103441,"subs":[{"nodeId":219922329,"subs":[{"nodeId":3179098605}]},{"nodeId":3179104773}]}}
228.5s | {"type":"HB","id":1,"x":30,"y":30,"temp":30.5,"t":54,"ms":54000,"st":"ALIVE","fake":0,"nt":291.713943}
228.5s | {"type":"HB","id":2,"x":30,"y":30,"temp":28,"t":954,"ms":954000,"st":"ALIVE","fake":0,"nt":291.73488}
228.6s | {"type":"HB","id":99,"x":30,"y":30,"temp":27,"t":286.012,"ms":286012,"st":"ALIVE","fake":0,"nt":291.905512}
229.0s | {"type":"HB","id":3,"x":30,"y":30,"temp":26,"t":290,"ms":290000,"st":"ALIVE","fake":0,"nt":292.251687}
229.5s | {"type":"HB","id":1,"x":30,"y":30,"temp":31,"t":55,"ms":55000,"st":"ALIVE","fake":0,"nt":292.713927}
229.6s | {"type":"HB","id":2,"x":30,"y":30,"temp":28,"t":955,"ms":955000,"st":"ALIVE","fake":0,"nt":292.733348}
229.6s | {"type":"HB","id":99,"x":30,"y":30,"temp":27,"t":287.012,"ms":287012,"st":"ALIVE","fake":0,"nt":292.905527}
230.0s | {"type":"HB","id":3,"x":30,"y":30,"temp":26,"t":291,"ms":291000,"st":"ALIVE","fake":0,"nt":293.251707}
230.5s | {"type":"HB","id":1,"x":30,"y":30,"temp":30.5,"t":56,"ms":56000,"st":"ALIVE","fake":0,"nt":293.713933}
230.5s | {"type":"HB","id":2,"x":30,"y":30,"temp":28,"t":956,"ms":956000,"st":"ALIVE","fake":0,"nt":293.733349}
230.6s | {"type":"HB","id":99,"x":30,"y":30,"temp":27,"t":288.012,"ms":288012,"st":"ALIVE","fake":0,"nt":293.905508}
231.0s | {"type":"HB","id":3,"x":30,"y":30,"temp":26,"t":292,"ms":292000,"st":"ALIVE","fake":0,"nt":294.249076}
231.5s | {"type":"HB","id":1,"x":30,"y":30,"temp":30.5,"t":57,"ms":57000,"st":"ALIVE","fake":0,"nt":294.713961}
231.5s | {"type":"HB","id":2,"x":30,"y":30,"temp":28,"t":957,"ms":957000,"st":"ALIVE","fake":0,"nt":294.733347}
231.6s | {"type":"HB","id":99,"x":30,"y":30,"temp":27,"t":289.012,"ms":289012,"st":"ALIVE","fake":0,"nt":294.905544}
232.1s | {"type":"HB","id":3,"x":30,"y":30,"temp":26,"t":293,"ms":293000,"st":"ALIVE","fake":0,"nt":295.249149}
232.5s | {"type":"HB","id":1,"x":30,"y":30,"temp":30.5,"t":58,"ms":58000,"st":"ALIVE","fake":0,"nt":295.713946}
232.5s | {"type":"HB","id":2,"x":30,"y":30,"temp":28,"t":958,"ms":958000,"st":"ALIVE","fake":0,"nt":295.733344}
232.6s | {"type":"HB","id":99,"x":30,"y":30,"temp":27,"t":290.012,"ms":290012,"st":"ALIVE","fake":0,"nt":295.905573}
233.0s | {"type":"HB","id":3,"x":30,"y":30,"temp":26,"t":294,"ms":294000,"st":"ALIVE","fake":0,"nt":296.249106}
233.4s | {"type":"TOPO","ms":290735,"mid":3179103441,"n_peers":3,"sub":{"nodeId":3179103441,"subs":[{"nodeId":219922329,"subs":[{"nodeId":3179098605}]},{"nodeId":3179104773}]}}
233.5s | {"type":"HB","id":1,"x":30,"y":30,"temp":30.5,"t":59,"ms":59000,"st":"ALIVE","fake":0,"nt":296.71394}
233.5s | {"type":"HB","id":2,"x":30,"y":30,"temp":28,"t":959,"ms":959000,"st":"ALIVE","fake":0,"nt":296.729599}
233.6s | {"type":"HB","id":99,"x":30,"y":30,"temp":27,"t":291.012,"ms":291012,"st":"ALIVE","fake":0,"nt":296.905513}
234.0s | {"type":"HB","id":3,"x":30,"y":30,"temp":26,"t":295,"ms":295000,"st":"ALIVE","fake":0,"nt":297.249149}
234.5s | {"type":"HB","id":1,"x":30,"y":30,"temp":30.5,"t":60,"ms":60000,"st":"ALIVE","fake":0,"nt":297.713943}
234.5s | {"type":"HB","id":2,"x":30,"y":30,"temp":28,"t":960,"ms":960000,"st":"ALIVE","fake":0,"nt":297.729606}
234.6s | {"type":"HB","id":99,"x":30,"y":30,"temp":27,"t":292.012,"ms":292012,"st":"ALIVE","fake":0,"nt":297.905545}
235.0s | {"type":"HB","id":3,"x":30,"y":30,"temp":26,"t":296,"ms":296000,"st":"ALIVE","fake":0,"nt":298.249158}
235.5s | {"type":"HB","id":1,"x":30,"y":30,"temp":30.5,"t":61,"ms":61000,"st":"ALIVE","fake":0,"nt":298.713963}
235.5s | {"type":"HB","id":2,"x":30,"y":30,"temp":28,"t":961,"ms":961000,"st":"ALIVE","fake":0,"nt":298.729569}
235.6s | {"type":"HB","id":99,"x":30,"y":30,"temp":27,"t":293.012,"ms":293012,"st":"ALIVE","fake":0,"nt":298.905513}
236.0s | {"type":"HB","id":3,"x":30,"y":30,"temp":26,"t":297,"ms":297000,"st":"ALIVE","fake":0,"nt":299.249089}
236.5s | {"type":"HB","id":1,"x":30,"y":30,"temp":30.5,"t":62,"ms":62000,"st":"ALIVE","fake":0,"nt":299.713948}
236.5s | {"type":"HB","id":2,"x":30,"y":30,"temp":28,"t":962,"ms":962000,"st":"ALIVE","fake":0,"nt":299.729557}
236.6s | {"type":"HB","id":99,"x":30,"y":30,"temp":27,"t":294.012,"ms":294012,"st":"ALIVE","fake":0,"nt":299.905545}
237.0s | {"type":"HB","id":3,"x":30,"y":30,"temp":26,"t":298,"ms":298000,"st":"ALIVE","fake":0,"nt":300.249118}
237.5s | {"type":"HB","id":1,"x":30,"y":30,"temp":30.5,"t":63,"ms":63000,"st":"ALIVE","fake":0,"nt":300.713954}
237.5s | {"type":"HB","id":2,"x":30,"y":30,"temp":28,"t":963,"ms":963000,"st":"ALIVE","fake":0,"nt":300.729587}
237.6s | {"type":"HB","id":99,"x":30,"y":30,"temp":27,"t":295.012,"ms":295012,"st":"ALIVE","fake":0,"nt":300.905568}
238.0s | {"type":"HB","id":3,"x":30,"y":30,"temp":26,"t":299,"ms":299000,"st":"ALIVE","fake":0,"nt":301.249092}
238.4s | {"type":"TOPO","ms":295735,"mid":3179103441,"n_peers":3,"sub":{"nodeId":3179103441,"subs":[{"nodeId":219922329,"subs":[{"nodeId":3179098605}]},{"nodeId":3179104773}]}}
238.5s | {"type":"HB","id":1,"x":30,"y":30,"temp":31,"t":64,"ms":64000,"st":"ALIVE","fake":0,"nt":301.713964}
238.5s | {"type":"HB","id":2,"x":30,"y":30,"temp":28,"t":964,"ms":964000,"st":"ALIVE","fake":0,"nt":301.729591}
238.6s | {"type":"HB","id":99,"x":30,"y":30,"temp":27,"t":296.012,"ms":296012,"st":"ALIVE","fake":0,"nt":301.905549}
239.0s | {"type":"HB","id":3,"x":30,"y":30,"temp":26,"t":300,"ms":300000,"st":"ALIVE","fake":0,"nt":302.249106}
239.5s | {"type":"HB","id":1,"x":30,"y":30,"temp":30.5,"t":65,"ms":65000,"st":"ALIVE","fake":0,"nt":302.713952}
239.5s | {"type":"HB","id":2,"x":30,"y":30,"temp":28,"t":965,"ms":965000,"st":"ALIVE","fake":0,"nt":302.729591}
239.6s | {"type":"HB","id":99,"x":30,"y":30,"temp":27,"t":297.012,"ms":297012,"st":"ALIVE","fake":0,"nt":302.905549}
240.0s | {"type":"HB","id":3,"x":30,"y":30,"temp":26,"t":301,"ms":301000,"st":"ALIVE","fake":0,"nt":303.249146}
240.5s | {"type":"HB","id":1,"x":30,"y":30,"temp":30.5,"t":66,"ms":66000,"st":"ALIVE","fake":0,"nt":303.713955}
240.5s | {"type":"HB","id":2,"x":30,"y":30,"temp":28,"t":966,"ms":966000,"st":"ALIVE","fake":0,"nt":303.72958}
240.6s | {"type":"HB","id":99,"x":30,"y":30,"temp":27,"t":298.012,"ms":298012,"st":"ALIVE","fake":0,"nt":303.905572}
241.0s | {"type":"HB","id":3,"x":30,"y":30,"temp":26,"t":302,"ms":302000,"st":"ALIVE","fake":0,"nt":304.2491}
241.5s | {"type":"HB","id":1,"x":30,"y":30,"temp":30.5,"t":67,"ms":67000,"st":"ALIVE","fake":0,"nt":304.713952}
241.5s | {"type":"HB","id":2,"x":30,"y":30,"temp":28,"t":967,"ms":967000,"st":"ALIVE","fake":0,"nt":304.729578}
241.6s | {"type":"HB","id":99,"x":30,"y":30,"temp":27,"t":299.012,"ms":299012,"st":"ALIVE","fake":0,"nt":304.905564}
242.0s | {"type":"HB","id":3,"x":30,"y":30,"temp":26,"t":303,"ms":303000,"st":"ALIVE","fake":0,"nt":305.249135}
242.5s | {"type":"HB","id":1,"x":30,"y":30,"temp":30.5,"t":68,"ms":68000,"st":"ALIVE","fake":0,"nt":305.715437}
242.5s | {"type":"HB","id":2,"x":30,"y":30,"temp":28,"t":968,"ms":968000,"st":"ALIVE","fake":0,"nt":305.729569}
242.6s | {"type":"HB","id":99,"x":30,"y":30,"temp":27,"t":300.012,"ms":300012,"st":"ALIVE","fake":0,"nt":305.905565}
243.0s | {"type":"HB","id":3,"x":30,"y":30,"temp":26,"t":304,"ms":304000,"st":"ALIVE","fake":0,"nt":306.249114}
243.4s | {"type":"TOPO","ms":300735,"mid":3179103441,"n_peers":3,"sub":{"nodeId":3179103441,"subs":[{"nodeId":219922329,"subs":[{"nodeId":3179098605}]},{"nodeId":3179104773}]}}
243.5s | {"type":"HB","id":1,"x":30,"y":30,"temp":30.5,"t":69,"ms":69000,"st":"ALIVE","fake":0,"nt":306.715441}
243.5s | {"type":"HB","id":2,"x":30,"y":30,"temp":28,"t":969,"ms":969000,"st":"ALIVE","fake":0,"nt":306.729594}
243.6s | {"type":"HB","id":99,"x":30,"y":30,"temp":27,"t":301.012,"ms":301012,"st":"ALIVE","fake":0,"nt":306.90552}
244.0s | {"type":"HB","id":3,"x":30,"y":30,"temp":26,"t":305,"ms":305000,"st":"ALIVE","fake":0,"nt":307.249139}
244.5s | {"type":"HB","id":1,"x":30,"y":30,"temp":30.5,"t":70,"ms":70000,"st":"ALIVE","fake":0,"nt":307.715459}
244.5s | {"type":"HB","id":2,"x":30,"y":30,"temp":28,"t":970,"ms":970000,"st":"ALIVE","fake":0,"nt":307.729585}
244.6s | {"type":"HB","id":99,"x":30,"y":30,"temp":27,"t":302.012,"ms":302012,"st":"ALIVE","fake":0,"nt":307.905547}
245.0s | {"type":"HB","id":3,"x":30,"y":30,"temp":26,"t":306,"ms":306000,"st":"ALIVE","fake":0,"nt":308.249082}
